{
  "1": {
    "validity_ratio": 0.9756944444444444,
    "below": -0.28851600981103925,
    "above": 0.2986258715651841,
    "turn_on_times": 3,
    "turn_on_ratio": 0.6
  },
  "2": {
    "validity_ratio": 0.9791666666666666,
    "below": 0,
    "above": 0.7834048595134594,
    "turn_on_times": 2,
    "turn_on_ratio": 0.4
  },
  "3": {
    "validity_ratio": 0.9791666666666666,
    "below": 0,
    "above": 5.731999252479214,
    "turn_on_times": 0,
    "turn_on_ratio": 0.0
  },
  "4": {
    "validity_ratio": 0.9784722222222222,
    "below": 0,
    "above": 1.091134450778449,
    "turn_on_times": 0,
    "turn_on_ratio": 0.0
  },
  "5": {
    "validity_ratio": 0.9791666666666666,
    "below": 0,
    "above": 1.8252122364370358,
    "turn_on_times": 0,
    "turn_on_ratio": 0.0
  },
  "6": {
    "validity_ratio": 0.9756944444444444,
    "below": 0,
    "above": 1.582453334718456,
    "turn_on_times": 0,
    "turn_on_ratio": 0.0
  },
  "7": {
    "validity_ratio": 0.9763888888888889,
    "below": -0.14574723355855826,
    "above": 0.08280590871794946,
    "turn_on_times": 1,
    "turn_on_ratio": 1.0
  },
  "8": {
    "validity_ratio": 0.9819444444444444,
    "below": -0.5501812388874436,
    "above": 0.027665190250000114,
    "turn_on_times": 1,
    "turn_on_ratio": 1.0
  },
  "9": {
    "validity_ratio": 0.9805555555555555,
    "below": 0,
    "above": 3.6084457174736757,
    "turn_on_times": 0,
    "turn_on_ratio": 0.0
  },
  "10": {
    "validity_ratio": 0.7694444444444445,
    "below": 0,
    "above": 0,
    "turn_on_times": 0,
    "turn_on_ratio": 0
  }
}