{
  "1": {
    "validity_ratio": 0.9201388888888888,
    "below": -0.28853660097225264,
    "above": 0.2986045695441159,
    "turn_on_times": 3,
    "turn_on_ratio": 0.6
  },
  "2": {
    "validity_ratio": 0.9236111111111112,
    "below": 0,
    "above": 0.783378779121621,
    "turn_on_times": 2,
    "turn_on_ratio": 0.4
  },
  "3": {
    "validity_ratio": 0.9236111111111112,
    "below": 0,
    "above": 5.731762880210652,
    "turn_on_times": 0,
    "turn_on_ratio": 0.0
  },
  "4": {
    "validity_ratio": 0.9229166666666667,
    "below": 0,
    "above": 1.0911026143067426,
    "turn_on_times": 0,
    "turn_on_ratio": 0.0
  },
  "5": {
    "validity_ratio": 0.9236111111111112,
    "below": 0,
    "above": 1.825182329124045,
    "turn_on_times": 0,
    "turn_on_ratio": 0.0
  },
  "6": {
    "validity_ratio": 0.9201388888888888,
    "below": 0,
    "above": 1.582431276676131,
    "turn_on_times": 0,
    "turn_on_ratio": 0.0
  },
  "7": {
    "validity_ratio": 0.9201388888888888,
    "below": -0.1457558359234234,
    "above": 0.08279285076923042,
    "turn_on_times": 1,
    "turn_on_ratio": 1.0
  },
  "8": {
    "validity_ratio": 0.9263888888888889,
    "below": -0.5499346842281361,
    "above": 0.027662007375000165,
    "turn_on_times": 1,
    "turn_on_ratio": 1.0
  },
  "9": {
    "validity_ratio": 0.925,
    "below": 0,
    "above": 3.608058327883998,
    "turn_on_times": 0,
    "turn_on_ratio": 0.0
  },
  "10": {
    "validity_ratio": 0.7694444444444445,
    "below": 0,
    "above": 0,
    "turn_on_times": 0,
    "turn_on_ratio": 0
  }
}