{
  "1": {
    "validity_ratio": 0.8298611111111112,
    "below": -0.2884772282677607,
    "above": 0.1995106187029534,
    "turn_on_times": 3,
    "turn_on_ratio": 0.6
  },
  "2": {
    "validity_ratio": 0.8333333333333334,
    "below": 0,
    "above": 0.5509085971924432,
    "turn_on_times": 2,
    "turn_on_ratio": 0.4
  },
  "3": {
    "validity_ratio": 0.8347222222222223,
    "below": 0,
    "above": 4.09094139976065,
    "turn_on_times": 0,
    "turn_on_ratio": 0.0
  },
  "4": {
    "validity_ratio": 0.8333333333333334,
    "below": 0,
    "above": 0,
    "turn_on_times": 0,
    "turn_on_ratio": 0
  },
  "5": {
    "validity_ratio": 0.8354166666666667,
    "below": 0,
    "above": 0.14116726462562407,
    "turn_on_times": 0,
    "turn_on_ratio": 0
  },
  "6": {
    "validity_ratio": 0.8319444444444445,
    "below": 0,
    "above": 0,
    "turn_on_times": 0,
    "turn_on_ratio": 0
  },
  "7": {
    "validity_ratio": 0.8333333333333334,
    "below": 0,
    "above": 0,
    "turn_on_times": 0,
    "turn_on_ratio": 0
  },
  "8": {
    "validity_ratio": 0.8361111111111111,
    "below": -0.5506532762489174,
    "above": 0.027671184900000097,
    "turn_on_times": 1,
    "turn_on_ratio": 1.0
  },
  "9": {
    "validity_ratio": 0.8347222222222223,
    "below": 0,
    "above": 3.609175323750898,
    "turn_on_times": 0,
    "turn_on_ratio": 0.0
  },
  "10": {
    "validity_ratio": 0.7694444444444445,
    "below": 0,
    "above": 0,
    "turn_on_times": 0,
    "turn_on_ratio": 0
  }
}