{
  "1": {
    "validity_ratio": 0.9618055555555556,
    "below": -0.28846453667915917,
    "above": 0.29867912168198835,
    "turn_on_times": 3,
    "turn_on_ratio": 0.6
  },
  "2": {
    "validity_ratio": 0.9652777777777778,
    "below": 0,
    "above": 0.7834700544499978,
    "turn_on_times": 2,
    "turn_on_ratio": 0.4
  },
  "3": {
    "validity_ratio": 0.9652777777777778,
    "below": 0,
    "above": 5.73259005502473,
    "turn_on_times": 0,
    "turn_on_ratio": 0.0
  },
  "4": {
    "validity_ratio": 0.9645833333333333,
    "below": 0,
    "above": 1.0912140345809227,
    "turn_on_times": 0,
    "turn_on_ratio": 0.0
  },
  "5": {
    "validity_ratio": 0.9652777777777778,
    "below": 0,
    "above": 1.8252869977897241,
    "turn_on_times": 0,
    "turn_on_ratio": 0.0
  },
  "6": {
    "validity_ratio": 0.9618055555555556,
    "below": 0,
    "above": 1.5825084747132265,
    "turn_on_times": 0,
    "turn_on_ratio": 0.0
  },
  "7": {
    "validity_ratio": 0.9625,
    "below": -0.1457257296396392,
    "above": 0.08283855056410286,
    "turn_on_times": 1,
    "turn_on_ratio": 1.0
  },
  "8": {
    "validity_ratio": 0.9680555555555556,
    "below": -0.5508099318620812,
    "above": 0.02767314669999994,
    "turn_on_times": 1,
    "turn_on_ratio": 1.0
  },
  "9": {
    "validity_ratio": 0.9666666666666667,
    "below": 0,
    "above": 3.6094140918550073,
    "turn_on_times": 0,
    "turn_on_ratio": 0.0
  },
  "10": {
    "validity_ratio": 0.7694444444444445,
    "below": 0,
    "above": 0,
    "turn_on_times": 0,
    "turn_on_ratio": 0
  }
}