{
  "1": {
    "validity_ratio": 0.9340277777777778,
    "below": -0.2885566199186567,
    "above": 0.29858385949218375,
    "turn_on_times": 3,
    "turn_on_ratio": 0.6
  },
  "2": {
    "validity_ratio": 0.9375,
    "below": 0,
    "above": 0.7833534234866955,
    "turn_on_times": 2,
    "turn_on_ratio": 0.4
  },
  "3": {
    "validity_ratio": 0.9375,
    "below": 0,
    "above": 5.731533060494469,
    "turn_on_times": 0,
    "turn_on_ratio": 0.0
  },
  "4": {
    "validity_ratio": 0.9368055555555556,
    "below": 0,
    "above": 1.0910716625496177,
    "turn_on_times": 0,
    "turn_on_ratio": 0.0
  },
  "5": {
    "validity_ratio": 0.9375,
    "below": 0,
    "above": 1.825153252915584,
    "turn_on_times": 0,
    "turn_on_ratio": 0.0
  },
  "6": {
    "validity_ratio": 0.9340277777777778,
    "below": 0,
    "above": 1.582409831612275,
    "turn_on_times": 0,
    "turn_on_ratio": 0.0
  },
  "7": {
    "validity_ratio": 0.9340277777777778,
    "below": -0.14576419923423412,
    "above": 0.08278015569230746,
    "turn_on_times": 1,
    "turn_on_ratio": 1.0
  },
  "8": {
    "validity_ratio": 0.9402777777777778,
    "below": -0.5496976908185113,
    "above": 0.027658912950000017,
    "turn_on_times": 1,
    "turn_on_ratio": 1.0
  },
  "9": {
    "validity_ratio": 0.9388888888888889,
    "below": 0,
    "above": 3.6076817014411717,
    "turn_on_times": 0,
    "turn_on_ratio": 0.0
  },
  "10": {
    "validity_ratio": 0.7694444444444445,
    "below": 0,
    "above": 0,
    "turn_on_times": 0,
    "turn_on_ratio": 0
  }
}