{
  "1": {
    "validity_ratio": 0.9958333333333333,
    "below": -0.288605433820496,
    "above": 0.2985333604088819,
    "turn_on_times": 3,
    "turn_on_ratio": 0.6
  },
  "2": {
    "validity_ratio": 0.9930555555555556,
    "below": 0,
    "above": 0.7832915966827617,
    "turn_on_times": 2,
    "turn_on_ratio": 0.4
  },
  "3": {
    "validity_ratio": 0.9930555555555556,
    "below": 0,
    "above": 5.730972605061796,
    "turn_on_times": 0,
    "turn_on_ratio": 0.0
  },
  "4": {
    "validity_ratio": 0.9923611111111111,
    "below": 0,
    "above": 1.0909961902443563,
    "turn_on_times": 0,
    "turn_on_ratio": 0.0
  },
  "5": {
    "validity_ratio": 0.9930555555555556,
    "below": 0,
    "above": 1.8250823539203556,
    "turn_on_times": 0,
    "turn_on_ratio": 0.0
  },
  "6": {
    "validity_ratio": 0.9895833333333334,
    "below": 0,
    "above": 1.582357540286804,
    "turn_on_times": 0,
    "turn_on_ratio": 0.0
  },
  "7": {
    "validity_ratio": 0.9902777777777778,
    "below": -0.1457845922072071,
    "above": 0.0827492002051276,
    "turn_on_times": 1,
    "turn_on_ratio": 1.0
  },
  "8": {
    "validity_ratio": 0.9958333333333333,
    "below": -0.5491310085835779,
    "above": 0.027651367550000097,
    "turn_on_times": 1,
    "turn_on_ratio": 1.0
  },
  "9": {
    "validity_ratio": 0.9944444444444445,
    "below": 0,
    "above": 3.606763332206618,
    "turn_on_times": 0,
    "turn_on_ratio": 0.0
  },
  "10": {
    "validity_ratio": 0.7694444444444445,
    "below": 0,
    "above": 0,
    "turn_on_times": 0,
    "turn_on_ratio": 0
  }
}