{
  "1": {
    "validity_ratio": 0.96875,
    "below": 0,
    "above": 9.007729048082261,
    "turn_on_times": 1,
    "turn_on_ratio": 0.2
  },
  "2": {
    "validity_ratio": 0.9729166666666667,
    "below": -0.4945258146733332,
    "above": 3.245641940419577,
    "turn_on_times": 2,
    "turn_on_ratio": 0.4
  },
  "3": {
    "validity_ratio": 0.9701388888888889,
    "below": -0.24523139498327812,
    "above": 1.206831708718969,
    "turn_on_times": 2,
    "turn_on_ratio": 0.4
  },
  "4": {
    "validity_ratio": 0.9736111111111111,
    "below": 0,
    "above": 10.239290191440833,
    "turn_on_times": 2,
    "turn_on_ratio": 0.3333333333333333
  },
  "5": {
    "validity_ratio": 0.9673611111111111,
    "below": -2.022123176931121,
    "above": 3.6413252965058196,
    "turn_on_times": 2,
    "turn_on_ratio": 0.3333333333333333
  },
  "6": {
    "validity_ratio": 0.9729166666666667,
    "below": -0.25394286391772425,
    "above": 8.047758583491275,
    "turn_on_times": 1,
    "turn_on_ratio": 0.16666666666666666
  },
  "7": {
    "validity_ratio": 0.9736111111111111,
    "below": 0,
    "above": 2.3633859552514593,
    "turn_on_times": 1,
    "turn_on_ratio": 0.16666666666666666
  },
  "8": {
    "validity_ratio": 0.9694444444444444,
    "below": -0.008679878138888894,
    "above": 0.09497453586486486,
    "turn_on_times": 2,
    "turn_on_ratio": 1.0
  },
  "9": {
    "validity_ratio": 0.9722222222222222,
    "below": 0,
    "above": 7.483634737783694,
    "turn_on_times": 0,
    "turn_on_ratio": 0.0
  },
  "10": {
    "validity_ratio": 0.9229166666666667,
    "below": 0,
    "above": 0,
    "turn_on_times": 0,
    "turn_on_ratio": 0
  }
}