{
  "1": {
    "validity_ratio": 0.825,
    "below": -2.813574700896614,
    "above": 28.035350835756727,
    "turn_on_times": 1,
    "turn_on_ratio": 0.5
  },
  "2": {
    "validity_ratio": 0.8270833333333333,
    "below": -21.439215347355475,
    "above": 2.3927139201850514,
    "turn_on_times": 1,
    "turn_on_ratio": 0.5
  },
  "3": {
    "validity_ratio": 0.8284722222222223,
    "below": -6.647935764647094,
    "above": 16.247327646142868,
    "turn_on_times": 0,
    "turn_on_ratio": 0.0
  },
  "4": {
    "validity_ratio": 0.8291666666666667,
    "below": -9.456565829061104,
    "above": 0.16922753183986478,
    "turn_on_times": 1,
    "turn_on_ratio": 0.5
  },
  "5": {
    "validity_ratio": 0.8263888888888888,
    "below": -2.5746711174512726,
    "above": 5.198054676579934,
    "turn_on_times": 0,
    "turn_on_ratio": 0.0
  },
  "6": {
    "validity_ratio": 0.8229166666666666,
    "below": -7.4412608936307825,
    "above": 2.9255722862797326,
    "turn_on_times": 1,
    "turn_on_ratio": 0.5
  },
  "7": {
    "validity_ratio": 0.8291666666666667,
    "below": -5.688448939350855,
    "above": 6.389151684832566,
    "turn_on_times": 0,
    "turn_on_ratio": 0.0
  },
  "8": {
    "validity_ratio": 0.8243055555555555,
    "below": -1.1067868452352045,
    "above": 0.2580094391265296,
    "turn_on_times": 5,
    "turn_on_ratio": 0.8333333333333334
  },
  "9": {
    "validity_ratio": 0.8256944444444444,
    "below": 0,
    "above": 14.491359161101881,
    "turn_on_times": 1,
    "turn_on_ratio": 0.16666666666666666
  },
  "10": {
    "validity_ratio": 0.0,
    "below": 0,
    "above": 0,
    "turn_on_times": 0,
    "turn_on_ratio": 0
  }
}