{
  "1": {
    "validity_ratio": 0.15486111111111112,
    "below": 0,
    "above": 1.993640864634432,
    "turn_on_times": 0,
    "turn_on_ratio": 0.0
  },
  "2": {
    "validity_ratio": 0.1527777777777778,
    "below": -1.5720251659222224,
    "above": 0,
    "turn_on_times": 1,
    "turn_on_ratio": 1.0
  },
  "3": {
    "validity_ratio": 0.15763888888888888,
    "below": -0.6675494616007356,
    "above": 0,
    "turn_on_times": 0,
    "turn_on_ratio": 0.0
  },
  "4": {
    "validity_ratio": 0.15902777777777777,
    "below": 0,
    "above": 0,
    "turn_on_times": 0,
    "turn_on_ratio": 0
  },
  "5": {
    "validity_ratio": 0.15486111111111112,
    "below": 0,
    "above": 0,
    "turn_on_times": 0,
    "turn_on_ratio": 0
  },
  "6": {
    "validity_ratio": 0.15694444444444444,
    "below": 0,
    "above": 0,
    "turn_on_times": 0,
    "turn_on_ratio": 0
  },
  "7": {
    "validity_ratio": 0.15833333333333333,
    "below": 0,
    "above": 0,
    "turn_on_times": 0,
    "turn_on_ratio": 0
  },
  "8": {
    "validity_ratio": 0.15416666666666667,
    "below": 0,
    "above": 0,
    "turn_on_times": 0,
    "turn_on_ratio": 0
  },
  "9": {
    "validity_ratio": 0.15833333333333333,
    "below": 0,
    "above": 0,
    "turn_on_times": 0,
    "turn_on_ratio": 0
  },
  "10": {
    "validity_ratio": 0.0,
    "below": 0,
    "above": 0,
    "turn_on_times": 0,
    "turn_on_ratio": 0
  }
}