{
  "1": {
    "validity_ratio": 0.5006944444444444,
    "below": 0,
    "above": 17.2922053580908,
    "turn_on_times": 0,
    "turn_on_ratio": 0.0
  },
  "2": {
    "validity_ratio": 0.5006944444444444,
    "below": -18.101796936900982,
    "above": 0,
    "turn_on_times": 1,
    "turn_on_ratio": 1.0
  },
  "3": {
    "validity_ratio": 0.5041666666666667,
    "below": -6.648517181826264,
    "above": 1.7679556544584336,
    "turn_on_times": 0,
    "turn_on_ratio": 0.0
  },
  "4": {
    "validity_ratio": 0.5027777777777778,
    "below": -9.35847672894519,
    "above": 0,
    "turn_on_times": 1,
    "turn_on_ratio": 0.5
  },
  "5": {
    "validity_ratio": 0.50625,
    "below": -2.575441989690059,
    "above": 0.05583421594564613,
    "turn_on_times": 0,
    "turn_on_ratio": 0.0
  },
  "6": {
    "validity_ratio": 0.5034722222222222,
    "below": -3.6427939110200027,
    "above": 2.9243448024870013,
    "turn_on_times": 1,
    "turn_on_ratio": 0.5
  },
  "7": {
    "validity_ratio": 0.5027777777777778,
    "below": -5.689168536424167,
    "above": 1.1160032237818387,
    "turn_on_times": 0,
    "turn_on_ratio": 0.0
  },
  "8": {
    "validity_ratio": 0.5020833333333333,
    "below": -0.8271016057355035,
    "above": 0.05979093559831317,
    "turn_on_times": 2,
    "turn_on_ratio": 1.0
  },
  "9": {
    "validity_ratio": 0.5020833333333333,
    "below": 0,
    "above": 6.937065906680093,
    "turn_on_times": 0,
    "turn_on_ratio": 0.0
  },
  "10": {
    "validity_ratio": 0.0,
    "below": 0,
    "above": 0,
    "turn_on_times": 0,
    "turn_on_ratio": 0
  }
}