{
  "1": {
    "validity_ratio": 0.8666666666666667,
    "below": -4.929714145993025,
    "above": 28.032426378858702,
    "turn_on_times": 1,
    "turn_on_ratio": 0.3333333333333333
  },
  "2": {
    "validity_ratio": 0.86875,
    "below": -21.43931120497646,
    "above": 5.190848271776404,
    "turn_on_times": 1,
    "turn_on_ratio": 0.3333333333333333
  },
  "3": {
    "validity_ratio": 0.8701388888888889,
    "below": -6.648728396493597,
    "above": 21.78233079549412,
    "turn_on_times": 1,
    "turn_on_ratio": 0.3333333333333333
  },
  "4": {
    "validity_ratio": 0.8708333333333333,
    "below": -9.457218260259319,
    "above": 0.16877080175489795,
    "turn_on_times": 1,
    "turn_on_ratio": 0.5
  },
  "5": {
    "validity_ratio": 0.8680555555555556,
    "below": -2.5757220287554707,
    "above": 5.197159446372221,
    "turn_on_times": 0,
    "turn_on_ratio": 0.0
  },
  "6": {
    "validity_ratio": 0.8645833333333334,
    "below": -7.44224986768543,
    "above": 2.9238988875910827,
    "turn_on_times": 1,
    "turn_on_ratio": 0.5
  },
  "7": {
    "validity_ratio": 0.8680555555555556,
    "below": -5.689429948473716,
    "above": 6.3880679789096355,
    "turn_on_times": 0,
    "turn_on_ratio": 0.0
  },
  "8": {
    "validity_ratio": 0.8645833333333334,
    "below": -1.3113200035159094,
    "above": 0.27570002924755094,
    "turn_on_times": 6,
    "turn_on_ratio": 0.8571428571428571
  },
  "9": {
    "validity_ratio": 0.8673611111111111,
    "below": 0,
    "above": 15.312023310090972,
    "turn_on_times": 1,
    "turn_on_ratio": 0.14285714285714285
  },
  "10": {
    "validity_ratio": 0.0,
    "below": 0,
    "above": 0,
    "turn_on_times": 0,
    "turn_on_ratio": 0
  }
}