{
  "1": {
    "validity_ratio": 0.3972222222222222,
    "below": 0,
    "above": 12.756971673917949,
    "turn_on_times": 0,
    "turn_on_ratio": 0.0
  },
  "2": {
    "validity_ratio": 0.39652777777777776,
    "below": -14.852880313656094,
    "above": 0,
    "turn_on_times": 1,
    "turn_on_ratio": 1.0
  },
  "3": {
    "validity_ratio": 0.39861111111111114,
    "below": -5.706590226822175,
    "above": 0,
    "turn_on_times": 0,
    "turn_on_ratio": 0.0
  },
  "4": {
    "validity_ratio": 0.39861111111111114,
    "below": -6.99544689214548,
    "above": 0,
    "turn_on_times": 1,
    "turn_on_ratio": 0.5
  },
  "5": {
    "validity_ratio": 0.40208333333333335,
    "below": -2.574589037636067,
    "above": 0.05581791711037182,
    "turn_on_times": 0,
    "turn_on_ratio": 0.0
  },
  "6": {
    "validity_ratio": 0.3993055555555556,
    "below": -0.4945500736806379,
    "above": 2.925702984517141,
    "turn_on_times": 1,
    "turn_on_ratio": 0.5
  },
  "7": {
    "validity_ratio": 0.3993055555555556,
    "below": -3.903794422120488,
    "above": 1.1158567779346635,
    "turn_on_times": 0,
    "turn_on_ratio": 0.0
  },
  "8": {
    "validity_ratio": 0.4013888888888889,
    "below": -0.6636434806585993,
    "above": 0,
    "turn_on_times": 1,
    "turn_on_ratio": 1.0
  },
  "9": {
    "validity_ratio": 0.40069444444444446,
    "below": 0,
    "above": 1.8490502348375475,
    "turn_on_times": 0,
    "turn_on_ratio": 0.0
  },
  "10": {
    "validity_ratio": 0.0,
    "below": 0,
    "above": 0,
    "turn_on_times": 0,
    "turn_on_ratio": 0
  }
}