{
  "1": {
    "validity_ratio": 0.9493055555555555,
    "below": -8.630235126799306,
    "above": 28.035001185337663,
    "turn_on_times": 1,
    "turn_on_ratio": 0.5
  },
  "2": {
    "validity_ratio": 0.9520833333333333,
    "below": -21.439226808169757,
    "above": 11.220741550500414,
    "turn_on_times": 1,
    "turn_on_ratio": 0.5
  },
  "3": {
    "validity_ratio": 0.9527777777777777,
    "below": -6.648030532348233,
    "above": 32.938428860010895,
    "turn_on_times": 0,
    "turn_on_ratio": 0.0
  },
  "4": {
    "validity_ratio": 0.9541666666666667,
    "below": -9.456643834259959,
    "above": 0.16917292482353205,
    "turn_on_times": 1,
    "turn_on_ratio": 0.5
  },
  "5": {
    "validity_ratio": 0.9513888888888888,
    "below": -2.5747967652521258,
    "above": 5.197947642136216,
    "turn_on_times": 0,
    "turn_on_ratio": 0.0
  },
  "6": {
    "validity_ratio": 0.9479166666666666,
    "below": -7.441379136164263,
    "above": 2.9253722133864866,
    "turn_on_times": 1,
    "turn_on_ratio": 0.5
  },
  "7": {
    "validity_ratio": 0.9513888888888888,
    "below": -5.688566229590682,
    "above": 6.3890221340598785,
    "turn_on_times": 0,
    "turn_on_ratio": 0.0
  },
  "8": {
    "validity_ratio": 0.9513888888888888,
    "below": -1.317463273855351,
    "above": 0.3129328987607242,
    "turn_on_times": 7,
    "turn_on_ratio": 0.875
  },
  "9": {
    "validity_ratio": 0.9541666666666667,
    "below": 0,
    "above": 16.03742912697725,
    "turn_on_times": 1,
    "turn_on_ratio": 0.125
  },
  "10": {
    "validity_ratio": 0.0,
    "below": 0,
    "above": 0,
    "turn_on_times": 0,
    "turn_on_ratio": 0
  }
}