{
  "1": {
    "validity_ratio": 0.9145833333333333,
    "below": -7.115400177574738,
    "above": 28.03478619913534,
    "turn_on_times": 1,
    "turn_on_ratio": 0.5
  },
  "2": {
    "validity_ratio": 0.9173611111111111,
    "below": -21.439233854970766,
    "above": 8.634274983320527,
    "turn_on_times": 1,
    "turn_on_ratio": 0.5
  },
  "3": {
    "validity_ratio": 0.9180555555555555,
    "below": -6.648088801256422,
    "above": 28.187601685359162,
    "turn_on_times": 0,
    "turn_on_ratio": 0.0
  },
  "4": {
    "validity_ratio": 0.9194444444444444,
    "below": -9.456691796569016,
    "above": 0.16913934913071396,
    "turn_on_times": 1,
    "turn_on_ratio": 0.5
  },
  "5": {
    "validity_ratio": 0.9166666666666666,
    "below": -2.57487402111129,
    "above": 5.197881830893548,
    "turn_on_times": 0,
    "turn_on_ratio": 0.0
  },
  "6": {
    "validity_ratio": 0.9131944444444444,
    "below": -7.4414518388176365,
    "above": 2.9252491964840113,
    "turn_on_times": 1,
    "turn_on_ratio": 0.5
  },
  "7": {
    "validity_ratio": 0.9166666666666666,
    "below": -5.688638346716391,
    "above": 6.388942475993586,
    "turn_on_times": 0,
    "turn_on_ratio": 0.0
  },
  "8": {
    "validity_ratio": 0.9131944444444444,
    "below": -1.3092127301378589,
    "above": 0.2756417952328322,
    "turn_on_times": 6,
    "turn_on_ratio": 0.8571428571428571
  },
  "9": {
    "validity_ratio": 0.9159722222222222,
    "below": 0,
    "above": 15.310300702003847,
    "turn_on_times": 1,
    "turn_on_ratio": 0.14285714285714285
  },
  "10": {
    "validity_ratio": 0.0,
    "below": 0,
    "above": 0,
    "turn_on_times": 0,
    "turn_on_ratio": 0
  }
}