{
  "1": {
    "validity_ratio": 0.8736111111111111,
    "below": -5.279896552730777,
    "above": 28.034104893911227,
    "turn_on_times": 1,
    "turn_on_ratio": 0.5
  },
  "2": {
    "validity_ratio": 0.8756944444444444,
    "below": -21.439256186740476,
    "above": 5.6583432888589416,
    "turn_on_times": 1,
    "turn_on_ratio": 0.5
  },
  "3": {
    "validity_ratio": 0.8770833333333333,
    "below": -6.64827345920717,
    "above": 22.681148439102763,
    "turn_on_times": 0,
    "turn_on_ratio": 0.0
  },
  "4": {
    "validity_ratio": 0.8777777777777778,
    "below": -9.456843792238372,
    "above": 0.16903294558169663,
    "turn_on_times": 1,
    "turn_on_ratio": 0.5
  },
  "5": {
    "validity_ratio": 0.875,
    "below": -2.575118849941602,
    "above": 5.19767327079553,
    "turn_on_times": 0,
    "turn_on_ratio": 0.0
  },
  "6": {
    "validity_ratio": 0.8715277777777778,
    "below": -7.441682238243401,
    "above": 2.9248593479383236,
    "turn_on_times": 1,
    "turn_on_ratio": 0.5
  },
  "7": {
    "validity_ratio": 0.875,
    "below": -5.688866890566966,
    "above": 6.388690022218108,
    "turn_on_times": 0,
    "turn_on_ratio": 0.0
  },
  "8": {
    "validity_ratio": 0.8715277777777778,
    "below": -1.3098093587887796,
    "above": 0.2756586080125352,
    "turn_on_times": 6,
    "turn_on_ratio": 0.8571428571428571
  },
  "9": {
    "validity_ratio": 0.8743055555555556,
    "below": 0,
    "above": 15.310797992680776,
    "turn_on_times": 1,
    "turn_on_ratio": 0.14285714285714285
  },
  "10": {
    "validity_ratio": 0.0,
    "below": 0,
    "above": 0,
    "turn_on_times": 0,
    "turn_on_ratio": 0
  }
}