{
  "1": {
    "validity_ratio": 0.9423611111111111,
    "below": -8.297537369720864,
    "above": 28.033719522844443,
    "turn_on_times": 1,
    "turn_on_ratio": 0.5
  },
  "2": {
    "validity_ratio": 0.9451388888888889,
    "below": -21.4392688184034,
    "above": 10.712613457464862,
    "turn_on_times": 1,
    "turn_on_ratio": 0.5
  },
  "3": {
    "validity_ratio": 0.9458333333333333,
    "below": -6.648377908474477,
    "above": 32.00601602774801,
    "turn_on_times": 0,
    "turn_on_ratio": 0.0
  },
  "4": {
    "validity_ratio": 0.9472222222222222,
    "below": -9.456929766528859,
    "above": 0.16897275985620872,
    "turn_on_times": 1,
    "turn_on_ratio": 0.5
  },
  "5": {
    "validity_ratio": 0.9444444444444444,
    "below": -2.5752573340514804,
    "above": 5.197555301602558,
    "turn_on_times": 0,
    "turn_on_ratio": 0.0
  },
  "6": {
    "validity_ratio": 0.9409722222222222,
    "below": -7.441812560556129,
    "above": 2.92463883539179,
    "turn_on_times": 1,
    "turn_on_ratio": 0.5
  },
  "7": {
    "validity_ratio": 0.9444444444444444,
    "below": -5.688996163298755,
    "above": 6.388547216952126,
    "turn_on_times": 0,
    "turn_on_ratio": 0.0
  },
  "8": {
    "validity_ratio": 0.9444444444444444,
    "below": -1.3185859508144024,
    "above": 0.3129736949201889,
    "turn_on_times": 7,
    "turn_on_ratio": 0.875
  },
  "9": {
    "validity_ratio": 0.9472222222222222,
    "below": 0,
    "above": 16.038429537709156,
    "turn_on_times": 1,
    "turn_on_ratio": 0.125
  },
  "10": {
    "validity_ratio": 0.0,
    "below": 0,
    "above": 0,
    "turn_on_times": 0,
    "turn_on_ratio": 0
  }
}