{
  "1": {
    "validity_ratio": 0.5770833333333333,
    "below": 0,
    "above": 21.125132780287856,
    "turn_on_times": 0,
    "turn_on_ratio": 0.0
  },
  "2": {
    "validity_ratio": 0.5770833333333333,
    "below": -19.2962715647483,
    "above": 0,
    "turn_on_times": 1,
    "turn_on_ratio": 1.0
  },
  "3": {
    "validity_ratio": 0.5770833333333333,
    "below": -6.648518971465688,
    "above": 5.104907554282392,
    "turn_on_times": 0,
    "turn_on_ratio": 0.0
  },
  "4": {
    "validity_ratio": 0.5791666666666667,
    "below": -9.457045878311133,
    "above": 0,
    "turn_on_times": 1,
    "turn_on_ratio": 0.5
  },
  "5": {
    "validity_ratio": 0.5826388888888889,
    "below": -2.575444362484323,
    "above": 0.750776345120352,
    "turn_on_times": 0,
    "turn_on_ratio": 0.0
  },
  "6": {
    "validity_ratio": 0.5798611111111112,
    "below": -5.477567763828707,
    "above": 2.924341024213046,
    "turn_on_times": 1,
    "turn_on_ratio": 0.5
  },
  "7": {
    "validity_ratio": 0.5791666666666667,
    "below": -5.6891707513901775,
    "above": 1.1160036311738655,
    "turn_on_times": 0,
    "turn_on_ratio": 0.0
  },
  "8": {
    "validity_ratio": 0.5826388888888889,
    "below": -0.9242733532148443,
    "above": 0.05979097011029608,
    "turn_on_times": 3,
    "turn_on_ratio": 1.0
  },
  "9": {
    "validity_ratio": 0.5763888888888888,
    "below": 0,
    "above": 8.964373392318892,
    "turn_on_times": 0,
    "turn_on_ratio": 0.0
  },
  "10": {
    "validity_ratio": 0.0,
    "below": 0,
    "above": 0,
    "turn_on_times": 0,
    "turn_on_ratio": 0
  }
}