{
  "1": {
    "validity_ratio": 0.7222222222222222,
    "below": 0,
    "above": 28.03475925417646,
    "turn_on_times": 0,
    "turn_on_ratio": 0.0
  },
  "2": {
    "validity_ratio": 0.7229166666666667,
    "below": -21.43923473817056,
    "above": 0.01146637869767376,
    "turn_on_times": 1,
    "turn_on_ratio": 1.0
  },
  "3": {
    "validity_ratio": 0.725,
    "below": -6.648096104298753,
    "above": 11.62629745894995,
    "turn_on_times": 0,
    "turn_on_ratio": 0.0
  },
  "4": {
    "validity_ratio": 0.725,
    "below": -9.456697807849892,
    "above": 0,
    "turn_on_times": 1,
    "turn_on_ratio": 0.5
  },
  "5": {
    "validity_ratio": 0.7222222222222222,
    "below": -2.574883703853378,
    "above": 4.218961161387624,
    "turn_on_times": 0,
    "turn_on_ratio": 0.0
  },
  "6": {
    "validity_ratio": 0.71875,
    "below": -7.441460950890805,
    "above": 2.9252337783532436,
    "turn_on_times": 1,
    "turn_on_ratio": 0.5
  },
  "7": {
    "validity_ratio": 0.7222222222222222,
    "below": -5.688647385403368,
    "above": 5.056381542639379,
    "turn_on_times": 0,
    "turn_on_ratio": 0.0
  },
  "8": {
    "validity_ratio": 0.7194444444444444,
    "below": -1.0896588605588564,
    "above": 0.24009601339811307,
    "turn_on_times": 4,
    "turn_on_ratio": 1.0
  },
  "9": {
    "validity_ratio": 0.7222222222222222,
    "below": 0,
    "above": 14.159610274461857,
    "turn_on_times": 0,
    "turn_on_ratio": 0.0
  },
  "10": {
    "validity_ratio": 0.0,
    "below": 0,
    "above": 0,
    "turn_on_times": 0,
    "turn_on_ratio": 0
  }
}