{
  "1": {
    "validity_ratio": 0.49375,
    "below": 0,
    "above": 16.977155458643047,
    "turn_on_times": 0,
    "turn_on_ratio": 0.0
  },
  "2": {
    "validity_ratio": 0.49375,
    "below": -17.900687115789435,
    "above": 0,
    "turn_on_times": 1,
    "turn_on_ratio": 1.0
  },
  "3": {
    "validity_ratio": 0.49722222222222223,
    "below": -6.647724785314611,
    "above": 1.4502607428898922,
    "turn_on_times": 0,
    "turn_on_ratio": 0.0
  },
  "4": {
    "validity_ratio": 0.49583333333333335,
    "below": -9.241117606622481,
    "above": 0,
    "turn_on_times": 1,
    "turn_on_ratio": 0.5
  },
  "5": {
    "validity_ratio": 0.49930555555555556,
    "below": -2.5743913904046805,
    "above": 0.05581414032168617,
    "turn_on_times": 0,
    "turn_on_ratio": 0.0
  },
  "6": {
    "validity_ratio": 0.4965277777777778,
    "below": -3.4409885738229216,
    "above": 2.926017704338403,
    "turn_on_times": 1,
    "turn_on_ratio": 0.5
  },
  "7": {
    "validity_ratio": 0.49583333333333335,
    "below": -5.688187818565949,
    "above": 1.1158228433001114,
    "turn_on_times": 0,
    "turn_on_ratio": 0.0
  },
  "8": {
    "validity_ratio": 0.4951388888888889,
    "below": -0.8251581545225701,
    "above": 0.059775654768798536,
    "turn_on_times": 2,
    "turn_on_ratio": 1.0
  },
  "9": {
    "validity_ratio": 0.4951388888888889,
    "below": 0,
    "above": 6.90362394344504,
    "turn_on_times": 0,
    "turn_on_ratio": 0.0
  },
  "10": {
    "validity_ratio": 0.0,
    "below": 0,
    "above": 0,
    "turn_on_times": 0,
    "turn_on_ratio": 0
  }
}