{
  "1": {
    "validity_ratio": 0.9909722222222223,
    "below": -1.075929807199663,
    "above": 49.78157462795928,
    "turn_on_times": 0,
    "turn_on_ratio": 0.0
  },
  "2": {
    "validity_ratio": 0.9916666666666667,
    "below": -4.71461432399135,
    "above": 11.497008870154266,
    "turn_on_times": 1,
    "turn_on_ratio": 0.5
  },
  "3": {
    "validity_ratio": 0.99375,
    "below": 0,
    "above": 4.586738440181703,
    "turn_on_times": 0,
    "turn_on_ratio": 0.0
  },
  "4": {
    "validity_ratio": 0.9916666666666667,
    "below": -0.28000670209444445,
    "above": 2.171516069608349,
    "turn_on_times": 3,
    "turn_on_ratio": 1.0
  },
  "5": {
    "validity_ratio": 0.9895833333333334,
    "below": 0,
    "above": 16.504327067362098,
    "turn_on_times": 0,
    "turn_on_ratio": 0.0
  },
  "6": {
    "validity_ratio": 0.9895833333333334,
    "below": -6.299952085916678,
    "above": 41.15435219724075,
    "turn_on_times": 1,
    "turn_on_ratio": 0.5
  },
  "7": {
    "validity_ratio": 0.9951388888888889,
    "below": -0.20391233660022146,
    "above": 57.15893510185861,
    "turn_on_times": 0,
    "turn_on_ratio": 0.0
  },
  "8": {
    "validity_ratio": 0.9895833333333334,
    "below": -0.07167772130812113,
    "above": 0,
    "turn_on_times": 8,
    "turn_on_ratio": 0.8
  },
  "9": {
    "validity_ratio": 0.99375,
    "below": 0,
    "above": 12.354677816408223,
    "turn_on_times": 2,
    "turn_on_ratio": 0.2
  },
  "10": {
    "validity_ratio": 0.9895833333333334,
    "below": 0,
    "above": 0,
    "turn_on_times": 0,
    "turn_on_ratio": 0
  },
  "12": {
    "validity_ratio": 0.9951388888888889,
    "below": 0,
    "above": 52.02388016832041,
    "turn_on_times": 0,
    "turn_on_ratio": 0.0
  },
  "13": {
    "validity_ratio": 0.9951388888888889,
    "below": 0,
    "above": 69.22559267605074,
    "turn_on_times": 0,
    "turn_on_ratio": 0.0
  }
}