{
  "1": {
    "validity_ratio": 0.14652777777777778,
    "below": 0,
    "above": 0.010763674578306199,
    "turn_on_times": 1,
    "turn_on_ratio": 1.0
  },
  "2": {
    "validity_ratio": 0.14444444444444443,
    "below": 0,
    "above": 2.5340121907519144,
    "turn_on_times": 0,
    "turn_on_ratio": 0.0
  },
  "3": {
    "validity_ratio": 0.14375,
    "below": 0,
    "above": 0,
    "turn_on_times": 0,
    "turn_on_ratio": 0
  },
  "4": {
    "validity_ratio": 0.14722222222222223,
    "below": 0,
    "above": 0,
    "turn_on_times": 0,
    "turn_on_ratio": 0
  },
  "5": {
    "validity_ratio": 0.1486111111111111,
    "below": 0,
    "above": 0,
    "turn_on_times": 0,
    "turn_on_ratio": 0
  },
  "6": {
    "validity_ratio": 0.14722222222222223,
    "below": 0,
    "above": 1.299501288788489,
    "turn_on_times": 0,
    "turn_on_ratio": 0.0
  },
  "7": {
    "validity_ratio": 0.14305555555555555,
    "below": 0,
    "above": 1.355778603655392,
    "turn_on_times": 0,
    "turn_on_ratio": 0.0
  },
  "8": {
    "validity_ratio": 0.14375,
    "below": 0,
    "above": 0,
    "turn_on_times": 0,
    "turn_on_ratio": 0
  },
  "9": {
    "validity_ratio": 0.14722222222222223,
    "below": 0,
    "above": 0,
    "turn_on_times": 0,
    "turn_on_ratio": 0
  },
  "10": {
    "validity_ratio": 0.1486111111111111,
    "below": 0,
    "above": 0,
    "turn_on_times": 0,
    "turn_on_ratio": 0
  },
  "12": {
    "validity_ratio": 0.14652777777777778,
    "below": 0,
    "above": 0,
    "turn_on_times": 0,
    "turn_on_ratio": 0
  },
  "13": {
    "validity_ratio": 0.14722222222222223,
    "below": 0,
    "above": 2.5326723219249354,
    "turn_on_times": 0,
    "turn_on_ratio": 0.0
  }
}