{
  "1": {
    "validity_ratio": 0.8243055555555555,
    "below": -3.770167571376154,
    "above": 22.188230637857217,
    "turn_on_times": 1,
    "turn_on_ratio": 0.25
  },
  "2": {
    "validity_ratio": 0.8236111111111111,
    "below": 0,
    "above": 35.00879336153641,
    "turn_on_times": 0,
    "turn_on_ratio": 0.0
  },
  "3": {
    "validity_ratio": 0.8291666666666667,
    "below": 0,
    "above": 0.875901639344261,
    "turn_on_times": 0,
    "turn_on_ratio": 0.0
  },
  "4": {
    "validity_ratio": 0.8277777777777777,
    "below": 0,
    "above": 1.1133315580861456,
    "turn_on_times": 0,
    "turn_on_ratio": 0.0
  },
  "5": {
    "validity_ratio": 0.8256944444444444,
    "below": 0,
    "above": 0.7105917841824712,
    "turn_on_times": 0,
    "turn_on_ratio": 0.0
  },
  "6": {
    "validity_ratio": 0.8284722222222223,
    "below": -6.736868459006713,
    "above": 8.35395463687636,
    "turn_on_times": 0,
    "turn_on_ratio": 0.0
  },
  "7": {
    "validity_ratio": 0.8270833333333333,
    "below": -5.01257451488482,
    "above": 3.654981239263278,
    "turn_on_times": 2,
    "turn_on_ratio": 0.5
  },
  "8": {
    "validity_ratio": 0.8277777777777777,
    "below": -0.16722293420350406,
    "above": 0,
    "turn_on_times": 6,
    "turn_on_ratio": 0.75
  },
  "9": {
    "validity_ratio": 0.8277777777777777,
    "below": 0,
    "above": 17.367768225014103,
    "turn_on_times": 2,
    "turn_on_ratio": 0.25
  },
  "10": {
    "validity_ratio": 0.8291666666666667,
    "below": 0,
    "above": 0,
    "turn_on_times": 0,
    "turn_on_ratio": 0
  },
  "12": {
    "validity_ratio": 0.8270833333333333,
    "below": 0,
    "above": 0,
    "turn_on_times": 1,
    "turn_on_ratio": 1.0
  },
  "13": {
    "validity_ratio": 0.8284722222222223,
    "below": -1.0705005537092558,
    "above": 26.215316621325954,
    "turn_on_times": 1,
    "turn_on_ratio": 0.25
  }
}