{
  "1": {
    "validity_ratio": 0.9416666666666667,
    "below": -4.42023015244207,
    "above": 22.20916769613101,
    "turn_on_times": 2,
    "turn_on_ratio": 0.3333333333333333
  },
  "2": {
    "validity_ratio": 0.9416666666666667,
    "below": 0,
    "above": 41.71733994917115,
    "turn_on_times": 0,
    "turn_on_ratio": 0.0
  },
  "3": {
    "validity_ratio": 0.9472222222222222,
    "below": 0,
    "above": 0.875901639344261,
    "turn_on_times": 0,
    "turn_on_ratio": 0.0
  },
  "4": {
    "validity_ratio": 0.9458333333333333,
    "below": 0,
    "above": 1.1133316416268726,
    "turn_on_times": 0,
    "turn_on_ratio": 0.0
  },
  "5": {
    "validity_ratio": 0.94375,
    "below": 0,
    "above": 0.7105919803120315,
    "turn_on_times": 0,
    "turn_on_ratio": 0.0
  },
  "6": {
    "validity_ratio": 0.9465277777777777,
    "below": -6.736880756733071,
    "above": 11.916865161098892,
    "turn_on_times": 0,
    "turn_on_ratio": 0.0
  },
  "7": {
    "validity_ratio": 0.9458333333333333,
    "below": -5.012569095085573,
    "above": 3.8603576033221074,
    "turn_on_times": 3,
    "turn_on_ratio": 0.5
  },
  "8": {
    "validity_ratio": 0.9465277777777777,
    "below": -0.16722918469992099,
    "above": 0,
    "turn_on_times": 6,
    "turn_on_ratio": 0.75
  },
  "9": {
    "validity_ratio": 0.9458333333333333,
    "below": 0,
    "above": 17.49361464080179,
    "turn_on_times": 2,
    "turn_on_ratio": 0.25
  },
  "10": {
    "validity_ratio": 0.9472222222222222,
    "below": 0,
    "above": 0,
    "turn_on_times": 0,
    "turn_on_ratio": 0
  },
  "12": {
    "validity_ratio": 0.9451388888888889,
    "below": 0,
    "above": 0,
    "turn_on_times": 1,
    "turn_on_ratio": 1.0
  },
  "13": {
    "validity_ratio": 0.9465277777777777,
    "below": -1.070476482698973,
    "above": 37.47499663906049,
    "turn_on_times": 1,
    "turn_on_ratio": 0.16666666666666666
  }
}