{
  "1": {
    "validity_ratio": 0.5958333333333333,
    "below": -2.4518318355583206,
    "above": 22.133238772127168,
    "turn_on_times": 1,
    "turn_on_ratio": 0.25
  },
  "2": {
    "validity_ratio": 0.5944444444444444,
    "below": 0,
    "above": 20.331740751552978,
    "turn_on_times": 0,
    "turn_on_ratio": 0.0
  },
  "3": {
    "validity_ratio": 0.59375,
    "below": 0,
    "above": 0.8759016393442609,
    "turn_on_times": 0,
    "turn_on_ratio": 0.0
  },
  "4": {
    "validity_ratio": 0.5916666666666667,
    "below": 0,
    "above": 1.113331060123957,
    "turn_on_times": 0,
    "turn_on_ratio": 0.0
  },
  "5": {
    "validity_ratio": 0.5958333333333333,
    "below": 0,
    "above": 0.7105906149490232,
    "turn_on_times": 0,
    "turn_on_ratio": 0.0
  },
  "6": {
    "validity_ratio": 0.5916666666666667,
    "below": -4.4861507195841535,
    "above": 8.353885033705954,
    "turn_on_times": 0,
    "turn_on_ratio": 0.0
  },
  "7": {
    "validity_ratio": 0.5902777777777778,
    "below": -5.012606820745593,
    "above": 1.9143014022184708,
    "turn_on_times": 2,
    "turn_on_ratio": 0.5
  },
  "8": {
    "validity_ratio": 0.5930555555555556,
    "below": -0.16718567679634078,
    "above": 0,
    "turn_on_times": 3,
    "turn_on_ratio": 1.0
  },
  "9": {
    "validity_ratio": 0.5916666666666667,
    "below": 0,
    "above": 16.61437455613819,
    "turn_on_times": 0,
    "turn_on_ratio": 0.0
  },
  "10": {
    "validity_ratio": 0.5930555555555556,
    "below": 0,
    "above": 0,
    "turn_on_times": 0,
    "turn_on_ratio": 0
  },
  "12": {
    "validity_ratio": 0.5944444444444444,
    "below": 0,
    "above": 0,
    "turn_on_times": 1,
    "turn_on_ratio": 1.0
  },
  "13": {
    "validity_ratio": 0.5916666666666667,
    "below": -1.0706440340620356,
    "above": 3.6946568561302895,
    "turn_on_times": 1,
    "turn_on_ratio": 0.25
  }
}