{
  "1": {
    "validity_ratio": 0.41597222222222224,
    "below": 0,
    "above": 12.022886449217735,
    "turn_on_times": 1,
    "turn_on_ratio": 0.25
  },
  "2": {
    "validity_ratio": 0.41388888888888886,
    "below": 0,
    "above": 14.367210369610712,
    "turn_on_times": 0,
    "turn_on_ratio": 0.0
  },
  "3": {
    "validity_ratio": 0.41388888888888886,
    "below": 0,
    "above": 0,
    "turn_on_times": 0,
    "turn_on_ratio": 0
  },
  "4": {
    "validity_ratio": 0.41805555555555557,
    "below": 0,
    "above": 0,
    "turn_on_times": 0,
    "turn_on_ratio": 0
  },
  "5": {
    "validity_ratio": 0.41458333333333336,
    "below": 0,
    "above": 0,
    "turn_on_times": 0,
    "turn_on_ratio": 0
  },
  "6": {
    "validity_ratio": 0.41805555555555557,
    "below": 0,
    "above": 8.353968831363613,
    "turn_on_times": 0,
    "turn_on_ratio": 0.0
  },
  "7": {
    "validity_ratio": 0.41944444444444445,
    "below": -2.9026799587608894,
    "above": 1.3559593182537253,
    "turn_on_times": 2,
    "turn_on_ratio": 0.5
  },
  "8": {
    "validity_ratio": 0.41944444444444445,
    "below": -0.1672305324130903,
    "above": 0,
    "turn_on_times": 2,
    "turn_on_ratio": 1.0
  },
  "9": {
    "validity_ratio": 0.41805555555555557,
    "below": 0,
    "above": 13.206053616308532,
    "turn_on_times": 0,
    "turn_on_ratio": 0.0
  },
  "10": {
    "validity_ratio": 0.4125,
    "below": 0,
    "above": 0,
    "turn_on_times": 0,
    "turn_on_ratio": 0
  },
  "12": {
    "validity_ratio": 0.4173611111111111,
    "below": 0,
    "above": 0,
    "turn_on_times": 0,
    "turn_on_ratio": 0
  },
  "13": {
    "validity_ratio": 0.41805555555555557,
    "below": -0.8455721367553978,
    "above": 3.331338695688188,
    "turn_on_times": 1,
    "turn_on_ratio": 0.25
  }
}