{
  "1": {
    "validity_ratio": 0.9902777777777778,
    "below": -4.547742482029283,
    "above": 22.210096507367343,
    "turn_on_times": 2,
    "turn_on_ratio": 0.3333333333333333
  },
  "2": {
    "validity_ratio": 0.9902777777777778,
    "below": 0,
    "above": 45.700907702503855,
    "turn_on_times": 0,
    "turn_on_ratio": 0.0
  },
  "3": {
    "validity_ratio": 0.9888888888888889,
    "below": 0,
    "above": 0.8759016393442639,
    "turn_on_times": 0,
    "turn_on_ratio": 0.0
  },
  "4": {
    "validity_ratio": 0.9875,
    "below": 0,
    "above": 1.1133311860338517,
    "turn_on_times": 0,
    "turn_on_ratio": 0.0
  },
  "5": {
    "validity_ratio": 0.9916666666666667,
    "below": 0,
    "above": 0.7105909106162146,
    "turn_on_times": 0,
    "turn_on_ratio": 0.0
  },
  "6": {
    "validity_ratio": 0.9881944444444445,
    "below": -6.736813690542077,
    "above": 15.659573471920028,
    "turn_on_times": 0,
    "turn_on_ratio": 0.0
  },
  "7": {
    "validity_ratio": 0.9875,
    "below": -5.01259865219886,
    "above": 4.206242124893182,
    "turn_on_times": 3,
    "turn_on_ratio": 0.5
  },
  "8": {
    "validity_ratio": 0.9881944444444445,
    "below": -0.16719509734308885,
    "above": 0,
    "turn_on_times": 6,
    "turn_on_ratio": 0.75
  },
  "9": {
    "validity_ratio": 0.9875,
    "below": 0,
    "above": 17.49365744940368,
    "turn_on_times": 2,
    "turn_on_ratio": 0.25
  },
  "10": {
    "validity_ratio": 0.9888888888888889,
    "below": 0,
    "above": 0,
    "turn_on_times": 0,
    "turn_on_ratio": 0
  },
  "12": {
    "validity_ratio": 0.9868055555555556,
    "below": 0,
    "above": 0,
    "turn_on_times": 1,
    "turn_on_ratio": 1.0
  },
  "13": {
    "validity_ratio": 0.9916666666666667,
    "below": -1.0706077550111375,
    "above": 43.766272093485675,
    "turn_on_times": 1,
    "turn_on_ratio": 0.16666666666666666
  }
}