{
  "1": {
    "validity_ratio": 0.49930555555555556,
    "below": 0,
    "above": 20.42326666634075,
    "turn_on_times": 1,
    "turn_on_ratio": 0.25
  },
  "2": {
    "validity_ratio": 0.49722222222222223,
    "below": 0,
    "above": 17.112848474284817,
    "turn_on_times": 0,
    "turn_on_ratio": 0.0
  },
  "3": {
    "validity_ratio": 0.49722222222222223,
    "below": 0,
    "above": 0.8759016393442609,
    "turn_on_times": 0,
    "turn_on_ratio": 0.0
  },
  "4": {
    "validity_ratio": 0.49444444444444446,
    "below": 0,
    "above": 1.1133315110613535,
    "turn_on_times": 0,
    "turn_on_ratio": 0.0
  },
  "5": {
    "validity_ratio": 0.4979166666666667,
    "below": 0,
    "above": 0.7105916737783777,
    "turn_on_times": 0,
    "turn_on_ratio": 0.0
  },
  "6": {
    "validity_ratio": 0.49444444444444446,
    "below": -0.9424484185798316,
    "above": 8.353948064028883,
    "turn_on_times": 0,
    "turn_on_ratio": 0.0
  },
  "7": {
    "validity_ratio": 0.4930555555555556,
    "below": -5.01257756567143,
    "above": 1.3558517059466615,
    "turn_on_times": 2,
    "turn_on_ratio": 0.5
  },
  "8": {
    "validity_ratio": 0.49583333333333335,
    "below": -0.16721941582026667,
    "above": 0,
    "turn_on_times": 2,
    "turn_on_ratio": 1.0
  },
  "9": {
    "validity_ratio": 0.49444444444444446,
    "below": 0,
    "above": 13.20602856627199,
    "turn_on_times": 0,
    "turn_on_ratio": 0.0
  },
  "10": {
    "validity_ratio": 0.49583333333333335,
    "below": 0,
    "above": 0,
    "turn_on_times": 0,
    "turn_on_ratio": 0
  },
  "12": {
    "validity_ratio": 0.49722222222222223,
    "below": 0,
    "above": 0,
    "turn_on_times": 1,
    "turn_on_ratio": 1.0
  },
  "13": {
    "validity_ratio": 0.49444444444444446,
    "below": -1.0705141031993162,
    "above": 3.695254247034001,
    "turn_on_times": 1,
    "turn_on_ratio": 0.25
  }
}