{
  "1": {
    "validity_ratio": 0.33541666666666664,
    "below": 0,
    "above": 11.677509088020884,
    "turn_on_times": 0,
    "turn_on_ratio": 0.0
  },
  "2": {
    "validity_ratio": 0.3375,
    "below": -0.15250956118989056,
    "above": 0,
    "turn_on_times": 3,
    "turn_on_ratio": 1.0
  },
  "3": {
    "validity_ratio": 0.3375,
    "below": 0,
    "above": 7.993395546505387,
    "turn_on_times": 0,
    "turn_on_ratio": 0
  },
  "4": {
    "validity_ratio": 0.3347222222222222,
    "below": -0.6955877676388895,
    "above": 0,
    "turn_on_times": 0,
    "turn_on_ratio": 0
  },
  "5": {
    "validity_ratio": 0.3347222222222222,
    "below": -0.03316096513888868,
    "above": 1.6966556275271465,
    "turn_on_times": 0,
    "turn_on_ratio": 0
  },
  "6": {
    "validity_ratio": 0.33819444444444446,
    "below": 0,
    "above": 9.576649235532429,
    "turn_on_times": 0,
    "turn_on_ratio": 0.0
  },
  "7": {
    "validity_ratio": 0.33402777777777776,
    "below": -0.46666666666666684,
    "above": 6.48002371645013,
    "turn_on_times": 0,
    "turn_on_ratio": 0.0
  },
  "8": {
    "validity_ratio": 0.33402777777777776,
    "below": -0.6012699459501223,
    "above": 0,
    "turn_on_times": 1,
    "turn_on_ratio": 1.0
  },
  "9": {
    "validity_ratio": 0.3347222222222222,
    "below": 0,
    "above": 6.3376176046758905,
    "turn_on_times": 0,
    "turn_on_ratio": 0.0
  },
  "10": {
    "validity_ratio": 0.33402777777777776,
    "below": 0,
    "above": 0,
    "turn_on_times": 0,
    "turn_on_ratio": 0
  },
  "12": {
    "validity_ratio": 0.33611111111111114,
    "below": 0,
    "above": 9.706548858544119,
    "turn_on_times": 0,
    "turn_on_ratio": 0
  },
  "13": {
    "validity_ratio": 0.3333333333333333,
    "below": 0,
    "above": 9.446890790643804,
    "turn_on_times": 0,
    "turn_on_ratio": 0.0
  }
}