{
  "1": {
    "validity_ratio": 0.3909722222222222,
    "below": 0,
    "above": 16.21146140670904,
    "turn_on_times": 0,
    "turn_on_ratio": 0.0
  },
  "2": {
    "validity_ratio": 0.3861111111111111,
    "below": -1.790812291308898,
    "above": 0,
    "turn_on_times": 3,
    "turn_on_ratio": 1.0
  },
  "3": {
    "validity_ratio": 0.38958333333333334,
    "below": 0,
    "above": 12.274142846515304,
    "turn_on_times": 0,
    "turn_on_ratio": 0
  },
  "4": {
    "validity_ratio": 0.3902777777777778,
    "below": -2.6689559875940763,
    "above": 0,
    "turn_on_times": 0,
    "turn_on_ratio": 0
  },
  "5": {
    "validity_ratio": 0.3909722222222222,
    "below": -1.2240053371176582,
    "above": 1.6969763905082833,
    "turn_on_times": 0,
    "turn_on_ratio": 0
  },
  "6": {
    "validity_ratio": 0.38680555555555557,
    "below": 0,
    "above": 12.277598876483186,
    "turn_on_times": 0,
    "turn_on_ratio": 0.0
  },
  "7": {
    "validity_ratio": 0.3888888888888889,
    "below": -3.1117357908941865,
    "above": 6.4790968720761795,
    "turn_on_times": 0,
    "turn_on_ratio": 0.0
  },
  "8": {
    "validity_ratio": 0.38958333333333334,
    "below": -0.8012248564602497,
    "above": 0,
    "turn_on_times": 1,
    "turn_on_ratio": 1.0
  },
  "9": {
    "validity_ratio": 0.3902777777777778,
    "below": 0,
    "above": 14.875423772595306,
    "turn_on_times": 0,
    "turn_on_ratio": 0.0
  },
  "10": {
    "validity_ratio": 0.38958333333333334,
    "below": 0,
    "above": 0,
    "turn_on_times": 0,
    "turn_on_ratio": 0
  },
  "12": {
    "validity_ratio": 0.39166666666666666,
    "below": 0,
    "above": 15.007754655279584,
    "turn_on_times": 0,
    "turn_on_ratio": 0
  },
  "13": {
    "validity_ratio": 0.3888888888888889,
    "below": 0,
    "above": 9.774518326234451,
    "turn_on_times": 0,
    "turn_on_ratio": 0.0
  }
}