{
  "1": {
    "validity_ratio": 0.5979166666666667,
    "below": 0,
    "above": 34.23397925248546,
    "turn_on_times": 0,
    "turn_on_ratio": 0.0
  },
  "2": {
    "validity_ratio": 0.5944444444444444,
    "below": -3.9076035130190054,
    "above": 0,
    "turn_on_times": 4,
    "turn_on_ratio": 0.6666666666666666
  },
  "3": {
    "validity_ratio": 0.5868055555555556,
    "below": -3.46820751037487,
    "above": 15.373280300765067,
    "turn_on_times": 0,
    "turn_on_ratio": 0
  },
  "4": {
    "validity_ratio": 0.5986111111111111,
    "below": -5.117264015373265,
    "above": 0.016427300416664476,
    "turn_on_times": 0,
    "turn_on_ratio": 0
  },
  "5": {
    "validity_ratio": 0.5993055555555555,
    "below": -7.501570982280762,
    "above": 1.696800391577043,
    "turn_on_times": 0,
    "turn_on_ratio": 0
  },
  "6": {
    "validity_ratio": 0.5951388888888889,
    "below": 0,
    "above": 21.89749434876028,
    "turn_on_times": 0,
    "turn_on_ratio": 0.0
  },
  "7": {
    "validity_ratio": 0.5979166666666667,
    "below": -5.909745913003056,
    "above": 6.4796110006421905,
    "turn_on_times": 1,
    "turn_on_ratio": 0.16666666666666666
  },
  "8": {
    "validity_ratio": 0.5972222222222222,
    "below": -0.9804575335703217,
    "above": 0,
    "turn_on_times": 2,
    "turn_on_ratio": 1.0
  },
  "9": {
    "validity_ratio": 0.5986111111111111,
    "below": 0,
    "above": 17.2055464033723,
    "turn_on_times": 0,
    "turn_on_ratio": 0.0
  },
  "10": {
    "validity_ratio": 0.5979166666666667,
    "below": 0,
    "above": 0,
    "turn_on_times": 0,
    "turn_on_ratio": 0
  },
  "12": {
    "validity_ratio": 0.5993055555555555,
    "below": 0,
    "above": 20.326997263558535,
    "turn_on_times": 0,
    "turn_on_ratio": 0
  },
  "13": {
    "validity_ratio": 0.5972222222222222,
    "below": 0,
    "above": 13.992725304509461,
    "turn_on_times": 1,
    "turn_on_ratio": 0.16666666666666666
  }
}