{
  "1": {
    "validity_ratio": 0.29375,
    "below": 0,
    "above": 8.277506175963534,
    "turn_on_times": 0,
    "turn_on_ratio": 0.0
  },
  "2": {
    "validity_ratio": 0.29583333333333334,
    "below": 0,
    "above": 0,
    "turn_on_times": 3,
    "turn_on_ratio": 1.0
  },
  "3": {
    "validity_ratio": 0.29583333333333334,
    "below": 0,
    "above": 4.193392179623659,
    "turn_on_times": 0,
    "turn_on_ratio": 0
  },
  "4": {
    "validity_ratio": 0.29305555555555557,
    "below": -0.02666666666666669,
    "above": 0,
    "turn_on_times": 0,
    "turn_on_ratio": 0
  },
  "5": {
    "validity_ratio": 0.29305555555555557,
    "below": 0,
    "above": 1.6966540816702196,
    "turn_on_times": 0,
    "turn_on_ratio": 0
  },
  "6": {
    "validity_ratio": 0.2965277777777778,
    "below": 0,
    "above": 7.099403373462347,
    "turn_on_times": 0,
    "turn_on_ratio": 0.0
  },
  "7": {
    "validity_ratio": 0.2972222222222222,
    "below": 0,
    "above": 4.929610610950283,
    "turn_on_times": 0,
    "turn_on_ratio": 0.0
  },
  "8": {
    "validity_ratio": 0.2923611111111111,
    "below": -0.02099061679944446,
    "above": 0,
    "turn_on_times": 1,
    "turn_on_ratio": 1.0
  },
  "9": {
    "validity_ratio": 0.29305555555555557,
    "below": 0,
    "above": 0.24686957013232735,
    "turn_on_times": 0,
    "turn_on_ratio": 0.0
  },
  "10": {
    "validity_ratio": 0.2923611111111111,
    "below": 0,
    "above": 0,
    "turn_on_times": 0,
    "turn_on_ratio": 0
  },
  "12": {
    "validity_ratio": 0.29444444444444445,
    "below": 0,
    "above": 4.975531121260287,
    "turn_on_times": 0,
    "turn_on_ratio": 0
  },
  "13": {
    "validity_ratio": 0.2916666666666667,
    "below": 0,
    "above": 8.39802139259354,
    "turn_on_times": 0,
    "turn_on_ratio": 0.0
  }
}