{
  "1": {
    "validity_ratio": 0.5569444444444445,
    "below": 0,
    "above": 30.036087222059606,
    "turn_on_times": 0,
    "turn_on_ratio": 0.0
  },
  "2": {
    "validity_ratio": 0.5597222222222222,
    "below": -3.74425344729669,
    "above": 0,
    "turn_on_times": 4,
    "turn_on_ratio": 0.6666666666666666
  },
  "3": {
    "validity_ratio": 0.5458333333333333,
    "below": -3.071880630746148,
    "above": 15.372919644090649,
    "turn_on_times": 0,
    "turn_on_ratio": 0
  },
  "4": {
    "validity_ratio": 0.5569444444444445,
    "below": -4.571113138621719,
    "above": 0.01661978833333387,
    "turn_on_times": 0,
    "turn_on_ratio": 0
  },
  "5": {
    "validity_ratio": 0.5576388888888889,
    "below": -6.384428221000987,
    "above": 1.6970090775636923,
    "turn_on_times": 0,
    "turn_on_ratio": 0
  },
  "6": {
    "validity_ratio": 0.5604166666666667,
    "below": 0,
    "above": 21.398382312954098,
    "turn_on_times": 0,
    "turn_on_ratio": 0.0
  },
  "7": {
    "validity_ratio": 0.55625,
    "below": -5.909543377343138,
    "above": 6.478999809784022,
    "turn_on_times": 1,
    "turn_on_ratio": 0.16666666666666666
  },
  "8": {
    "validity_ratio": 0.5555555555555556,
    "below": -0.9804189232103171,
    "above": 0,
    "turn_on_times": 2,
    "turn_on_ratio": 1.0
  },
  "9": {
    "validity_ratio": 0.5569444444444445,
    "below": 0,
    "above": 17.10162208256945,
    "turn_on_times": 0,
    "turn_on_ratio": 0.0
  },
  "10": {
    "validity_ratio": 0.55625,
    "below": 0,
    "above": 0,
    "turn_on_times": 0,
    "turn_on_ratio": 0
  },
  "12": {
    "validity_ratio": 0.5583333333333333,
    "below": 0,
    "above": 18.93777697595172,
    "turn_on_times": 0,
    "turn_on_ratio": 0
  },
  "13": {
    "validity_ratio": 0.5555555555555556,
    "below": 0,
    "above": 13.150234490799338,
    "turn_on_times": 1,
    "turn_on_ratio": 0.16666666666666666
  }
}