{
  "1": {
    "validity_ratio": 0.49444444444444446,
    "below": 0,
    "above": 24.65442861862814,
    "turn_on_times": 0,
    "turn_on_ratio": 0.0
  },
  "2": {
    "validity_ratio": 0.49027777777777776,
    "below": -2.5265197758319307,
    "above": 0,
    "turn_on_times": 3,
    "turn_on_ratio": 1.0
  },
  "3": {
    "validity_ratio": 0.4756944444444444,
    "below": -1.322103807438957,
    "above": 15.37330042932516,
    "turn_on_times": 0,
    "turn_on_ratio": 0
  },
  "4": {
    "validity_ratio": 0.49444444444444446,
    "below": -4.325545891919904,
    "above": 0,
    "turn_on_times": 0,
    "turn_on_ratio": 0
  },
  "5": {
    "validity_ratio": 0.48819444444444443,
    "below": -4.145835595538647,
    "above": 1.696788545122419,
    "turn_on_times": 0,
    "turn_on_ratio": 0
  },
  "6": {
    "validity_ratio": 0.4909722222222222,
    "below": 0,
    "above": 18.422219257379872,
    "turn_on_times": 0,
    "turn_on_ratio": 0.0
  },
  "7": {
    "validity_ratio": 0.48680555555555555,
    "below": -5.909757216692941,
    "above": 6.479645109447524,
    "turn_on_times": 0,
    "turn_on_ratio": 0.0
  },
  "8": {
    "validity_ratio": 0.49375,
    "below": -0.8012572805059829,
    "above": 0,
    "turn_on_times": 1,
    "turn_on_ratio": 1.0
  },
  "9": {
    "validity_ratio": 0.49444444444444446,
    "below": 0,
    "above": 16.953826150985982,
    "turn_on_times": 0,
    "turn_on_ratio": 0.0
  },
  "10": {
    "validity_ratio": 0.48680555555555555,
    "below": 0,
    "above": 0,
    "turn_on_times": 0,
    "turn_on_ratio": 0
  },
  "12": {
    "validity_ratio": 0.49583333333333335,
    "below": 0,
    "above": 17.36491054112757,
    "turn_on_times": 0,
    "turn_on_ratio": 0
  },
  "13": {
    "validity_ratio": 0.4930555555555556,
    "below": 0,
    "above": 12.286086907244435,
    "turn_on_times": 0,
    "turn_on_ratio": 0.0
  }
}