{
  "1": {
    "validity_ratio": 0.5777777777777777,
    "below": 0,
    "above": 32.117530748188976,
    "turn_on_times": 0,
    "turn_on_ratio": 0.0
  },
  "2": {
    "validity_ratio": 0.5805555555555556,
    "below": -3.9075602491553796,
    "above": 0,
    "turn_on_times": 4,
    "turn_on_ratio": 0.6666666666666666
  },
  "3": {
    "validity_ratio": 0.5666666666666667,
    "below": -3.422307077808362,
    "above": 15.373432163150978,
    "turn_on_times": 0,
    "turn_on_ratio": 0
  },
  "4": {
    "validity_ratio": 0.5777777777777777,
    "below": -4.87114973571171,
    "above": 0.016346249166666323,
    "turn_on_times": 0,
    "turn_on_ratio": 0
  },
  "5": {
    "validity_ratio": 0.5784722222222223,
    "below": -6.983565822789056,
    "above": 1.696710493812471,
    "turn_on_times": 0,
    "turn_on_ratio": 0
  },
  "6": {
    "validity_ratio": 0.58125,
    "below": 0,
    "above": 21.853920786147707,
    "turn_on_times": 0,
    "turn_on_ratio": 0.0
  },
  "7": {
    "validity_ratio": 0.5770833333333333,
    "below": -5.909831195075253,
    "above": 6.479868332739213,
    "turn_on_times": 1,
    "turn_on_ratio": 0.16666666666666666
  },
  "8": {
    "validity_ratio": 0.5763888888888888,
    "below": -0.9804737913074072,
    "above": 0,
    "turn_on_times": 2,
    "turn_on_ratio": 1.0
  },
  "9": {
    "validity_ratio": 0.5777777777777777,
    "below": 0,
    "above": 17.20526111590853,
    "turn_on_times": 0,
    "turn_on_ratio": 0.0
  },
  "10": {
    "validity_ratio": 0.5770833333333333,
    "below": 0,
    "above": 0,
    "turn_on_times": 0,
    "turn_on_ratio": 0
  },
  "12": {
    "validity_ratio": 0.5791666666666667,
    "below": 0,
    "above": 19.76313583317312,
    "turn_on_times": 0,
    "turn_on_ratio": 0
  },
  "13": {
    "validity_ratio": 0.5763888888888888,
    "below": 0,
    "above": 13.48955382818975,
    "turn_on_times": 1,
    "turn_on_ratio": 0.16666666666666666
  }
}