{
  "1": {
    "validity_ratio": 0.6048611111111111,
    "below": 0,
    "above": 35.001438975657024,
    "turn_on_times": 0,
    "turn_on_ratio": 0.0
  },
  "2": {
    "validity_ratio": 0.6083333333333333,
    "below": -3.9076850605411533,
    "above": 0,
    "turn_on_times": 4,
    "turn_on_ratio": 0.6666666666666666
  },
  "3": {
    "validity_ratio": 0.5944444444444444,
    "below": -3.4681494294259143,
    "above": 15.372994057229636,
    "turn_on_times": 0,
    "turn_on_ratio": 0
  },
  "4": {
    "validity_ratio": 0.6055555555555555,
    "below": -5.117233458397273,
    "above": 0.016580072916668638,
    "turn_on_times": 0,
    "turn_on_ratio": 0
  },
  "5": {
    "validity_ratio": 0.60625,
    "below": -7.651792043270785,
    "above": 1.6969665744935187,
    "turn_on_times": 0,
    "turn_on_ratio": 0
  },
  "6": {
    "validity_ratio": 0.6090277777777777,
    "below": 0,
    "above": 21.89781859459395,
    "turn_on_times": 0,
    "turn_on_ratio": 0.0
  },
  "7": {
    "validity_ratio": 0.6048611111111111,
    "below": -5.909585165878558,
    "above": 6.479125921186838,
    "turn_on_times": 1,
    "turn_on_ratio": 0.16666666666666666
  },
  "8": {
    "validity_ratio": 0.6041666666666666,
    "below": -0.9804268895625006,
    "above": 0,
    "turn_on_times": 2,
    "turn_on_ratio": 1.0
  },
  "9": {
    "validity_ratio": 0.6055555555555555,
    "below": 0,
    "above": 17.206084139079056,
    "turn_on_times": 0,
    "turn_on_ratio": 0.0
  },
  "10": {
    "validity_ratio": 0.6048611111111111,
    "below": 0,
    "above": 0,
    "turn_on_times": 0,
    "turn_on_ratio": 0
  },
  "12": {
    "validity_ratio": 0.6069444444444444,
    "below": 0,
    "above": 20.327111879636693,
    "turn_on_times": 0,
    "turn_on_ratio": 0
  },
  "13": {
    "validity_ratio": 0.6041666666666666,
    "below": 0,
    "above": 14.176568704564936,
    "turn_on_times": 1,
    "turn_on_ratio": 0.16666666666666666
  }
}