{
  "1": {
    "validity_ratio": 0.9944444444444445,
    "below": -0.6632816813232835,
    "above": 4.779874108022641,
    "turn_on_times": 3,
    "turn_on_ratio": 0.6
  },
  "2": {
    "validity_ratio": 0.9951388888888889,
    "below": -11.235303654215002,
    "above": 27.460574052640958,
    "turn_on_times": 0,
    "turn_on_ratio": 0.0
  },
  "3": {
    "validity_ratio": 0.9930555555555556,
    "below": 0,
    "above": 32.49309433351599,
    "turn_on_times": 0,
    "turn_on_ratio": 0.0
  },
  "4": {
    "validity_ratio": 0.9958333333333333,
    "below": 0,
    "above": 1.688334703750004,
    "turn_on_times": 3,
    "turn_on_ratio": 1.0
  },
  "5": {
    "validity_ratio": 0.9826388888888888,
    "below": -6.6192095477205,
    "above": 22.53280873584047,
    "turn_on_times": 0,
    "turn_on_ratio": 0.0
  },
  "6": {
    "validity_ratio": 0.9895833333333334,
    "below": -6.116268798664474,
    "above": 13.372365060773564,
    "turn_on_times": 1,
    "turn_on_ratio": 0.2
  },
  "7": {
    "validity_ratio": 0.9951388888888889,
    "below": -8.558596194485755,
    "above": 47.005382250899046,
    "turn_on_times": 1,
    "turn_on_ratio": 0.2
  },
  "8": {
    "validity_ratio": 0.9951388888888889,
    "below": 0,
    "above": 0.008611728827160488,
    "turn_on_times": 2,
    "turn_on_ratio": 1.0
  },
  "9": {
    "validity_ratio": 0.9930555555555556,
    "below": 0,
    "above": 0.6290270383064898,
    "turn_on_times": 0,
    "turn_on_ratio": 0.0
  },
  "10": {
    "validity_ratio": 0.9951388888888889,
    "below": 0,
    "above": 0,
    "turn_on_times": 0,
    "turn_on_ratio": 0
  },
  "12": {
    "validity_ratio": 0.9958333333333333,
    "below": -6.9029265210844075,
    "above": 24.73160847307234,
    "turn_on_times": 0,
    "turn_on_ratio": 0.0
  },
  "13": {
    "validity_ratio": 0.9958333333333333,
    "below": 0,
    "above": 84.88402316173838,
    "turn_on_times": 0,
    "turn_on_ratio": 0.0
  }
}