{
  "1": {
    "validity_ratio": 0.9256944444444445,
    "below": -2.7718447769971286,
    "above": 12.22878843894516,
    "turn_on_times": 2,
    "turn_on_ratio": 0.6666666666666666
  },
  "2": {
    "validity_ratio": 0.9291666666666667,
    "below": 0,
    "above": 68.5930640211698,
    "turn_on_times": 0,
    "turn_on_ratio": 0.0
  },
  "3": {
    "validity_ratio": 0.9263888888888889,
    "below": 0,
    "above": 69.36144838562569,
    "turn_on_times": 0,
    "turn_on_ratio": 0.0
  },
  "4": {
    "validity_ratio": 0.9291666666666667,
    "below": 0,
    "above": 36.8273946025133,
    "turn_on_times": 3,
    "turn_on_ratio": 0.3333333333333333
  },
  "5": {
    "validity_ratio": 0.9291666666666667,
    "below": -6.482562382435265,
    "above": 40.14525010064255,
    "turn_on_times": 4,
    "turn_on_ratio": 0.4444444444444444
  },
  "6": {
    "validity_ratio": 0.9291666666666667,
    "below": -13.989961750631098,
    "above": 7.15001858539579,
    "turn_on_times": 1,
    "turn_on_ratio": 0.3333333333333333
  },
  "7": {
    "validity_ratio": 0.925,
    "below": -8.193153952244291,
    "above": 35.79982196517008,
    "turn_on_times": 0,
    "turn_on_ratio": 0.0
  },
  "8": {
    "validity_ratio": 0.9277777777777778,
    "below": 0,
    "above": 0,
    "turn_on_times": 0,
    "turn_on_ratio": 0
  },
  "9": {
    "validity_ratio": 0.9243055555555556,
    "below": 0,
    "above": 0,
    "turn_on_times": 0,
    "turn_on_ratio": 0
  },
  "10": {
    "validity_ratio": 0.8722222222222222,
    "below": 0,
    "above": 0,
    "turn_on_times": 0,
    "turn_on_ratio": 0
  },
  "12": {
    "validity_ratio": 0.9277777777777778,
    "below": 0,
    "above": 65.83471336085661,
    "turn_on_times": 2,
    "turn_on_ratio": 0.2222222222222222
  },
  "13": {
    "validity_ratio": 0.9243055555555556,
    "below": 0,
    "above": 105.50979201602526,
    "turn_on_times": 0,
    "turn_on_ratio": 0.0
  }
}