{
  "1": {
    "validity_ratio": 0.6833333333333333,
    "below": -0.13627356065573765,
    "above": 11.0985293292776,
    "turn_on_times": 2,
    "turn_on_ratio": 0.6666666666666666
  },
  "2": {
    "validity_ratio": 0.6791666666666667,
    "below": 0,
    "above": 38.03424670699359,
    "turn_on_times": 0,
    "turn_on_ratio": 0.0
  },
  "3": {
    "validity_ratio": 0.6770833333333334,
    "below": 0,
    "above": 51.836590037837254,
    "turn_on_times": 0,
    "turn_on_ratio": 0.0
  },
  "4": {
    "validity_ratio": 0.6805555555555556,
    "below": 0,
    "above": 19.950989996732638,
    "turn_on_times": 3,
    "turn_on_ratio": 0.42857142857142855
  },
  "5": {
    "validity_ratio": 0.6784722222222223,
    "below": -3.3548974194002983,
    "above": 40.135485971327306,
    "turn_on_times": 2,
    "turn_on_ratio": 0.2857142857142857
  },
  "6": {
    "validity_ratio": 0.6798611111111111,
    "below": -12.352586084518455,
    "above": 6.599966336519132,
    "turn_on_times": 1,
    "turn_on_ratio": 0.3333333333333333
  },
  "7": {
    "validity_ratio": 0.68125,
    "below": -4.232265996065888,
    "above": 24.724482766094727,
    "turn_on_times": 0,
    "turn_on_ratio": 0.0
  },
  "8": {
    "validity_ratio": 0.6777777777777778,
    "below": 0,
    "above": 0,
    "turn_on_times": 0,
    "turn_on_ratio": 0
  },
  "9": {
    "validity_ratio": 0.68125,
    "below": 0,
    "above": 0,
    "turn_on_times": 0,
    "turn_on_ratio": 0
  },
  "10": {
    "validity_ratio": 0.6361111111111111,
    "below": 0,
    "above": 0,
    "turn_on_times": 0,
    "turn_on_ratio": 0
  },
  "12": {
    "validity_ratio": 0.6777777777777778,
    "below": 0,
    "above": 43.309201705157676,
    "turn_on_times": 2,
    "turn_on_ratio": 0.2857142857142857
  },
  "13": {
    "validity_ratio": 0.68125,
    "below": 0,
    "above": 70.05463669385122,
    "turn_on_times": 0,
    "turn_on_ratio": 0.0
  }
}