{
  "1": {
    "validity_ratio": 0.19236111111111112,
    "below": 0,
    "above": 0.012552906217357357,
    "turn_on_times": 1,
    "turn_on_ratio": 1.0
  },
  "2": {
    "validity_ratio": 0.19305555555555556,
    "below": 0,
    "above": 9.245023524720274,
    "turn_on_times": 0,
    "turn_on_ratio": 0.0
  },
  "3": {
    "validity_ratio": 0.19236111111111112,
    "below": 0,
    "above": 13.995439612201578,
    "turn_on_times": 0,
    "turn_on_ratio": 0.0
  },
  "4": {
    "validity_ratio": 0.1875,
    "below": 0,
    "above": 14.646315919767316,
    "turn_on_times": 0,
    "turn_on_ratio": 0.0
  },
  "5": {
    "validity_ratio": 0.1909722222222222,
    "below": -2.514966660753576,
    "above": 0.38187382047546065,
    "turn_on_times": 2,
    "turn_on_ratio": 0.5
  },
  "6": {
    "validity_ratio": 0.19375,
    "below": 0,
    "above": 6.521087799461805,
    "turn_on_times": 0,
    "turn_on_ratio": 0.0
  },
  "7": {
    "validity_ratio": 0.19375,
    "below": 0,
    "above": 7.450326884566414,
    "turn_on_times": 0,
    "turn_on_ratio": 0.0
  },
  "8": {
    "validity_ratio": 0.19166666666666668,
    "below": 0,
    "above": 0,
    "turn_on_times": 0,
    "turn_on_ratio": 0
  },
  "9": {
    "validity_ratio": 0.18819444444444444,
    "below": 0,
    "above": 0,
    "turn_on_times": 0,
    "turn_on_ratio": 0
  },
  "10": {
    "validity_ratio": 0.14305555555555555,
    "below": 0,
    "above": 0,
    "turn_on_times": 0,
    "turn_on_ratio": 0
  },
  "12": {
    "validity_ratio": 0.19166666666666668,
    "below": 0,
    "above": 1.447226676738369,
    "turn_on_times": 2,
    "turn_on_ratio": 0.5
  },
  "13": {
    "validity_ratio": 0.18819444444444444,
    "below": 0,
    "above": 16.99166378741348,
    "turn_on_times": 0,
    "turn_on_ratio": 0.0
  }
}