{
  "1": {
    "validity_ratio": 0.8840277777777777,
    "below": -2.7717556761506565,
    "above": 12.229479820237504,
    "turn_on_times": 2,
    "turn_on_ratio": 0.6666666666666666
  },
  "2": {
    "validity_ratio": 0.8875,
    "below": 0,
    "above": 64.26524911543436,
    "turn_on_times": 0,
    "turn_on_ratio": 0.0
  },
  "3": {
    "validity_ratio": 0.8847222222222222,
    "below": 0,
    "above": 68.14164934884471,
    "turn_on_times": 0,
    "turn_on_ratio": 0.0
  },
  "4": {
    "validity_ratio": 0.8881944444444444,
    "below": 0,
    "above": 36.10741766850664,
    "turn_on_times": 3,
    "turn_on_ratio": 0.3333333333333333
  },
  "5": {
    "validity_ratio": 0.8875,
    "below": -6.362790588602094,
    "above": 40.12790653800172,
    "turn_on_times": 4,
    "turn_on_ratio": 0.4444444444444444
  },
  "6": {
    "validity_ratio": 0.8881944444444444,
    "below": -13.98980491302586,
    "above": 7.149605347789082,
    "turn_on_times": 1,
    "turn_on_ratio": 0.3333333333333333
  },
  "7": {
    "validity_ratio": 0.8833333333333333,
    "below": -7.553480304174607,
    "above": 34.08736262264346,
    "turn_on_times": 0,
    "turn_on_ratio": 0.0
  },
  "8": {
    "validity_ratio": 0.8861111111111111,
    "below": 0,
    "above": 0,
    "turn_on_times": 0,
    "turn_on_ratio": 0
  },
  "9": {
    "validity_ratio": 0.8826388888888889,
    "below": 0,
    "above": 0,
    "turn_on_times": 0,
    "turn_on_ratio": 0
  },
  "10": {
    "validity_ratio": 0.8375,
    "below": 0,
    "above": 0,
    "turn_on_times": 0,
    "turn_on_ratio": 0
  },
  "12": {
    "validity_ratio": 0.8861111111111111,
    "below": 0,
    "above": 64.63237592723013,
    "turn_on_times": 2,
    "turn_on_ratio": 0.2222222222222222
  },
  "13": {
    "validity_ratio": 0.8826388888888889,
    "below": 0,
    "above": 99.36433835380467,
    "turn_on_times": 0,
    "turn_on_ratio": 0.0
  }
}