{
  "1": {
    "validity_ratio": 0.46875,
    "below": 0,
    "above": 9.506972225089797,
    "turn_on_times": 1,
    "turn_on_ratio": 0.5
  },
  "2": {
    "validity_ratio": 0.4708333333333333,
    "below": 0,
    "above": 25.024169609102437,
    "turn_on_times": 0,
    "turn_on_ratio": 0.0
  },
  "3": {
    "validity_ratio": 0.46944444444444444,
    "below": 0,
    "above": 33.327817439567355,
    "turn_on_times": 0,
    "turn_on_ratio": 0.0
  },
  "4": {
    "validity_ratio": 0.4652777777777778,
    "below": 0,
    "above": 19.951506152889618,
    "turn_on_times": 3,
    "turn_on_ratio": 0.42857142857142855
  },
  "5": {
    "validity_ratio": 0.46944444444444444,
    "below": -3.3549758586378733,
    "above": 17.925038072961883,
    "turn_on_times": 2,
    "turn_on_ratio": 0.2857142857142857
  },
  "6": {
    "validity_ratio": 0.47152777777777777,
    "below": -7.663852951205907,
    "above": 6.52105997320307,
    "turn_on_times": 1,
    "turn_on_ratio": 0.5
  },
  "7": {
    "validity_ratio": 0.4652777777777778,
    "below": -0.5462857337946612,
    "above": 18.93503046667217,
    "turn_on_times": 0,
    "turn_on_ratio": 0.0
  },
  "8": {
    "validity_ratio": 0.46944444444444444,
    "below": 0,
    "above": 0,
    "turn_on_times": 0,
    "turn_on_ratio": 0
  },
  "9": {
    "validity_ratio": 0.46597222222222223,
    "below": 0,
    "above": 0,
    "turn_on_times": 0,
    "turn_on_ratio": 0
  },
  "10": {
    "validity_ratio": 0.42083333333333334,
    "below": 0,
    "above": 0,
    "turn_on_times": 0,
    "turn_on_ratio": 0
  },
  "12": {
    "validity_ratio": 0.46944444444444444,
    "below": 0,
    "above": 20.957024499107323,
    "turn_on_times": 2,
    "turn_on_ratio": 0.2857142857142857
  },
  "13": {
    "validity_ratio": 0.46597222222222223,
    "below": 0,
    "above": 46.19527386050778,
    "turn_on_times": 0,
    "turn_on_ratio": 0.0
  }
}