{
  "1": {
    "validity_ratio": 0.7729166666666667,
    "below": -2.0254345244580643,
    "above": 11.099384889062994,
    "turn_on_times": 2,
    "turn_on_ratio": 0.6666666666666666
  },
  "2": {
    "validity_ratio": 0.7694444444444445,
    "below": 0,
    "above": 49.980175726071046,
    "turn_on_times": 0,
    "turn_on_ratio": 0.0
  },
  "3": {
    "validity_ratio": 0.7729166666666667,
    "below": 0,
    "above": 59.213729745385294,
    "turn_on_times": 0,
    "turn_on_ratio": 0.0
  },
  "4": {
    "validity_ratio": 0.7701388888888889,
    "below": 0,
    "above": 23.849397827544884,
    "turn_on_times": 3,
    "turn_on_ratio": 0.375
  },
  "5": {
    "validity_ratio": 0.76875,
    "below": -4.438988251397506,
    "above": 40.12780329645861,
    "turn_on_times": 3,
    "turn_on_ratio": 0.375
  },
  "6": {
    "validity_ratio": 0.7701388888888889,
    "below": -12.64668609000012,
    "above": 7.149662776132757,
    "turn_on_times": 1,
    "turn_on_ratio": 0.3333333333333333
  },
  "7": {
    "validity_ratio": 0.7722222222222223,
    "below": -6.1608767274510745,
    "above": 28.349881372798855,
    "turn_on_times": 0,
    "turn_on_ratio": 0.0
  },
  "8": {
    "validity_ratio": 0.7680555555555556,
    "below": 0,
    "above": 0,
    "turn_on_times": 0,
    "turn_on_ratio": 0
  },
  "9": {
    "validity_ratio": 0.7715277777777778,
    "below": 0,
    "above": 0,
    "turn_on_times": 0,
    "turn_on_ratio": 0
  },
  "10": {
    "validity_ratio": 0.7256944444444444,
    "below": 0,
    "above": 0,
    "turn_on_times": 0,
    "turn_on_ratio": 0
  },
  "12": {
    "validity_ratio": 0.7680555555555556,
    "below": 0,
    "above": 50.49671756108154,
    "turn_on_times": 2,
    "turn_on_ratio": 0.25
  },
  "13": {
    "validity_ratio": 0.7715277777777778,
    "below": 0,
    "above": 83.12107173390791,
    "turn_on_times": 0,
    "turn_on_ratio": 0.0
  }
}