{
  "1": {
    "validity_ratio": 0.16458333333333333,
    "below": 0,
    "above": 0.012804787985797374,
    "turn_on_times": 1,
    "turn_on_ratio": 1.0
  },
  "2": {
    "validity_ratio": 0.16527777777777777,
    "below": 0,
    "above": 9.245003471918649,
    "turn_on_times": 0,
    "turn_on_ratio": 0.0
  },
  "3": {
    "validity_ratio": 0.16458333333333333,
    "below": 0,
    "above": 10.81289418227124,
    "turn_on_times": 0,
    "turn_on_ratio": 0.0
  },
  "4": {
    "validity_ratio": 0.1597222222222222,
    "below": 0,
    "above": 11.237593382541501,
    "turn_on_times": 0,
    "turn_on_ratio": 0.0
  },
  "5": {
    "validity_ratio": 0.16319444444444445,
    "below": -1.9308554714545005,
    "above": 0.3822430244315049,
    "turn_on_times": 2,
    "turn_on_ratio": 0.5
  },
  "6": {
    "validity_ratio": 0.16527777777777777,
    "below": 0,
    "above": 6.5208705183433935,
    "turn_on_times": 0,
    "turn_on_ratio": 0.0
  },
  "7": {
    "validity_ratio": 0.16527777777777777,
    "below": 0,
    "above": 7.450309056734348,
    "turn_on_times": 0,
    "turn_on_ratio": 0.0
  },
  "8": {
    "validity_ratio": 0.1638888888888889,
    "below": 0,
    "above": 0,
    "turn_on_times": 0,
    "turn_on_ratio": 0
  },
  "9": {
    "validity_ratio": 0.16041666666666668,
    "below": 0,
    "above": 0,
    "turn_on_times": 0,
    "turn_on_ratio": 0
  },
  "10": {
    "validity_ratio": 0.11527777777777778,
    "below": 0,
    "above": 0,
    "turn_on_times": 0,
    "turn_on_ratio": 0
  },
  "12": {
    "validity_ratio": 0.1638888888888889,
    "below": 0,
    "above": 1.3285422480166316,
    "turn_on_times": 2,
    "turn_on_ratio": 0.5
  },
  "13": {
    "validity_ratio": 0.16041666666666668,
    "below": 0,
    "above": 16.991626560833726,
    "turn_on_times": 0,
    "turn_on_ratio": 0.0
  }
}