{
  "1": {
    "validity_ratio": 0.5243055555555556,
    "below": 0,
    "above": 9.507359693160453,
    "turn_on_times": 1,
    "turn_on_ratio": 0.5
  },
  "2": {
    "validity_ratio": 0.5263888888888889,
    "below": 0,
    "above": 29.43820555135429,
    "turn_on_times": 0,
    "turn_on_ratio": 0.0
  },
  "3": {
    "validity_ratio": 0.5243055555555556,
    "below": 0,
    "above": 40.43778231837273,
    "turn_on_times": 0,
    "turn_on_ratio": 0.0
  },
  "4": {
    "validity_ratio": 0.5277777777777778,
    "below": 0,
    "above": 19.951806557452812,
    "turn_on_times": 3,
    "turn_on_ratio": 0.42857142857142855
  },
  "5": {
    "validity_ratio": 0.525,
    "below": -3.355021510529423,
    "above": 26.675728863165368,
    "turn_on_times": 2,
    "turn_on_ratio": 0.2857142857142857
  },
  "6": {
    "validity_ratio": 0.5270833333333333,
    "below": -9.876019154803725,
    "above": 6.520921865499556,
    "turn_on_times": 1,
    "turn_on_ratio": 0.5
  },
  "7": {
    "validity_ratio": 0.5277777777777778,
    "below": -3.1824573045293247,
    "above": 18.934985245680775,
    "turn_on_times": 0,
    "turn_on_ratio": 0.0
  },
  "8": {
    "validity_ratio": 0.525,
    "below": 0,
    "above": 0,
    "turn_on_times": 0,
    "turn_on_ratio": 0
  },
  "9": {
    "validity_ratio": 0.5284722222222222,
    "below": 0,
    "above": 0,
    "turn_on_times": 0,
    "turn_on_ratio": 0
  },
  "10": {
    "validity_ratio": 0.48333333333333334,
    "below": 0,
    "above": 0,
    "turn_on_times": 0,
    "turn_on_ratio": 0
  },
  "12": {
    "validity_ratio": 0.525,
    "below": 0,
    "above": 29.793972679823074,
    "turn_on_times": 2,
    "turn_on_ratio": 0.2857142857142857
  },
  "13": {
    "validity_ratio": 0.5284722222222222,
    "below": 0,
    "above": 55.103593054593716,
    "turn_on_times": 0,
    "turn_on_ratio": 0.0
  }
}