{
  "1": {
    "validity_ratio": 0.06111111111111111,
    "below": 0,
    "above": 0,
    "turn_on_times": 1,
    "turn_on_ratio": 1.0
  },
  "2": {
    "validity_ratio": 0.06111111111111111,
    "below": 0,
    "above": 4.48030465824881,
    "turn_on_times": 0,
    "turn_on_ratio": 0.0
  },
  "3": {
    "validity_ratio": 0.06041666666666667,
    "below": 0,
    "above": 3.667174934989429,
    "turn_on_times": 0,
    "turn_on_ratio": 0.0
  },
  "4": {
    "validity_ratio": 0.05555555555555555,
    "below": 0,
    "above": 4.045065633959694,
    "turn_on_times": 0,
    "turn_on_ratio": 0.0
  },
  "5": {
    "validity_ratio": 0.059027777777777776,
    "below": -0.5824660223698772,
    "above": 0.11419355921863798,
    "turn_on_times": 1,
    "turn_on_ratio": 0.5
  },
  "6": {
    "validity_ratio": 0.06180555555555556,
    "below": 0,
    "above": 3.166826354174393,
    "turn_on_times": 0,
    "turn_on_ratio": 0.0
  },
  "7": {
    "validity_ratio": 0.06111111111111111,
    "below": 0,
    "above": 3.445298848779624,
    "turn_on_times": 0,
    "turn_on_ratio": 0.0
  },
  "8": {
    "validity_ratio": 0.059722222222222225,
    "below": 0,
    "above": 0,
    "turn_on_times": 0,
    "turn_on_ratio": 0
  },
  "9": {
    "validity_ratio": 0.05625,
    "below": 0,
    "above": 0,
    "turn_on_times": 0,
    "turn_on_ratio": 0
  },
  "10": {
    "validity_ratio": 0.018055555555555554,
    "below": 0,
    "above": 0,
    "turn_on_times": 0,
    "turn_on_ratio": 0
  },
  "12": {
    "validity_ratio": 0.059722222222222225,
    "below": 0,
    "above": 0.023753363729289885,
    "turn_on_times": 1,
    "turn_on_ratio": 0.5
  },
  "13": {
    "validity_ratio": 0.05625,
    "below": 0,
    "above": 7.493016495725426,
    "turn_on_times": 0,
    "turn_on_ratio": 0.0
  }
}