{
  "1": {
    "validity_ratio": 0.6902777777777778,
    "below": -0.36955181284153166,
    "above": 11.098730503438999,
    "turn_on_times": 2,
    "turn_on_ratio": 0.6666666666666666
  },
  "2": {
    "validity_ratio": 0.6930555555555555,
    "below": 0,
    "above": 39.764370154400254,
    "turn_on_times": 0,
    "turn_on_ratio": 0.0
  },
  "3": {
    "validity_ratio": 0.6909722222222222,
    "below": 0,
    "above": 51.83678701837059,
    "turn_on_times": 0,
    "turn_on_ratio": 0.0
  },
  "4": {
    "validity_ratio": 0.6875,
    "below": 0,
    "above": 19.951161551812458,
    "turn_on_times": 3,
    "turn_on_ratio": 0.42857142857142855
  },
  "5": {
    "validity_ratio": 0.6923611111111111,
    "below": -3.354923490288887,
    "above": 40.127205319443114,
    "turn_on_times": 2,
    "turn_on_ratio": 0.2857142857142857
  },
  "6": {
    "validity_ratio": 0.6930555555555555,
    "below": -12.352563710716177,
    "above": 6.884320063714933,
    "turn_on_times": 1,
    "turn_on_ratio": 0.3333333333333333
  },
  "7": {
    "validity_ratio": 0.6881944444444444,
    "below": -4.232306188960187,
    "above": 25.224293607797954,
    "turn_on_times": 0,
    "turn_on_ratio": 0.0
  },
  "8": {
    "validity_ratio": 0.6916666666666667,
    "below": 0,
    "above": 0,
    "turn_on_times": 0,
    "turn_on_ratio": 0
  },
  "9": {
    "validity_ratio": 0.6881944444444444,
    "below": 0,
    "above": 0,
    "turn_on_times": 0,
    "turn_on_ratio": 0
  },
  "10": {
    "validity_ratio": 0.6430555555555556,
    "below": 0,
    "above": 0,
    "turn_on_times": 0,
    "turn_on_ratio": 0
  },
  "12": {
    "validity_ratio": 0.6916666666666667,
    "below": 0,
    "above": 43.309390062991504,
    "turn_on_times": 2,
    "turn_on_ratio": 0.2857142857142857
  },
  "13": {
    "validity_ratio": 0.6881944444444444,
    "below": 0,
    "above": 71.06240264026562,
    "turn_on_times": 0,
    "turn_on_ratio": 0.0
  }
}