{
  "1": {
    "validity_ratio": 0.7104166666666667,
    "below": -0.95319134576434,
    "above": 11.098722047577617,
    "turn_on_times": 2,
    "turn_on_ratio": 0.6666666666666666
  },
  "2": {
    "validity_ratio": 0.7069444444444445,
    "below": 0,
    "above": 41.57466960622039,
    "turn_on_times": 0,
    "turn_on_ratio": 0.0
  },
  "3": {
    "validity_ratio": 0.7048611111111112,
    "below": 0,
    "above": 51.836778725787354,
    "turn_on_times": 0,
    "turn_on_ratio": 0.0
  },
  "4": {
    "validity_ratio": 0.7083333333333334,
    "below": 0,
    "above": 19.951154329542472,
    "turn_on_times": 3,
    "turn_on_ratio": 0.42857142857142855
  },
  "5": {
    "validity_ratio": 0.70625,
    "below": -3.3549223927346996,
    "above": 40.12719746338701,
    "turn_on_times": 2,
    "turn_on_ratio": 0.2857142857142857
  },
  "6": {
    "validity_ratio": 0.7076388888888889,
    "below": -12.35256465262733,
    "above": 7.149990934846403,
    "turn_on_times": 1,
    "turn_on_ratio": 0.3333333333333333
  },
  "7": {
    "validity_ratio": 0.7090277777777778,
    "below": -4.6989711635525975,
    "above": 25.974301571142988,
    "turn_on_times": 0,
    "turn_on_ratio": 0.0
  },
  "8": {
    "validity_ratio": 0.7055555555555556,
    "below": 0,
    "above": 0,
    "turn_on_times": 0,
    "turn_on_ratio": 0
  },
  "9": {
    "validity_ratio": 0.7090277777777778,
    "below": 0,
    "above": 0,
    "turn_on_times": 0,
    "turn_on_ratio": 0
  },
  "10": {
    "validity_ratio": 0.6631944444444444,
    "below": 0,
    "above": 0,
    "turn_on_times": 0,
    "turn_on_ratio": 0
  },
  "12": {
    "validity_ratio": 0.7055555555555556,
    "below": 0,
    "above": 43.3093822285732,
    "turn_on_times": 2,
    "turn_on_ratio": 0.2857142857142857
  },
  "13": {
    "validity_ratio": 0.7090277777777778,
    "below": 0,
    "above": 74.05153214994867,
    "turn_on_times": 0,
    "turn_on_ratio": 0.0
  }
}