{
  "1": {
    "validity_ratio": 0.9895833333333334,
    "below": -5.823192409062413,
    "above": 13.413259356847304,
    "turn_on_times": 0,
    "turn_on_ratio": 0.0
  },
  "2": {
    "validity_ratio": 0.9916666666666667,
    "below": -7.488607339369452,
    "above": 7.747260237633044,
    "turn_on_times": 1,
    "turn_on_ratio": 1.0
  },
  "3": {
    "validity_ratio": 0.9923611111111111,
    "below": -5.199928078224099,
    "above": 3.850970549106013,
    "turn_on_times": 0,
    "turn_on_ratio": 0.0
  },
  "4": {
    "validity_ratio": 0.9930555555555556,
    "below": -0.36085429026239624,
    "above": 6.813025876460766,
    "turn_on_times": 1,
    "turn_on_ratio": 0.5
  },
  "5": {
    "validity_ratio": 0.9916666666666667,
    "below": -3.472762827210936,
    "above": 2.9342666154415933,
    "turn_on_times": 1,
    "turn_on_ratio": 0.5
  },
  "6": {
    "validity_ratio": 0.9958333333333333,
    "below": -5.868903772361283,
    "above": 1.1480604513943595,
    "turn_on_times": 0,
    "turn_on_ratio": 0.0
  },
  "7": {
    "validity_ratio": 0.9909722222222223,
    "below": 0.005010612772242959,
    "above": 21.796620138017936,
    "turn_on_times": 0,
    "turn_on_ratio": 0.0
  },
  "8": {
    "validity_ratio": 0.99375,
    "below": -0.8830966240410841,
    "above": 0.21446800794971327,
    "turn_on_times": 4,
    "turn_on_ratio": 1.0
  },
  "9": {
    "validity_ratio": 0.99375,
    "below": 0.0111991160682301,
    "above": 21.498057333320055,
    "turn_on_times": 0,
    "turn_on_ratio": 0.0
  },
  "10": {
    "validity_ratio": 0.0,
    "below": 0,
    "above": 0,
    "turn_on_times": 0,
    "turn_on_ratio": 0
  }
}