{
  "1": {
    "validity_ratio": 0.4326388888888889,
    "below": -0.22390886658291442,
    "above": 17.947801494307765,
    "turn_on_times": 0,
    "turn_on_ratio": 0.0
  },
  "2": {
    "validity_ratio": 0.4284722222222222,
    "below": 0,
    "above": 12.321900532474917,
    "turn_on_times": 0,
    "turn_on_ratio": 0.0
  },
  "3": {
    "validity_ratio": 0.43194444444444446,
    "below": 0,
    "above": 0,
    "turn_on_times": 1,
    "turn_on_ratio": 1.0
  },
  "4": {
    "validity_ratio": 0.4326388888888889,
    "below": 0,
    "above": 1.0721314654872478,
    "turn_on_times": 0,
    "turn_on_ratio": 0.0
  },
  "5": {
    "validity_ratio": 0.43125,
    "below": 0,
    "above": 1.4132642045059185,
    "turn_on_times": 0,
    "turn_on_ratio": 0.0
  },
  "6": {
    "validity_ratio": 0.4326388888888889,
    "below": 0,
    "above": 12.215565385250935,
    "turn_on_times": 0,
    "turn_on_ratio": 0.0
  },
  "7": {
    "validity_ratio": 0.42916666666666664,
    "below": -4.995651800540495,
    "above": 0.23881921538674356,
    "turn_on_times": 4,
    "turn_on_ratio": 1.0
  },
  "8": {
    "validity_ratio": 0.4326388888888889,
    "below": 0,
    "above": 0,
    "turn_on_times": 0,
    "turn_on_ratio": 0
  },
  "9": {
    "validity_ratio": 0.43194444444444446,
    "below": 0,
    "above": 0,
    "turn_on_times": 0,
    "turn_on_ratio": 0
  },
  "10": {
    "validity_ratio": 0.4270833333333333,
    "below": 0,
    "above": 0,
    "turn_on_times": 0,
    "turn_on_ratio": 0
  },
  "12": {
    "validity_ratio": 0.43125,
    "below": 0,
    "above": 1.1409157341857121,
    "turn_on_times": 0,
    "turn_on_ratio": 0.0
  },
  "13": {
    "validity_ratio": 0.4305555555555556,
    "below": 0,
    "above": 16.707186016327675,
    "turn_on_times": 0,
    "turn_on_ratio": 0.0
  }
}