{
  "1": {
    "validity_ratio": 0.5527777777777778,
    "below": -0.9967841103366987,
    "above": 17.94695913604799,
    "turn_on_times": 0,
    "turn_on_ratio": 0.0
  },
  "2": {
    "validity_ratio": 0.5534722222222223,
    "below": 0,
    "above": 18.798636039357053,
    "turn_on_times": 0,
    "turn_on_ratio": 0.0
  },
  "3": {
    "validity_ratio": 0.55,
    "below": 0,
    "above": 0,
    "turn_on_times": 1,
    "turn_on_ratio": 1.0
  },
  "4": {
    "validity_ratio": 0.5506944444444445,
    "below": 0,
    "above": 1.072137633381601,
    "turn_on_times": 0,
    "turn_on_ratio": 0.0
  },
  "5": {
    "validity_ratio": 0.5493055555555556,
    "below": 0,
    "above": 1.4132723349121117,
    "turn_on_times": 0,
    "turn_on_ratio": 0.0
  },
  "6": {
    "validity_ratio": 0.5506944444444445,
    "below": 0,
    "above": 18.824881025325787,
    "turn_on_times": 0,
    "turn_on_ratio": 0.0
  },
  "7": {
    "validity_ratio": 0.5548611111111111,
    "below": -5.714509505634242,
    "above": 8.765558339704363,
    "turn_on_times": 4,
    "turn_on_ratio": 1.0
  },
  "8": {
    "validity_ratio": 0.5506944444444445,
    "below": 0,
    "above": 0,
    "turn_on_times": 1,
    "turn_on_ratio": 1.0
  },
  "9": {
    "validity_ratio": 0.55,
    "below": 0,
    "above": 0.23981256185625802,
    "turn_on_times": 0,
    "turn_on_ratio": 0.0
  },
  "10": {
    "validity_ratio": 0.5520833333333334,
    "below": 0,
    "above": 0,
    "turn_on_times": 0,
    "turn_on_ratio": 0
  },
  "12": {
    "validity_ratio": 0.5493055555555556,
    "below": 0,
    "above": 1.1409226588150516,
    "turn_on_times": 0,
    "turn_on_ratio": 0.0
  },
  "13": {
    "validity_ratio": 0.5486111111111112,
    "below": 0,
    "above": 18.339447238053403,
    "turn_on_times": 0,
    "turn_on_ratio": 0.0
  }
}