{
  "1": {
    "validity_ratio": 0.5666666666666667,
    "below": -0.9967868910646259,
    "above": 17.946972672109435,
    "turn_on_times": 0,
    "turn_on_ratio": 0.0
  },
  "2": {
    "validity_ratio": 0.5673611111111111,
    "below": 0,
    "above": 19.67244863000304,
    "turn_on_times": 0,
    "turn_on_ratio": 0.0
  },
  "3": {
    "validity_ratio": 0.5638888888888889,
    "below": 0,
    "above": 0,
    "turn_on_times": 1,
    "turn_on_ratio": 1.0
  },
  "4": {
    "validity_ratio": 0.5645833333333333,
    "below": 0,
    "above": 1.0721375356038245,
    "turn_on_times": 0,
    "turn_on_ratio": 0.0
  },
  "5": {
    "validity_ratio": 0.5631944444444444,
    "below": 0,
    "above": 1.4132722060232243,
    "turn_on_times": 0,
    "turn_on_ratio": 0.0
  },
  "6": {
    "validity_ratio": 0.5645833333333333,
    "below": 0,
    "above": 19.58409125877756,
    "turn_on_times": 0,
    "turn_on_ratio": 0.0
  },
  "7": {
    "validity_ratio": 0.56875,
    "below": -5.714481927871073,
    "above": 9.765540891518972,
    "turn_on_times": 4,
    "turn_on_ratio": 1.0
  },
  "8": {
    "validity_ratio": 0.5645833333333333,
    "below": 0,
    "above": 0,
    "turn_on_times": 1,
    "turn_on_ratio": 1.0
  },
  "9": {
    "validity_ratio": 0.5638888888888889,
    "below": 0,
    "above": 0.6740749784384672,
    "turn_on_times": 0,
    "turn_on_ratio": 0.0
  },
  "10": {
    "validity_ratio": 0.5659722222222222,
    "below": 0,
    "above": 0,
    "turn_on_times": 0,
    "turn_on_ratio": 0
  },
  "12": {
    "validity_ratio": 0.5631944444444444,
    "below": 0,
    "above": 1.1409225491491484,
    "turn_on_times": 0,
    "turn_on_ratio": 0.0
  },
  "13": {
    "validity_ratio": 0.5625,
    "below": 0,
    "above": 20.327969293757572,
    "turn_on_times": 0,
    "turn_on_ratio": 0.0
  }
}