{
  "1": {
    "validity_ratio": 0.6979166666666666,
    "below": -0.9967559779743818,
    "above": 17.961552417051863,
    "turn_on_times": 0,
    "turn_on_ratio": 0.0
  },
  "2": {
    "validity_ratio": 0.6993055555555555,
    "below": 0,
    "above": 28.856173991828904,
    "turn_on_times": 0,
    "turn_on_ratio": 0.0
  },
  "3": {
    "validity_ratio": 0.6951388888888889,
    "below": 0,
    "above": 6.083731239325764,
    "turn_on_times": 1,
    "turn_on_ratio": 0.5
  },
  "4": {
    "validity_ratio": 0.6965277777777777,
    "below": 0,
    "above": 8.059830693848765,
    "turn_on_times": 0,
    "turn_on_ratio": 0.0
  },
  "5": {
    "validity_ratio": 0.6958333333333333,
    "below": -8.443527566003564,
    "above": 1.413273638868853,
    "turn_on_times": 1,
    "turn_on_ratio": 0.5
  },
  "6": {
    "validity_ratio": 0.6965277777777777,
    "below": 0,
    "above": 25.721853912886875,
    "turn_on_times": 0,
    "turn_on_ratio": 0.0
  },
  "7": {
    "validity_ratio": 0.7006944444444444,
    "below": -5.7147888113473755,
    "above": 16.860549263686604,
    "turn_on_times": 4,
    "turn_on_ratio": 1.0
  },
  "8": {
    "validity_ratio": 0.6965277777777777,
    "below": 0,
    "above": 0,
    "turn_on_times": 2,
    "turn_on_ratio": 1.0
  },
  "9": {
    "validity_ratio": 0.6958333333333333,
    "below": 0,
    "above": 1.342519792355039,
    "turn_on_times": 0,
    "turn_on_ratio": 0.0
  },
  "10": {
    "validity_ratio": 0.6979166666666666,
    "below": 0,
    "above": 0,
    "turn_on_times": 0,
    "turn_on_ratio": 0
  },
  "12": {
    "validity_ratio": 0.6951388888888889,
    "below": -5.779673173886284,
    "above": 1.2158294055448666,
    "turn_on_times": 0,
    "turn_on_ratio": 0.0
  },
  "13": {
    "validity_ratio": 0.6944444444444444,
    "below": 0,
    "above": 37.783758902175954,
    "turn_on_times": 0,
    "turn_on_ratio": 0.0
  }
}