{
  "1": {
    "validity_ratio": 0.9465277777777777,
    "below": -1.847242183746237,
    "above": 17.96286355345596,
    "turn_on_times": 1,
    "turn_on_ratio": 0.2
  },
  "2": {
    "validity_ratio": 0.9493055555555555,
    "below": -3.8595372158019052,
    "above": 30.269429572140968,
    "turn_on_times": 0,
    "turn_on_ratio": 0.0
  },
  "3": {
    "validity_ratio": 0.9444444444444444,
    "below": 0,
    "above": 24.011801677717248,
    "turn_on_times": 1,
    "turn_on_ratio": 0.5
  },
  "4": {
    "validity_ratio": 0.9465277777777777,
    "below": 0,
    "above": 29.475939152944747,
    "turn_on_times": 0,
    "turn_on_ratio": 0.0
  },
  "5": {
    "validity_ratio": 0.9465277777777777,
    "below": -25.55455517150573,
    "above": 1.4132659226106563,
    "turn_on_times": 1,
    "turn_on_ratio": 0.5
  },
  "6": {
    "validity_ratio": 0.9458333333333333,
    "below": 0,
    "above": 29.337617111168182,
    "turn_on_times": 0,
    "turn_on_ratio": 0.0
  },
  "7": {
    "validity_ratio": 0.9451388888888889,
    "below": -5.713144052466992,
    "above": 19.57088369448309,
    "turn_on_times": 4,
    "turn_on_ratio": 0.8
  },
  "8": {
    "validity_ratio": 0.9465277777777777,
    "below": 0,
    "above": 0,
    "turn_on_times": 2,
    "turn_on_ratio": 1.0
  },
  "9": {
    "validity_ratio": 0.9458333333333333,
    "below": 0,
    "above": 1.3426596679657055,
    "turn_on_times": 0,
    "turn_on_ratio": 0.0
  },
  "10": {
    "validity_ratio": 0.9479166666666666,
    "below": 0,
    "above": 0,
    "turn_on_times": 0,
    "turn_on_ratio": 0
  },
  "12": {
    "validity_ratio": 0.9458333333333333,
    "below": -16.034543681745504,
    "above": 1.2154317998661328,
    "turn_on_times": 0,
    "turn_on_ratio": 0.0
  },
  "13": {
    "validity_ratio": 0.9444444444444444,
    "below": 0,
    "above": 46.55242641537399,
    "turn_on_times": 0,
    "turn_on_ratio": 0.0
  }
}