{
  "1": {
    "validity_ratio": 0.7458333333333333,
    "below": -0.9969728818754323,
    "above": 17.963252822844556,
    "turn_on_times": 0,
    "turn_on_ratio": 0.0
  },
  "2": {
    "validity_ratio": 0.7409722222222223,
    "below": 0,
    "above": 28.85549187901668,
    "turn_on_times": 0,
    "turn_on_ratio": 0.0
  },
  "3": {
    "validity_ratio": 0.74375,
    "below": 0,
    "above": 10.234082950201694,
    "turn_on_times": 1,
    "turn_on_ratio": 0.5
  },
  "4": {
    "validity_ratio": 0.7451388888888889,
    "below": 0,
    "above": 12.592319154020702,
    "turn_on_times": 0,
    "turn_on_ratio": 0.0
  },
  "5": {
    "validity_ratio": 0.7444444444444445,
    "below": -12.359685113444986,
    "above": 1.4132635852053737,
    "turn_on_times": 1,
    "turn_on_ratio": 0.5
  },
  "6": {
    "validity_ratio": 0.7451388888888889,
    "below": 0,
    "above": 25.720771841122726,
    "turn_on_times": 0,
    "turn_on_ratio": 0.0
  },
  "7": {
    "validity_ratio": 0.7430555555555556,
    "below": -5.7126496474975195,
    "above": 16.85934751319247,
    "turn_on_times": 4,
    "turn_on_ratio": 1.0
  },
  "8": {
    "validity_ratio": 0.7451388888888889,
    "below": 0,
    "above": 0,
    "turn_on_times": 2,
    "turn_on_ratio": 1.0
  },
  "9": {
    "validity_ratio": 0.7444444444444445,
    "below": 0,
    "above": 1.3427015748390196,
    "turn_on_times": 0,
    "turn_on_ratio": 0.0
  },
  "10": {
    "validity_ratio": 0.7395833333333334,
    "below": 0,
    "above": 0,
    "turn_on_times": 0,
    "turn_on_ratio": 0
  },
  "12": {
    "validity_ratio": 0.74375,
    "below": -7.9277440175589335,
    "above": 1.2153113548773644,
    "turn_on_times": 0,
    "turn_on_ratio": 0.0
  },
  "13": {
    "validity_ratio": 0.7430555555555556,
    "below": 0,
    "above": 37.78429180731756,
    "turn_on_times": 0,
    "turn_on_ratio": 0.0
  }
}