{
  "1": {
    "validity_ratio": 0.47638888888888886,
    "below": -0.9968035147462179,
    "above": 17.947053470495778,
    "turn_on_times": 0,
    "turn_on_ratio": 0.0
  },
  "2": {
    "validity_ratio": 0.47708333333333336,
    "below": 0,
    "above": 14.664093873355315,
    "turn_on_times": 0,
    "turn_on_ratio": 0.0
  },
  "3": {
    "validity_ratio": 0.48055555555555557,
    "below": 0,
    "above": 0,
    "turn_on_times": 1,
    "turn_on_ratio": 1.0
  },
  "4": {
    "validity_ratio": 0.48125,
    "below": 0,
    "above": 1.0721369510710377,
    "turn_on_times": 0,
    "turn_on_ratio": 0.0
  },
  "5": {
    "validity_ratio": 0.4798611111111111,
    "below": 0,
    "above": 1.4132714355027327,
    "turn_on_times": 0,
    "turn_on_ratio": 0.0
  },
  "6": {
    "validity_ratio": 0.48125,
    "below": 0,
    "above": 15.00392649359651,
    "turn_on_times": 0,
    "turn_on_ratio": 0.0
  },
  "7": {
    "validity_ratio": 0.4777777777777778,
    "below": -5.714317175932825,
    "above": 2.1695653270821222,
    "turn_on_times": 4,
    "turn_on_ratio": 1.0
  },
  "8": {
    "validity_ratio": 0.48125,
    "below": 0,
    "above": 0,
    "turn_on_times": 0,
    "turn_on_ratio": 0
  },
  "9": {
    "validity_ratio": 0.48055555555555557,
    "below": 0,
    "above": 0,
    "turn_on_times": 0,
    "turn_on_ratio": 0
  },
  "10": {
    "validity_ratio": 0.4756944444444444,
    "below": 0,
    "above": 0,
    "turn_on_times": 0,
    "turn_on_ratio": 0
  },
  "12": {
    "validity_ratio": 0.4798611111111111,
    "below": 0,
    "above": 1.1409218934743597,
    "turn_on_times": 0,
    "turn_on_ratio": 0.0
  },
  "13": {
    "validity_ratio": 0.4791666666666667,
    "below": 0,
    "above": 17.204393967107485,
    "turn_on_times": 0,
    "turn_on_ratio": 0.0
  }
}