{
  "1": {
    "validity_ratio": 0.5111111111111111,
    "below": -0.996794405013152,
    "above": 17.947009219206414,
    "turn_on_times": 0,
    "turn_on_ratio": 0.0
  },
  "2": {
    "validity_ratio": 0.5118055555555555,
    "below": 0,
    "above": 16.402603827357318,
    "turn_on_times": 0,
    "turn_on_ratio": 0.0
  },
  "3": {
    "validity_ratio": 0.5083333333333333,
    "below": 0,
    "above": 0,
    "turn_on_times": 1,
    "turn_on_ratio": 1.0
  },
  "4": {
    "validity_ratio": 0.5090277777777777,
    "below": 0,
    "above": 1.072137271393442,
    "turn_on_times": 0,
    "turn_on_ratio": 0.0
  },
  "5": {
    "validity_ratio": 0.5076388888888889,
    "below": 0,
    "above": 1.413271857745902,
    "turn_on_times": 0,
    "turn_on_ratio": 0.0
  },
  "6": {
    "validity_ratio": 0.5090277777777777,
    "below": 0,
    "above": 16.54565314572484,
    "turn_on_times": 0,
    "turn_on_ratio": 0.0
  },
  "7": {
    "validity_ratio": 0.5125,
    "below": -5.714407435620405,
    "above": 5.424965404994179,
    "turn_on_times": 4,
    "turn_on_ratio": 1.0
  },
  "8": {
    "validity_ratio": 0.5090277777777777,
    "below": 0,
    "above": 0,
    "turn_on_times": 0,
    "turn_on_ratio": 0
  },
  "9": {
    "validity_ratio": 0.5083333333333333,
    "below": 0,
    "above": 0,
    "turn_on_times": 0,
    "turn_on_ratio": 0
  },
  "10": {
    "validity_ratio": 0.5104166666666666,
    "below": 0,
    "above": 0,
    "turn_on_times": 0,
    "turn_on_ratio": 0
  },
  "12": {
    "validity_ratio": 0.5076388888888889,
    "below": 0,
    "above": 1.1409222527978145,
    "turn_on_times": 0,
    "turn_on_ratio": 0.0
  },
  "13": {
    "validity_ratio": 0.5069444444444444,
    "below": 0,
    "above": 17.281722381451136,
    "turn_on_times": 0,
    "turn_on_ratio": 0.0
  }
}