{
  "1": {
    "validity_ratio": 0.6284722222222222,
    "below": -0.9968507509373198,
    "above": 17.947281912871862,
    "turn_on_times": 0,
    "turn_on_ratio": 0.0
  },
  "2": {
    "validity_ratio": 0.6298611111111111,
    "below": 0,
    "above": 24.00402685377912,
    "turn_on_times": 0,
    "turn_on_ratio": 0.0
  },
  "3": {
    "validity_ratio": 0.6263888888888889,
    "below": 0,
    "above": 1.002353069772196,
    "turn_on_times": 1,
    "turn_on_ratio": 0.5
  },
  "4": {
    "validity_ratio": 0.6270833333333333,
    "below": 0,
    "above": 2.2750935047885656,
    "turn_on_times": 0,
    "turn_on_ratio": 0.0
  },
  "5": {
    "validity_ratio": 0.6263888888888889,
    "below": -1.5626658415136643,
    "above": 1.4132692460687617,
    "turn_on_times": 1,
    "turn_on_ratio": 0.5
  },
  "6": {
    "validity_ratio": 0.6270833333333333,
    "below": 0,
    "above": 22.80652380835953,
    "turn_on_times": 0,
    "turn_on_ratio": 0.0
  },
  "7": {
    "validity_ratio": 0.63125,
    "below": -5.713850088043011,
    "above": 13.815483112929524,
    "turn_on_times": 4,
    "turn_on_ratio": 1.0
  },
  "8": {
    "validity_ratio": 0.6270833333333333,
    "below": 0,
    "above": 0,
    "turn_on_times": 2,
    "turn_on_ratio": 1.0
  },
  "9": {
    "validity_ratio": 0.6263888888888889,
    "below": 0,
    "above": 0.9566343230933961,
    "turn_on_times": 0,
    "turn_on_ratio": 0.0
  },
  "10": {
    "validity_ratio": 0.6284722222222222,
    "below": 0,
    "above": 0,
    "turn_on_times": 0,
    "turn_on_ratio": 0
  },
  "12": {
    "validity_ratio": 0.6256944444444444,
    "below": -1.217064297305553,
    "above": 1.2156030535485984,
    "turn_on_times": 0,
    "turn_on_ratio": 0.0
  },
  "13": {
    "validity_ratio": 0.625,
    "below": 0,
    "above": 29.259840618793593,
    "turn_on_times": 0,
    "turn_on_ratio": 0.0
  }
}