{
  "1": {
    "validity_ratio": 0.3638888888888889,
    "below": 0,
    "above": 11.55411176627783,
    "turn_on_times": 0,
    "turn_on_ratio": 0.0
  },
  "2": {
    "validity_ratio": 0.3659722222222222,
    "below": 0,
    "above": 8.771079790747345,
    "turn_on_times": 0,
    "turn_on_ratio": 0.0
  },
  "3": {
    "validity_ratio": 0.36319444444444443,
    "below": 0,
    "above": 0,
    "turn_on_times": 1,
    "turn_on_ratio": 1.0
  },
  "4": {
    "validity_ratio": 0.36319444444444443,
    "below": 0,
    "above": 1.0721293946020019,
    "turn_on_times": 0,
    "turn_on_ratio": 0.0
  },
  "5": {
    "validity_ratio": 0.36180555555555555,
    "below": 0,
    "above": 1.41326147470264,
    "turn_on_times": 0,
    "turn_on_ratio": 0.0
  },
  "6": {
    "validity_ratio": 0.36319444444444443,
    "below": 0,
    "above": 8.096690677592907,
    "turn_on_times": 0,
    "turn_on_ratio": 0.0
  },
  "7": {
    "validity_ratio": 0.36666666666666664,
    "below": -2.4809752451433176,
    "above": 0.23868585805165607,
    "turn_on_times": 4,
    "turn_on_ratio": 1.0
  },
  "8": {
    "validity_ratio": 0.36319444444444443,
    "below": 0,
    "above": 0,
    "turn_on_times": 0,
    "turn_on_ratio": 0
  },
  "9": {
    "validity_ratio": 0.3625,
    "below": 0,
    "above": 0,
    "turn_on_times": 0,
    "turn_on_ratio": 0
  },
  "10": {
    "validity_ratio": 0.3645833333333333,
    "below": 0,
    "above": 0,
    "turn_on_times": 0,
    "turn_on_ratio": 0
  },
  "12": {
    "validity_ratio": 0.36180555555555555,
    "below": 0,
    "above": 1.140913406115524,
    "turn_on_times": 0,
    "turn_on_ratio": 0.0
  },
  "13": {
    "validity_ratio": 0.3611111111111111,
    "below": 0,
    "above": 14.536614309150297,
    "turn_on_times": 0,
    "turn_on_ratio": 0.0
  }
}