{
  "1": {
    "validity_ratio": 0.7173611111111111,
    "below": -1.5195707979467614,
    "above": 47.7874056151818,
    "turn_on_times": 0,
    "turn_on_ratio": 0.0
  },
  "2": {
    "validity_ratio": 0.7194444444444444,
    "below": -3.094926553693192,
    "above": 6.401343723832615,
    "turn_on_times": 2,
    "turn_on_ratio": 0.2857142857142857
  },
  "3": {
    "validity_ratio": 0.7180555555555556,
    "below": -3.7489512988393052,
    "above": 8.53648625005951,
    "turn_on_times": 0,
    "turn_on_ratio": 0.0
  },
  "4": {
    "validity_ratio": 0.7173611111111111,
    "below": -2.1624727000095767,
    "above": 0.01251741565573674,
    "turn_on_times": 1,
    "turn_on_ratio": 1.0
  },
  "5": {
    "validity_ratio": 0.7173611111111111,
    "below": -13.397569377088464,
    "above": 9.079481764479514,
    "turn_on_times": 0,
    "turn_on_ratio": 0.0
  },
  "6": {
    "validity_ratio": 0.7166666666666667,
    "below": 0,
    "above": 16.42212868612662,
    "turn_on_times": 1,
    "turn_on_ratio": 0.14285714285714285
  },
  "7": {
    "validity_ratio": 0.7208333333333333,
    "below": -7.018811908085634,
    "above": 0.5489061272252623,
    "turn_on_times": 4,
    "turn_on_ratio": 0.5714285714285714
  },
  "8": {
    "validity_ratio": 0.7152777777777778,
    "below": -0.08090078181871133,
    "above": 0.008599090733096067,
    "turn_on_times": 4,
    "turn_on_ratio": 0.8
  },
  "9": {
    "validity_ratio": 0.7166666666666667,
    "below": 0,
    "above": 4.875428242422579,
    "turn_on_times": 1,
    "turn_on_ratio": 0.2
  },
  "10": {
    "validity_ratio": 0.7173611111111111,
    "below": 0,
    "above": 0,
    "turn_on_times": 0,
    "turn_on_ratio": 0
  },
  "12": {
    "validity_ratio": 0.7208333333333333,
    "below": -1.7680598326072592,
    "above": 13.516521906417385,
    "turn_on_times": 0,
    "turn_on_ratio": 0.0
  },
  "13": {
    "validity_ratio": 0.0,
    "below": 0,
    "above": 0,
    "turn_on_times": 0,
    "turn_on_ratio": 0.0
  }
}