{
  "1": {
    "validity_ratio": 0.4013888888888889,
    "below": 0,
    "above": 21.738923473285638,
    "turn_on_times": 0,
    "turn_on_ratio": 0.0
  },
  "2": {
    "validity_ratio": 0.4,
    "below": -1.3158472408414157,
    "above": 1.0894421076814715,
    "turn_on_times": 2,
    "turn_on_ratio": 0.2857142857142857
  },
  "3": {
    "validity_ratio": 0.4013888888888889,
    "below": 0,
    "above": 7.048483309908797,
    "turn_on_times": 0,
    "turn_on_ratio": 0.0
  },
  "4": {
    "validity_ratio": 0.39791666666666664,
    "below": -0.5043116307791888,
    "above": 0,
    "turn_on_times": 1,
    "turn_on_ratio": 1.0
  },
  "5": {
    "validity_ratio": 0.4,
    "below": -5.263592569364231,
    "above": 3.592847147304065,
    "turn_on_times": 0,
    "turn_on_ratio": 0.0
  },
  "6": {
    "validity_ratio": 0.39791666666666664,
    "below": 0,
    "above": 11.5639254964309,
    "turn_on_times": 1,
    "turn_on_ratio": 0.14285714285714285
  },
  "7": {
    "validity_ratio": 0.39791666666666664,
    "below": -1.0976971026036326,
    "above": 0.0775272173932334,
    "turn_on_times": 4,
    "turn_on_ratio": 0.5714285714285714
  },
  "8": {
    "validity_ratio": 0.39652777777777776,
    "below": -0.0808700457960045,
    "above": 0.00861187970581258,
    "turn_on_times": 2,
    "turn_on_ratio": 1.0
  },
  "9": {
    "validity_ratio": 0.3972222222222222,
    "below": 0,
    "above": 4.48850222773591,
    "turn_on_times": 0,
    "turn_on_ratio": 0.0
  },
  "10": {
    "validity_ratio": 0.3909722222222222,
    "below": 0,
    "above": 0,
    "turn_on_times": 0,
    "turn_on_ratio": 0
  },
  "12": {
    "validity_ratio": 0.4013888888888889,
    "below": -0.038390142827500105,
    "above": 3.6356186948625258,
    "turn_on_times": 0,
    "turn_on_ratio": 0.0
  },
  "13": {
    "validity_ratio": 0.0,
    "below": 0,
    "above": 0,
    "turn_on_times": 0,
    "turn_on_ratio": 0.0
  }
}