{
  "1": {
    "validity_ratio": 0.4354166666666667,
    "below": 0,
    "above": 24.63018060523014,
    "turn_on_times": 0,
    "turn_on_ratio": 0.0
  },
  "2": {
    "validity_ratio": 0.43472222222222223,
    "below": -1.8423736646153872,
    "above": 1.0894454148384323,
    "turn_on_times": 2,
    "turn_on_ratio": 0.2857142857142857
  },
  "3": {
    "validity_ratio": 0.4361111111111111,
    "below": 0,
    "above": 7.573358013444747,
    "turn_on_times": 0,
    "turn_on_ratio": 0.0
  },
  "4": {
    "validity_ratio": 0.4326388888888889,
    "below": -0.783426895038098,
    "above": 0,
    "turn_on_times": 1,
    "turn_on_ratio": 1.0
  },
  "5": {
    "validity_ratio": 0.43472222222222223,
    "below": -7.562033648681947,
    "above": 3.592537420990138,
    "turn_on_times": 0,
    "turn_on_ratio": 0.0
  },
  "6": {
    "validity_ratio": 0.4326388888888889,
    "below": 0,
    "above": 12.858049833832318,
    "turn_on_times": 1,
    "turn_on_ratio": 0.14285714285714285
  },
  "7": {
    "validity_ratio": 0.4354166666666667,
    "below": -3.3968288722921987,
    "above": 0.07751363301164697,
    "turn_on_times": 4,
    "turn_on_ratio": 0.5714285714285714
  },
  "8": {
    "validity_ratio": 0.43125,
    "below": -0.0808840110882267,
    "above": 0.008606068877817325,
    "turn_on_times": 2,
    "turn_on_ratio": 1.0
  },
  "9": {
    "validity_ratio": 0.43194444444444446,
    "below": 0,
    "above": 4.488539156171369,
    "turn_on_times": 0,
    "turn_on_ratio": 0.0
  },
  "10": {
    "validity_ratio": 0.4326388888888889,
    "below": 0,
    "above": 0,
    "turn_on_times": 0,
    "turn_on_ratio": 0
  },
  "12": {
    "validity_ratio": 0.4361111111111111,
    "below": -0.7448977776521081,
    "above": 3.635696100978098,
    "turn_on_times": 0,
    "turn_on_ratio": 0.0
  },
  "13": {
    "validity_ratio": 0.0,
    "below": 0,
    "above": 0,
    "turn_on_times": 0,
    "turn_on_ratio": 0.0
  }
}