{
  "1": {
    "validity_ratio": 0.6694444444444444,
    "below": -1.5195873421052586,
    "above": 42.23463235009749,
    "turn_on_times": 0,
    "turn_on_ratio": 0.0
  },
  "2": {
    "validity_ratio": 0.6708333333333333,
    "below": -3.094914923471606,
    "above": 1.0894500252572645,
    "turn_on_times": 2,
    "turn_on_ratio": 0.2857142857142857
  },
  "3": {
    "validity_ratio": 0.66875,
    "below": -3.748961184558221,
    "above": 7.57318328970735,
    "turn_on_times": 0,
    "turn_on_ratio": 0.0
  },
  "4": {
    "validity_ratio": 0.66875,
    "below": -1.760811879714455,
    "above": 0,
    "turn_on_times": 1,
    "turn_on_ratio": 1.0
  },
  "5": {
    "validity_ratio": 0.66875,
    "below": -13.152587209919687,
    "above": 3.5921055130385047,
    "turn_on_times": 0,
    "turn_on_ratio": 0.0
  },
  "6": {
    "validity_ratio": 0.675,
    "below": 0,
    "above": 16.422166104499116,
    "turn_on_times": 1,
    "turn_on_ratio": 0.14285714285714285
  },
  "7": {
    "validity_ratio": 0.6722222222222223,
    "below": -7.018874359530097,
    "above": 0.07749468982806391,
    "turn_on_times": 4,
    "turn_on_ratio": 0.5714285714285714
  },
  "8": {
    "validity_ratio": 0.6701388888888888,
    "below": -0.0809034854450589,
    "above": 0.008597965779359503,
    "turn_on_times": 3,
    "turn_on_ratio": 1.0
  },
  "9": {
    "validity_ratio": 0.6680555555555555,
    "below": 0,
    "above": 4.875421962397209,
    "turn_on_times": 0,
    "turn_on_ratio": 0.0
  },
  "10": {
    "validity_ratio": 0.66875,
    "below": 0,
    "above": 0,
    "turn_on_times": 0,
    "turn_on_ratio": 0
  },
  "12": {
    "validity_ratio": 0.6722222222222223,
    "below": -1.7680736967948005,
    "above": 6.017604385543631,
    "turn_on_times": 0,
    "turn_on_ratio": 0.0
  },
  "13": {
    "validity_ratio": 0.0,
    "below": 0,
    "above": 0,
    "turn_on_times": 0,
    "turn_on_ratio": 0.0
  }
}