{
  "1": {
    "validity_ratio": 0.5048611111111111,
    "below": 0,
    "above": 30.62985999123126,
    "turn_on_times": 0,
    "turn_on_ratio": 0.0
  },
  "2": {
    "validity_ratio": 0.5041666666666667,
    "below": -3.0119121100195345,
    "above": 1.0894490600585394,
    "turn_on_times": 2,
    "turn_on_ratio": 0.2857142857142857
  },
  "3": {
    "validity_ratio": 0.5027777777777778,
    "below": -1.5560370762676947,
    "above": 7.573219873354417,
    "turn_on_times": 0,
    "turn_on_ratio": 0.0
  },
  "4": {
    "validity_ratio": 0.5020833333333333,
    "below": -0.8821096465715436,
    "above": 0,
    "turn_on_times": 1,
    "turn_on_ratio": 1.0
  },
  "5": {
    "validity_ratio": 0.5013888888888889,
    "below": -10.818860119692477,
    "above": 3.592195945902996,
    "turn_on_times": 0,
    "turn_on_ratio": 0.0
  },
  "6": {
    "validity_ratio": 0.5020833333333333,
    "below": 0,
    "above": 15.299748089021733,
    "turn_on_times": 1,
    "turn_on_ratio": 0.14285714285714285
  },
  "7": {
    "validity_ratio": 0.5055555555555555,
    "below": -5.603380334132105,
    "above": 0.07749865615085957,
    "turn_on_times": 4,
    "turn_on_ratio": 0.5714285714285714
  },
  "8": {
    "validity_ratio": 0.5006944444444444,
    "below": -0.08089940790523625,
    "above": 0.00859966240569392,
    "turn_on_times": 2,
    "turn_on_ratio": 1.0
  },
  "9": {
    "validity_ratio": 0.5013888888888889,
    "below": 0,
    "above": 4.488579799899344,
    "turn_on_times": 0,
    "turn_on_ratio": 0.0
  },
  "10": {
    "validity_ratio": 0.5020833333333333,
    "below": 0,
    "above": 0,
    "turn_on_times": 0,
    "turn_on_ratio": 0
  },
  "12": {
    "validity_ratio": 0.5055555555555555,
    "below": -1.76805278718321,
    "above": 4.091664289965602,
    "turn_on_times": 0,
    "turn_on_ratio": 0.0
  },
  "13": {
    "validity_ratio": 0.0,
    "below": 0,
    "above": 0,
    "turn_on_times": 0,
    "turn_on_ratio": 0.0
  }
}