{
  "1": {
    "validity_ratio": 0.6013888888888889,
    "below": 0,
    "above": 39.45041035460082,
    "turn_on_times": 0,
    "turn_on_ratio": 0.0
  },
  "2": {
    "validity_ratio": 0.6013888888888889,
    "below": -3.0950603708018165,
    "above": 1.0894420196114643,
    "turn_on_times": 2,
    "turn_on_ratio": 0.2857142857142857
  },
  "3": {
    "validity_ratio": 0.60625,
    "below": -3.748837553945264,
    "above": 7.573486646149488,
    "turn_on_times": 0,
    "turn_on_ratio": 0.0
  },
  "4": {
    "validity_ratio": 0.60625,
    "below": -1.7607387651029383,
    "above": 0,
    "turn_on_times": 1,
    "turn_on_ratio": 1.0
  },
  "5": {
    "validity_ratio": 0.60625,
    "below": -12.469753391611786,
    "above": 3.592855394316755,
    "turn_on_times": 0,
    "turn_on_ratio": 0.0
  },
  "6": {
    "validity_ratio": 0.6055555555555555,
    "below": 0,
    "above": 16.43031867975893,
    "turn_on_times": 1,
    "turn_on_ratio": 0.14285714285714285
  },
  "7": {
    "validity_ratio": 0.6027777777777777,
    "below": -7.018093342952149,
    "above": 0.07752757910149743,
    "turn_on_times": 4,
    "turn_on_ratio": 0.5714285714285714
  },
  "8": {
    "validity_ratio": 0.6006944444444444,
    "below": -0.0808696739453189,
    "above": 0.008612034429418713,
    "turn_on_times": 3,
    "turn_on_ratio": 1.0
  },
  "9": {
    "validity_ratio": 0.6055555555555555,
    "below": 0,
    "above": 4.875500346567234,
    "turn_on_times": 0,
    "turn_on_ratio": 0.0
  },
  "10": {
    "validity_ratio": 0.60625,
    "below": 0,
    "above": 0,
    "turn_on_times": 0,
    "turn_on_ratio": 0
  },
  "12": {
    "validity_ratio": 0.6027777777777777,
    "below": -1.7679003115288037,
    "above": 5.300045670000791,
    "turn_on_times": 0,
    "turn_on_ratio": 0.0
  },
  "13": {
    "validity_ratio": 0.0,
    "below": 0,
    "above": 0,
    "turn_on_times": 0,
    "turn_on_ratio": 0.0
  }
}