{
  "1": {
    "validity_ratio": 0.4083333333333333,
    "below": 0,
    "above": 22.30563842055016,
    "turn_on_times": 0,
    "turn_on_ratio": 0.0
  },
  "2": {
    "validity_ratio": 0.40694444444444444,
    "below": -1.4093786691164825,
    "above": 1.089441524239375,
    "turn_on_times": 2,
    "turn_on_ratio": 0.2857142857142857
  },
  "3": {
    "validity_ratio": 0.4083333333333333,
    "below": 0,
    "above": 7.298505411275556,
    "turn_on_times": 0,
    "turn_on_ratio": 0.0
  },
  "4": {
    "validity_ratio": 0.4048611111111111,
    "below": -0.5043035825431691,
    "above": 0,
    "turn_on_times": 1,
    "turn_on_ratio": 1.0
  },
  "5": {
    "validity_ratio": 0.40694444444444444,
    "below": -5.713686504875041,
    "above": 3.59290178072817,
    "turn_on_times": 0,
    "turn_on_ratio": 0.0
  },
  "6": {
    "validity_ratio": 0.4048611111111111,
    "below": 0,
    "above": 11.83053663817949,
    "turn_on_times": 1,
    "turn_on_ratio": 0.14285714285714285
  },
  "7": {
    "validity_ratio": 0.4083333333333333,
    "below": -1.9255034498552963,
    "above": 0.07752961357737079,
    "turn_on_times": 4,
    "turn_on_ratio": 0.5714285714285714
  },
  "8": {
    "validity_ratio": 0.40347222222222223,
    "below": -0.08086758242205652,
    "above": 0.008612904692763953,
    "turn_on_times": 2,
    "turn_on_ratio": 1.0
  },
  "9": {
    "validity_ratio": 0.4041666666666667,
    "below": 0,
    "above": 4.48849570755948,
    "turn_on_times": 0,
    "turn_on_ratio": 0.0
  },
  "10": {
    "validity_ratio": 0.4048611111111111,
    "below": 0,
    "above": 0,
    "turn_on_times": 0,
    "turn_on_ratio": 0
  },
  "12": {
    "validity_ratio": 0.4083333333333333,
    "below": -0.038387960165833526,
    "above": 3.6356050405558475,
    "turn_on_times": 0,
    "turn_on_ratio": 0.0
  },
  "13": {
    "validity_ratio": 0.0,
    "below": 0,
    "above": 0,
    "turn_on_times": 0,
    "turn_on_ratio": 0.0
  }
}