{
  "1": {
    "validity_ratio": 0.79375,
    "below": -1.5193788414944323,
    "above": 55.42112612091631,
    "turn_on_times": 0,
    "turn_on_ratio": 0.0
  },
  "2": {
    "validity_ratio": 0.7958333333333333,
    "below": -3.0950614953450137,
    "above": 13.76812338402259,
    "turn_on_times": 2,
    "turn_on_ratio": 0.2857142857142857
  },
  "3": {
    "validity_ratio": 0.7944444444444444,
    "below": -3.7488365980805907,
    "above": 18.5026375860351,
    "turn_on_times": 0,
    "turn_on_ratio": 0.0
  },
  "4": {
    "validity_ratio": 0.79375,
    "below": -3.2424048664753875,
    "above": 0.012348308606557484,
    "turn_on_times": 1,
    "turn_on_ratio": 1.0
  },
  "5": {
    "validity_ratio": 0.7944444444444444,
    "below": -15.085063310532767,
    "above": 9.094797178226884,
    "turn_on_times": 0,
    "turn_on_ratio": 0.0
  },
  "6": {
    "validity_ratio": 0.7930555555555555,
    "below": 0,
    "above": 16.430318647250203,
    "turn_on_times": 1,
    "turn_on_ratio": 0.14285714285714285
  },
  "7": {
    "validity_ratio": 0.7965277777777777,
    "below": -7.982073679070396,
    "above": 0.8748521269329147,
    "turn_on_times": 4,
    "turn_on_ratio": 0.5714285714285714
  },
  "8": {
    "validity_ratio": 0.7916666666666666,
    "below": -0.08086941252771844,
    "above": 0.008612143202846962,
    "turn_on_times": 5,
    "turn_on_ratio": 0.7142857142857143
  },
  "9": {
    "validity_ratio": 0.7930555555555555,
    "below": 0,
    "above": 5.117615729815903,
    "turn_on_times": 2,
    "turn_on_ratio": 0.2857142857142857
  },
  "10": {
    "validity_ratio": 0.79375,
    "below": 0,
    "above": 0,
    "turn_on_times": 0,
    "turn_on_ratio": 0
  },
  "12": {
    "validity_ratio": 0.7972222222222223,
    "below": -1.883899959020971,
    "above": 23.022931591585436,
    "turn_on_times": 0,
    "turn_on_ratio": 0.0
  },
  "13": {
    "validity_ratio": 0.0,
    "below": 0,
    "above": 0,
    "turn_on_times": 0,
    "turn_on_ratio": 0.0
  }
}