{
  "1": {
    "validity_ratio": 0.46319444444444446,
    "below": 0,
    "above": 27.02978767232012,
    "turn_on_times": 0,
    "turn_on_ratio": 0.0
  },
  "2": {
    "validity_ratio": 0.4625,
    "below": -2.2829642282860307,
    "above": 1.089449882119262,
    "turn_on_times": 2,
    "turn_on_ratio": 0.2857142857142857
  },
  "3": {
    "validity_ratio": 0.4638888888888889,
    "below": -0.22297504300325222,
    "above": 7.573188715191002,
    "turn_on_times": 0,
    "turn_on_ratio": 0.0
  },
  "4": {
    "validity_ratio": 0.46041666666666664,
    "below": -0.8821190826775749,
    "above": 0,
    "turn_on_times": 1,
    "turn_on_ratio": 1.0
  },
  "5": {
    "validity_ratio": 0.4597222222222222,
    "below": -9.179948930752598,
    "above": 3.5921189245506753,
    "turn_on_times": 0,
    "turn_on_ratio": 0.0
  },
  "6": {
    "validity_ratio": 0.46041666666666664,
    "below": 0,
    "above": 13.863775059497195,
    "turn_on_times": 1,
    "turn_on_ratio": 0.14285714285714285
  },
  "7": {
    "validity_ratio": 0.46319444444444446,
    "below": -4.333002153673765,
    "above": 0.07749527804769822,
    "turn_on_times": 4,
    "turn_on_ratio": 0.5714285714285714
  },
  "8": {
    "validity_ratio": 0.45902777777777776,
    "below": -0.08090288073154817,
    "above": 0.008598217395017826,
    "turn_on_times": 2,
    "turn_on_ratio": 1.0
  },
  "9": {
    "validity_ratio": 0.4597222222222222,
    "below": 0,
    "above": 4.488588957128377,
    "turn_on_times": 0,
    "turn_on_ratio": 0.0
  },
  "10": {
    "validity_ratio": 0.46041666666666664,
    "below": 0,
    "above": 0,
    "turn_on_times": 0,
    "turn_on_ratio": 0
  },
  "12": {
    "validity_ratio": 0.4638888888888889,
    "below": -1.5977490211557883,
    "above": 3.6358006839142494,
    "turn_on_times": 0,
    "turn_on_ratio": 0.0
  },
  "13": {
    "validity_ratio": 0.0,
    "below": 0,
    "above": 0,
    "turn_on_times": 0,
    "turn_on_ratio": 0.0
  }
}