{
  "1": {
    "validity_ratio": 0.8333333333333334,
    "below": 0,
    "above": 36.028142562737514,
    "turn_on_times": 1,
    "turn_on_ratio": 0.16666666666666666
  },
  "2": {
    "validity_ratio": 0.8305555555555556,
    "below": -0.7998417971239467,
    "above": 8.027184931605376,
    "turn_on_times": 2,
    "turn_on_ratio": 0.3333333333333333
  },
  "3": {
    "validity_ratio": 0.8326388888888889,
    "below": -3.0993740793672973,
    "above": 26.70533065146885,
    "turn_on_times": 1,
    "turn_on_ratio": 0.25
  },
  "4": {
    "validity_ratio": 0.8333333333333334,
    "below": -1.2701648767677713,
    "above": 1.6792957285769134,
    "turn_on_times": 1,
    "turn_on_ratio": 0.25
  },
  "5": {
    "validity_ratio": 0.8319444444444445,
    "below": -3.63972319846291,
    "above": 33.689613514461435,
    "turn_on_times": 2,
    "turn_on_ratio": 0.5
  },
  "6": {
    "validity_ratio": 0.8333333333333334,
    "below": -5.9205571386575135,
    "above": 13.122177153625493,
    "turn_on_times": 1,
    "turn_on_ratio": 0.16666666666666666
  },
  "7": {
    "validity_ratio": 0.8326388888888889,
    "below": -9.53947945839986,
    "above": 2.1757410193282496,
    "turn_on_times": 1,
    "turn_on_ratio": 0.16666666666666666
  },
  "8": {
    "validity_ratio": 0.83125,
    "below": -0.08018715547361144,
    "above": 0,
    "turn_on_times": 3,
    "turn_on_ratio": 1.0
  },
  "9": {
    "validity_ratio": 0.8347222222222223,
    "below": 0,
    "above": 16.20478675622241,
    "turn_on_times": 0,
    "turn_on_ratio": 0.0
  },
  "10": {
    "validity_ratio": 0.8298611111111112,
    "below": 0,
    "above": 0,
    "turn_on_times": 0,
    "turn_on_ratio": 0
  },
  "12": {
    "validity_ratio": 0.8319444444444445,
    "below": -4.106391627916016,
    "above": 35.79997817100303,
    "turn_on_times": 0,
    "turn_on_ratio": 0.0
  },
  "13": {
    "validity_ratio": 0.8340277777777778,
    "below": -0.7143405355966664,
    "above": 13.410431802500078,
    "turn_on_times": 1,
    "turn_on_ratio": 0.16666666666666666
  }
}