{
  "1": {
    "validity_ratio": 0.5111111111111111,
    "below": 0,
    "above": 19.442068589627446,
    "turn_on_times": 0,
    "turn_on_ratio": 0.0
  },
  "2": {
    "validity_ratio": 0.5111111111111111,
    "below": -0.7227012719504189,
    "above": 1.0279597005483274,
    "turn_on_times": 2,
    "turn_on_ratio": 0.5
  },
  "3": {
    "validity_ratio": 0.51875,
    "below": -1.1534083752508368,
    "above": 20.348596679534214,
    "turn_on_times": 0,
    "turn_on_ratio": 0.0
  },
  "4": {
    "validity_ratio": 0.5145833333333333,
    "below": -0.2984461669333345,
    "above": 0.008488202281000537,
    "turn_on_times": 1,
    "turn_on_ratio": 0.3333333333333333
  },
  "5": {
    "validity_ratio": 0.51875,
    "below": -3.6391350237043456,
    "above": 4.256267124348308,
    "turn_on_times": 2,
    "turn_on_ratio": 0.6666666666666666
  },
  "6": {
    "validity_ratio": 0.5138888888888888,
    "below": 0,
    "above": 12.7289787865676,
    "turn_on_times": 0,
    "turn_on_ratio": 0.0
  },
  "7": {
    "validity_ratio": 0.51875,
    "below": -5.60125411929938,
    "above": 0.5579628733983274,
    "turn_on_times": 1,
    "turn_on_ratio": 0.25
  },
  "8": {
    "validity_ratio": 0.51875,
    "below": -0.08018028996111148,
    "above": 0,
    "turn_on_times": 2,
    "turn_on_ratio": 1.0
  },
  "9": {
    "validity_ratio": 0.5145833333333333,
    "below": 0,
    "above": 14.717131615014102,
    "turn_on_times": 0,
    "turn_on_ratio": 0.0
  },
  "10": {
    "validity_ratio": 0.5173611111111112,
    "below": 0,
    "above": 0,
    "turn_on_times": 0,
    "turn_on_ratio": 0
  },
  "12": {
    "validity_ratio": 0.51875,
    "below": -4.106027685501189,
    "above": 10.615834048570848,
    "turn_on_times": 0,
    "turn_on_ratio": 0.0
  },
  "13": {
    "validity_ratio": 0.5145833333333333,
    "below": 0,
    "above": 2.0792675250414656,
    "turn_on_times": 1,
    "turn_on_ratio": 0.25
  }
}