{
  "1": {
    "validity_ratio": 0.9027777777777778,
    "below": 0,
    "above": 36.047258361659445,
    "turn_on_times": 1,
    "turn_on_ratio": 0.16666666666666666
  },
  "2": {
    "validity_ratio": 0.9,
    "below": -0.7997882215113518,
    "above": 8.704476750148551,
    "turn_on_times": 2,
    "turn_on_ratio": 0.3333333333333333
  },
  "3": {
    "validity_ratio": 0.9013888888888889,
    "below": -3.0996411641807473,
    "above": 27.69862316147638,
    "turn_on_times": 1,
    "turn_on_ratio": 0.25
  },
  "4": {
    "validity_ratio": 0.9027777777777778,
    "below": -1.2700802927298291,
    "above": 1.6970577828298752,
    "turn_on_times": 1,
    "turn_on_ratio": 0.25
  },
  "5": {
    "validity_ratio": 0.9013888888888889,
    "below": -3.6388925938063594,
    "above": 34.478568549272524,
    "turn_on_times": 2,
    "turn_on_ratio": 0.5
  },
  "6": {
    "validity_ratio": 0.9027777777777778,
    "below": -5.920811748059091,
    "above": 17.962128441125607,
    "turn_on_times": 1,
    "turn_on_ratio": 0.16666666666666666
  },
  "7": {
    "validity_ratio": 0.9027777777777778,
    "below": -9.796463064166398,
    "above": 5.223206077594468,
    "turn_on_times": 1,
    "turn_on_ratio": 0.16666666666666666
  },
  "8": {
    "validity_ratio": 0.9,
    "below": -0.08017746018055595,
    "above": 0,
    "turn_on_times": 3,
    "turn_on_ratio": 1.0
  },
  "9": {
    "validity_ratio": 0.9041666666666667,
    "below": 0,
    "above": 16.204819274863905,
    "turn_on_times": 0,
    "turn_on_ratio": 0.0
  },
  "10": {
    "validity_ratio": 0.8993055555555556,
    "below": 0,
    "above": 0,
    "turn_on_times": 0,
    "turn_on_ratio": 0
  },
  "12": {
    "validity_ratio": 0.9013888888888889,
    "below": -4.105877678175623,
    "above": 36.49695415056999,
    "turn_on_times": 0,
    "turn_on_ratio": 0.0
  },
  "13": {
    "validity_ratio": 0.9034722222222222,
    "below": -0.7143214975666666,
    "above": 19.44668749624871,
    "turn_on_times": 1,
    "turn_on_ratio": 0.16666666666666666
  }
}