{
  "1": {
    "validity_ratio": 0.44166666666666665,
    "below": 0,
    "above": 13.008661565824177,
    "turn_on_times": 0,
    "turn_on_ratio": 0.0
  },
  "2": {
    "validity_ratio": 0.44166666666666665,
    "below": 0,
    "above": 0.5275299213246442,
    "turn_on_times": 2,
    "turn_on_ratio": 0.5
  },
  "3": {
    "validity_ratio": 0.4423611111111111,
    "below": 0,
    "above": 17.35514821923135,
    "turn_on_times": 0,
    "turn_on_ratio": 0.0
  },
  "4": {
    "validity_ratio": 0.43819444444444444,
    "below": 0,
    "above": 0.008490852611301423,
    "turn_on_times": 1,
    "turn_on_ratio": 0.3333333333333333
  },
  "5": {
    "validity_ratio": 0.44166666666666665,
    "below": -1.946598958522579,
    "above": 0,
    "turn_on_times": 2,
    "turn_on_ratio": 0.6666666666666666
  },
  "6": {
    "validity_ratio": 0.4375,
    "below": 0,
    "above": 8.909732300364718,
    "turn_on_times": 0,
    "turn_on_ratio": 0.0
  },
  "7": {
    "validity_ratio": 0.4395833333333333,
    "below": -1.929109271592024,
    "above": 0.5579556060626703,
    "turn_on_times": 1,
    "turn_on_ratio": 0.25
  },
  "8": {
    "validity_ratio": 0.4423611111111111,
    "below": -0.08017960663194477,
    "above": 0,
    "turn_on_times": 2,
    "turn_on_ratio": 1.0
  },
  "9": {
    "validity_ratio": 0.43819444444444444,
    "below": 0,
    "above": 14.717133980727898,
    "turn_on_times": 0,
    "turn_on_ratio": 0.0
  },
  "10": {
    "validity_ratio": 0.4409722222222222,
    "below": 0,
    "above": 0,
    "turn_on_times": 0,
    "turn_on_ratio": 0
  },
  "12": {
    "validity_ratio": 0.4423611111111111,
    "below": -1.869021915080951,
    "above": 7.931917400160922,
    "turn_on_times": 0,
    "turn_on_ratio": 0.0
  },
  "13": {
    "validity_ratio": 0.43819444444444444,
    "below": 0,
    "above": 0.8482384926111098,
    "turn_on_times": 1,
    "turn_on_ratio": 0.25
  }
}