{
  "1": {
    "validity_ratio": 0.42777777777777776,
    "below": 0,
    "above": 11.741692418588162,
    "turn_on_times": 0,
    "turn_on_ratio": 0.0
  },
  "2": {
    "validity_ratio": 0.42777777777777776,
    "below": 0,
    "above": 0.319187690058537,
    "turn_on_times": 2,
    "turn_on_ratio": 0.5
  },
  "3": {
    "validity_ratio": 0.42916666666666664,
    "below": 0,
    "above": 15.58136916035046,
    "turn_on_times": 0,
    "turn_on_ratio": 0.0
  },
  "4": {
    "validity_ratio": 0.43125,
    "below": 0,
    "above": 0.008473239068130044,
    "turn_on_times": 1,
    "turn_on_ratio": 0.3333333333333333
  },
  "5": {
    "validity_ratio": 0.42777777777777776,
    "below": -1.3479010334577284,
    "above": 0,
    "turn_on_times": 2,
    "turn_on_ratio": 0.6666666666666666
  },
  "6": {
    "validity_ratio": 0.4305555555555556,
    "below": 0,
    "above": 8.492841998853644,
    "turn_on_times": 0,
    "turn_on_ratio": 0.0
  },
  "7": {
    "validity_ratio": 0.43194444444444446,
    "below": -1.6517264087858083,
    "above": 0.5580029175925426,
    "turn_on_times": 1,
    "turn_on_ratio": 0.25
  },
  "8": {
    "validity_ratio": 0.4284722222222222,
    "below": -0.08018405521527806,
    "above": 0,
    "turn_on_times": 2,
    "turn_on_ratio": 1.0
  },
  "9": {
    "validity_ratio": 0.43125,
    "below": 0,
    "above": 14.7171185772607,
    "turn_on_times": 0,
    "turn_on_ratio": 0.0
  },
  "10": {
    "validity_ratio": 0.4270833333333333,
    "below": 0,
    "above": 0,
    "turn_on_times": 0,
    "turn_on_ratio": 0
  },
  "12": {
    "validity_ratio": 0.42916666666666664,
    "below": -1.0424864278870702,
    "above": 7.93188949235247,
    "turn_on_times": 0,
    "turn_on_ratio": 0.0
  },
  "13": {
    "validity_ratio": 0.43125,
    "below": 0,
    "above": 0.6548360226931611,
    "turn_on_times": 1,
    "turn_on_ratio": 0.25
  }
}