{
  "1": {
    "validity_ratio": 0.39375,
    "below": 0,
    "above": 8.638793677469565,
    "turn_on_times": 0,
    "turn_on_ratio": 0.0
  },
  "2": {
    "validity_ratio": 0.39305555555555555,
    "below": 0,
    "above": 0,
    "turn_on_times": 2,
    "turn_on_ratio": 0.5
  },
  "3": {
    "validity_ratio": 0.39444444444444443,
    "below": 0,
    "above": 10.915342894663134,
    "turn_on_times": 0,
    "turn_on_ratio": 0.0
  },
  "4": {
    "validity_ratio": 0.38958333333333334,
    "below": 0,
    "above": 0.008498279007143766,
    "turn_on_times": 1,
    "turn_on_ratio": 0.3333333333333333
  },
  "5": {
    "validity_ratio": 0.38819444444444445,
    "below": -0.366940360308581,
    "above": 0,
    "turn_on_times": 2,
    "turn_on_ratio": 0.6666666666666666
  },
  "6": {
    "validity_ratio": 0.3888888888888889,
    "below": 0,
    "above": 5.897145585027085,
    "turn_on_times": 0,
    "turn_on_ratio": 0.0
  },
  "7": {
    "validity_ratio": 0.3909722222222222,
    "below": -0.4231215032668885,
    "above": 0.5579349422426172,
    "turn_on_times": 1,
    "turn_on_ratio": 0.25
  },
  "8": {
    "validity_ratio": 0.39375,
    "below": -0.08017766366527809,
    "above": 0,
    "turn_on_times": 2,
    "turn_on_ratio": 1.0
  },
  "9": {
    "validity_ratio": 0.38958333333333334,
    "below": 0,
    "above": 10.140970001337397,
    "turn_on_times": 0,
    "turn_on_ratio": 0.0
  },
  "10": {
    "validity_ratio": 0.3923611111111111,
    "below": 0,
    "above": 0,
    "turn_on_times": 0,
    "turn_on_ratio": 0
  },
  "12": {
    "validity_ratio": 0.39444444444444443,
    "below": 0,
    "above": 7.931929588227731,
    "turn_on_times": 0,
    "turn_on_ratio": 0.0
  },
  "13": {
    "validity_ratio": 0.38958333333333334,
    "below": 0,
    "above": 0.20972120240111086,
    "turn_on_times": 1,
    "turn_on_ratio": 0.25
  }
}