{
  "1": {
    "validity_ratio": 0.5111111111111111,
    "below": 0,
    "above": 19.442202638424426,
    "turn_on_times": 0,
    "turn_on_ratio": 0.0
  },
  "2": {
    "validity_ratio": 0.5111111111111111,
    "below": -0.7226925645322896,
    "above": 1.027964119463321,
    "turn_on_times": 2,
    "turn_on_ratio": 0.5
  },
  "3": {
    "validity_ratio": 0.5125,
    "below": -1.0034015489409156,
    "above": 20.348552437472627,
    "turn_on_times": 0,
    "turn_on_ratio": 0.0
  },
  "4": {
    "validity_ratio": 0.5076388888888889,
    "below": -0.29842983840000065,
    "above": 0.008495411286084392,
    "turn_on_times": 1,
    "turn_on_ratio": 0.3333333333333333
  },
  "5": {
    "validity_ratio": 0.5118055555555555,
    "below": -3.6389747353205326,
    "above": 3.606260332113143,
    "turn_on_times": 2,
    "turn_on_ratio": 0.6666666666666666
  },
  "6": {
    "validity_ratio": 0.5069444444444444,
    "below": 0,
    "above": 12.686891793381292,
    "turn_on_times": 0,
    "turn_on_ratio": 0.0
  },
  "7": {
    "validity_ratio": 0.5125,
    "below": -5.375604203685979,
    "above": 0.5579429751937997,
    "turn_on_times": 1,
    "turn_on_ratio": 0.25
  },
  "8": {
    "validity_ratio": 0.5118055555555555,
    "below": -0.08017841898333362,
    "above": 0,
    "turn_on_times": 2,
    "turn_on_ratio": 1.0
  },
  "9": {
    "validity_ratio": 0.5076388888888889,
    "below": 0,
    "above": 14.717138092112908,
    "turn_on_times": 0,
    "turn_on_ratio": 0.0
  },
  "10": {
    "validity_ratio": 0.5104166666666666,
    "below": 0,
    "above": 0,
    "turn_on_times": 0,
    "turn_on_ratio": 0
  },
  "12": {
    "validity_ratio": 0.5125,
    "below": -4.105928504533931,
    "above": 10.21363096501246,
    "turn_on_times": 0,
    "turn_on_ratio": 0.0
  },
  "13": {
    "validity_ratio": 0.5076388888888889,
    "below": 0,
    "above": 2.0271769911660282,
    "turn_on_times": 1,
    "turn_on_ratio": 0.25
  }
}