{
  "1": {
    "validity_ratio": 0.7458333333333333,
    "below": 0,
    "above": 36.02837220395306,
    "turn_on_times": 1,
    "turn_on_ratio": 0.16666666666666666
  },
  "2": {
    "validity_ratio": 0.7472222222222222,
    "below": -0.7997945490125503,
    "above": 4.268975140950338,
    "turn_on_times": 2,
    "turn_on_ratio": 0.3333333333333333
  },
  "3": {
    "validity_ratio": 0.7465277777777778,
    "below": -3.099609273590315,
    "above": 20.34855684166465,
    "turn_on_times": 1,
    "turn_on_ratio": 0.25
  },
  "4": {
    "validity_ratio": 0.7430555555555556,
    "below": -1.2700902824541747,
    "above": 1.679226911352249,
    "turn_on_times": 1,
    "turn_on_ratio": 0.25
  },
  "5": {
    "validity_ratio": 0.7479166666666667,
    "below": -3.638990691647985,
    "above": 23.799989349019793,
    "turn_on_times": 2,
    "turn_on_ratio": 0.5
  },
  "6": {
    "validity_ratio": 0.7430555555555556,
    "below": -5.436932662825089,
    "above": 13.009178789968447,
    "turn_on_times": 1,
    "turn_on_ratio": 0.16666666666666666
  },
  "7": {
    "validity_ratio": 0.7465277777777778,
    "below": -7.827087859887448,
    "above": 2.1759996086882407,
    "turn_on_times": 1,
    "turn_on_ratio": 0.16666666666666666
  },
  "8": {
    "validity_ratio": 0.7479166666666667,
    "below": -0.08017860523472246,
    "above": 0,
    "turn_on_times": 3,
    "turn_on_ratio": 1.0
  },
  "9": {
    "validity_ratio": 0.74375,
    "below": 0,
    "above": 16.204815436220212,
    "turn_on_times": 0,
    "turn_on_ratio": 0.0
  },
  "10": {
    "validity_ratio": 0.7465277777777778,
    "below": 0,
    "above": 0,
    "turn_on_times": 0,
    "turn_on_ratio": 0
  },
  "12": {
    "validity_ratio": 0.7486111111111111,
    "below": -4.10593837776337,
    "above": 26.95169102349379,
    "turn_on_times": 0,
    "turn_on_ratio": 0.0
  },
  "13": {
    "validity_ratio": 0.74375,
    "below": -0.714323746036666,
    "above": 5.881552413042879,
    "turn_on_times": 1,
    "turn_on_ratio": 0.16666666666666666
  }
}