{
  "1": {
    "validity_ratio": 0.5458333333333333,
    "below": 0,
    "above": 22.988078242912877,
    "turn_on_times": 0,
    "turn_on_ratio": 0.0
  },
  "2": {
    "validity_ratio": 0.5458333333333333,
    "below": -0.7998416633117625,
    "above": 1.198711764809396,
    "turn_on_times": 2,
    "turn_on_ratio": 0.5
  },
  "3": {
    "validity_ratio": 0.5472222222222223,
    "below": -1.7031940982333877,
    "above": 20.348758452216206,
    "turn_on_times": 0,
    "turn_on_ratio": 0.0
  },
  "4": {
    "validity_ratio": 0.5493055555555556,
    "below": -0.7237814975634957,
    "above": 0.0084605631796213,
    "turn_on_times": 1,
    "turn_on_ratio": 0.3333333333333333
  },
  "5": {
    "validity_ratio": 0.5465277777777777,
    "below": -3.639721123917836,
    "above": 6.794521488720779,
    "turn_on_times": 2,
    "turn_on_ratio": 0.6666666666666666
  },
  "6": {
    "validity_ratio": 0.5486111111111112,
    "below": -0.15151203624346798,
    "above": 13.00910168801057,
    "turn_on_times": 0,
    "turn_on_ratio": 0.0
  },
  "7": {
    "validity_ratio": 0.5472222222222223,
    "below": -6.289437709390953,
    "above": 0.5580356318955043,
    "turn_on_times": 1,
    "turn_on_ratio": 0.25
  },
  "8": {
    "validity_ratio": 0.5465277777777777,
    "below": -0.08018713125833365,
    "above": 0,
    "turn_on_times": 2,
    "turn_on_ratio": 1.0
  },
  "9": {
    "validity_ratio": 0.5493055555555556,
    "below": 0,
    "above": 14.71710792312881,
    "turn_on_times": 0,
    "turn_on_ratio": 0.0
  },
  "10": {
    "validity_ratio": 0.5451388888888888,
    "below": 0,
    "above": 0,
    "turn_on_times": 0,
    "turn_on_ratio": 0
  },
  "12": {
    "validity_ratio": 0.5472222222222223,
    "below": -4.106390344258509,
    "above": 12.390475674628998,
    "turn_on_times": 0,
    "turn_on_ratio": 0.0
  },
  "13": {
    "validity_ratio": 0.5493055555555556,
    "below": 0,
    "above": 2.6851426278020774,
    "turn_on_times": 1,
    "turn_on_ratio": 0.25
  }
}