{
  "1": {
    "validity_ratio": 0.6076388888888888,
    "below": 0,
    "above": 30.52227208363384,
    "turn_on_times": 0,
    "turn_on_ratio": 0.0
  },
  "2": {
    "validity_ratio": 0.6083333333333333,
    "below": -0.7997880194845015,
    "above": 1.1984815782289602,
    "turn_on_times": 2,
    "turn_on_ratio": 0.5
  },
  "3": {
    "validity_ratio": 0.6090277777777777,
    "below": -2.890188357570015,
    "above": 20.348528900640947,
    "turn_on_times": 0,
    "turn_on_ratio": 0.0
  },
  "4": {
    "validity_ratio": 0.6048611111111111,
    "below": -1.2700799737741346,
    "above": 0.00849918525788893,
    "turn_on_times": 1,
    "turn_on_ratio": 0.3333333333333333
  },
  "5": {
    "validity_ratio": 0.6090277777777777,
    "below": -3.6388894617013854,
    "above": 12.40254550669866,
    "turn_on_times": 2,
    "turn_on_ratio": 0.6666666666666666
  },
  "6": {
    "validity_ratio": 0.6041666666666666,
    "below": -1.4286904736091304,
    "above": 13.009189474563279,
    "turn_on_times": 0,
    "turn_on_ratio": 0.0
  },
  "7": {
    "validity_ratio": 0.6097222222222223,
    "below": -7.4897741682928975,
    "above": 0.5579323893242938,
    "turn_on_times": 1,
    "turn_on_ratio": 0.25
  },
  "8": {
    "validity_ratio": 0.6090277777777777,
    "below": -0.0801774236208337,
    "above": 0,
    "turn_on_times": 3,
    "turn_on_ratio": 1.0
  },
  "9": {
    "validity_ratio": 0.6048611111111111,
    "below": 0,
    "above": 16.07788747597206,
    "turn_on_times": 0,
    "turn_on_ratio": 0.0
  },
  "10": {
    "validity_ratio": 0.6076388888888888,
    "below": 0,
    "above": 0,
    "turn_on_times": 0,
    "turn_on_ratio": 0
  },
  "12": {
    "validity_ratio": 0.6097222222222223,
    "below": -4.105875740136234,
    "above": 16.833179866158176,
    "turn_on_times": 0,
    "turn_on_ratio": 0.0
  },
  "13": {
    "validity_ratio": 0.5979166666666667,
    "below": 0,
    "above": 3.7970483136852264,
    "turn_on_times": 1,
    "turn_on_ratio": 0.25
  }
}