{
  "1": {
    "validity_ratio": 0.8152777777777778,
    "below": 0,
    "above": 36.02807658185576,
    "turn_on_times": 1,
    "turn_on_ratio": 0.16666666666666666
  },
  "2": {
    "validity_ratio": 0.8166666666666667,
    "below": -0.7998553728554814,
    "above": 7.68343765338335,
    "turn_on_times": 2,
    "turn_on_ratio": 0.3333333333333333
  },
  "3": {
    "validity_ratio": 0.81875,
    "below": -3.0993074591241188,
    "above": 24.372898530694652,
    "turn_on_times": 1,
    "turn_on_ratio": 0.25
  },
  "4": {
    "validity_ratio": 0.8194444444444444,
    "below": -1.2701863098440473,
    "above": 1.6793140355632683,
    "turn_on_times": 1,
    "turn_on_ratio": 0.25
  },
  "5": {
    "validity_ratio": 0.8180555555555555,
    "below": -3.6399336685869508,
    "above": 32.0562001761543,
    "turn_on_times": 2,
    "turn_on_ratio": 0.5
  },
  "6": {
    "validity_ratio": 0.8194444444444444,
    "below": -5.920492619438463,
    "above": 13.009079250382502,
    "turn_on_times": 1,
    "turn_on_ratio": 0.16666666666666666
  },
  "7": {
    "validity_ratio": 0.81875,
    "below": -9.072709912519878,
    "above": 2.1756667294205627,
    "turn_on_times": 1,
    "turn_on_ratio": 0.16666666666666666
  },
  "8": {
    "validity_ratio": 0.8173611111111111,
    "below": -0.0801896122013892,
    "above": 0,
    "turn_on_times": 3,
    "turn_on_ratio": 1.0
  },
  "9": {
    "validity_ratio": 0.8201388888888889,
    "below": 0,
    "above": 16.20477851027573,
    "turn_on_times": 0,
    "turn_on_ratio": 0.0
  },
  "10": {
    "validity_ratio": 0.8159722222222222,
    "below": 0,
    "above": 0,
    "turn_on_times": 0,
    "turn_on_ratio": 0
  },
  "12": {
    "validity_ratio": 0.8180555555555555,
    "below": -4.106521859627042,
    "above": 34.35497668402118,
    "turn_on_times": 0,
    "turn_on_ratio": 0.0
  },
  "13": {
    "validity_ratio": 0.8201388888888889,
    "below": -0.714345359716666,
    "above": 11.30845534859925,
    "turn_on_times": 1,
    "turn_on_ratio": 0.16666666666666666
  }
}