{
  "1": {
    "validity_ratio": 0.8944444444444445,
    "below": -1.7145221917088973,
    "above": 25.97456839151345,
    "turn_on_times": 0,
    "turn_on_ratio": 0.0
  },
  "2": {
    "validity_ratio": 0.8930555555555556,
    "below": -0.7138662173652603,
    "above": 19.18718588154783,
    "turn_on_times": 3,
    "turn_on_ratio": 0.75
  },
  "3": {
    "validity_ratio": 0.8909722222222223,
    "below": -2.6305230492784983,
    "above": 2.0218442703778443,
    "turn_on_times": 1,
    "turn_on_ratio": 0.3333333333333333
  },
  "4": {
    "validity_ratio": 0.8951388888888889,
    "below": -0.9052255451811826,
    "above": 5.4807060973757356,
    "turn_on_times": 1,
    "turn_on_ratio": 0.3333333333333333
  },
  "5": {
    "validity_ratio": 0.8909722222222223,
    "below": -3.5560222833771102,
    "above": 19.45803208230203,
    "turn_on_times": 1,
    "turn_on_ratio": 0.3333333333333333
  },
  "6": {
    "validity_ratio": 0.8909722222222223,
    "below": -5.325933149960587,
    "above": 10.325077330600248,
    "turn_on_times": 0,
    "turn_on_ratio": 0.0
  },
  "7": {
    "validity_ratio": 0.8916666666666667,
    "below": -2.5419825960825766,
    "above": 9.612639810336598,
    "turn_on_times": 1,
    "turn_on_ratio": 0.25
  },
  "8": {
    "validity_ratio": 0.8895833333333333,
    "below": -0.1251886841925519,
    "above": 0.9353022532788304,
    "turn_on_times": 3,
    "turn_on_ratio": 0.6
  },
  "9": {
    "validity_ratio": 0.8951388888888889,
    "below": 0,
    "above": 4.27388347508353,
    "turn_on_times": 2,
    "turn_on_ratio": 0.4
  },
  "10": {
    "validity_ratio": 0.8895833333333333,
    "below": -6.207204262735223,
    "above": 0,
    "turn_on_times": 1,
    "turn_on_ratio": 1.0
  },
  "12": {
    "validity_ratio": 0.8923611111111112,
    "below": -0.04723038667371142,
    "above": 46.7038393228099,
    "turn_on_times": 0,
    "turn_on_ratio": 0.0
  },
  "13": {
    "validity_ratio": 0.8930555555555556,
    "below": -0.06350956081638882,
    "above": 33.23137444679411,
    "turn_on_times": 0,
    "turn_on_ratio": 0.0
  }
}