{
  "1": {
    "validity_ratio": 0.6791666666666667,
    "below": -0.32822712629210327,
    "above": 25.97495896763582,
    "turn_on_times": 0,
    "turn_on_ratio": 0.0
  },
  "2": {
    "validity_ratio": 0.6777777777777778,
    "below": -0.7140165268560494,
    "above": 4.063852393690539,
    "turn_on_times": 3,
    "turn_on_ratio": 0.75
  },
  "3": {
    "validity_ratio": 0.6763888888888889,
    "below": -2.630479770146817,
    "above": 1.986408381240176,
    "turn_on_times": 1,
    "turn_on_ratio": 0.3333333333333333
  },
  "4": {
    "validity_ratio": 0.6791666666666667,
    "below": -0.9050919910979194,
    "above": 1.5014815217966184,
    "turn_on_times": 1,
    "turn_on_ratio": 0.3333333333333333
  },
  "5": {
    "validity_ratio": 0.675,
    "below": -3.556285314789081,
    "above": 19.169833258148444,
    "turn_on_times": 1,
    "turn_on_ratio": 0.3333333333333333
  },
  "6": {
    "validity_ratio": 0.66875,
    "below": -5.325417401966695,
    "above": 10.21274961345129,
    "turn_on_times": 0,
    "turn_on_ratio": 0.0
  },
  "7": {
    "validity_ratio": 0.6756944444444445,
    "below": -2.5416610810969122,
    "above": 5.21975537096991,
    "turn_on_times": 1,
    "turn_on_ratio": 0.25
  },
  "8": {
    "validity_ratio": 0.675,
    "below": -0.12521970367003027,
    "above": 0,
    "turn_on_times": 3,
    "turn_on_ratio": 0.75
  },
  "9": {
    "validity_ratio": 0.6791666666666667,
    "below": 0,
    "above": 4.273800732601297,
    "turn_on_times": 1,
    "turn_on_ratio": 0.25
  },
  "10": {
    "validity_ratio": 0.6736111111111112,
    "below": 0,
    "above": 0,
    "turn_on_times": 0,
    "turn_on_ratio": 0
  },
  "12": {
    "validity_ratio": 0.6770833333333334,
    "below": -0.04725180425208263,
    "above": 30.639533721849162,
    "turn_on_times": 0,
    "turn_on_ratio": 0.0
  },
  "13": {
    "validity_ratio": 0.6777777777777778,
    "below": -0.06352879154083328,
    "above": 13.033972679560435,
    "turn_on_times": 0,
    "turn_on_ratio": 0.0
  }
}