{
  "1": {
    "validity_ratio": 0.9083333333333333,
    "below": -1.7145242785677626,
    "above": 25.974720813067957,
    "turn_on_times": 0,
    "turn_on_ratio": 0.0
  },
  "2": {
    "validity_ratio": 0.9,
    "below": -0.7139248753449177,
    "above": 19.838641662522186,
    "turn_on_times": 3,
    "turn_on_ratio": 0.75
  },
  "3": {
    "validity_ratio": 0.9048611111111111,
    "below": -2.63050615968349,
    "above": 2.0227781121889783,
    "turn_on_times": 1,
    "turn_on_ratio": 0.3333333333333333
  },
  "4": {
    "validity_ratio": 0.9090277777777778,
    "below": -0.9051734259659702,
    "above": 5.481487449245733,
    "turn_on_times": 1,
    "turn_on_ratio": 0.3333333333333333
  },
  "5": {
    "validity_ratio": 0.9048611111111111,
    "below": -3.5561249308621883,
    "above": 19.459232332841207,
    "turn_on_times": 1,
    "turn_on_ratio": 0.3333333333333333
  },
  "6": {
    "validity_ratio": 0.9048611111111111,
    "below": -5.325731880332333,
    "above": 10.513496401332793,
    "turn_on_times": 0,
    "turn_on_ratio": 0.0
  },
  "7": {
    "validity_ratio": 0.9055555555555556,
    "below": -2.5418571254992512,
    "above": 10.860978806762486,
    "turn_on_times": 1,
    "turn_on_ratio": 0.25
  },
  "8": {
    "validity_ratio": 0.9034722222222222,
    "below": -0.12520078948190763,
    "above": 0.9351547890361444,
    "turn_on_times": 3,
    "turn_on_ratio": 0.6
  },
  "9": {
    "validity_ratio": 0.9090277777777778,
    "below": 0,
    "above": 4.273851201433789,
    "turn_on_times": 2,
    "turn_on_ratio": 0.4
  },
  "10": {
    "validity_ratio": 0.8965277777777778,
    "below": -6.564032376267585,
    "above": 0,
    "turn_on_times": 1,
    "turn_on_ratio": 1.0
  },
  "12": {
    "validity_ratio": 0.90625,
    "below": -0.04723874484104898,
    "above": 46.70389882638009,
    "turn_on_times": 0,
    "turn_on_ratio": 0.0
  },
  "13": {
    "validity_ratio": 0.9069444444444444,
    "below": -0.06351706556833332,
    "above": 35.4308784609301,
    "turn_on_times": 0,
    "turn_on_ratio": 0.0
  }
}