{
  "1": {
    "validity_ratio": 0.36319444444444443,
    "below": 0,
    "above": 7.272200164958388,
    "turn_on_times": 0,
    "turn_on_ratio": 0.0
  },
  "2": {
    "validity_ratio": 0.36527777777777776,
    "below": -0.7140156012764413,
    "above": 2.553742537179865,
    "turn_on_times": 3,
    "turn_on_ratio": 0.75
  },
  "3": {
    "validity_ratio": 0.36736111111111114,
    "below": 0,
    "above": 1.8031002913294119,
    "turn_on_times": 1,
    "turn_on_ratio": 0.3333333333333333
  },
  "4": {
    "validity_ratio": 0.36319444444444443,
    "below": 0,
    "above": 1.2006131402222227,
    "turn_on_times": 1,
    "turn_on_ratio": 0.3333333333333333
  },
  "5": {
    "validity_ratio": 0.3625,
    "below": 0,
    "above": 14.091891335943556,
    "turn_on_times": 1,
    "turn_on_ratio": 0.3333333333333333
  },
  "6": {
    "validity_ratio": 0.3659722222222222,
    "below": 0,
    "above": 6.715428079621264,
    "turn_on_times": 0,
    "turn_on_ratio": 0.0
  },
  "7": {
    "validity_ratio": 0.3625,
    "below": 0,
    "above": 3.565467314297202,
    "turn_on_times": 1,
    "turn_on_ratio": 0.25
  },
  "8": {
    "validity_ratio": 0.3659722222222222,
    "below": -0.12521951265750217,
    "above": 0,
    "turn_on_times": 1,
    "turn_on_ratio": 1.0
  },
  "9": {
    "validity_ratio": 0.36180555555555555,
    "below": 0,
    "above": 2.6053163748461254,
    "turn_on_times": 0,
    "turn_on_ratio": 0.0
  },
  "10": {
    "validity_ratio": 0.3611111111111111,
    "below": 0,
    "above": 0,
    "turn_on_times": 0,
    "turn_on_ratio": 0
  },
  "12": {
    "validity_ratio": 0.36666666666666664,
    "below": 0,
    "above": 13.230629717568181,
    "turn_on_times": 0,
    "turn_on_ratio": 0.0
  },
  "13": {
    "validity_ratio": 0.36527777777777776,
    "below": 0,
    "above": 8.510346125166759,
    "turn_on_times": 0,
    "turn_on_ratio": 0.0
  }
}