{
  "1": {
    "validity_ratio": 0.825,
    "below": -1.7145243564839063,
    "above": 25.974726503965385,
    "turn_on_times": 0,
    "turn_on_ratio": 0.0
  },
  "2": {
    "validity_ratio": 0.8166666666666667,
    "below": -0.71392706543245,
    "above": 11.652155509894667,
    "turn_on_times": 3,
    "turn_on_ratio": 0.75
  },
  "3": {
    "validity_ratio": 0.8222222222222222,
    "below": -2.630505529084006,
    "above": 2.0228127063190806,
    "turn_on_times": 1,
    "turn_on_ratio": 0.3333333333333333
  },
  "4": {
    "validity_ratio": 0.8256944444444444,
    "below": -0.9051714800134448,
    "above": 5.481516516225375,
    "turn_on_times": 1,
    "turn_on_ratio": 0.3333333333333333
  },
  "5": {
    "validity_ratio": 0.8215277777777777,
    "below": -3.5561287633667926,
    "above": 19.45927688125411,
    "turn_on_times": 1,
    "turn_on_ratio": 0.3333333333333333
  },
  "6": {
    "validity_ratio": 0.8215277777777777,
    "below": -5.32572436561557,
    "above": 10.233949094360282,
    "turn_on_times": 0,
    "turn_on_ratio": 0.0
  },
  "7": {
    "validity_ratio": 0.8215277777777777,
    "below": -2.5418524408585275,
    "above": 5.303685960262825,
    "turn_on_times": 1,
    "turn_on_ratio": 0.25
  },
  "8": {
    "validity_ratio": 0.8201388888888889,
    "below": -0.1252012414518433,
    "above": 0.9351492832277096,
    "turn_on_times": 3,
    "turn_on_ratio": 0.6
  },
  "9": {
    "validity_ratio": 0.8256944444444444,
    "below": 0,
    "above": 4.273849996039036,
    "turn_on_times": 2,
    "turn_on_ratio": 0.4
  },
  "10": {
    "validity_ratio": 0.8201388888888889,
    "below": -1.9449394497950883,
    "above": 0,
    "turn_on_times": 1,
    "turn_on_ratio": 1.0
  },
  "12": {
    "validity_ratio": 0.8229166666666666,
    "below": -0.047239056906315705,
    "above": 46.70390102273917,
    "turn_on_times": 0,
    "turn_on_ratio": 0.0
  },
  "13": {
    "validity_ratio": 0.8236111111111111,
    "below": -0.06351734576999982,
    "above": 22.12135365890279,
    "turn_on_times": 0,
    "turn_on_ratio": 0.0
  }
}