{
  "1": {
    "validity_ratio": 0.7694444444444445,
    "below": -1.613283085024975,
    "above": 25.97480838329623,
    "turn_on_times": 0,
    "turn_on_ratio": 0.0
  },
  "2": {
    "validity_ratio": 0.7680555555555556,
    "below": -0.7139585759110022,
    "above": 6.3899649312974836,
    "turn_on_times": 3,
    "turn_on_ratio": 0.75
  },
  "3": {
    "validity_ratio": 0.7666666666666667,
    "below": -2.630496456162907,
    "above": 1.9859833667824827,
    "turn_on_times": 1,
    "turn_on_ratio": 0.3333333333333333
  },
  "4": {
    "validity_ratio": 0.7694444444444445,
    "below": -0.9051434820935937,
    "above": 1.500961301402175,
    "turn_on_times": 1,
    "turn_on_ratio": 0.3333333333333333
  },
  "5": {
    "validity_ratio": 0.7659722222222223,
    "below": -3.5561839045666077,
    "above": 19.169675751031107,
    "turn_on_times": 1,
    "turn_on_ratio": 0.3333333333333333
  },
  "6": {
    "validity_ratio": 0.7659722222222223,
    "below": -5.325616245589246,
    "above": 10.212422017697582,
    "turn_on_times": 0,
    "turn_on_ratio": 0.0
  },
  "7": {
    "validity_ratio": 0.7659722222222223,
    "below": -2.5417850393191683,
    "above": 5.220069697612079,
    "turn_on_times": 1,
    "turn_on_ratio": 0.25
  },
  "8": {
    "validity_ratio": 0.7645833333333333,
    "below": -0.12520774429191445,
    "above": 0.9350700669150516,
    "turn_on_times": 3,
    "turn_on_ratio": 0.6
  },
  "9": {
    "validity_ratio": 0.7694444444444445,
    "below": 0,
    "above": 4.273832649847812,
    "turn_on_times": 2,
    "turn_on_ratio": 0.4
  },
  "10": {
    "validity_ratio": 0.7645833333333333,
    "below": 0,
    "above": 0,
    "turn_on_times": 1,
    "turn_on_ratio": 1.0
  },
  "12": {
    "validity_ratio": 0.7673611111111112,
    "below": -0.047243546830008344,
    "above": 37.41793932273677,
    "turn_on_times": 0,
    "turn_on_ratio": 0.0
  },
  "13": {
    "validity_ratio": 0.7680555555555556,
    "below": -0.06352137724749993,
    "above": 13.055606836486803,
    "turn_on_times": 0,
    "turn_on_ratio": 0.0
  }
}