{
  "1": {
    "validity_ratio": 0.9493055555555555,
    "below": -3.6597171248618197,
    "above": 59.135980637456285,
    "turn_on_times": 1,
    "turn_on_ratio": 0.3333333333333333
  },
  "2": {
    "validity_ratio": 0.9493055555555555,
    "below": 0,
    "above": 60.775461834247416,
    "turn_on_times": 0,
    "turn_on_ratio": 0.0
  },
  "3": {
    "validity_ratio": 0.9451388888888889,
    "below": -1.7098781922620159,
    "above": 1.5143604917196096,
    "turn_on_times": 1,
    "turn_on_ratio": 0.25
  },
  "4": {
    "validity_ratio": 0.9444444444444444,
    "below": -0.20474566791666718,
    "above": 4.858641298866682,
    "turn_on_times": 1,
    "turn_on_ratio": 0.25
  },
  "5": {
    "validity_ratio": 0.9472222222222222,
    "below": 0,
    "above": 5.610066741177378,
    "turn_on_times": 2,
    "turn_on_ratio": 0.5
  },
  "6": {
    "validity_ratio": 0.95,
    "below": -79.12153034086474,
    "above": 13.658092809660355,
    "turn_on_times": 1,
    "turn_on_ratio": 0.3333333333333333
  },
  "7": {
    "validity_ratio": 0.9472222222222222,
    "below": -1.3645515654298042,
    "above": 25.981240065828143,
    "turn_on_times": 1,
    "turn_on_ratio": 0.3333333333333333
  },
  "8": {
    "validity_ratio": 0.9458333333333333,
    "below": 0,
    "above": 0,
    "turn_on_times": 1,
    "turn_on_ratio": 1.0
  },
  "9": {
    "validity_ratio": 0.9486111111111111,
    "below": 0,
    "above": 1.2338534094743794,
    "turn_on_times": 0,
    "turn_on_ratio": 0.0
  },
  "10": {
    "validity_ratio": 0.9465277777777777,
    "below": -4.919161771152632,
    "above": 0,
    "turn_on_times": 1,
    "turn_on_ratio": 1.0
  },
  "12": {
    "validity_ratio": 0.9479166666666666,
    "below": 0,
    "above": 56.15083284539795,
    "turn_on_times": 0,
    "turn_on_ratio": 0.0
  },
  "13": {
    "validity_ratio": 0.9472222222222222,
    "below": 0,
    "above": 76.01707614010226,
    "turn_on_times": 0,
    "turn_on_ratio": 0.0
  }
}