{
  "1": {
    "validity_ratio": 0.86875,
    "below": 0,
    "above": 2.346339252806281,
    "turn_on_times": 5,
    "turn_on_ratio": 0.35714285714285715
  },
  "2": {
    "validity_ratio": 0.8645833333333334,
    "below": -5.111350974036898,
    "above": 9.824518761657822,
    "turn_on_times": 0,
    "turn_on_ratio": 0.0
  },
  "3": {
    "validity_ratio": 0.8680555555555556,
    "below": -1.6014147889595505,
    "above": 35.302521873504986,
    "turn_on_times": 0,
    "turn_on_ratio": 0.0
  },
  "4": {
    "validity_ratio": 0.8708333333333333,
    "below": 0,
    "above": 10.025281164223633,
    "turn_on_times": 3,
    "turn_on_ratio": 1.0
  },
  "5": {
    "validity_ratio": 0.8666666666666667,
    "below": 0,
    "above": 49.86739234390753,
    "turn_on_times": 0,
    "turn_on_ratio": 0.0
  },
  "6": {
    "validity_ratio": 0.8701388888888889,
    "below": -2.7744100697169496,
    "above": 9.188241555974942,
    "turn_on_times": 6,
    "turn_on_ratio": 0.42857142857142855
  },
  "7": {
    "validity_ratio": 0.8645833333333334,
    "below": 0,
    "above": 2.5278935342609303,
    "turn_on_times": 3,
    "turn_on_ratio": 0.21428571428571427
  },
  "8": {
    "validity_ratio": 0.8680555555555556,
    "below": 0,
    "above": 0,
    "turn_on_times": 0,
    "turn_on_ratio": 0
  },
  "9": {
    "validity_ratio": 0.8701388888888889,
    "below": 0,
    "above": 0,
    "turn_on_times": 0,
    "turn_on_ratio": 0
  },
  "10": {
    "validity_ratio": 0.8701388888888889,
    "below": -5.311494208408526,
    "above": 0.018950377212096373,
    "turn_on_times": 2,
    "turn_on_ratio": 1.0
  },
  "12": {
    "validity_ratio": 0.86875,
    "below": 0,
    "above": 50.85975111936766,
    "turn_on_times": 0,
    "turn_on_ratio": 0.0
  },
  "13": {
    "validity_ratio": 0.0,
    "below": 0,
    "above": 0,
    "turn_on_times": 0,
    "turn_on_ratio": 0.0
  }
}