{
  "1": {
    "validity_ratio": 0.5506944444444445,
    "below": 0,
    "above": 1.7653416775696467,
    "turn_on_times": 4,
    "turn_on_ratio": 0.5714285714285714
  },
  "2": {
    "validity_ratio": 0.5451388888888888,
    "below": -5.1114076322614945,
    "above": 2.883723257882155,
    "turn_on_times": 0,
    "turn_on_ratio": 0.0
  },
  "3": {
    "validity_ratio": 0.5493055555555556,
    "below": 0,
    "above": 22.600784541223486,
    "turn_on_times": 0,
    "turn_on_ratio": 0.0
  },
  "4": {
    "validity_ratio": 0.5513888888888889,
    "below": 0,
    "above": 0,
    "turn_on_times": 2,
    "turn_on_ratio": 1.0
  },
  "5": {
    "validity_ratio": 0.5465277777777777,
    "below": 0,
    "above": 25.59814634662043,
    "turn_on_times": 0,
    "turn_on_ratio": 0.0
  },
  "6": {
    "validity_ratio": 0.5506944444444445,
    "below": -2.7747687974538193,
    "above": 2.6431761269659337,
    "turn_on_times": 3,
    "turn_on_ratio": 0.42857142857142855
  },
  "7": {
    "validity_ratio": 0.5513888888888889,
    "below": 0,
    "above": 2.527915423069778,
    "turn_on_times": 0,
    "turn_on_ratio": 0.0
  },
  "8": {
    "validity_ratio": 0.5472222222222223,
    "below": 0,
    "above": 0,
    "turn_on_times": 0,
    "turn_on_ratio": 0
  },
  "9": {
    "validity_ratio": 0.5506944444444445,
    "below": 0,
    "above": 0,
    "turn_on_times": 0,
    "turn_on_ratio": 0
  },
  "10": {
    "validity_ratio": 0.55,
    "below": -3.4999063082385686,
    "above": 0.019054100598870853,
    "turn_on_times": 2,
    "turn_on_ratio": 1.0
  },
  "12": {
    "validity_ratio": 0.5493055555555556,
    "below": 0,
    "above": 25.60976818749619,
    "turn_on_times": 0,
    "turn_on_ratio": 0.0
  },
  "13": {
    "validity_ratio": 0.0,
    "below": 0,
    "above": 0,
    "turn_on_times": 0,
    "turn_on_ratio": 0.0
  }
}