{
  "1": {
    "validity_ratio": 0.29444444444444445,
    "below": 0,
    "above": 0.009016726326150274,
    "turn_on_times": 4,
    "turn_on_ratio": 0.8
  },
  "2": {
    "validity_ratio": 0.2951388888888889,
    "below": 0,
    "above": 2.0646899481840495,
    "turn_on_times": 0,
    "turn_on_ratio": 0.0
  },
  "3": {
    "validity_ratio": 0.29305555555555557,
    "below": 0,
    "above": 0.15706928516129212,
    "turn_on_times": 0,
    "turn_on_ratio": 0.0
  },
  "4": {
    "validity_ratio": 0.2972222222222222,
    "below": 0,
    "above": 0,
    "turn_on_times": 1,
    "turn_on_ratio": 1.0
  },
  "5": {
    "validity_ratio": 0.29583333333333334,
    "below": 0,
    "above": 0.49772851860215306,
    "turn_on_times": 0,
    "turn_on_ratio": 0.0
  },
  "6": {
    "validity_ratio": 0.29305555555555557,
    "below": -0.2171825979954825,
    "above": 2.6436999533487353,
    "turn_on_times": 1,
    "turn_on_ratio": 0.2
  },
  "7": {
    "validity_ratio": 0.29305555555555557,
    "below": 0,
    "above": 2.3594835358464907,
    "turn_on_times": 0,
    "turn_on_ratio": 0.0
  },
  "8": {
    "validity_ratio": 0.2965277777777778,
    "below": 0,
    "above": 0,
    "turn_on_times": 0,
    "turn_on_ratio": 0
  },
  "9": {
    "validity_ratio": 0.29375,
    "below": 0,
    "above": 0,
    "turn_on_times": 0,
    "turn_on_ratio": 0
  },
  "10": {
    "validity_ratio": 0.29305555555555557,
    "below": -0.570141880998626,
    "above": 0.019243911499160587,
    "turn_on_times": 1,
    "turn_on_ratio": 1.0
  },
  "12": {
    "validity_ratio": 0.2923611111111111,
    "below": 0,
    "above": 0.12515282993633953,
    "turn_on_times": 0,
    "turn_on_ratio": 0.0
  },
  "13": {
    "validity_ratio": 0.0,
    "below": 0,
    "above": 0,
    "turn_on_times": 0,
    "turn_on_ratio": 0.0
  }
}