{
  "1": {
    "validity_ratio": 0.3638888888888889,
    "below": 0,
    "above": 1.1921718710149252,
    "turn_on_times": 4,
    "turn_on_ratio": 0.5714285714285714
  },
  "2": {
    "validity_ratio": 0.3645833333333333,
    "below": 0,
    "above": 2.7982743149404277,
    "turn_on_times": 0,
    "turn_on_ratio": 0.0
  },
  "3": {
    "validity_ratio": 0.3625,
    "below": 0,
    "above": 4.336195248974535,
    "turn_on_times": 0,
    "turn_on_ratio": 0.0
  },
  "4": {
    "validity_ratio": 0.3638888888888889,
    "below": 0,
    "above": 0,
    "turn_on_times": 2,
    "turn_on_ratio": 1.0
  },
  "5": {
    "validity_ratio": 0.3659722222222222,
    "below": 0,
    "above": 6.098094399716424,
    "turn_on_times": 0,
    "turn_on_ratio": 0.0
  },
  "6": {
    "validity_ratio": 0.3625,
    "below": -0.7734323931095177,
    "above": 2.643368076006552,
    "turn_on_times": 3,
    "turn_on_ratio": 0.42857142857142855
  },
  "7": {
    "validity_ratio": 0.36319444444444443,
    "below": 0,
    "above": 2.5279301753235486,
    "turn_on_times": 0,
    "turn_on_ratio": 0.0
  },
  "8": {
    "validity_ratio": 0.3659722222222222,
    "below": 0,
    "above": 0,
    "turn_on_times": 0,
    "turn_on_ratio": 0
  },
  "9": {
    "validity_ratio": 0.36319444444444443,
    "below": 0,
    "above": 0,
    "turn_on_times": 0,
    "turn_on_ratio": 0
  },
  "10": {
    "validity_ratio": 0.3625,
    "below": -0.5701506671181662,
    "above": 0.01912379871011598,
    "turn_on_times": 1,
    "turn_on_ratio": 1.0
  },
  "12": {
    "validity_ratio": 0.36180555555555555,
    "below": 0,
    "above": 5.2126114478865215,
    "turn_on_times": 0,
    "turn_on_ratio": 0.0
  },
  "13": {
    "validity_ratio": 0.0,
    "below": 0,
    "above": 0,
    "turn_on_times": 0,
    "turn_on_ratio": 0.0
  }
}