{
  "1": {
    "validity_ratio": 0.4326388888888889,
    "below": 0,
    "above": 1.5655880065560595,
    "turn_on_times": 4,
    "turn_on_ratio": 0.5714285714285714
  },
  "2": {
    "validity_ratio": 0.4340277777777778,
    "below": -3.436154770126143,
    "above": 2.8595946164807495,
    "turn_on_times": 0,
    "turn_on_ratio": 0.0
  },
  "3": {
    "validity_ratio": 0.43194444444444446,
    "below": 0,
    "above": 10.770232118983069,
    "turn_on_times": 0,
    "turn_on_ratio": 0.0
  },
  "4": {
    "validity_ratio": 0.43333333333333335,
    "below": 0,
    "above": 0,
    "turn_on_times": 2,
    "turn_on_ratio": 1.0
  },
  "5": {
    "validity_ratio": 0.4354166666666667,
    "below": 0,
    "above": 13.59789487773739,
    "turn_on_times": 0,
    "turn_on_ratio": 0.0
  },
  "6": {
    "validity_ratio": 0.43194444444444446,
    "below": -2.263874550275695,
    "above": 2.6441053167938353,
    "turn_on_times": 3,
    "turn_on_ratio": 0.42857142857142855
  },
  "7": {
    "validity_ratio": 0.4326388888888889,
    "below": 0,
    "above": 2.527986836121846,
    "turn_on_times": 0,
    "turn_on_ratio": 0.0
  },
  "8": {
    "validity_ratio": 0.4354166666666667,
    "below": 0,
    "above": 0,
    "turn_on_times": 0,
    "turn_on_ratio": 0
  },
  "9": {
    "validity_ratio": 0.4326388888888889,
    "below": 0,
    "above": 0,
    "turn_on_times": 0,
    "turn_on_ratio": 0
  },
  "10": {
    "validity_ratio": 0.43194444444444446,
    "below": -0.5701311493905045,
    "above": 0.019389942462450512,
    "turn_on_times": 1,
    "turn_on_ratio": 1.0
  },
  "12": {
    "validity_ratio": 0.43125,
    "below": 0,
    "above": 12.684768625144088,
    "turn_on_times": 0,
    "turn_on_ratio": 0.0
  },
  "13": {
    "validity_ratio": 0.0,
    "below": 0,
    "above": 0,
    "turn_on_times": 0,
    "turn_on_ratio": 0.0
  }
}