{
  "1": {
    "validity_ratio": 0.7854166666666667,
    "below": 0,
    "above": 2.3467425739123016,
    "turn_on_times": 4,
    "turn_on_ratio": 0.4444444444444444
  },
  "2": {
    "validity_ratio": 0.78125,
    "below": -5.111887058973905,
    "above": 5.391655385121052,
    "turn_on_times": 0,
    "turn_on_ratio": 0.0
  },
  "3": {
    "validity_ratio": 0.7847222222222222,
    "below": -0.6125636089344246,
    "above": 35.286042446551726,
    "turn_on_times": 0,
    "turn_on_ratio": 0.0
  },
  "4": {
    "validity_ratio": 0.7868055555555555,
    "below": 0,
    "above": 4.629831437546722,
    "turn_on_times": 3,
    "turn_on_ratio": 1.0
  },
  "5": {
    "validity_ratio": 0.7833333333333333,
    "below": 0,
    "above": 44.63696470254512,
    "turn_on_times": 0,
    "turn_on_ratio": 0.0
  },
  "6": {
    "validity_ratio": 0.7868055555555555,
    "below": -2.7861381823357103,
    "above": 9.011062485725644,
    "turn_on_times": 4,
    "turn_on_ratio": 0.4444444444444444
  },
  "7": {
    "validity_ratio": 0.78125,
    "below": 0,
    "above": 2.5281006403041792,
    "turn_on_times": 1,
    "turn_on_ratio": 0.1111111111111111
  },
  "8": {
    "validity_ratio": 0.7847222222222222,
    "below": 0,
    "above": 0,
    "turn_on_times": 0,
    "turn_on_ratio": 0
  },
  "9": {
    "validity_ratio": 0.7868055555555555,
    "below": 0,
    "above": 0,
    "turn_on_times": 0,
    "turn_on_ratio": 0
  },
  "10": {
    "validity_ratio": 0.7868055555555555,
    "below": -5.311322312891016,
    "above": 0.019917044492507932,
    "turn_on_times": 2,
    "turn_on_ratio": 1.0
  },
  "12": {
    "validity_ratio": 0.7854166666666667,
    "below": 0,
    "above": 45.70891709624318,
    "turn_on_times": 0,
    "turn_on_ratio": 0.0
  },
  "13": {
    "validity_ratio": 0.0,
    "below": 0,
    "above": 0,
    "turn_on_times": 0,
    "turn_on_ratio": 0.0
  }
}