{
  "1": {
    "validity_ratio": 0.48819444444444443,
    "below": 0,
    "above": 1.565358311724097,
    "turn_on_times": 4,
    "turn_on_ratio": 0.5714285714285714
  },
  "2": {
    "validity_ratio": 0.4826388888888889,
    "below": -4.172380234721112,
    "above": 2.8592448804658823,
    "turn_on_times": 0,
    "turn_on_ratio": 0.0
  },
  "3": {
    "validity_ratio": 0.48680555555555555,
    "below": 0,
    "above": 16.25191172251077,
    "turn_on_times": 0,
    "turn_on_ratio": 0.0
  },
  "4": {
    "validity_ratio": 0.48819444444444443,
    "below": 0,
    "above": 0,
    "turn_on_times": 2,
    "turn_on_ratio": 1.0
  },
  "5": {
    "validity_ratio": 0.4840277777777778,
    "below": 0,
    "above": 18.848439300155782,
    "turn_on_times": 0,
    "turn_on_ratio": 0.0
  },
  "6": {
    "validity_ratio": 0.48819444444444443,
    "below": -2.773405315019866,
    "above": 2.642093607955125,
    "turn_on_times": 3,
    "turn_on_ratio": 0.42857142857142855
  },
  "7": {
    "validity_ratio": 0.48819444444444443,
    "below": 0,
    "above": 2.527832226251422,
    "turn_on_times": 0,
    "turn_on_ratio": 0.0
  },
  "8": {
    "validity_ratio": 0.4847222222222222,
    "below": 0,
    "above": 0,
    "turn_on_times": 0,
    "turn_on_ratio": 0
  },
  "9": {
    "validity_ratio": 0.48819444444444443,
    "below": 0,
    "above": 0,
    "turn_on_times": 0,
    "turn_on_ratio": 0
  },
  "10": {
    "validity_ratio": 0.4875,
    "below": -0.5701844072590059,
    "above": 0.01865790068501574,
    "turn_on_times": 1,
    "turn_on_ratio": 1.0
  },
  "12": {
    "validity_ratio": 0.48680555555555555,
    "below": 0,
    "above": 18.724857525764794,
    "turn_on_times": 0,
    "turn_on_ratio": 0.0
  },
  "13": {
    "validity_ratio": 0.0,
    "below": 0,
    "above": 0,
    "turn_on_times": 0,
    "turn_on_ratio": 0.0
  }
}