{
  "1": {
    "validity_ratio": 0.2875,
    "below": 0,
    "above": 0.008688221112112482,
    "turn_on_times": 4,
    "turn_on_ratio": 0.8
  },
  "2": {
    "validity_ratio": 0.2881944444444444,
    "below": 0,
    "above": 2.064660387165468,
    "turn_on_times": 0,
    "turn_on_ratio": 0.0
  },
  "3": {
    "validity_ratio": 0.2861111111111111,
    "below": 0,
    "above": 0,
    "turn_on_times": 0,
    "turn_on_ratio": 0
  },
  "4": {
    "validity_ratio": 0.2902777777777778,
    "below": 0,
    "above": 0,
    "turn_on_times": 0,
    "turn_on_ratio": 0
  },
  "5": {
    "validity_ratio": 0.28888888888888886,
    "below": 0,
    "above": 0,
    "turn_on_times": 0,
    "turn_on_ratio": 0
  },
  "6": {
    "validity_ratio": 0.2861111111111111,
    "below": -0.2152048699115483,
    "above": 2.642092877919675,
    "turn_on_times": 1,
    "turn_on_ratio": 0.2
  },
  "7": {
    "validity_ratio": 0.2861111111111111,
    "below": 0,
    "above": 2.3593798926254244,
    "turn_on_times": 0,
    "turn_on_ratio": 0.0
  },
  "8": {
    "validity_ratio": 0.28958333333333336,
    "below": 0,
    "above": 0,
    "turn_on_times": 0,
    "turn_on_ratio": 0
  },
  "9": {
    "validity_ratio": 0.28680555555555554,
    "below": 0,
    "above": 0,
    "turn_on_times": 0,
    "turn_on_ratio": 0
  },
  "10": {
    "validity_ratio": 0.2861111111111111,
    "below": -0.5701844265858366,
    "above": 0.018657631699719002,
    "turn_on_times": 1,
    "turn_on_ratio": 1.0
  },
  "12": {
    "validity_ratio": 0.28541666666666665,
    "below": 0,
    "above": 0,
    "turn_on_times": 0,
    "turn_on_ratio": 0
  },
  "13": {
    "validity_ratio": 0.0,
    "below": 0,
    "above": 0,
    "turn_on_times": 0,
    "turn_on_ratio": 0.0
  }
}