{
  "1": {
    "validity_ratio": 0.8131944444444444,
    "below": 0,
    "above": 2.346553123038916,
    "turn_on_times": 4,
    "turn_on_ratio": 0.36363636363636365
  },
  "2": {
    "validity_ratio": 0.8090277777777778,
    "below": -5.111630493647136,
    "above": 6.719674141253825,
    "turn_on_times": 0,
    "turn_on_ratio": 0.0
  },
  "3": {
    "validity_ratio": 0.8125,
    "below": -1.1797393407650245,
    "above": 35.28603695746089,
    "turn_on_times": 0,
    "turn_on_ratio": 0.0
  },
  "4": {
    "validity_ratio": 0.8152777777777778,
    "below": 0,
    "above": 7.997876011726355,
    "turn_on_times": 3,
    "turn_on_ratio": 1.0
  },
  "5": {
    "validity_ratio": 0.8111111111111111,
    "below": 0,
    "above": 47.62120372959842,
    "turn_on_times": 0,
    "turn_on_ratio": 0.0
  },
  "6": {
    "validity_ratio": 0.8145833333333333,
    "below": -2.784513356954075,
    "above": 9.009609426230488,
    "turn_on_times": 5,
    "turn_on_ratio": 0.45454545454545453
  },
  "7": {
    "validity_ratio": 0.8090277777777778,
    "below": 0,
    "above": 2.5280015212542044,
    "turn_on_times": 2,
    "turn_on_ratio": 0.18181818181818182
  },
  "8": {
    "validity_ratio": 0.8125,
    "below": 0,
    "above": 0,
    "turn_on_times": 0,
    "turn_on_ratio": 0
  },
  "9": {
    "validity_ratio": 0.8145833333333333,
    "below": 0,
    "above": 0,
    "turn_on_times": 0,
    "turn_on_ratio": 0
  },
  "10": {
    "validity_ratio": 0.8145833333333333,
    "below": -5.31140342516701,
    "above": 0.01945851812117367,
    "turn_on_times": 2,
    "turn_on_ratio": 1.0
  },
  "12": {
    "validity_ratio": 0.8131944444444444,
    "below": 0,
    "above": 48.739017954324915,
    "turn_on_times": 0,
    "turn_on_ratio": 0.0
  },
  "13": {
    "validity_ratio": 0.0,
    "below": 0,
    "above": 0,
    "turn_on_times": 0,
    "turn_on_ratio": 0.0
  }
}