{
  "1": {
    "validity_ratio": 0.4534722222222222,
    "below": 0,
    "above": 1.5653853428352664,
    "turn_on_times": 4,
    "turn_on_ratio": 0.5714285714285714
  },
  "2": {
    "validity_ratio": 0.4548611111111111,
    "below": -3.7911980835561834,
    "above": 2.85928511973189,
    "turn_on_times": 0,
    "turn_on_ratio": 0.0
  },
  "3": {
    "validity_ratio": 0.4527777777777778,
    "below": 0,
    "above": 12.821852944160339,
    "turn_on_times": 0,
    "turn_on_ratio": 0.0
  },
  "4": {
    "validity_ratio": 0.45416666666666666,
    "below": 0,
    "above": 0,
    "turn_on_times": 2,
    "turn_on_ratio": 1.0
  },
  "5": {
    "validity_ratio": 0.45625,
    "below": 0,
    "above": 15.84837666259845,
    "turn_on_times": 0,
    "turn_on_ratio": 0.0
  },
  "6": {
    "validity_ratio": 0.4534722222222222,
    "below": -2.4363230386647707,
    "above": 2.642325069380237,
    "turn_on_times": 3,
    "turn_on_ratio": 0.42857142857142855
  },
  "7": {
    "validity_ratio": 0.4534722222222222,
    "below": 0,
    "above": 2.5278500151467265,
    "turn_on_times": 0,
    "turn_on_ratio": 0.0
  },
  "8": {
    "validity_ratio": 0.45625,
    "below": 0,
    "above": 0,
    "turn_on_times": 0,
    "turn_on_ratio": 0
  },
  "9": {
    "validity_ratio": 0.4534722222222222,
    "below": 0,
    "above": 0,
    "turn_on_times": 0,
    "turn_on_ratio": 0
  },
  "10": {
    "validity_ratio": 0.4527777777777778,
    "below": -0.5701782795865339,
    "above": 0.018743061932384338,
    "turn_on_times": 1,
    "turn_on_ratio": 1.0
  },
  "12": {
    "validity_ratio": 0.45208333333333334,
    "below": 0,
    "above": 14.940425463092536,
    "turn_on_times": 0,
    "turn_on_ratio": 0.0
  },
  "13": {
    "validity_ratio": 0.0,
    "below": 0,
    "above": 0,
    "turn_on_times": 0,
    "turn_on_ratio": 0.0
  }
}