{
  "1": {
    "validity_ratio": 0.4215277777777778,
    "below": 0,
    "above": 11.710962530651356,
    "turn_on_times": 0,
    "turn_on_ratio": 0.0
  },
  "2": {
    "validity_ratio": 0.42291666666666666,
    "below": -1.1180873921668915,
    "above": 1.8235303331625956,
    "turn_on_times": 3,
    "turn_on_ratio": 0.42857142857142855
  },
  "3": {
    "validity_ratio": 0.425,
    "below": 0,
    "above": 0,
    "turn_on_times": 0,
    "turn_on_ratio": 0
  },
  "4": {
    "validity_ratio": 0.4222222222222222,
    "below": 0,
    "above": 0,
    "turn_on_times": 0,
    "turn_on_ratio": 0
  },
  "5": {
    "validity_ratio": 0.42430555555555555,
    "below": 0,
    "above": 0,
    "turn_on_times": 0,
    "turn_on_ratio": 0
  },
  "6": {
    "validity_ratio": 0.42083333333333334,
    "below": 0,
    "above": 9.77679929703507,
    "turn_on_times": 1,
    "turn_on_ratio": 0.14285714285714285
  },
  "7": {
    "validity_ratio": 0.42569444444444443,
    "below": -0.4984293639349508,
    "above": 1.3181576009876008,
    "turn_on_times": 3,
    "turn_on_ratio": 0.42857142857142855
  },
  "8": {
    "validity_ratio": 0.4215277777777778,
    "below": -0.11492749112461986,
    "above": 0,
    "turn_on_times": 3,
    "turn_on_ratio": 1.0
  },
  "9": {
    "validity_ratio": 0.4236111111111111,
    "below": 0,
    "above": 2.8654962646018354,
    "turn_on_times": 0,
    "turn_on_ratio": 0.0
  },
  "10": {
    "validity_ratio": 0.42291666666666666,
    "below": 0,
    "above": 0,
    "turn_on_times": 0,
    "turn_on_ratio": 0
  },
  "12": {
    "validity_ratio": 0.4222222222222222,
    "below": 0,
    "above": 0,
    "turn_on_times": 0,
    "turn_on_ratio": 0
  },
  "13": {
    "validity_ratio": 0.4215277777777778,
    "below": 0,
    "above": 12.580098470830393,
    "turn_on_times": 0,
    "turn_on_ratio": 0.0
  }
}