{
  "1": {
    "validity_ratio": 0.9611111111111111,
    "below": -3.223374501889319,
    "above": 25.113224819776047,
    "turn_on_times": 0,
    "turn_on_ratio": 0.0
  },
  "2": {
    "validity_ratio": 0.9583333333333334,
    "below": -1.1182016309037863,
    "above": 18.765620004695933,
    "turn_on_times": 3,
    "turn_on_ratio": 0.42857142857142855
  },
  "3": {
    "validity_ratio": 0.9631944444444445,
    "below": -9.069663640368958,
    "above": 16.223524482426253,
    "turn_on_times": 1,
    "turn_on_ratio": 0.2
  },
  "4": {
    "validity_ratio": 0.9604166666666667,
    "below": -10.633558778430514,
    "above": 0.026914849871410552,
    "turn_on_times": 2,
    "turn_on_ratio": 0.4
  },
  "5": {
    "validity_ratio": 0.9625,
    "below": -14.28835068543193,
    "above": 18.65233403729579,
    "turn_on_times": 1,
    "turn_on_ratio": 0.2
  },
  "6": {
    "validity_ratio": 0.9618055555555556,
    "below": -1.7422344620028254,
    "above": 18.20739268353036,
    "turn_on_times": 1,
    "turn_on_ratio": 0.14285714285714285
  },
  "7": {
    "validity_ratio": 0.9604166666666667,
    "below": -11.1463076167719,
    "above": 5.893451002318358,
    "turn_on_times": 3,
    "turn_on_ratio": 0.42857142857142855
  },
  "8": {
    "validity_ratio": 0.9638888888888889,
    "below": -0.11499829168313057,
    "above": 5.115297292181224,
    "turn_on_times": 6,
    "turn_on_ratio": 0.75
  },
  "9": {
    "validity_ratio": 0.9638888888888889,
    "below": -0.05040111339706711,
    "above": 5.236935512521489,
    "turn_on_times": 2,
    "turn_on_ratio": 0.25
  },
  "10": {
    "validity_ratio": 0.9576388888888889,
    "below": -16.66249929730311,
    "above": 0,
    "turn_on_times": 1,
    "turn_on_ratio": 1.0
  },
  "12": {
    "validity_ratio": 0.9618055555555556,
    "below": -2.5092385766429084,
    "above": 31.62139920126774,
    "turn_on_times": 1,
    "turn_on_ratio": 0.2
  },
  "13": {
    "validity_ratio": 0.9625,
    "below": -0.017509962340555477,
    "above": 47.23324557188248,
    "turn_on_times": 0,
    "turn_on_ratio": 0.0
  }
}