{
  "1": {
    "validity_ratio": 0.8923611111111112,
    "below": -3.223436851763951,
    "above": 20.974757357121945,
    "turn_on_times": 0,
    "turn_on_ratio": 0.0
  },
  "2": {
    "validity_ratio": 0.8888888888888888,
    "below": -1.1180975992566016,
    "above": 13.396808296332031,
    "turn_on_times": 3,
    "turn_on_ratio": 0.42857142857142855
  },
  "3": {
    "validity_ratio": 0.89375,
    "below": -9.069744448708338,
    "above": 10.670809001166376,
    "turn_on_times": 1,
    "turn_on_ratio": 0.25
  },
  "4": {
    "validity_ratio": 0.89375,
    "below": -10.342085244759438,
    "above": 0,
    "turn_on_times": 1,
    "turn_on_ratio": 0.25
  },
  "5": {
    "validity_ratio": 0.8923611111111112,
    "below": -14.28760151392429,
    "above": 9.487130735663882,
    "turn_on_times": 1,
    "turn_on_ratio": 0.25
  },
  "6": {
    "validity_ratio": 0.8923611111111112,
    "below": -1.1154309968192493,
    "above": 18.198073515200132,
    "turn_on_times": 1,
    "turn_on_ratio": 0.14285714285714285
  },
  "7": {
    "validity_ratio": 0.8902777777777777,
    "below": -10.200927092921642,
    "above": 3.858040281119895,
    "turn_on_times": 3,
    "turn_on_ratio": 0.42857142857142855
  },
  "8": {
    "validity_ratio": 0.89375,
    "below": -0.11493381706686948,
    "above": 5.115353065205602,
    "turn_on_times": 6,
    "turn_on_ratio": 0.75
  },
  "9": {
    "validity_ratio": 0.89375,
    "below": -0.05042692161786849,
    "above": 5.236307680126362,
    "turn_on_times": 2,
    "turn_on_ratio": 0.25
  },
  "10": {
    "validity_ratio": 0.8881944444444444,
    "below": -11.523573283519637,
    "above": 0,
    "turn_on_times": 1,
    "turn_on_ratio": 1.0
  },
  "12": {
    "validity_ratio": 0.8916666666666667,
    "below": -2.5095210498829403,
    "above": 24.074805903383808,
    "turn_on_times": 1,
    "turn_on_ratio": 0.25
  },
  "13": {
    "validity_ratio": 0.8930555555555556,
    "below": -0.01750585286444449,
    "above": 37.378161069411675,
    "turn_on_times": 0,
    "turn_on_ratio": 0.0
  }
}