{
  "1": {
    "validity_ratio": 0.9472222222222222,
    "below": -3.2234355730155535,
    "above": 23.912546726965765,
    "turn_on_times": 0,
    "turn_on_ratio": 0.0
  },
  "2": {
    "validity_ratio": 0.9444444444444444,
    "below": -1.1180997328663778,
    "above": 17.74272178183299,
    "turn_on_times": 3,
    "turn_on_ratio": 0.42857142857142855
  },
  "3": {
    "validity_ratio": 0.9493055555555555,
    "below": -9.0697427913909,
    "above": 15.280994609391845,
    "turn_on_times": 1,
    "turn_on_ratio": 0.2
  },
  "4": {
    "validity_ratio": 0.9465277777777777,
    "below": -10.633745773370162,
    "above": 0.025735826422277237,
    "turn_on_times": 2,
    "turn_on_ratio": 0.4
  },
  "5": {
    "validity_ratio": 0.9486111111111111,
    "below": -14.287616878860797,
    "above": 16.975621721027046,
    "turn_on_times": 1,
    "turn_on_ratio": 0.2
  },
  "6": {
    "validity_ratio": 0.9479166666666666,
    "below": -1.7420591834890964,
    "above": 18.20658753281757,
    "turn_on_times": 1,
    "turn_on_ratio": 0.14285714285714285
  },
  "7": {
    "validity_ratio": 0.9465277777777777,
    "below": -10.797190500807663,
    "above": 5.893582643793232,
    "turn_on_times": 3,
    "turn_on_ratio": 0.42857142857142855
  },
  "8": {
    "validity_ratio": 0.95,
    "below": -0.11493513939209715,
    "above": 5.115351921801204,
    "turn_on_times": 6,
    "turn_on_ratio": 0.75
  },
  "9": {
    "validity_ratio": 0.95,
    "below": -0.05042639220701712,
    "above": 5.23632055927498,
    "turn_on_times": 2,
    "turn_on_ratio": 0.25
  },
  "10": {
    "validity_ratio": 0.94375,
    "below": -15.708644536489807,
    "above": 0,
    "turn_on_times": 1,
    "turn_on_ratio": 1.0
  },
  "12": {
    "validity_ratio": 0.9479166666666666,
    "below": -2.5095152565721337,
    "above": 30.17997915682698,
    "turn_on_times": 1,
    "turn_on_ratio": 0.2
  },
  "13": {
    "validity_ratio": 0.9486111111111111,
    "below": -0.017505937146666636,
    "above": 45.23156759858765,
    "turn_on_times": 0,
    "turn_on_ratio": 0.0
  }
}