{
  "1": {
    "validity_ratio": 0.6083333333333333,
    "below": 0,
    "above": 20.974711253245715,
    "turn_on_times": 0,
    "turn_on_ratio": 0.0
  },
  "2": {
    "validity_ratio": 0.6034722222222222,
    "below": -1.1180918807807356,
    "above": 1.8235303681101207,
    "turn_on_times": 3,
    "turn_on_ratio": 0.42857142857142855
  },
  "3": {
    "validity_ratio": 0.6097222222222223,
    "below": -5.31919633858876,
    "above": 0,
    "turn_on_times": 1,
    "turn_on_ratio": 0.25
  },
  "4": {
    "validity_ratio": 0.60625,
    "below": -5.709391595677081,
    "above": 0,
    "turn_on_times": 1,
    "turn_on_ratio": 0.25
  },
  "5": {
    "validity_ratio": 0.6076388888888888,
    "below": -5.955166131350137,
    "above": 0,
    "turn_on_times": 1,
    "turn_on_ratio": 0.25
  },
  "6": {
    "validity_ratio": 0.6090277777777777,
    "below": -0.1030229934444442,
    "above": 15.34328731833945,
    "turn_on_times": 1,
    "turn_on_ratio": 0.14285714285714285
  },
  "7": {
    "validity_ratio": 0.6041666666666666,
    "below": -6.448141616091927,
    "above": 1.3181504264927477,
    "turn_on_times": 3,
    "turn_on_ratio": 0.42857142857142855
  },
  "8": {
    "validity_ratio": 0.6097222222222223,
    "below": -0.11493027298632187,
    "above": 0,
    "turn_on_times": 5,
    "turn_on_ratio": 1.0
  },
  "9": {
    "validity_ratio": 0.6048611111111111,
    "below": 0,
    "above": 5.236273161008307,
    "turn_on_times": 0,
    "turn_on_ratio": 0.0
  },
  "10": {
    "validity_ratio": 0.6034722222222222,
    "below": 0,
    "above": 0,
    "turn_on_times": 0,
    "turn_on_ratio": 0
  },
  "12": {
    "validity_ratio": 0.6069444444444444,
    "below": -0.12243469379953859,
    "above": 0.27882828618628647,
    "turn_on_times": 1,
    "turn_on_ratio": 0.25
  },
  "13": {
    "validity_ratio": 0.6083333333333333,
    "below": 0,
    "above": 17.075580364064162,
    "turn_on_times": 0,
    "turn_on_ratio": 0.0
  }
}