{
  "1": {
    "validity_ratio": 0.4909722222222222,
    "below": 0,
    "above": 15.711025284481007,
    "turn_on_times": 0,
    "turn_on_ratio": 0.0
  },
  "2": {
    "validity_ratio": 0.49236111111111114,
    "below": -1.1180986208741026,
    "above": 1.8235304205692535,
    "turn_on_times": 3,
    "turn_on_ratio": 0.42857142857142855
  },
  "3": {
    "validity_ratio": 0.49236111111111114,
    "below": -1.3093755586850688,
    "above": 0,
    "turn_on_times": 1,
    "turn_on_ratio": 0.25
  },
  "4": {
    "validity_ratio": 0.4951388888888889,
    "below": -2.1516131450294864,
    "above": 0,
    "turn_on_times": 1,
    "turn_on_ratio": 0.25
  },
  "5": {
    "validity_ratio": 0.4888888888888889,
    "below": -1.3938129463565803,
    "above": 0,
    "turn_on_times": 1,
    "turn_on_ratio": 0.25
  },
  "6": {
    "validity_ratio": 0.49027777777777776,
    "below": 0,
    "above": 12.847018842144296,
    "turn_on_times": 1,
    "turn_on_ratio": 0.14285714285714285
  },
  "7": {
    "validity_ratio": 0.4951388888888889,
    "below": -2.3954876024318272,
    "above": 1.3181396532859506,
    "turn_on_times": 3,
    "turn_on_ratio": 0.42857142857142855
  },
  "8": {
    "validity_ratio": 0.49166666666666664,
    "below": -0.11493445022416407,
    "above": 0,
    "turn_on_times": 3,
    "turn_on_ratio": 1.0
  },
  "9": {
    "validity_ratio": 0.4888888888888889,
    "below": 0,
    "above": 3.6457853717554047,
    "turn_on_times": 0,
    "turn_on_ratio": 0.0
  },
  "10": {
    "validity_ratio": 0.49236111111111114,
    "below": 0,
    "above": 0,
    "turn_on_times": 0,
    "turn_on_ratio": 0
  },
  "12": {
    "validity_ratio": 0.49166666666666664,
    "below": 0,
    "above": 0.12588574935292537,
    "turn_on_times": 1,
    "turn_on_ratio": 0.25
  },
  "13": {
    "validity_ratio": 0.4909722222222222,
    "below": 0,
    "above": 14.201047346400385,
    "turn_on_times": 0,
    "turn_on_ratio": 0.0
  }
}