{
  "1": {
    "validity_ratio": 0.9916666666666667,
    "below": 0.6093958049937012,
    "above": 0.2001116694584032,
    "turn_on_times": 2,
    "turn_on_ratio": 1.0
  },
  "2": {
    "validity_ratio": 0.9923611111111111,
    "below": 0.0057379234972665056,
    "above": 20.23379052293149,
    "turn_on_times": 0,
    "turn_on_ratio": 0.0
  },
  "3": {
    "validity_ratio": 0.9930555555555556,
    "below": 0.007322404371583722,
    "above": 26.293809041677413,
    "turn_on_times": 0,
    "turn_on_ratio": 0.0
  },
  "4": {
    "validity_ratio": 0.9895833333333334,
    "below": 0.004234972677591844,
    "above": 17.76460856374771,
    "turn_on_times": 0,
    "turn_on_ratio": 0.0
  },
  "5": {
    "validity_ratio": 0.9902777777777778,
    "below": 0.005737704918027655,
    "above": 24.19465648241284,
    "turn_on_times": 0,
    "turn_on_ratio": 0.0
  },
  "6": {
    "validity_ratio": 0.99375,
    "below": -10.641532833187688,
    "above": 0.008632598763766266,
    "turn_on_times": 1,
    "turn_on_ratio": 1.0
  },
  "7": {
    "validity_ratio": 0.9902777777777778,
    "below": 0.00532786885245425,
    "above": 24.06497533902034,
    "turn_on_times": 0,
    "turn_on_ratio": 0.0
  },
  "8": {
    "validity_ratio": 0.9951388888888889,
    "below": -1.5375607627726784,
    "above": 0.1414966666666665,
    "turn_on_times": 2,
    "turn_on_ratio": 1.0
  },
  "9": {
    "validity_ratio": 0.9902777777777778,
    "below": 0.0034405373406162037,
    "above": 7.820258283319971,
    "turn_on_times": 0,
    "turn_on_ratio": 0.0
  },
  "10": {
    "validity_ratio": 0.0,
    "below": 0,
    "above": 0,
    "turn_on_times": 0,
    "turn_on_ratio": 0
  }
}