{
  "1": {
    "validity_ratio": 0.81875,
    "below": 0,
    "above": 11.861887495507885,
    "turn_on_times": 0,
    "turn_on_ratio": 0.0
  },
  "2": {
    "validity_ratio": 0.81875,
    "below": -6.445705968405605,
    "above": 5.535818002865001,
    "turn_on_times": 2,
    "turn_on_ratio": 0.5
  },
  "3": {
    "validity_ratio": 0.8222222222222222,
    "below": -0.9879323068342027,
    "above": 3.485064559364545,
    "turn_on_times": 2,
    "turn_on_ratio": 0.5
  },
  "4": {
    "validity_ratio": 0.81875,
    "below": 0,
    "above": 2.774911434495533,
    "turn_on_times": 2,
    "turn_on_ratio": 0.2857142857142857
  },
  "5": {
    "validity_ratio": 0.81875,
    "below": 0,
    "above": 11.771859084388508,
    "turn_on_times": 1,
    "turn_on_ratio": 0.14285714285714285
  },
  "6": {
    "validity_ratio": 0.8173611111111111,
    "below": -0.12235193369703962,
    "above": 6.412071029363034,
    "turn_on_times": 1,
    "turn_on_ratio": 0.14285714285714285
  },
  "7": {
    "validity_ratio": 0.8166666666666667,
    "below": -1.058976367508404,
    "above": 6.657726674839823,
    "turn_on_times": 3,
    "turn_on_ratio": 0.42857142857142855
  },
  "8": {
    "validity_ratio": 0.8166666666666667,
    "below": -1.0603243711065578,
    "above": 0.16118794095596034,
    "turn_on_times": 2,
    "turn_on_ratio": 1.0
  },
  "9": {
    "validity_ratio": 0.8194444444444444,
    "below": 0,
    "above": 16.557677065246914,
    "turn_on_times": 0,
    "turn_on_ratio": 0.0
  },
  "10": {
    "validity_ratio": 0.8208333333333333,
    "below": -25.863042534325206,
    "above": 0,
    "turn_on_times": 1,
    "turn_on_ratio": 1.0
  }
}