{
  "1": {
    "validity_ratio": 0.4618055555555556,
    "below": 0,
    "above": 6.262916966993181,
    "turn_on_times": 0,
    "turn_on_ratio": 0.0
  },
  "2": {
    "validity_ratio": 0.46458333333333335,
    "below": 0,
    "above": 5.535427155242148,
    "turn_on_times": 1,
    "turn_on_ratio": 0.5
  },
  "3": {
    "validity_ratio": 0.4583333333333333,
    "below": -0.9881741685700449,
    "above": 0.04521521566499729,
    "turn_on_times": 1,
    "turn_on_ratio": 0.5
  },
  "4": {
    "validity_ratio": 0.46458333333333335,
    "below": 0,
    "above": 2.418614907022641,
    "turn_on_times": 1,
    "turn_on_ratio": 0.3333333333333333
  },
  "5": {
    "validity_ratio": 0.4638888888888889,
    "below": 0,
    "above": 6.830053184563712,
    "turn_on_times": 0,
    "turn_on_ratio": 0.0
  },
  "6": {
    "validity_ratio": 0.4638888888888889,
    "below": 0,
    "above": 5.1645670464415705,
    "turn_on_times": 0,
    "turn_on_ratio": 0.0
  },
  "7": {
    "validity_ratio": 0.46319444444444446,
    "below": -1.0592233327480898,
    "above": 1.9245192838157386,
    "turn_on_times": 2,
    "turn_on_ratio": 0.6666666666666666
  },
  "8": {
    "validity_ratio": 0.46041666666666664,
    "below": -1.02552977716337,
    "above": 0,
    "turn_on_times": 1,
    "turn_on_ratio": 1.0
  },
  "9": {
    "validity_ratio": 0.4597222222222222,
    "below": 0,
    "above": 7.500711446337152,
    "turn_on_times": 0,
    "turn_on_ratio": 0.0
  },
  "10": {
    "validity_ratio": 0.4597222222222222,
    "below": 0,
    "above": 0,
    "turn_on_times": 0,
    "turn_on_ratio": 0
  }
}