{
  "1": {
    "validity_ratio": 0.6611111111111111,
    "below": 0,
    "above": 6.262912259164811,
    "turn_on_times": 0,
    "turn_on_ratio": 0.0
  },
  "2": {
    "validity_ratio": 0.6590277777777778,
    "below": 0,
    "above": 5.535421827775484,
    "turn_on_times": 1,
    "turn_on_ratio": 0.5
  },
  "3": {
    "validity_ratio": 0.6590277777777778,
    "below": -0.988177465277662,
    "above": 0.04521498155258766,
    "turn_on_times": 1,
    "turn_on_ratio": 0.5
  },
  "4": {
    "validity_ratio": 0.6590277777777778,
    "below": 0,
    "above": 2.7514643661140377,
    "turn_on_times": 1,
    "turn_on_ratio": 0.3333333333333333
  },
  "5": {
    "validity_ratio": 0.6590277777777778,
    "below": 0,
    "above": 10.256997216931289,
    "turn_on_times": 0,
    "turn_on_ratio": 0.0
  },
  "6": {
    "validity_ratio": 0.6583333333333333,
    "below": 0,
    "above": 5.254853051144148,
    "turn_on_times": 0,
    "turn_on_ratio": 0.0
  },
  "7": {
    "validity_ratio": 0.6576388888888889,
    "below": -1.0592266990192531,
    "above": 6.186424601189934,
    "turn_on_times": 2,
    "turn_on_ratio": 0.6666666666666666
  },
  "8": {
    "validity_ratio": 0.6569444444444444,
    "below": -1.0606841112771266,
    "above": 0.16164513590304697,
    "turn_on_times": 2,
    "turn_on_ratio": 1.0
  },
  "9": {
    "validity_ratio": 0.6597222222222222,
    "below": 0,
    "above": 16.55835787552404,
    "turn_on_times": 0,
    "turn_on_ratio": 0.0
  },
  "10": {
    "validity_ratio": 0.6611111111111111,
    "below": -5.291203927065574,
    "above": 0,
    "turn_on_times": 1,
    "turn_on_ratio": 1.0
  }
}