{
  "1": {
    "validity_ratio": 0.9770833333333333,
    "below": 0,
    "above": 12.013192707632866,
    "turn_on_times": 0,
    "turn_on_ratio": 0.0
  },
  "2": {
    "validity_ratio": 0.9784722222222222,
    "below": -6.445734762411707,
    "above": 5.830168959539775,
    "turn_on_times": 2,
    "turn_on_ratio": 0.4
  },
  "3": {
    "validity_ratio": 0.9770833333333333,
    "below": -1.1079682293495956,
    "above": 3.4991892061477716,
    "turn_on_times": 3,
    "turn_on_ratio": 0.6
  },
  "4": {
    "validity_ratio": 0.9784722222222222,
    "below": 0,
    "above": 2.775079352676483,
    "turn_on_times": 2,
    "turn_on_ratio": 0.2857142857142857
  },
  "5": {
    "validity_ratio": 0.9791666666666666,
    "below": 0,
    "above": 11.772095219641955,
    "turn_on_times": 1,
    "turn_on_ratio": 0.14285714285714285
  },
  "6": {
    "validity_ratio": 0.9770833333333333,
    "below": -0.12235507801086136,
    "above": 6.412344216403347,
    "turn_on_times": 1,
    "turn_on_ratio": 0.14285714285714285
  },
  "7": {
    "validity_ratio": 0.9763888888888889,
    "below": -1.0590130480217277,
    "above": 6.657999823981742,
    "turn_on_times": 3,
    "turn_on_ratio": 0.42857142857142855
  },
  "8": {
    "validity_ratio": 0.9763888888888889,
    "below": -1.0603770830247456,
    "above": 0.16125495735371853,
    "turn_on_times": 2,
    "turn_on_ratio": 1.0
  },
  "9": {
    "validity_ratio": 0.9791666666666666,
    "below": 0,
    "above": 16.55777682964587,
    "turn_on_times": 0,
    "turn_on_ratio": 0.0
  },
  "10": {
    "validity_ratio": 0.9736111111111111,
    "below": -31.90113817523858,
    "above": 0,
    "turn_on_times": 1,
    "turn_on_ratio": 1.0
  }
}