{
  "1": {
    "validity_ratio": 0.41388888888888886,
    "below": 0,
    "above": 6.263119377875018,
    "turn_on_times": 0,
    "turn_on_ratio": 0.0
  },
  "2": {
    "validity_ratio": 0.41597222222222224,
    "below": 0,
    "above": 5.5356562071831386,
    "turn_on_times": 1,
    "turn_on_ratio": 0.5
  },
  "3": {
    "validity_ratio": 0.4097222222222222,
    "below": -0.9880324281658406,
    "above": 0.04522528121869793,
    "turn_on_times": 1,
    "turn_on_ratio": 0.5
  },
  "4": {
    "validity_ratio": 0.41597222222222224,
    "below": 0,
    "above": 2.418519283968325,
    "turn_on_times": 1,
    "turn_on_ratio": 0.3333333333333333
  },
  "5": {
    "validity_ratio": 0.4152777777777778,
    "below": 0,
    "above": 5.663972324298209,
    "turn_on_times": 0,
    "turn_on_ratio": 0.0
  },
  "6": {
    "validity_ratio": 0.4152777777777778,
    "below": 0,
    "above": 5.146863792337271,
    "turn_on_times": 0,
    "turn_on_ratio": 0.0
  },
  "7": {
    "validity_ratio": 0.41388888888888886,
    "below": -1.0590786014917148,
    "above": 0.4402234701752255,
    "turn_on_times": 2,
    "turn_on_ratio": 0.6666666666666666
  },
  "8": {
    "validity_ratio": 0.41180555555555554,
    "below": -0.7155233840113576,
    "above": 0,
    "turn_on_times": 1,
    "turn_on_ratio": 1.0
  },
  "9": {
    "validity_ratio": 0.4111111111111111,
    "below": 0,
    "above": 2.950044710241336,
    "turn_on_times": 0,
    "turn_on_ratio": 0.0
  },
  "10": {
    "validity_ratio": 0.4111111111111111,
    "below": 0,
    "above": 0,
    "turn_on_times": 0,
    "turn_on_ratio": 0
  }
}