{
  "1": {
    "validity_ratio": 0.6875,
    "below": 0,
    "above": 6.7628482900217834,
    "turn_on_times": 0,
    "turn_on_ratio": 0.0
  },
  "2": {
    "validity_ratio": 0.6868055555555556,
    "below": -1.3247122625133338,
    "above": 5.535844995404991,
    "turn_on_times": 2,
    "turn_on_ratio": 0.5
  },
  "3": {
    "validity_ratio": 0.6888888888888889,
    "below": -0.9879156034894853,
    "above": 0.04523357740678922,
    "turn_on_times": 2,
    "turn_on_ratio": 0.5
  },
  "4": {
    "validity_ratio": 0.6868055555555556,
    "below": 0,
    "above": 2.7599722794315436,
    "turn_on_times": 1,
    "turn_on_ratio": 0.3333333333333333
  },
  "5": {
    "validity_ratio": 0.6868055555555556,
    "below": 0,
    "above": 10.258202474598523,
    "turn_on_times": 0,
    "turn_on_ratio": 0.0
  },
  "6": {
    "validity_ratio": 0.6861111111111111,
    "below": 0,
    "above": 5.262724134060615,
    "turn_on_times": 0,
    "turn_on_ratio": 0.0
  },
  "7": {
    "validity_ratio": 0.6854166666666667,
    "below": -1.0589593117078344,
    "above": 6.186675809919856,
    "turn_on_times": 2,
    "turn_on_ratio": 0.6666666666666666
  },
  "8": {
    "validity_ratio": 0.6847222222222222,
    "below": -1.060299860981621,
    "above": 0.16115677661402963,
    "turn_on_times": 2,
    "turn_on_ratio": 1.0
  },
  "9": {
    "validity_ratio": 0.6875,
    "below": 0,
    "above": 16.55763067574172,
    "turn_on_times": 0,
    "turn_on_ratio": 0.0
  },
  "10": {
    "validity_ratio": 0.6888888888888889,
    "below": -9.198913224262983,
    "above": 0,
    "turn_on_times": 1,
    "turn_on_ratio": 1.0
  }
}