{
  "1": {
    "validity_ratio": 0.40694444444444444,
    "below": 0,
    "above": 6.263005639673503,
    "turn_on_times": 0,
    "turn_on_ratio": 0.0
  },
  "2": {
    "validity_ratio": 0.40902777777777777,
    "below": 0,
    "above": 5.535527498906267,
    "turn_on_times": 1,
    "turn_on_ratio": 0.5
  },
  "3": {
    "validity_ratio": 0.4027777777777778,
    "below": -0.9881120745687906,
    "above": 0.045219625208681204,
    "turn_on_times": 1,
    "turn_on_ratio": 0.5
  },
  "4": {
    "validity_ratio": 0.40902777777777777,
    "below": 0,
    "above": 2.418573016228776,
    "turn_on_times": 1,
    "turn_on_ratio": 0.3333333333333333
  },
  "5": {
    "validity_ratio": 0.4083333333333333,
    "below": 0,
    "above": 5.496980677486167,
    "turn_on_times": 0,
    "turn_on_ratio": 0.0
  },
  "6": {
    "validity_ratio": 0.4083333333333333,
    "below": 0,
    "above": 4.993564401329002,
    "turn_on_times": 0,
    "turn_on_ratio": 0.0
  },
  "7": {
    "validity_ratio": 0.40694444444444444,
    "below": -1.0591599285066153,
    "above": 0.290179705325063,
    "turn_on_times": 2,
    "turn_on_ratio": 0.6666666666666666
  },
  "8": {
    "validity_ratio": 0.4048611111111111,
    "below": -0.7156127687647326,
    "above": 0,
    "turn_on_times": 1,
    "turn_on_ratio": 1.0
  },
  "9": {
    "validity_ratio": 0.4041666666666667,
    "below": 0,
    "above": 2.3305205861415716,
    "turn_on_times": 0,
    "turn_on_ratio": 0.0
  },
  "10": {
    "validity_ratio": 0.4041666666666667,
    "below": 0,
    "above": 0,
    "turn_on_times": 0,
    "turn_on_ratio": 0
  }
}