{
  "1": {
    "validity_ratio": 0.44166666666666665,
    "below": 0,
    "above": 6.263314274360017,
    "turn_on_times": 0,
    "turn_on_ratio": 0.0
  },
  "2": {
    "validity_ratio": 0.44375,
    "below": 0,
    "above": 5.535876755692069,
    "turn_on_times": 1,
    "turn_on_ratio": 0.5
  },
  "3": {
    "validity_ratio": 0.4375,
    "below": -0.987895949799109,
    "above": 0.045234973094045706,
    "turn_on_times": 1,
    "turn_on_ratio": 0.5
  },
  "4": {
    "validity_ratio": 0.44375,
    "below": 0,
    "above": 2.427133725143441,
    "turn_on_times": 1,
    "turn_on_ratio": 0.3333333333333333
  },
  "5": {
    "validity_ratio": 0.44305555555555554,
    "below": 0,
    "above": 6.331170843881371,
    "turn_on_times": 0,
    "turn_on_ratio": 0.0
  },
  "6": {
    "validity_ratio": 0.44305555555555554,
    "below": 0,
    "above": 5.172444895990257,
    "turn_on_times": 0,
    "turn_on_ratio": 0.0
  },
  "7": {
    "validity_ratio": 0.44166666666666665,
    "below": -1.0589392433066158,
    "above": 1.286460900417247,
    "turn_on_times": 2,
    "turn_on_ratio": 0.6666666666666666
  },
  "8": {
    "validity_ratio": 0.4395833333333333,
    "below": -1.025131781726939,
    "above": 0,
    "turn_on_times": 1,
    "turn_on_ratio": 1.0
  },
  "9": {
    "validity_ratio": 0.4388888888888889,
    "below": 0,
    "above": 5.527473156646353,
    "turn_on_times": 0,
    "turn_on_ratio": 0.0
  },
  "10": {
    "validity_ratio": 0.4388888888888889,
    "below": 0,
    "above": 0,
    "turn_on_times": 0,
    "turn_on_ratio": 0
  }
}