{
  "1": {
    "validity_ratio": 0.6472222222222223,
    "below": 0,
    "above": 6.263426096754029,
    "turn_on_times": 0,
    "turn_on_ratio": 0.0
  },
  "2": {
    "validity_ratio": 0.6451388888888889,
    "below": 0,
    "above": 5.536003296005326,
    "turn_on_times": 1,
    "turn_on_ratio": 0.5
  },
  "3": {
    "validity_ratio": 0.6451388888888889,
    "below": -0.9878176449610381,
    "above": 0.04524053383416812,
    "turn_on_times": 1,
    "turn_on_ratio": 0.5
  },
  "4": {
    "validity_ratio": 0.6451388888888889,
    "below": 0,
    "above": 2.7603870504548924,
    "turn_on_times": 1,
    "turn_on_ratio": 0.3333333333333333
  },
  "5": {
    "validity_ratio": 0.6451388888888889,
    "below": 0,
    "above": 10.258623447388127,
    "turn_on_times": 0,
    "turn_on_ratio": 0.0
  },
  "6": {
    "validity_ratio": 0.6444444444444445,
    "below": 0,
    "above": 5.262740732441544,
    "turn_on_times": 0,
    "turn_on_ratio": 0.0
  },
  "7": {
    "validity_ratio": 0.64375,
    "below": -1.0588592861648405,
    "above": 6.186769783300571,
    "turn_on_times": 2,
    "turn_on_ratio": 0.6666666666666666
  },
  "8": {
    "validity_ratio": 0.6430555555555556,
    "below": -1.0601561187664446,
    "above": 0.1609739732040795,
    "turn_on_times": 2,
    "turn_on_ratio": 1.0
  },
  "9": {
    "validity_ratio": 0.6458333333333334,
    "below": 0,
    "above": 16.557358609429418,
    "turn_on_times": 0,
    "turn_on_ratio": 0.0
  },
  "10": {
    "validity_ratio": 0.6472222222222223,
    "below": -3.3105606956566773,
    "above": 0,
    "turn_on_times": 1,
    "turn_on_ratio": 1.0
  }
}