{
  "1": {
    "validity_ratio": 0.95625,
    "below": 0,
    "above": 11.974579833846283,
    "turn_on_times": 0,
    "turn_on_ratio": 0.0
  },
  "2": {
    "validity_ratio": 0.9576388888888889,
    "below": -6.445617322011295,
    "above": 5.830399295782581,
    "turn_on_times": 2,
    "turn_on_ratio": 0.4
  },
  "3": {
    "validity_ratio": 0.95625,
    "below": -1.0878217143222604,
    "above": 3.4851871898929536,
    "turn_on_times": 3,
    "turn_on_ratio": 0.6
  },
  "4": {
    "validity_ratio": 0.9576388888888889,
    "below": 0,
    "above": 2.774351952847262,
    "turn_on_times": 2,
    "turn_on_ratio": 0.2857142857142857
  },
  "5": {
    "validity_ratio": 0.9583333333333334,
    "below": 0,
    "above": 11.771089621388747,
    "turn_on_times": 1,
    "turn_on_ratio": 0.14285714285714285
  },
  "6": {
    "validity_ratio": 0.95625,
    "below": -0.12234225348505887,
    "above": 6.411205856314632,
    "turn_on_times": 1,
    "turn_on_ratio": 0.14285714285714285
  },
  "7": {
    "validity_ratio": 0.9555555555555556,
    "below": -1.058863441393306,
    "above": 6.656862751505079,
    "turn_on_times": 3,
    "turn_on_ratio": 0.42857142857142855
  },
  "8": {
    "validity_ratio": 0.9555555555555556,
    "below": -1.0601620900586424,
    "above": 0.1609815684167104,
    "turn_on_times": 2,
    "turn_on_ratio": 1.0
  },
  "9": {
    "validity_ratio": 0.9583333333333334,
    "below": 0,
    "above": 16.557369911865013,
    "turn_on_times": 0,
    "turn_on_ratio": 0.0
  },
  "10": {
    "validity_ratio": 0.9458333333333333,
    "below": -31.900455027767254,
    "above": 0,
    "turn_on_times": 1,
    "turn_on_ratio": 1.0
  }
}