{
  "1": {
    "validity_ratio": 0.29930555555555555,
    "below": 0,
    "above": 3.353077940839995,
    "turn_on_times": 0,
    "turn_on_ratio": 0.0
  },
  "2": {
    "validity_ratio": 0.3034722222222222,
    "below": 0,
    "above": 3.1827944153160566,
    "turn_on_times": 0,
    "turn_on_ratio": 0.0
  },
  "3": {
    "validity_ratio": 0.29930555555555555,
    "below": -0.2588181301928474,
    "above": 0,
    "turn_on_times": 1,
    "turn_on_ratio": 1.0
  },
  "4": {
    "validity_ratio": 0.29930555555555555,
    "below": 0,
    "above": 1.590304427949951,
    "turn_on_times": 0,
    "turn_on_ratio": 0.0
  },
  "5": {
    "validity_ratio": 0.2986111111111111,
    "below": 0,
    "above": 1.7179730427012079,
    "turn_on_times": 0,
    "turn_on_ratio": 0.0
  },
  "6": {
    "validity_ratio": 0.29930555555555555,
    "below": 0,
    "above": 1.6490483042292359,
    "turn_on_times": 0,
    "turn_on_ratio": 0.0
  },
  "7": {
    "validity_ratio": 0.3,
    "below": -1.0781935494977681,
    "above": 0,
    "turn_on_times": 1,
    "turn_on_ratio": 1.0
  },
  "8": {
    "validity_ratio": 0.3,
    "below": 0,
    "above": 0.04660000211805547,
    "turn_on_times": 1,
    "turn_on_ratio": 1.0
  },
  "9": {
    "validity_ratio": 0.30486111111111114,
    "below": 0,
    "above": 0.46261636167250036,
    "turn_on_times": 0,
    "turn_on_ratio": 0.0
  },
  "10": {
    "validity_ratio": 0.3020833333333333,
    "below": 0,
    "above": 0,
    "turn_on_times": 0,
    "turn_on_ratio": 0
  }
}