{
  "1": {
    "validity_ratio": 0.7145833333333333,
    "below": 0,
    "above": 31.187143669751492,
    "turn_on_times": 0,
    "turn_on_ratio": 0.0
  },
  "2": {
    "validity_ratio": 0.7131944444444445,
    "below": 0,
    "above": 38.569069468279835,
    "turn_on_times": 0,
    "turn_on_ratio": 0.0
  },
  "3": {
    "validity_ratio": 0.7145833333333333,
    "below": -5.487493723391211,
    "above": 0,
    "turn_on_times": 1,
    "turn_on_ratio": 1.0
  },
  "4": {
    "validity_ratio": 0.7159722222222222,
    "below": 0,
    "above": 6.72612621113058,
    "turn_on_times": 0,
    "turn_on_ratio": 0.0
  },
  "5": {
    "validity_ratio": 0.7159722222222222,
    "below": 0,
    "above": 11.268798708923288,
    "turn_on_times": 0,
    "turn_on_ratio": 0.0
  },
  "6": {
    "validity_ratio": 0.7166666666666667,
    "below": 0,
    "above": 4.136363402371552,
    "turn_on_times": 0,
    "turn_on_ratio": 0.0
  },
  "7": {
    "validity_ratio": 0.7173611111111111,
    "below": -2.948865885349541,
    "above": 7.716160325143338,
    "turn_on_times": 1,
    "turn_on_ratio": 1.0
  },
  "8": {
    "validity_ratio": 0.7159722222222222,
    "below": -1.2433228148558395,
    "above": 0.1810575044263888,
    "turn_on_times": 3,
    "turn_on_ratio": 1.0
  },
  "9": {
    "validity_ratio": 0.7145833333333333,
    "below": 0,
    "above": 18.49248609597775,
    "turn_on_times": 0,
    "turn_on_ratio": 0.0
  },
  "10": {
    "validity_ratio": 0.7125,
    "below": -15.424529784083575,
    "above": 0,
    "turn_on_times": 1,
    "turn_on_ratio": 1.0
  }
}