{
  "1": {
    "validity_ratio": 0.4861111111111111,
    "below": 0,
    "above": 14.705702121520257,
    "turn_on_times": 0,
    "turn_on_ratio": 0.0
  },
  "2": {
    "validity_ratio": 0.4840277777777778,
    "below": 0,
    "above": 17.26527677950413,
    "turn_on_times": 0,
    "turn_on_ratio": 0.0
  },
  "3": {
    "validity_ratio": 0.4861111111111111,
    "below": -3.7255732821830825,
    "above": 0,
    "turn_on_times": 1,
    "turn_on_ratio": 1.0
  },
  "4": {
    "validity_ratio": 0.48680555555555555,
    "below": 0,
    "above": 3.5468733784047215,
    "turn_on_times": 0,
    "turn_on_ratio": 0.0
  },
  "5": {
    "validity_ratio": 0.48680555555555555,
    "below": 0,
    "above": 5.4390356927509815,
    "turn_on_times": 0,
    "turn_on_ratio": 0.0
  },
  "6": {
    "validity_ratio": 0.4875,
    "below": 0,
    "above": 4.013143598930332,
    "turn_on_times": 0,
    "turn_on_ratio": 0.0
  },
  "7": {
    "validity_ratio": 0.4875,
    "below": -2.9496913574940216,
    "above": 0.5832293304993706,
    "turn_on_times": 1,
    "turn_on_ratio": 1.0
  },
  "8": {
    "validity_ratio": 0.48819444444444443,
    "below": -1.1411376561230309,
    "above": 0.04662757812499993,
    "turn_on_times": 2,
    "turn_on_ratio": 1.0
  },
  "9": {
    "validity_ratio": 0.48541666666666666,
    "below": 0,
    "above": 9.691357873986181,
    "turn_on_times": 0,
    "turn_on_ratio": 0.0
  },
  "10": {
    "validity_ratio": 0.48333333333333334,
    "below": 0,
    "above": 0,
    "turn_on_times": 0,
    "turn_on_ratio": 0
  }
}