{
  "1": {
    "validity_ratio": 0.36875,
    "below": 0,
    "above": 7.283941729922179,
    "turn_on_times": 0,
    "turn_on_ratio": 0.0
  },
  "2": {
    "validity_ratio": 0.3729166666666667,
    "below": 0,
    "above": 8.054290667800466,
    "turn_on_times": 0,
    "turn_on_ratio": 0.0
  },
  "3": {
    "validity_ratio": 0.36875,
    "below": -1.3550000893204563,
    "above": 0,
    "turn_on_times": 1,
    "turn_on_ratio": 1.0
  },
  "4": {
    "validity_ratio": 0.36875,
    "below": 0,
    "above": 3.121466476959936,
    "turn_on_times": 0,
    "turn_on_ratio": 0.0
  },
  "5": {
    "validity_ratio": 0.3680555555555556,
    "below": 0,
    "above": 3.907223618188918,
    "turn_on_times": 0,
    "turn_on_ratio": 0.0
  },
  "6": {
    "validity_ratio": 0.36944444444444446,
    "below": 0,
    "above": 3.746914634942422,
    "turn_on_times": 0,
    "turn_on_ratio": 0.0
  },
  "7": {
    "validity_ratio": 0.3701388888888889,
    "below": -2.3666358021584744,
    "above": 0,
    "turn_on_times": 1,
    "turn_on_ratio": 1.0
  },
  "8": {
    "validity_ratio": 0.36944444444444446,
    "below": 0,
    "above": 0.0466046649652777,
    "turn_on_times": 1,
    "turn_on_ratio": 1.0
  },
  "9": {
    "validity_ratio": 0.37430555555555556,
    "below": 0,
    "above": 0.46262982797527813,
    "turn_on_times": 0,
    "turn_on_ratio": 0.0
  },
  "10": {
    "validity_ratio": 0.37222222222222223,
    "below": 0,
    "above": 0,
    "turn_on_times": 0,
    "turn_on_ratio": 0
  }
}