{
  "1": {
    "validity_ratio": 0.7215277777777778,
    "below": 0,
    "above": 31.736860870976813,
    "turn_on_times": 0,
    "turn_on_ratio": 0.0
  },
  "2": {
    "validity_ratio": 0.7201388888888889,
    "below": 0,
    "above": 39.28133735433499,
    "turn_on_times": 0,
    "turn_on_ratio": 0.0
  },
  "3": {
    "validity_ratio": 0.7215277777777778,
    "below": -5.488581673082233,
    "above": 0,
    "turn_on_times": 1,
    "turn_on_ratio": 1.0
  },
  "4": {
    "validity_ratio": 0.7229166666666667,
    "below": 0,
    "above": 6.7252040278460345,
    "turn_on_times": 0,
    "turn_on_ratio": 0.0
  },
  "5": {
    "validity_ratio": 0.7229166666666667,
    "below": 0,
    "above": 11.267471965339146,
    "turn_on_times": 0,
    "turn_on_ratio": 0.0
  },
  "6": {
    "validity_ratio": 0.7236111111111111,
    "below": 0,
    "above": 4.134760617609801,
    "turn_on_times": 0,
    "turn_on_ratio": 0.0
  },
  "7": {
    "validity_ratio": 0.7243055555555555,
    "below": -2.9496937669334424,
    "above": 7.716363992363717,
    "turn_on_times": 1,
    "turn_on_ratio": 1.0
  },
  "8": {
    "validity_ratio": 0.7229166666666667,
    "below": -1.2428772838341424,
    "above": 0.18111124745361104,
    "turn_on_times": 3,
    "turn_on_ratio": 1.0
  },
  "9": {
    "validity_ratio": 0.7215277777777778,
    "below": 0,
    "above": 18.493538822689455,
    "turn_on_times": 0,
    "turn_on_ratio": 0.0
  },
  "10": {
    "validity_ratio": 0.7194444444444444,
    "below": -16.07434755835399,
    "above": 0,
    "turn_on_times": 1,
    "turn_on_ratio": 1.0
  }
}