{
  "1": {
    "validity_ratio": 0.5486111111111112,
    "below": 0,
    "above": 18.756004293782816,
    "turn_on_times": 0,
    "turn_on_ratio": 0.0
  },
  "2": {
    "validity_ratio": 0.5465277777777777,
    "below": 0,
    "above": 22.57755300118235,
    "turn_on_times": 0,
    "turn_on_ratio": 0.0
  },
  "3": {
    "validity_ratio": 0.5486111111111112,
    "below": -4.924717706780525,
    "above": 0,
    "turn_on_times": 1,
    "turn_on_ratio": 1.0
  },
  "4": {
    "validity_ratio": 0.5493055555555556,
    "below": 0,
    "above": 4.980522399493995,
    "turn_on_times": 0,
    "turn_on_ratio": 0.0
  },
  "5": {
    "validity_ratio": 0.5493055555555556,
    "below": 0,
    "above": 6.942093265511711,
    "turn_on_times": 0,
    "turn_on_ratio": 0.0
  },
  "6": {
    "validity_ratio": 0.55,
    "below": 0,
    "above": 4.01434485298131,
    "turn_on_times": 0,
    "turn_on_ratio": 0.0
  },
  "7": {
    "validity_ratio": 0.55,
    "below": -2.9490751228243144,
    "above": 2.7966104509803733,
    "turn_on_times": 1,
    "turn_on_ratio": 1.0
  },
  "8": {
    "validity_ratio": 0.5506944444444445,
    "below": -1.1414571819856418,
    "above": 0.10730237612694435,
    "turn_on_times": 2,
    "turn_on_ratio": 1.0
  },
  "9": {
    "validity_ratio": 0.5479166666666667,
    "below": 0,
    "above": 15.038492784341546,
    "turn_on_times": 0,
    "turn_on_ratio": 0.0
  },
  "10": {
    "validity_ratio": 0.5458333333333333,
    "below": 0,
    "above": 0,
    "turn_on_times": 0,
    "turn_on_ratio": 0
  }
}