{
  "1": {
    "validity_ratio": 0.5902777777777778,
    "below": 0,
    "above": 21.60594747441101,
    "turn_on_times": 0,
    "turn_on_ratio": 0.0
  },
  "2": {
    "validity_ratio": 0.5881944444444445,
    "below": 0,
    "above": 26.232434325184276,
    "turn_on_times": 0,
    "turn_on_ratio": 0.0
  },
  "3": {
    "validity_ratio": 0.5902777777777778,
    "below": -5.488324700230667,
    "above": 0,
    "turn_on_times": 1,
    "turn_on_ratio": 1.0
  },
  "4": {
    "validity_ratio": 0.5909722222222222,
    "below": 0,
    "above": 5.880071993026482,
    "turn_on_times": 0,
    "turn_on_ratio": 0.0
  },
  "5": {
    "validity_ratio": 0.5909722222222222,
    "below": 0,
    "above": 8.1413735128321,
    "turn_on_times": 0,
    "turn_on_ratio": 0.0
  },
  "6": {
    "validity_ratio": 0.5916666666666667,
    "below": 0,
    "above": 4.013520086738888,
    "turn_on_times": 0,
    "turn_on_ratio": 0.0
  },
  "7": {
    "validity_ratio": 0.5923611111111111,
    "below": -2.9494982219618957,
    "above": 4.591648112241874,
    "turn_on_times": 1,
    "turn_on_ratio": 1.0
  },
  "8": {
    "validity_ratio": 0.5923611111111111,
    "below": -1.2344411035510348,
    "above": 0.10731981653999986,
    "turn_on_times": 3,
    "turn_on_ratio": 1.0
  },
  "9": {
    "validity_ratio": 0.5895833333333333,
    "below": 0,
    "above": 15.377330408241122,
    "turn_on_times": 0,
    "turn_on_ratio": 0.0
  },
  "10": {
    "validity_ratio": 0.5875,
    "below": -2.9372382289106014,
    "above": 0,
    "turn_on_times": 1,
    "turn_on_ratio": 1.0
  }
}