{
  "1": {
    "validity_ratio": 0.5347222222222222,
    "below": 0,
    "above": 17.85569108651217,
    "turn_on_times": 0,
    "turn_on_ratio": 0.0
  },
  "2": {
    "validity_ratio": 0.5326388888888889,
    "below": 0,
    "above": 21.386317709419195,
    "turn_on_times": 0,
    "turn_on_ratio": 0.0
  },
  "3": {
    "validity_ratio": 0.5347222222222222,
    "below": -4.658937860215961,
    "above": 0,
    "turn_on_times": 1,
    "turn_on_ratio": 1.0
  },
  "4": {
    "validity_ratio": 0.5354166666666667,
    "below": 0,
    "above": 4.679842435611591,
    "turn_on_times": 0,
    "turn_on_ratio": 0.0
  },
  "5": {
    "validity_ratio": 0.5354166666666667,
    "below": 0,
    "above": 6.5902927113154215,
    "turn_on_times": 0,
    "turn_on_ratio": 0.0
  },
  "6": {
    "validity_ratio": 0.5361111111111111,
    "below": 0,
    "above": 4.013099730415908,
    "turn_on_times": 0,
    "turn_on_ratio": 0.0
  },
  "7": {
    "validity_ratio": 0.5361111111111111,
    "below": -2.949713861725722,
    "above": 2.1812217316772706,
    "turn_on_times": 1,
    "turn_on_ratio": 1.0
  },
  "8": {
    "validity_ratio": 0.5368055555555555,
    "below": -1.1411259873799395,
    "above": 0.04662827246527772,
    "turn_on_times": 2,
    "turn_on_ratio": 1.0
  },
  "9": {
    "validity_ratio": 0.5340277777777778,
    "below": 0,
    "above": 14.14621712568387,
    "turn_on_times": 0,
    "turn_on_ratio": 0.0
  },
  "10": {
    "validity_ratio": 0.5319444444444444,
    "below": 0,
    "above": 0,
    "turn_on_times": 0,
    "turn_on_ratio": 0
  }
}