{
  "1": {
    "validity_ratio": 0.625,
    "below": 0,
    "above": 24.107166534228405,
    "turn_on_times": 0,
    "turn_on_ratio": 0.0
  },
  "2": {
    "validity_ratio": 0.6229166666666667,
    "below": 0,
    "above": 29.46036997524999,
    "turn_on_times": 0,
    "turn_on_ratio": 0.0
  },
  "3": {
    "validity_ratio": 0.625,
    "below": -5.488018842212816,
    "above": 0,
    "turn_on_times": 1,
    "turn_on_ratio": 1.0
  },
  "4": {
    "validity_ratio": 0.6256944444444444,
    "below": 0,
    "above": 6.380931334830967,
    "turn_on_times": 0,
    "turn_on_ratio": 0.0
  },
  "5": {
    "validity_ratio": 0.6256944444444444,
    "below": 0,
    "above": 9.225158009176171,
    "turn_on_times": 0,
    "turn_on_ratio": 0.0
  },
  "6": {
    "validity_ratio": 0.6263888888888889,
    "below": 0,
    "above": 4.013973785940826,
    "turn_on_times": 0,
    "turn_on_ratio": 0.0
  },
  "7": {
    "validity_ratio": 0.6270833333333333,
    "below": -2.949265477541491,
    "above": 5.741258628853171,
    "turn_on_times": 1,
    "turn_on_ratio": 1.0
  },
  "8": {
    "validity_ratio": 0.6256944444444444,
    "below": -1.2431077711575516,
    "above": 0.18108344448166677,
    "turn_on_times": 3,
    "turn_on_ratio": 1.0
  },
  "9": {
    "validity_ratio": 0.6243055555555556,
    "below": 0,
    "above": 18.418000909829196,
    "turn_on_times": 0,
    "turn_on_ratio": 0.0
  },
  "10": {
    "validity_ratio": 0.6222222222222222,
    "below": -6.589165010795941,
    "above": 0,
    "turn_on_times": 1,
    "turn_on_ratio": 1.0
  }
}