{
  "1": {
    "validity_ratio": 0.7416666666666667,
    "below": 0,
    "above": 43.953364142972305,
    "turn_on_times": 1,
    "turn_on_ratio": 0.25
  },
  "2": {
    "validity_ratio": 0.7416666666666667,
    "below": 0,
    "above": 29.616932711033,
    "turn_on_times": 1,
    "turn_on_ratio": 0.25
  },
  "3": {
    "validity_ratio": 0.7416666666666667,
    "below": 0,
    "above": 76.74029044110343,
    "turn_on_times": 0,
    "turn_on_ratio": 0.0
  },
  "4": {
    "validity_ratio": 0.7409722222222223,
    "below": 0,
    "above": 1.437957115888548,
    "turn_on_times": 5,
    "turn_on_ratio": 0.8333333333333334
  },
  "5": {
    "validity_ratio": 0.7361111111111112,
    "below": -4.1378309333356125,
    "above": 47.03406720936893,
    "turn_on_times": 1,
    "turn_on_ratio": 0.16666666666666666
  },
  "6": {
    "validity_ratio": 0.7368055555555556,
    "below": -3.079175670319504,
    "above": 24.71018747176984,
    "turn_on_times": 2,
    "turn_on_ratio": 0.5
  },
  "7": {
    "validity_ratio": 0.7368055555555556,
    "below": -0.5474659466011766,
    "above": 25.730030966758257,
    "turn_on_times": 0,
    "turn_on_ratio": 0.0
  },
  "8": {
    "validity_ratio": 0.7381944444444445,
    "below": 0,
    "above": 0,
    "turn_on_times": 0,
    "turn_on_ratio": 0
  },
  "9": {
    "validity_ratio": 0.7409722222222223,
    "below": 0,
    "above": 0,
    "turn_on_times": 0,
    "turn_on_ratio": 0
  },
  "10": {
    "validity_ratio": 0.7361111111111112,
    "below": 0,
    "above": 0,
    "turn_on_times": 0,
    "turn_on_ratio": 0
  },
  "12": {
    "validity_ratio": 0.7416666666666667,
    "below": 0,
    "above": 82.3164455875258,
    "turn_on_times": 0,
    "turn_on_ratio": 0.0
  },
  "13": {
    "validity_ratio": 0.0,
    "below": 0,
    "above": 0,
    "turn_on_times": 0,
    "turn_on_ratio": 0.0
  }
}