{
  "1": {
    "validity_ratio": 0.5479166666666667,
    "below": 0,
    "above": 37.82530646487964,
    "turn_on_times": 1,
    "turn_on_ratio": 0.3333333333333333
  },
  "2": {
    "validity_ratio": 0.5479166666666667,
    "below": 0,
    "above": 29.616388334180613,
    "turn_on_times": 0,
    "turn_on_ratio": 0.0
  },
  "3": {
    "validity_ratio": 0.5486111111111112,
    "below": 0,
    "above": 61.233292923959,
    "turn_on_times": 0,
    "turn_on_ratio": 0.0
  },
  "4": {
    "validity_ratio": 0.5465277777777777,
    "below": 0,
    "above": 0.04280515155420324,
    "turn_on_times": 4,
    "turn_on_ratio": 0.8
  },
  "5": {
    "validity_ratio": 0.5486111111111112,
    "below": -3.524040971506606,
    "above": 44.14802169625028,
    "turn_on_times": 1,
    "turn_on_ratio": 0.2
  },
  "6": {
    "validity_ratio": 0.5486111111111112,
    "below": -3.0790283134628256,
    "above": 20.952290538860208,
    "turn_on_times": 2,
    "turn_on_ratio": 0.6666666666666666
  },
  "7": {
    "validity_ratio": 0.5486111111111112,
    "below": -0.5474956051788072,
    "above": 22.254772258578594,
    "turn_on_times": 0,
    "turn_on_ratio": 0.0
  },
  "8": {
    "validity_ratio": 0.5506944444444445,
    "below": 0,
    "above": 0,
    "turn_on_times": 0,
    "turn_on_ratio": 0
  },
  "9": {
    "validity_ratio": 0.5465277777777777,
    "below": 0,
    "above": 0,
    "turn_on_times": 0,
    "turn_on_ratio": 0
  },
  "10": {
    "validity_ratio": 0.5486111111111112,
    "below": 0,
    "above": 0,
    "turn_on_times": 0,
    "turn_on_ratio": 0
  },
  "12": {
    "validity_ratio": 0.5472222222222223,
    "below": 0,
    "above": 70.45336075086085,
    "turn_on_times": 0,
    "turn_on_ratio": 0.0
  },
  "13": {
    "validity_ratio": 0.0,
    "below": 0,
    "above": 0,
    "turn_on_times": 0,
    "turn_on_ratio": 0.0
  }
}