{
  "1": {
    "validity_ratio": 0.3819444444444444,
    "below": 0,
    "above": 20.815264889404933,
    "turn_on_times": 1,
    "turn_on_ratio": 0.3333333333333333
  },
  "2": {
    "validity_ratio": 0.38125,
    "below": 0,
    "above": 16.434476289758937,
    "turn_on_times": 0,
    "turn_on_ratio": 0.0
  },
  "3": {
    "validity_ratio": 0.38263888888888886,
    "below": 0,
    "above": 37.33370532304525,
    "turn_on_times": 0,
    "turn_on_ratio": 0.0
  },
  "4": {
    "validity_ratio": 0.3798611111111111,
    "below": 0,
    "above": 0.04388580510310489,
    "turn_on_times": 4,
    "turn_on_ratio": 0.8
  },
  "5": {
    "validity_ratio": 0.3819444444444444,
    "below": -0.07333333333333343,
    "above": 44.1404209425737,
    "turn_on_times": 1,
    "turn_on_ratio": 0.2
  },
  "6": {
    "validity_ratio": 0.3819444444444444,
    "below": -3.0788596468027265,
    "above": 9.523401092107083,
    "turn_on_times": 2,
    "turn_on_ratio": 0.6666666666666666
  },
  "7": {
    "validity_ratio": 0.38125,
    "below": -0.5475295529510663,
    "above": 11.307850480940077,
    "turn_on_times": 0,
    "turn_on_ratio": 0.0
  },
  "8": {
    "validity_ratio": 0.3840277777777778,
    "below": 0,
    "above": 0,
    "turn_on_times": 0,
    "turn_on_ratio": 0
  },
  "9": {
    "validity_ratio": 0.3798611111111111,
    "below": 0,
    "above": 0,
    "turn_on_times": 0,
    "turn_on_ratio": 0
  },
  "10": {
    "validity_ratio": 0.3819444444444444,
    "below": 0,
    "above": 0,
    "turn_on_times": 0,
    "turn_on_ratio": 0
  },
  "12": {
    "validity_ratio": 0.3798611111111111,
    "below": 0,
    "above": 52.54769978661254,
    "turn_on_times": 0,
    "turn_on_ratio": 0.0
  },
  "13": {
    "validity_ratio": 0.0,
    "below": 0,
    "above": 0,
    "turn_on_times": 0,
    "turn_on_ratio": 0.0
  }
}