{
  "1": {
    "validity_ratio": 0.7208333333333333,
    "below": 0,
    "above": 43.95202232971862,
    "turn_on_times": 1,
    "turn_on_ratio": 0.25
  },
  "2": {
    "validity_ratio": 0.7208333333333333,
    "below": 0,
    "above": 29.623961917423685,
    "turn_on_times": 1,
    "turn_on_ratio": 0.25
  },
  "3": {
    "validity_ratio": 0.7208333333333333,
    "below": 0,
    "above": 73.51975711877364,
    "turn_on_times": 0,
    "turn_on_ratio": 0.0
  },
  "4": {
    "validity_ratio": 0.7201388888888889,
    "below": 0,
    "above": 1.440089649479706,
    "turn_on_times": 5,
    "turn_on_ratio": 0.8333333333333334
  },
  "5": {
    "validity_ratio": 0.7152777777777778,
    "below": -4.1379427906807,
    "above": 44.20778220581775,
    "turn_on_times": 1,
    "turn_on_ratio": 0.16666666666666666
  },
  "6": {
    "validity_ratio": 0.7159722222222222,
    "below": -3.078811508363123,
    "above": 24.70910732846469,
    "turn_on_times": 2,
    "turn_on_ratio": 0.5
  },
  "7": {
    "validity_ratio": 0.7159722222222222,
    "below": -0.5475392418730678,
    "above": 25.72983732486352,
    "turn_on_times": 0,
    "turn_on_ratio": 0.0
  },
  "8": {
    "validity_ratio": 0.7173611111111111,
    "below": 0,
    "above": 0,
    "turn_on_times": 0,
    "turn_on_ratio": 0
  },
  "9": {
    "validity_ratio": 0.7201388888888889,
    "below": 0,
    "above": 0,
    "turn_on_times": 0,
    "turn_on_ratio": 0
  },
  "10": {
    "validity_ratio": 0.7152777777777778,
    "below": 0,
    "above": 0,
    "turn_on_times": 0,
    "turn_on_ratio": 0
  },
  "12": {
    "validity_ratio": 0.7208333333333333,
    "below": 0,
    "above": 78.57136483662917,
    "turn_on_times": 0,
    "turn_on_ratio": 0.0
  },
  "13": {
    "validity_ratio": 0.0,
    "below": 0,
    "above": 0,
    "turn_on_times": 0,
    "turn_on_ratio": 0.0
  }
}