{
  "1": {
    "validity_ratio": 0.8527777777777777,
    "below": -1.450505426542507,
    "above": 44.58954097928308,
    "turn_on_times": 2,
    "turn_on_ratio": 0.3333333333333333
  },
  "2": {
    "validity_ratio": 0.8534722222222222,
    "below": 0,
    "above": 33.82264861051461,
    "turn_on_times": 2,
    "turn_on_ratio": 0.3333333333333333
  },
  "3": {
    "validity_ratio": 0.8534722222222222,
    "below": 0,
    "above": 84.5666279606018,
    "turn_on_times": 0,
    "turn_on_ratio": 0.0
  },
  "4": {
    "validity_ratio": 0.8520833333333333,
    "below": 0,
    "above": 1.4396543702247517,
    "turn_on_times": 6,
    "turn_on_ratio": 0.8571428571428571
  },
  "5": {
    "validity_ratio": 0.8548611111111111,
    "below": -4.137919610815729,
    "above": 57.2746757654356,
    "turn_on_times": 1,
    "turn_on_ratio": 0.14285714285714285
  },
  "6": {
    "validity_ratio": 0.8548611111111111,
    "below": -3.078886972234662,
    "above": 28.985283632089285,
    "turn_on_times": 2,
    "turn_on_ratio": 0.3333333333333333
  },
  "7": {
    "validity_ratio": 0.8548611111111111,
    "below": -0.5475240531118463,
    "above": 29.309220269936613,
    "turn_on_times": 0,
    "turn_on_ratio": 0.0
  },
  "8": {
    "validity_ratio": 0.85625,
    "below": 0,
    "above": 0,
    "turn_on_times": 0,
    "turn_on_ratio": 0
  },
  "9": {
    "validity_ratio": 0.8520833333333333,
    "below": 0,
    "above": 0,
    "turn_on_times": 0,
    "turn_on_ratio": 0
  },
  "10": {
    "validity_ratio": 0.8541666666666666,
    "below": 0,
    "above": 0,
    "turn_on_times": 0,
    "turn_on_ratio": 0
  },
  "12": {
    "validity_ratio": 0.8527777777777777,
    "below": 0,
    "above": 91.50118470601605,
    "turn_on_times": 0,
    "turn_on_ratio": 0.0
  },
  "13": {
    "validity_ratio": 0.0,
    "below": 0,
    "above": 0,
    "turn_on_times": 0,
    "turn_on_ratio": 0.0
  }
}