{
  "1": {
    "validity_ratio": 0.9770833333333333,
    "below": -3.2172590430226236,
    "above": 44.58942901549924,
    "turn_on_times": 2,
    "turn_on_ratio": 0.3333333333333333
  },
  "2": {
    "validity_ratio": 0.9784722222222222,
    "below": 0,
    "above": 41.79755492496398,
    "turn_on_times": 2,
    "turn_on_ratio": 0.3333333333333333
  },
  "3": {
    "validity_ratio": 0.9777777777777777,
    "below": 0,
    "above": 98.10572879018152,
    "turn_on_times": 0,
    "turn_on_ratio": 0.0
  },
  "4": {
    "validity_ratio": 0.9770833333333333,
    "below": 0,
    "above": 1.4398222781927026,
    "turn_on_times": 8,
    "turn_on_ratio": 0.8888888888888888
  },
  "5": {
    "validity_ratio": 0.9798611111111111,
    "below": -4.1379285305166,
    "above": 73.64031979042007,
    "turn_on_times": 1,
    "turn_on_ratio": 0.1111111111111111
  },
  "6": {
    "validity_ratio": 0.9798611111111111,
    "below": -3.0788579334274218,
    "above": 33.74953906310821,
    "turn_on_times": 2,
    "turn_on_ratio": 0.3333333333333333
  },
  "7": {
    "validity_ratio": 0.9805555555555555,
    "below": -0.5475298978053708,
    "above": 33.10018478154179,
    "turn_on_times": 0,
    "turn_on_ratio": 0.0
  },
  "8": {
    "validity_ratio": 0.98125,
    "below": 0,
    "above": 0,
    "turn_on_times": 0,
    "turn_on_ratio": 0
  },
  "9": {
    "validity_ratio": 0.9770833333333333,
    "below": 0,
    "above": 0,
    "turn_on_times": 0,
    "turn_on_ratio": 0
  },
  "10": {
    "validity_ratio": 0.9791666666666666,
    "below": 0,
    "above": 0,
    "turn_on_times": 0,
    "turn_on_ratio": 0
  },
  "12": {
    "validity_ratio": 0.9777777777777777,
    "below": 0,
    "above": 107.29929143457082,
    "turn_on_times": 0,
    "turn_on_ratio": 0.0
  },
  "13": {
    "validity_ratio": 0.0,
    "below": 0,
    "above": 0,
    "turn_on_times": 0,
    "turn_on_ratio": 0.0
  }
}