{
  "1": {
    "validity_ratio": 0.3888888888888889,
    "below": 0,
    "above": 21.515213632383993,
    "turn_on_times": 1,
    "turn_on_ratio": 0.3333333333333333
  },
  "2": {
    "validity_ratio": 0.3951388888888889,
    "below": 0,
    "above": 17.551096098163733,
    "turn_on_times": 0,
    "turn_on_ratio": 0.0
  },
  "3": {
    "validity_ratio": 0.38958333333333334,
    "below": 0,
    "above": 38.333848193025275,
    "turn_on_times": 0,
    "turn_on_ratio": 0.0
  },
  "4": {
    "validity_ratio": 0.39375,
    "below": 0,
    "above": 0.04426022015451912,
    "turn_on_times": 4,
    "turn_on_ratio": 0.8
  },
  "5": {
    "validity_ratio": 0.3951388888888889,
    "below": -0.39244461064394,
    "above": 44.14080366008139,
    "turn_on_times": 1,
    "turn_on_ratio": 0.2
  },
  "6": {
    "validity_ratio": 0.3888888888888889,
    "below": -3.0788006162874084,
    "above": 10.072909791824362,
    "turn_on_times": 2,
    "turn_on_ratio": 0.6666666666666666
  },
  "7": {
    "validity_ratio": 0.3951388888888889,
    "below": -0.5475414341453269,
    "above": 12.274553380833588,
    "turn_on_times": 0,
    "turn_on_ratio": 0.0
  },
  "8": {
    "validity_ratio": 0.3909722222222222,
    "below": 0,
    "above": 0,
    "turn_on_times": 0,
    "turn_on_ratio": 0
  },
  "9": {
    "validity_ratio": 0.39375,
    "below": 0,
    "above": 0,
    "turn_on_times": 0,
    "turn_on_ratio": 0
  },
  "10": {
    "validity_ratio": 0.3888888888888889,
    "below": 0,
    "above": 0,
    "turn_on_times": 0,
    "turn_on_ratio": 0
  },
  "12": {
    "validity_ratio": 0.39375,
    "below": 0,
    "above": 52.547836183995955,
    "turn_on_times": 0,
    "turn_on_ratio": 0.0
  },
  "13": {
    "validity_ratio": 0.0,
    "below": 0,
    "above": 0,
    "turn_on_times": 0,
    "turn_on_ratio": 0.0
  }
}