{
  "1": {
    "validity_ratio": 0.33402777777777776,
    "below": 0,
    "above": 15.985304183457451,
    "turn_on_times": 1,
    "turn_on_ratio": 0.3333333333333333
  },
  "2": {
    "validity_ratio": 0.33958333333333335,
    "below": 0,
    "above": 13.1719396944581,
    "turn_on_times": 0,
    "turn_on_ratio": 0.0
  },
  "3": {
    "validity_ratio": 0.33402777777777776,
    "below": 0,
    "above": 32.411033380589316,
    "turn_on_times": 0,
    "turn_on_ratio": 0.0
  },
  "4": {
    "validity_ratio": 0.33819444444444446,
    "below": 0,
    "above": 0.04359424999075386,
    "turn_on_times": 3,
    "turn_on_ratio": 1.0
  },
  "5": {
    "validity_ratio": 0.3333333333333333,
    "below": 0,
    "above": 38.799871602221636,
    "turn_on_times": 0,
    "turn_on_ratio": 0.0
  },
  "6": {
    "validity_ratio": 0.3333333333333333,
    "below": -3.0789054001185208,
    "above": 5.553697559279549,
    "turn_on_times": 2,
    "turn_on_ratio": 0.6666666666666666
  },
  "7": {
    "validity_ratio": 0.33958333333333335,
    "below": -0.5475203441008087,
    "above": 8.257730352039257,
    "turn_on_times": 0,
    "turn_on_ratio": 0.0
  },
  "8": {
    "validity_ratio": 0.33541666666666664,
    "below": 0,
    "above": 0,
    "turn_on_times": 0,
    "turn_on_ratio": 0
  },
  "9": {
    "validity_ratio": 0.33819444444444446,
    "below": 0,
    "above": 0,
    "turn_on_times": 0,
    "turn_on_ratio": 0
  },
  "10": {
    "validity_ratio": 0.3333333333333333,
    "below": 0,
    "above": 0,
    "turn_on_times": 0,
    "turn_on_ratio": 0
  },
  "12": {
    "validity_ratio": 0.33819444444444446,
    "below": 0,
    "above": 48.04276143212667,
    "turn_on_times": 0,
    "turn_on_ratio": 0.0
  },
  "13": {
    "validity_ratio": 0.0,
    "below": 0,
    "above": 0,
    "turn_on_times": 0,
    "turn_on_ratio": 0.0
  }
}