{
  "1": {
    "validity_ratio": 0.8388888888888889,
    "below": -1.00230960041442,
    "above": 44.59025497821618,
    "turn_on_times": 2,
    "turn_on_ratio": 0.3333333333333333
  },
  "2": {
    "validity_ratio": 0.8388888888888889,
    "below": 0,
    "above": 32.30307565092211,
    "turn_on_times": 2,
    "turn_on_ratio": 0.3333333333333333
  },
  "3": {
    "validity_ratio": 0.8388888888888889,
    "below": 0,
    "above": 84.56560738887293,
    "turn_on_times": 0,
    "turn_on_ratio": 0.0
  },
  "4": {
    "validity_ratio": 0.8381944444444445,
    "below": 0,
    "above": 1.4385659506090194,
    "turn_on_times": 6,
    "turn_on_ratio": 0.8571428571428571
  },
  "5": {
    "validity_ratio": 0.8340277777777778,
    "below": -4.137862439516652,
    "above": 56.63625676248228,
    "turn_on_times": 1,
    "turn_on_ratio": 0.14285714285714285
  },
  "6": {
    "validity_ratio": 0.8340277777777778,
    "below": -3.0790730986228407,
    "above": 27.742630317263718,
    "turn_on_times": 2,
    "turn_on_ratio": 0.3333333333333333
  },
  "7": {
    "validity_ratio": 0.8340277777777778,
    "below": -0.5474865912365703,
    "above": 28.259707891885657,
    "turn_on_times": 0,
    "turn_on_ratio": 0.0
  },
  "8": {
    "validity_ratio": 0.8354166666666667,
    "below": 0,
    "above": 0,
    "turn_on_times": 0,
    "turn_on_ratio": 0
  },
  "9": {
    "validity_ratio": 0.8381944444444445,
    "below": 0,
    "above": 0,
    "turn_on_times": 0,
    "turn_on_ratio": 0
  },
  "10": {
    "validity_ratio": 0.8333333333333334,
    "below": 0,
    "above": 0,
    "turn_on_times": 0,
    "turn_on_ratio": 0
  },
  "12": {
    "validity_ratio": 0.8388888888888889,
    "below": 0,
    "above": 91.50933009017693,
    "turn_on_times": 0,
    "turn_on_ratio": 0.0
  },
  "13": {
    "validity_ratio": 0.0,
    "below": 0,
    "above": 0,
    "turn_on_times": 0,
    "turn_on_ratio": 0.0
  }
}