{
  "1": {
    "validity_ratio": 0.14722222222222223,
    "below": 0,
    "above": 9.920658580639806,
    "turn_on_times": 1,
    "turn_on_ratio": 0.5
  },
  "2": {
    "validity_ratio": 0.15208333333333332,
    "below": 0,
    "above": 8.582507824576266,
    "turn_on_times": 0,
    "turn_on_ratio": 0.0
  },
  "3": {
    "validity_ratio": 0.14722222222222223,
    "below": 0,
    "above": 11.652525402498597,
    "turn_on_times": 0,
    "turn_on_ratio": 0.0
  },
  "4": {
    "validity_ratio": 0.15069444444444444,
    "below": 0,
    "above": 0.01134142211897363,
    "turn_on_times": 1,
    "turn_on_ratio": 1.0
  },
  "5": {
    "validity_ratio": 0.15208333333333332,
    "below": 0,
    "above": 13.666682894043388,
    "turn_on_times": 0,
    "turn_on_ratio": 0.0
  },
  "6": {
    "validity_ratio": 0.14583333333333334,
    "below": -1.688540522931315,
    "above": 4.379202027406288,
    "turn_on_times": 1,
    "turn_on_ratio": 0.5
  },
  "7": {
    "validity_ratio": 0.15138888888888888,
    "below": -0.5474962647652677,
    "above": 3.497239406152485,
    "turn_on_times": 0,
    "turn_on_ratio": 0.0
  },
  "8": {
    "validity_ratio": 0.14791666666666667,
    "below": 0,
    "above": 0,
    "turn_on_times": 0,
    "turn_on_ratio": 0
  },
  "9": {
    "validity_ratio": 0.15,
    "below": 0,
    "above": 0,
    "turn_on_times": 0,
    "turn_on_ratio": 0
  },
  "10": {
    "validity_ratio": 0.14583333333333334,
    "below": 0,
    "above": 0,
    "turn_on_times": 0,
    "turn_on_ratio": 0
  },
  "12": {
    "validity_ratio": 0.15069444444444444,
    "below": 0,
    "above": 22.69517854722398,
    "turn_on_times": 0,
    "turn_on_ratio": 0.0
  },
  "13": {
    "validity_ratio": 0.0,
    "below": 0,
    "above": 0,
    "turn_on_times": 0,
    "turn_on_ratio": 0.0
  }
}