{
  "1": {
    "validity_ratio": 0.8590277777777777,
    "below": -1.6155459233077019,
    "above": 44.58955835718218,
    "turn_on_times": 2,
    "turn_on_ratio": 0.3333333333333333
  },
  "2": {
    "validity_ratio": 0.8534722222222222,
    "below": 0,
    "above": 33.82267486733374,
    "turn_on_times": 2,
    "turn_on_ratio": 0.3333333333333333
  },
  "3": {
    "validity_ratio": 0.8604166666666667,
    "below": 0,
    "above": 84.78104364235078,
    "turn_on_times": 0,
    "turn_on_ratio": 0.0
  },
  "4": {
    "validity_ratio": 0.8590277777777777,
    "below": 0,
    "above": 1.4396282424892475,
    "turn_on_times": 7,
    "turn_on_ratio": 0.875
  },
  "5": {
    "validity_ratio": 0.8618055555555556,
    "below": -4.137918225293482,
    "above": 57.75972442798675,
    "turn_on_times": 1,
    "turn_on_ratio": 0.125
  },
  "6": {
    "validity_ratio": 0.8618055555555556,
    "below": -3.078891482916623,
    "above": 29.402432585075452,
    "turn_on_times": 2,
    "turn_on_ratio": 0.3333333333333333
  },
  "7": {
    "validity_ratio": 0.8618055555555556,
    "below": -0.5475231452391457,
    "above": 29.659232152519458,
    "turn_on_times": 0,
    "turn_on_ratio": 0.0
  },
  "8": {
    "validity_ratio": 0.8631944444444445,
    "below": 0,
    "above": 0,
    "turn_on_times": 0,
    "turn_on_ratio": 0
  },
  "9": {
    "validity_ratio": 0.8590277777777777,
    "below": 0,
    "above": 0,
    "turn_on_times": 0,
    "turn_on_ratio": 0
  },
  "10": {
    "validity_ratio": 0.8611111111111112,
    "below": 0,
    "above": 0,
    "turn_on_times": 0,
    "turn_on_ratio": 0
  },
  "12": {
    "validity_ratio": 0.8597222222222223,
    "below": 0,
    "above": 91.64029454732277,
    "turn_on_times": 0,
    "turn_on_ratio": 0.0
  },
  "13": {
    "validity_ratio": 0.0,
    "below": 0,
    "above": 0,
    "turn_on_times": 0,
    "turn_on_ratio": 0.0
  }
}