{
  "1": {
    "validity_ratio": 0.5048611111111111,
    "below": 0,
    "above": 10.165829648400868,
    "turn_on_times": 0,
    "turn_on_ratio": 0.0
  },
  "2": {
    "validity_ratio": 0.50625,
    "below": -4.166924919293591,
    "above": 0,
    "turn_on_times": 1,
    "turn_on_ratio": 1.0
  },
  "3": {
    "validity_ratio": 0.5013888888888889,
    "below": -2.491902743989702,
    "above": 4.5940359456543955,
    "turn_on_times": 0,
    "turn_on_ratio": 0.0
  },
  "4": {
    "validity_ratio": 0.5013888888888889,
    "below": -4.900444058097415,
    "above": 0,
    "turn_on_times": 0,
    "turn_on_ratio": 0.0
  },
  "5": {
    "validity_ratio": 0.5055555555555555,
    "below": -0.6911326802398373,
    "above": 0.9386958426942271,
    "turn_on_times": 0,
    "turn_on_ratio": 0.0
  },
  "6": {
    "validity_ratio": 0.5,
    "below": -0.5592853713485565,
    "above": 3.504321442497062,
    "turn_on_times": 0,
    "turn_on_ratio": 0.0
  },
  "7": {
    "validity_ratio": 0.5055555555555555,
    "below": -5.2207011026652665,
    "above": 0.21814166711037128,
    "turn_on_times": 1,
    "turn_on_ratio": 1.0
  },
  "8": {
    "validity_ratio": 0.5006944444444444,
    "below": -6.767960326025123,
    "above": 0,
    "turn_on_times": 1,
    "turn_on_ratio": 1.0
  },
  "9": {
    "validity_ratio": 0.5,
    "below": 0,
    "above": 16.419825250355807,
    "turn_on_times": 0,
    "turn_on_ratio": 0.0
  },
  "10": {
    "validity_ratio": 0.5055555555555555,
    "below": 0,
    "above": 0,
    "turn_on_times": 0,
    "turn_on_ratio": 0
  }
}