{
  "1": {
    "validity_ratio": 0.45694444444444443,
    "below": 0,
    "above": 10.16588739592478,
    "turn_on_times": 0,
    "turn_on_ratio": 0.0
  },
  "2": {
    "validity_ratio": 0.4576388888888889,
    "below": -3.990715712433855,
    "above": 0,
    "turn_on_times": 1,
    "turn_on_ratio": 1.0
  },
  "3": {
    "validity_ratio": 0.4527777777777778,
    "below": -2.445436280459878,
    "above": 4.594083961666623,
    "turn_on_times": 0,
    "turn_on_ratio": 0.0
  },
  "4": {
    "validity_ratio": 0.4527777777777778,
    "below": -3.8003639077820526,
    "above": 0,
    "turn_on_times": 0,
    "turn_on_ratio": 0.0
  },
  "5": {
    "validity_ratio": 0.45694444444444443,
    "below": -0.6911359250617749,
    "above": 0.9387183482772788,
    "turn_on_times": 0,
    "turn_on_ratio": 0.0
  },
  "6": {
    "validity_ratio": 0.4513888888888889,
    "below": -0.4511947950190244,
    "above": 3.5044120042853675,
    "turn_on_times": 0,
    "turn_on_ratio": 0.0
  },
  "7": {
    "validity_ratio": 0.45625,
    "below": -5.220662609799247,
    "above": 0,
    "turn_on_times": 1,
    "turn_on_ratio": 1.0
  },
  "8": {
    "validity_ratio": 0.45208333333333334,
    "below": -3.9744146184668683,
    "above": 0,
    "turn_on_times": 1,
    "turn_on_ratio": 1.0
  },
  "9": {
    "validity_ratio": 0.4513888888888889,
    "below": 0,
    "above": 11.444681016851456,
    "turn_on_times": 0,
    "turn_on_ratio": 0.0
  },
  "10": {
    "validity_ratio": 0.45694444444444443,
    "below": 0,
    "above": 0,
    "turn_on_times": 0,
    "turn_on_ratio": 0
  }
}