{
  "1": {
    "validity_ratio": 0.7680555555555556,
    "below": 0,
    "above": 11.18127008409083,
    "turn_on_times": 0,
    "turn_on_ratio": 0.0
  },
  "2": {
    "validity_ratio": 0.7701388888888889,
    "below": -4.919087533966357,
    "above": 5.99426121755024,
    "turn_on_times": 1,
    "turn_on_ratio": 1.0
  },
  "3": {
    "validity_ratio": 0.7715277777777778,
    "below": -3.083358820831964,
    "above": 4.849702620037963,
    "turn_on_times": 0,
    "turn_on_ratio": 0.0
  },
  "4": {
    "validity_ratio": 0.7729166666666667,
    "below": -6.152842852571104,
    "above": 0.3166666666666665,
    "turn_on_times": 0,
    "turn_on_ratio": 0.0
  },
  "5": {
    "validity_ratio": 0.7701388888888889,
    "below": -0.6911264452221574,
    "above": 3.646926321507157,
    "turn_on_times": 0,
    "turn_on_ratio": 0.0
  },
  "6": {
    "validity_ratio": 0.7701388888888889,
    "below": -0.5592833285728938,
    "above": 7.113378416914679,
    "turn_on_times": 0,
    "turn_on_ratio": 0.0
  },
  "7": {
    "validity_ratio": 0.7701388888888889,
    "below": -5.22077506780258,
    "above": 3.318899110921441,
    "turn_on_times": 1,
    "turn_on_ratio": 1.0
  },
  "8": {
    "validity_ratio": 0.7715277777777778,
    "below": -17.636853755262898,
    "above": 0,
    "turn_on_times": 1,
    "turn_on_ratio": 1.0
  },
  "9": {
    "validity_ratio": 0.7708333333333334,
    "below": 0,
    "above": 36.609865335533655,
    "turn_on_times": 0,
    "turn_on_ratio": 0.0
  },
  "10": {
    "validity_ratio": 0.7625,
    "below": 0,
    "above": 0,
    "turn_on_times": 0,
    "turn_on_ratio": 0
  }
}