{
  "1": {
    "validity_ratio": 0.6569444444444444,
    "below": 0,
    "above": 11.180461888197682,
    "turn_on_times": 0,
    "turn_on_ratio": 0.0
  },
  "2": {
    "validity_ratio": 0.6590277777777778,
    "below": -4.90999493217799,
    "above": 0.29781106100039484,
    "turn_on_times": 1,
    "turn_on_ratio": 1.0
  },
  "3": {
    "validity_ratio": 0.6604166666666667,
    "below": -3.083842790185361,
    "above": 4.5932881472363265,
    "turn_on_times": 0,
    "turn_on_ratio": 0.0
  },
  "4": {
    "validity_ratio": 0.6618055555555555,
    "below": -6.153157197460369,
    "above": 0.3166666666666665,
    "turn_on_times": 0,
    "turn_on_ratio": 0.0
  },
  "5": {
    "validity_ratio": 0.6583333333333333,
    "below": -0.6910821455827594,
    "above": 1.4999966990333107,
    "turn_on_times": 0,
    "turn_on_ratio": 0.0
  },
  "6": {
    "validity_ratio": 0.6597222222222222,
    "below": -0.5592688147046299,
    "above": 3.502911038781749,
    "turn_on_times": 0,
    "turn_on_ratio": 0.0
  },
  "7": {
    "validity_ratio": 0.6583333333333333,
    "below": -5.221300588190684,
    "above": 0.316862971308248,
    "turn_on_times": 1,
    "turn_on_ratio": 1.0
  },
  "8": {
    "validity_ratio": 0.6604166666666667,
    "below": -14.932530781474608,
    "above": 0,
    "turn_on_times": 1,
    "turn_on_ratio": 1.0
  },
  "9": {
    "validity_ratio": 0.6597222222222222,
    "below": 0,
    "above": 31.710690214007563,
    "turn_on_times": 0,
    "turn_on_ratio": 0.0
  },
  "10": {
    "validity_ratio": 0.6583333333333333,
    "below": 0,
    "above": 0,
    "turn_on_times": 0,
    "turn_on_ratio": 0
  }
}