{
  "1": {
    "validity_ratio": 0.39444444444444443,
    "below": 0,
    "above": 10.165686977366255,
    "turn_on_times": 0,
    "turn_on_ratio": 0.0
  },
  "2": {
    "validity_ratio": 0.3951388888888889,
    "below": -3.9737801515122904,
    "above": 0,
    "turn_on_times": 1,
    "turn_on_ratio": 1.0
  },
  "3": {
    "validity_ratio": 0.3909722222222222,
    "below": -1.3918648687500008,
    "above": 4.593917871961079,
    "turn_on_times": 0,
    "turn_on_ratio": 0.0
  },
  "4": {
    "validity_ratio": 0.3902777777777778,
    "below": -1.666998808076171,
    "above": 0,
    "turn_on_times": 0,
    "turn_on_ratio": 0.0
  },
  "5": {
    "validity_ratio": 0.39375,
    "below": -0.34454095935769696,
    "above": 0.9386405003784433,
    "turn_on_times": 0,
    "turn_on_ratio": 0.0
  },
  "6": {
    "validity_ratio": 0.3951388888888889,
    "below": 0,
    "above": 3.504098746685301,
    "turn_on_times": 0,
    "turn_on_ratio": 0.0
  },
  "7": {
    "validity_ratio": 0.39375,
    "below": -4.034891595802142,
    "above": 0,
    "turn_on_times": 1,
    "turn_on_ratio": 1.0
  },
  "8": {
    "validity_ratio": 0.38958333333333334,
    "below": -0.7080002963495815,
    "above": 0,
    "turn_on_times": 1,
    "turn_on_ratio": 1.0
  },
  "9": {
    "validity_ratio": 0.3888888888888889,
    "below": 0,
    "above": 5.171922969476419,
    "turn_on_times": 0,
    "turn_on_ratio": 0.0
  },
  "10": {
    "validity_ratio": 0.39444444444444443,
    "below": 0,
    "above": 0,
    "turn_on_times": 0,
    "turn_on_ratio": 0
  }
}