{
  "1": {
    "validity_ratio": 0.8576388888888888,
    "below": 0,
    "above": 11.28148109797482,
    "turn_on_times": 0,
    "turn_on_ratio": 0.0
  },
  "2": {
    "validity_ratio": 0.8604166666666667,
    "below": -4.909980391772946,
    "above": 8.895351176158968,
    "turn_on_times": 1,
    "turn_on_ratio": 1.0
  },
  "3": {
    "validity_ratio": 0.8618055555555556,
    "below": -3.0838708756821607,
    "above": 6.091187786067492,
    "turn_on_times": 0,
    "turn_on_ratio": 0.0
  },
  "4": {
    "validity_ratio": 0.8631944444444445,
    "below": -6.153175439384825,
    "above": 0.3166666666666665,
    "turn_on_times": 0,
    "turn_on_ratio": 0.0
  },
  "5": {
    "validity_ratio": 0.8604166666666667,
    "below": -0.6910795748055576,
    "above": 4.064603363479385,
    "turn_on_times": 0,
    "turn_on_ratio": 0.0
  },
  "6": {
    "validity_ratio": 0.8604166666666667,
    "below": -0.5592679724422059,
    "above": 7.981320994577608,
    "turn_on_times": 0,
    "turn_on_ratio": 0.0
  },
  "7": {
    "validity_ratio": 0.8590277777777777,
    "below": -5.221331084958867,
    "above": 4.16908659258784,
    "turn_on_times": 1,
    "turn_on_ratio": 1.0
  },
  "8": {
    "validity_ratio": 0.8618055555555556,
    "below": -18.198779679561603,
    "above": 0,
    "turn_on_times": 1,
    "turn_on_ratio": 1.0
  },
  "9": {
    "validity_ratio": 0.8611111111111112,
    "below": 0,
    "above": 41.21561689263569,
    "turn_on_times": 0,
    "turn_on_ratio": 0.0
  },
  "10": {
    "validity_ratio": 0.8597222222222223,
    "below": 0,
    "above": 0,
    "turn_on_times": 0,
    "turn_on_ratio": 0
  }
}