{
  "1": {
    "validity_ratio": 0.9958333333333333,
    "below": -7.045853334511162,
    "above": 13.565684668530421,
    "turn_on_times": 0,
    "turn_on_ratio": 0.0
  },
  "2": {
    "validity_ratio": 0.9930555555555556,
    "below": -12.112290841824334,
    "above": 6.661526130955575,
    "turn_on_times": 1,
    "turn_on_ratio": 1.0
  },
  "3": {
    "validity_ratio": 0.9930555555555556,
    "below": -10.018921589438706,
    "above": 1.9707281421986094,
    "turn_on_times": 0,
    "turn_on_ratio": 0.0
  },
  "4": {
    "validity_ratio": 0.99375,
    "below": -10.908313410776689,
    "above": 1.31512086355049,
    "turn_on_times": 0,
    "turn_on_ratio": 0.0
  },
  "5": {
    "validity_ratio": 0.9944444444444445,
    "below": -6.930888256191532,
    "above": 1.0303691316880657,
    "turn_on_times": 1,
    "turn_on_ratio": 1.0
  },
  "6": {
    "validity_ratio": 0.9944444444444445,
    "below": -2.8758929358980274,
    "above": 11.746796730317875,
    "turn_on_times": 0,
    "turn_on_ratio": 0.0
  },
  "7": {
    "validity_ratio": 0.9944444444444445,
    "below": -3.82258529961615,
    "above": 11.387814118087409,
    "turn_on_times": 0,
    "turn_on_ratio": 0.0
  },
  "8": {
    "validity_ratio": 0.9944444444444445,
    "below": -5.641591185480888,
    "above": 0.14311403733693212,
    "turn_on_times": 4,
    "turn_on_ratio": 0.8
  },
  "9": {
    "validity_ratio": 0.9895833333333334,
    "below": 0.07227882110638338,
    "above": 24.190380073046057,
    "turn_on_times": 1,
    "turn_on_ratio": 0.2
  },
  "10": {
    "validity_ratio": 0.0,
    "below": 0,
    "above": 0,
    "turn_on_times": 0,
    "turn_on_ratio": 0
  }
}