{
  "1": {
    "validity_ratio": 0.9138888888888889,
    "below": -11.700620945779828,
    "above": 20.204161089571336,
    "turn_on_times": 0,
    "turn_on_ratio": 0.0
  },
  "2": {
    "validity_ratio": 0.9138888888888889,
    "below": -1.0379754123100053,
    "above": 2.867968540097533,
    "turn_on_times": 4,
    "turn_on_ratio": 1.0
  },
  "3": {
    "validity_ratio": 0.9152777777777777,
    "below": -3.8600993266882915,
    "above": 14.050268995705034,
    "turn_on_times": 1,
    "turn_on_ratio": 0.16666666666666666
  },
  "4": {
    "validity_ratio": 0.91875,
    "below": -0.9306067446645959,
    "above": 0.9928548942678423,
    "turn_on_times": 3,
    "turn_on_ratio": 0.5
  },
  "5": {
    "validity_ratio": 0.91875,
    "below": -0.7237178722718106,
    "above": 5.507451456860717,
    "turn_on_times": 2,
    "turn_on_ratio": 0.3333333333333333
  },
  "6": {
    "validity_ratio": 0.9145833333333333,
    "below": -5.148605171790785,
    "above": 10.147952438561267,
    "turn_on_times": 0,
    "turn_on_ratio": 0.0
  },
  "7": {
    "validity_ratio": 0.9166666666666666,
    "below": -4.998399653229557,
    "above": 4.99665236164124,
    "turn_on_times": 0,
    "turn_on_ratio": 0.0
  },
  "8": {
    "validity_ratio": 0.91875,
    "below": -0.008357255848333326,
    "above": 0,
    "turn_on_times": 4,
    "turn_on_ratio": 1.0
  },
  "9": {
    "validity_ratio": 0.91875,
    "below": 0,
    "above": 7.22431001280661,
    "turn_on_times": 0,
    "turn_on_ratio": 0.0
  },
  "10": {
    "validity_ratio": 0.9166666666666666,
    "below": -10.259649410800092,
    "above": 0,
    "turn_on_times": 1,
    "turn_on_ratio": 1.0
  },
  "12": {
    "validity_ratio": 0.9152777777777777,
    "below": 0,
    "above": 28.19091827547388,
    "turn_on_times": 0,
    "turn_on_ratio": 0.0
  },
  "13": {
    "validity_ratio": 0.9145833333333333,
    "below": 0,
    "above": 31.089816358260336,
    "turn_on_times": 0,
    "turn_on_ratio": 0.0
  }
}