{
  "1": {
    "validity_ratio": 0.6451388888888889,
    "below": -0.4911935360021011,
    "above": 20.204180882278845,
    "turn_on_times": 0,
    "turn_on_ratio": 0.0
  },
  "2": {
    "validity_ratio": 0.6430555555555556,
    "below": -1.0379716489195705,
    "above": 1.590002717539498,
    "turn_on_times": 4,
    "turn_on_ratio": 1.0
  },
  "3": {
    "validity_ratio": 0.6388888888888888,
    "below": -3.860155990818369,
    "above": 5.991319213075742,
    "turn_on_times": 1,
    "turn_on_ratio": 0.25
  },
  "4": {
    "validity_ratio": 0.6423611111111112,
    "below": -0.6578975466725115,
    "above": 0,
    "turn_on_times": 2,
    "turn_on_ratio": 0.5
  },
  "5": {
    "validity_ratio": 0.6409722222222223,
    "below": -0.7237219799586184,
    "above": 0.5194613915090295,
    "turn_on_times": 1,
    "turn_on_ratio": 0.25
  },
  "6": {
    "validity_ratio": 0.6444444444444445,
    "below": -5.148615358649685,
    "above": 10.147978058824433,
    "turn_on_times": 0,
    "turn_on_ratio": 0.0
  },
  "7": {
    "validity_ratio": 0.6388888888888888,
    "below": -4.5910613374335565,
    "above": 4.562990953827459,
    "turn_on_times": 0,
    "turn_on_ratio": 0.0
  },
  "8": {
    "validity_ratio": 0.6423611111111112,
    "below": -0.0083572470772222,
    "above": 0,
    "turn_on_times": 4,
    "turn_on_ratio": 1.0
  },
  "9": {
    "validity_ratio": 0.6416666666666667,
    "below": 0,
    "above": 7.224308752203211,
    "turn_on_times": 0,
    "turn_on_ratio": 0.0
  },
  "10": {
    "validity_ratio": 0.6388888888888888,
    "below": 0,
    "above": 0,
    "turn_on_times": 0,
    "turn_on_ratio": 0
  },
  "12": {
    "validity_ratio": 0.6388888888888888,
    "below": 0,
    "above": 21.37397645142789,
    "turn_on_times": 0,
    "turn_on_ratio": 0.0
  },
  "13": {
    "validity_ratio": 0.64375,
    "below": 0,
    "above": 14.757877147620418,
    "turn_on_times": 0,
    "turn_on_ratio": 0.0
  }
}