{
  "1": {
    "validity_ratio": 0.4270833333333333,
    "below": 0,
    "above": 8.508851085743563,
    "turn_on_times": 0,
    "turn_on_ratio": 0.0
  },
  "2": {
    "validity_ratio": 0.42777777777777776,
    "below": -0.8814041220934328,
    "above": 0,
    "turn_on_times": 4,
    "turn_on_ratio": 1.0
  },
  "3": {
    "validity_ratio": 0.42430555555555555,
    "below": -1.5368754561259763,
    "above": 5.990395519534617,
    "turn_on_times": 0,
    "turn_on_ratio": 0.0
  },
  "4": {
    "validity_ratio": 0.42777777777777776,
    "below": -0.2994841159420285,
    "above": 0,
    "turn_on_times": 2,
    "turn_on_ratio": 0.6666666666666666
  },
  "5": {
    "validity_ratio": 0.425,
    "below": -0.7236339524488982,
    "above": 0.4275209662664988,
    "turn_on_times": 1,
    "turn_on_ratio": 0.3333333333333333
  },
  "6": {
    "validity_ratio": 0.42916666666666664,
    "below": 0,
    "above": 9.459756998027855,
    "turn_on_times": 0,
    "turn_on_ratio": 0.0
  },
  "7": {
    "validity_ratio": 0.425,
    "below": 0,
    "above": 4.522901988835449,
    "turn_on_times": 0,
    "turn_on_ratio": 0.0
  },
  "8": {
    "validity_ratio": 0.42430555555555555,
    "below": -0.008357435041666684,
    "above": 0,
    "turn_on_times": 3,
    "turn_on_ratio": 1.0
  },
  "9": {
    "validity_ratio": 0.4263888888888889,
    "below": 0,
    "above": 4.668935512741671,
    "turn_on_times": 0,
    "turn_on_ratio": 0.0
  },
  "10": {
    "validity_ratio": 0.4236111111111111,
    "below": 0,
    "above": 0,
    "turn_on_times": 0,
    "turn_on_ratio": 0
  },
  "12": {
    "validity_ratio": 0.42430555555555555,
    "below": 0,
    "above": 12.782969739128724,
    "turn_on_times": 0,
    "turn_on_ratio": 0.0
  },
  "13": {
    "validity_ratio": 0.4284722222222222,
    "below": 0,
    "above": 9.27970506329423,
    "turn_on_times": 0,
    "turn_on_ratio": 0.0
  }
}