{
  "1": {
    "validity_ratio": 0.4340277777777778,
    "below": 0,
    "above": 8.808012508124209,
    "turn_on_times": 0,
    "turn_on_ratio": 0.0
  },
  "2": {
    "validity_ratio": 0.43472222222222223,
    "below": -0.881538148685525,
    "above": 0,
    "turn_on_times": 4,
    "turn_on_ratio": 1.0
  },
  "3": {
    "validity_ratio": 0.43125,
    "below": -1.686806833326555,
    "above": 5.988838595072867,
    "turn_on_times": 0,
    "turn_on_ratio": 0.0
  },
  "4": {
    "validity_ratio": 0.4340277777777778,
    "below": -0.4206341912431567,
    "above": 0,
    "turn_on_times": 2,
    "turn_on_ratio": 0.6666666666666666
  },
  "5": {
    "validity_ratio": 0.43194444444444446,
    "below": -0.7234859308048298,
    "above": 0.4274539902496141,
    "turn_on_times": 1,
    "turn_on_ratio": 0.3333333333333333
  },
  "6": {
    "validity_ratio": 0.4361111111111111,
    "below": 0,
    "above": 9.728788733529882,
    "turn_on_times": 0,
    "turn_on_ratio": 0.0
  },
  "7": {
    "validity_ratio": 0.43194444444444446,
    "below": 0,
    "above": 4.514565942691417,
    "turn_on_times": 0,
    "turn_on_ratio": 0.0
  },
  "8": {
    "validity_ratio": 0.43680555555555556,
    "below": -0.008357751111111138,
    "above": 0,
    "turn_on_times": 3,
    "turn_on_ratio": 1.0
  },
  "9": {
    "validity_ratio": 0.4263888888888889,
    "below": 0,
    "above": 4.6678625175851245,
    "turn_on_times": 0,
    "turn_on_ratio": 0.0
  },
  "10": {
    "validity_ratio": 0.4305555555555556,
    "below": 0,
    "above": 0,
    "turn_on_times": 0,
    "turn_on_ratio": 0
  },
  "12": {
    "validity_ratio": 0.43125,
    "below": 0,
    "above": 13.159058939273539,
    "turn_on_times": 0,
    "turn_on_ratio": 0.0
  },
  "13": {
    "validity_ratio": 0.4354166666666667,
    "below": 0,
    "above": 9.590947773014085,
    "turn_on_times": 0,
    "turn_on_ratio": 0.0
  }
}