{
  "1": {
    "validity_ratio": 0.9895833333333334,
    "below": -11.996163594490916,
    "above": 21.888486341018105,
    "turn_on_times": 1,
    "turn_on_ratio": 0.14285714285714285
  },
  "2": {
    "validity_ratio": 0.9902777777777778,
    "below": -1.0380917129452716,
    "above": 9.868104832573175,
    "turn_on_times": 4,
    "turn_on_ratio": 0.5714285714285714
  },
  "3": {
    "validity_ratio": 0.9916666666666667,
    "below": -3.858350739832617,
    "above": 16.03876092756167,
    "turn_on_times": 1,
    "turn_on_ratio": 0.125
  },
  "4": {
    "validity_ratio": 0.9951388888888889,
    "below": -0.9306517901814154,
    "above": 3.7335520893853538,
    "turn_on_times": 3,
    "turn_on_ratio": 0.375
  },
  "5": {
    "validity_ratio": 0.9944444444444445,
    "below": -0.723590931792627,
    "above": 5.507603665651776,
    "turn_on_times": 3,
    "turn_on_ratio": 0.375
  },
  "6": {
    "validity_ratio": 0.9909722222222223,
    "below": -5.1482903657183945,
    "above": 12.517643657903488,
    "turn_on_times": 0,
    "turn_on_ratio": 0.0
  },
  "7": {
    "validity_ratio": 0.99375,
    "below": -4.998376671397905,
    "above": 4.988194275217653,
    "turn_on_times": 2,
    "turn_on_ratio": 0.2857142857142857
  },
  "8": {
    "validity_ratio": 0.9951388888888889,
    "below": -0.008357526903333341,
    "above": 0,
    "turn_on_times": 4,
    "turn_on_ratio": 1.0
  },
  "9": {
    "validity_ratio": 0.9951388888888889,
    "below": 0,
    "above": 7.22434890815335,
    "turn_on_times": 0,
    "turn_on_ratio": 0.0
  },
  "10": {
    "validity_ratio": 0.9930555555555556,
    "below": -10.259269655684353,
    "above": 0,
    "turn_on_times": 1,
    "turn_on_ratio": 1.0
  },
  "12": {
    "validity_ratio": 0.9916666666666667,
    "below": 0,
    "above": 28.255059496995962,
    "turn_on_times": 1,
    "turn_on_ratio": 0.125
  },
  "13": {
    "validity_ratio": 0.9909722222222223,
    "below": 0,
    "above": 40.798261445708,
    "turn_on_times": 0,
    "turn_on_ratio": 0.0
  }
}