{
  "1": {
    "validity_ratio": 0.8027777777777778,
    "below": -8.167210891340066,
    "above": 20.203658823717998,
    "turn_on_times": 0,
    "turn_on_ratio": 0.0
  },
  "2": {
    "validity_ratio": 0.8027777777777778,
    "below": -1.038070910368427,
    "above": 2.2892527158927423,
    "turn_on_times": 4,
    "turn_on_ratio": 1.0
  },
  "3": {
    "validity_ratio": 0.8041666666666667,
    "below": -3.858663150194306,
    "above": 5.990182117076306,
    "turn_on_times": 1,
    "turn_on_ratio": 0.25
  },
  "4": {
    "validity_ratio": 0.8013888888888889,
    "below": -0.6579991988863437,
    "above": 0.9643393782000015,
    "turn_on_times": 2,
    "turn_on_ratio": 0.5
  },
  "5": {
    "validity_ratio": 0.8006944444444445,
    "below": -0.7236136375075792,
    "above": 0.5194769987920576,
    "turn_on_times": 1,
    "turn_on_ratio": 0.25
  },
  "6": {
    "validity_ratio": 0.8034722222222223,
    "below": -5.148346674761735,
    "above": 10.147302290468913,
    "turn_on_times": 0,
    "turn_on_ratio": 0.0
  },
  "7": {
    "validity_ratio": 0.7986111111111112,
    "below": -4.9983807821348565,
    "above": 4.78013167038854,
    "turn_on_times": 0,
    "turn_on_ratio": 0.0
  },
  "8": {
    "validity_ratio": 0.8013888888888889,
    "below": -0.008357478420000024,
    "above": 0,
    "turn_on_times": 4,
    "turn_on_ratio": 1.0
  },
  "9": {
    "validity_ratio": 0.8013888888888889,
    "below": 0,
    "above": 7.224341959699768,
    "turn_on_times": 0,
    "turn_on_ratio": 0.0
  },
  "10": {
    "validity_ratio": 0.7986111111111112,
    "below": -4.875933315755166,
    "above": 0,
    "turn_on_times": 1,
    "turn_on_ratio": 1.0
  },
  "12": {
    "validity_ratio": 0.8041666666666667,
    "below": 0,
    "above": 26.55300357161721,
    "turn_on_times": 0,
    "turn_on_ratio": 0.0
  },
  "13": {
    "validity_ratio": 0.8034722222222223,
    "below": 0,
    "above": 16.956884623781846,
    "turn_on_times": 0,
    "turn_on_ratio": 0.0
  }
}