{
  "1": {
    "validity_ratio": 0.7479166666666667,
    "below": -5.979159310403709,
    "above": 20.203612174812715,
    "turn_on_times": 0,
    "turn_on_ratio": 0.0
  },
  "2": {
    "validity_ratio": 0.7472222222222222,
    "below": -1.0380797796508736,
    "above": 1.950664025953718,
    "turn_on_times": 4,
    "turn_on_ratio": 1.0
  },
  "3": {
    "validity_ratio": 0.7493055555555556,
    "below": -3.8585299334259555,
    "above": 5.9900803935010565,
    "turn_on_times": 1,
    "turn_on_ratio": 0.25
  },
  "4": {
    "validity_ratio": 0.7465277777777778,
    "below": -0.6580082817901931,
    "above": 0.8461806010000013,
    "turn_on_times": 2,
    "turn_on_ratio": 0.5
  },
  "5": {
    "validity_ratio": 0.7520833333333333,
    "below": -0.7236039568127006,
    "above": 0.5194783917853405,
    "turn_on_times": 1,
    "turn_on_ratio": 0.25
  },
  "6": {
    "validity_ratio": 0.7479166666666667,
    "below": -5.148322667120111,
    "above": 10.1472419066789,
    "turn_on_times": 0,
    "turn_on_ratio": 0.0
  },
  "7": {
    "validity_ratio": 0.75,
    "below": -4.998379029501643,
    "above": 4.562871673749369,
    "turn_on_times": 0,
    "turn_on_ratio": 0.0
  },
  "8": {
    "validity_ratio": 0.7520833333333333,
    "below": -0.008357499091111128,
    "above": 0,
    "turn_on_times": 4,
    "turn_on_ratio": 1.0
  },
  "9": {
    "validity_ratio": 0.7520833333333333,
    "below": 0,
    "above": 7.224344922672079,
    "turn_on_times": 0,
    "turn_on_ratio": 0.0
  },
  "10": {
    "validity_ratio": 0.75,
    "below": -2.3716488733143604,
    "above": 0,
    "turn_on_times": 1,
    "turn_on_ratio": 1.0
  },
  "12": {
    "validity_ratio": 0.7486111111111111,
    "below": 0,
    "above": 25.10768370484339,
    "turn_on_times": 0,
    "turn_on_ratio": 0.0
  },
  "13": {
    "validity_ratio": 0.7479166666666667,
    "below": 0,
    "above": 16.643183298673662,
    "turn_on_times": 0,
    "turn_on_ratio": 0.0
  }
}