{
  "1": {
    "validity_ratio": 0.9930555555555556,
    "below": -8.515076316424024,
    "above": 13.730383427514441,
    "turn_on_times": 0,
    "turn_on_ratio": 0.0
  },
  "2": {
    "validity_ratio": 0.9902777777777778,
    "below": -3.7401250142662006,
    "above": 27.361428162292242,
    "turn_on_times": 1,
    "turn_on_ratio": 1.0
  },
  "3": {
    "validity_ratio": 0.9909722222222223,
    "below": -3.455512077604869,
    "above": 29.55760422073918,
    "turn_on_times": 0,
    "turn_on_ratio": 0.0
  },
  "4": {
    "validity_ratio": 0.9930555555555556,
    "below": -5.217957145083357,
    "above": 8.742682854040947,
    "turn_on_times": 0,
    "turn_on_ratio": 0.0
  },
  "5": {
    "validity_ratio": 0.9944444444444445,
    "below": -4.247838786575999,
    "above": 3.075181572609686,
    "turn_on_times": 1,
    "turn_on_ratio": 1.0
  },
  "6": {
    "validity_ratio": 0.9930555555555556,
    "below": -0.8919805390486748,
    "above": 8.949285384374942,
    "turn_on_times": 0,
    "turn_on_ratio": 0.0
  },
  "7": {
    "validity_ratio": 0.9916666666666667,
    "below": 0,
    "above": 34.43613049544491,
    "turn_on_times": 0,
    "turn_on_ratio": 0.0
  },
  "8": {
    "validity_ratio": 0.9902777777777778,
    "below": -0.9200748144865605,
    "above": 0.08817999999999994,
    "turn_on_times": 4,
    "turn_on_ratio": 1.0
  },
  "9": {
    "validity_ratio": 0.9909722222222223,
    "below": 0,
    "above": 16.719527980650398,
    "turn_on_times": 0,
    "turn_on_ratio": 0.0
  },
  "10": {
    "validity_ratio": 0.0,
    "below": 0,
    "above": 0,
    "turn_on_times": 0,
    "turn_on_ratio": 0
  }
}