{
  "1": {
    "validity_ratio": 0.38958333333333334,
    "below": 0,
    "above": 7.559527776600427,
    "turn_on_times": 1,
    "turn_on_ratio": 0.3333333333333333
  },
  "2": {
    "validity_ratio": 0.3888888888888889,
    "below": 0,
    "above": 32.75681345366318,
    "turn_on_times": 0,
    "turn_on_ratio": 0.0
  },
  "3": {
    "validity_ratio": 0.3923611111111111,
    "below": 0,
    "above": 2.587999699351975,
    "turn_on_times": 0,
    "turn_on_ratio": 0.0
  },
  "4": {
    "validity_ratio": 0.3888888888888889,
    "below": -0.19166666666666707,
    "above": 0.008893398664072667,
    "turn_on_times": 1,
    "turn_on_ratio": 1.0
  },
  "5": {
    "validity_ratio": 0.3888888888888889,
    "below": 0,
    "above": 1.7382387950787075,
    "turn_on_times": 0,
    "turn_on_ratio": 0.0
  },
  "6": {
    "validity_ratio": 0.3923611111111111,
    "below": 0,
    "above": 14.37548732450653,
    "turn_on_times": 0,
    "turn_on_ratio": 0.0
  },
  "7": {
    "validity_ratio": 0.38819444444444445,
    "below": -0.19530229687153974,
    "above": 10.980600605322511,
    "turn_on_times": 2,
    "turn_on_ratio": 0.6666666666666666
  },
  "8": {
    "validity_ratio": 0.3902777777777778,
    "below": 0,
    "above": 0,
    "turn_on_times": 0,
    "turn_on_ratio": 0
  },
  "9": {
    "validity_ratio": 0.39166666666666666,
    "below": 0,
    "above": 0,
    "turn_on_times": 0,
    "turn_on_ratio": 0
  },
  "10": {
    "validity_ratio": 0.3902777777777778,
    "below": 0,
    "above": 0,
    "turn_on_times": 0,
    "turn_on_ratio": 0
  },
  "12": {
    "validity_ratio": 0.38958333333333334,
    "below": 0,
    "above": 1.6703814063430886,
    "turn_on_times": 0,
    "turn_on_ratio": 0.0
  },
  "13": {
    "validity_ratio": 0.3902777777777778,
    "below": 0,
    "above": 21.15202210942562,
    "turn_on_times": 0,
    "turn_on_ratio": 0.0
  }
}