{
  "1": {
    "validity_ratio": 0.6875,
    "below": 0,
    "above": 39.252556975872885,
    "turn_on_times": 1,
    "turn_on_ratio": 0.14285714285714285
  },
  "2": {
    "validity_ratio": 0.6875,
    "below": 0,
    "above": 79.17967333965146,
    "turn_on_times": 0,
    "turn_on_ratio": 0.0
  },
  "3": {
    "validity_ratio": 0.6895833333333333,
    "below": 0,
    "above": 6.348562842085425,
    "turn_on_times": 0,
    "turn_on_ratio": 0.0
  },
  "4": {
    "validity_ratio": 0.6388888888888888,
    "below": -0.191666666666667,
    "above": 6.006851585541417,
    "turn_on_times": 1,
    "turn_on_ratio": 0.25
  },
  "5": {
    "validity_ratio": 0.6881944444444444,
    "below": -1.3328817525497827,
    "above": 1.7846992079358255,
    "turn_on_times": 1,
    "turn_on_ratio": 0.25
  },
  "6": {
    "validity_ratio": 0.6916666666666667,
    "below": -4.631049626153252,
    "above": 14.37545993990722,
    "turn_on_times": 2,
    "turn_on_ratio": 0.2857142857142857
  },
  "7": {
    "validity_ratio": 0.6930555555555555,
    "below": -0.5039071709715901,
    "above": 12.391689226520285,
    "turn_on_times": 3,
    "turn_on_ratio": 0.42857142857142855
  },
  "8": {
    "validity_ratio": 0.6902777777777778,
    "below": 0,
    "above": 0,
    "turn_on_times": 0,
    "turn_on_ratio": 0
  },
  "9": {
    "validity_ratio": 0.6895833333333333,
    "below": 0,
    "above": 0,
    "turn_on_times": 0,
    "turn_on_ratio": 0
  },
  "10": {
    "validity_ratio": 0.6888888888888889,
    "below": 0,
    "above": 0,
    "turn_on_times": 0,
    "turn_on_ratio": 0
  },
  "12": {
    "validity_ratio": 0.6881944444444444,
    "below": 0,
    "above": 5.928070542215041,
    "turn_on_times": 2,
    "turn_on_ratio": 0.5
  },
  "13": {
    "validity_ratio": 0.6888888888888889,
    "below": -0.0635077203618227,
    "above": 29.12360827031549,
    "turn_on_times": 1,
    "turn_on_ratio": 0.14285714285714285
  }
}