{
  "1": {
    "validity_ratio": 0.8847222222222222,
    "below": 0,
    "above": 50.115662635765716,
    "turn_on_times": 1,
    "turn_on_ratio": 0.14285714285714285
  },
  "2": {
    "validity_ratio": 0.8819444444444444,
    "below": 0,
    "above": 115.93700304978691,
    "turn_on_times": 0,
    "turn_on_ratio": 0.0
  },
  "3": {
    "validity_ratio": 0.8833333333333333,
    "below": 0,
    "above": 9.787495175753662,
    "turn_on_times": 0,
    "turn_on_ratio": 0.0
  },
  "4": {
    "validity_ratio": 0.8333333333333334,
    "below": -0.1916666666666671,
    "above": 8.094438259882724,
    "turn_on_times": 1,
    "turn_on_ratio": 0.16666666666666666
  },
  "5": {
    "validity_ratio": 0.8833333333333333,
    "below": -1.3328792347442149,
    "above": 1.7846306216869443,
    "turn_on_times": 3,
    "turn_on_ratio": 0.5
  },
  "6": {
    "validity_ratio": 0.8791666666666667,
    "below": -4.914427451778176,
    "above": 14.876099368063691,
    "turn_on_times": 2,
    "turn_on_ratio": 0.2857142857142857
  },
  "7": {
    "validity_ratio": 0.8826388888888889,
    "below": -0.5038844734622588,
    "above": 18.179758231811153,
    "turn_on_times": 3,
    "turn_on_ratio": 0.42857142857142855
  },
  "8": {
    "validity_ratio": 0.8847222222222222,
    "below": 0,
    "above": 0,
    "turn_on_times": 0,
    "turn_on_ratio": 0
  },
  "9": {
    "validity_ratio": 0.8840277777777777,
    "below": 0,
    "above": 0,
    "turn_on_times": 0,
    "turn_on_ratio": 0
  },
  "10": {
    "validity_ratio": 0.8840277777777777,
    "below": 0,
    "above": 0,
    "turn_on_times": 0,
    "turn_on_ratio": 0
  },
  "12": {
    "validity_ratio": 0.8805555555555555,
    "below": 0,
    "above": 21.717884531868783,
    "turn_on_times": 2,
    "turn_on_ratio": 0.3333333333333333
  },
  "13": {
    "validity_ratio": 0.8833333333333333,
    "below": -0.06350480387597687,
    "above": 62.09726950583886,
    "turn_on_times": 1,
    "turn_on_ratio": 0.14285714285714285
  }
}