{
  "1": {
    "validity_ratio": 0.8638888888888889,
    "below": 0,
    "above": 47.41612344812013,
    "turn_on_times": 1,
    "turn_on_ratio": 0.14285714285714285
  },
  "2": {
    "validity_ratio": 0.8611111111111112,
    "below": 0,
    "above": 112.14450164363447,
    "turn_on_times": 0,
    "turn_on_ratio": 0.0
  },
  "3": {
    "validity_ratio": 0.8625,
    "below": 0,
    "above": 9.787395137329733,
    "turn_on_times": 0,
    "turn_on_ratio": 0.0
  },
  "4": {
    "validity_ratio": 0.8125,
    "below": -0.19166666666666704,
    "above": 8.006581586050102,
    "turn_on_times": 1,
    "turn_on_ratio": 0.16666666666666666
  },
  "5": {
    "validity_ratio": 0.8625,
    "below": -1.332887036115103,
    "above": 1.784842930614865,
    "turn_on_times": 3,
    "turn_on_ratio": 0.5
  },
  "6": {
    "validity_ratio": 0.8652777777777778,
    "below": -4.9143426989976255,
    "above": 14.37544367150043,
    "turn_on_times": 2,
    "turn_on_ratio": 0.2857142857142857
  },
  "7": {
    "validity_ratio": 0.8618055555555556,
    "below": -0.5039548012472155,
    "above": 18.179718897779498,
    "turn_on_times": 3,
    "turn_on_ratio": 0.42857142857142855
  },
  "8": {
    "validity_ratio": 0.8638888888888889,
    "below": 0,
    "above": 0,
    "turn_on_times": 0,
    "turn_on_ratio": 0
  },
  "9": {
    "validity_ratio": 0.8631944444444445,
    "below": 0,
    "above": 0,
    "turn_on_times": 0,
    "turn_on_ratio": 0
  },
  "10": {
    "validity_ratio": 0.8631944444444445,
    "below": 0,
    "above": 0,
    "turn_on_times": 0,
    "turn_on_ratio": 0
  },
  "12": {
    "validity_ratio": 0.8666666666666667,
    "below": 0,
    "above": 21.719009995682654,
    "turn_on_times": 2,
    "turn_on_ratio": 0.3333333333333333
  },
  "13": {
    "validity_ratio": 0.8625,
    "below": -0.06351384054984278,
    "above": 58.59231038632366,
    "turn_on_times": 1,
    "turn_on_ratio": 0.14285714285714285
  }
}