{
  "1": {
    "validity_ratio": 0.38333333333333336,
    "below": 0,
    "above": 6.891523064115891,
    "turn_on_times": 1,
    "turn_on_ratio": 0.3333333333333333
  },
  "2": {
    "validity_ratio": 0.3819444444444444,
    "below": 0,
    "above": 31.64182561081176,
    "turn_on_times": 0,
    "turn_on_ratio": 0.0
  },
  "3": {
    "validity_ratio": 0.3840277777777778,
    "below": 0,
    "above": 2.460222831451616,
    "turn_on_times": 0,
    "turn_on_ratio": 0.0
  },
  "4": {
    "validity_ratio": 0.38263888888888886,
    "below": -0.19166666666666698,
    "above": 0,
    "turn_on_times": 1,
    "turn_on_ratio": 1.0
  },
  "5": {
    "validity_ratio": 0.3819444444444444,
    "below": 0,
    "above": 1.5605099298133969,
    "turn_on_times": 0,
    "turn_on_ratio": 0.0
  },
  "6": {
    "validity_ratio": 0.3784722222222222,
    "below": 0,
    "above": 14.375448728068612,
    "turn_on_times": 0,
    "turn_on_ratio": 0.0
  },
  "7": {
    "validity_ratio": 0.38125,
    "below": -0.1953180409191588,
    "above": 10.980852597873247,
    "turn_on_times": 2,
    "turn_on_ratio": 0.6666666666666666
  },
  "8": {
    "validity_ratio": 0.38333333333333336,
    "below": 0,
    "above": 0,
    "turn_on_times": 0,
    "turn_on_ratio": 0
  },
  "9": {
    "validity_ratio": 0.3840277777777778,
    "below": 0,
    "above": 0,
    "turn_on_times": 0,
    "turn_on_ratio": 0
  },
  "10": {
    "validity_ratio": 0.38333333333333336,
    "below": 0,
    "above": 0,
    "turn_on_times": 0,
    "turn_on_ratio": 0
  },
  "12": {
    "validity_ratio": 0.38263888888888886,
    "below": 0,
    "above": 1.5056914175900866,
    "turn_on_times": 0,
    "turn_on_ratio": 0.0
  },
  "13": {
    "validity_ratio": 0.38333333333333336,
    "below": 0,
    "above": 21.060270943707426,
    "turn_on_times": 0,
    "turn_on_ratio": 0.0
  }
}