{
  "1": {
    "validity_ratio": 0.5354166666666667,
    "below": 0,
    "above": 22.58390622978621,
    "turn_on_times": 1,
    "turn_on_ratio": 0.2
  },
  "2": {
    "validity_ratio": 0.5347222222222222,
    "below": 0,
    "above": 52.6696057359903,
    "turn_on_times": 0,
    "turn_on_ratio": 0.0
  },
  "3": {
    "validity_ratio": 0.5375,
    "below": 0,
    "above": 5.996766275921061,
    "turn_on_times": 0,
    "turn_on_ratio": 0.0
  },
  "4": {
    "validity_ratio": 0.5347222222222222,
    "below": -0.19166666666666707,
    "above": 2.716554884897511,
    "turn_on_times": 1,
    "turn_on_ratio": 0.25
  },
  "5": {
    "validity_ratio": 0.5354166666666667,
    "below": -1.3328669121746046,
    "above": 1.7842940428945517,
    "turn_on_times": 1,
    "turn_on_ratio": 0.25
  },
  "6": {
    "validity_ratio": 0.53125,
    "below": -1.527316719427907,
    "above": 14.375505690172067,
    "turn_on_times": 1,
    "turn_on_ratio": 0.2
  },
  "7": {
    "validity_ratio": 0.5395833333333333,
    "below": -0.5037733879827881,
    "above": 11.023253702461382,
    "turn_on_times": 3,
    "turn_on_ratio": 0.6
  },
  "8": {
    "validity_ratio": 0.5361111111111111,
    "below": 0,
    "above": 0,
    "turn_on_times": 0,
    "turn_on_ratio": 0
  },
  "9": {
    "validity_ratio": 0.5375,
    "below": 0,
    "above": 0,
    "turn_on_times": 0,
    "turn_on_ratio": 0
  },
  "10": {
    "validity_ratio": 0.5361111111111111,
    "below": 0,
    "above": 0,
    "turn_on_times": 0,
    "turn_on_ratio": 0
  },
  "12": {
    "validity_ratio": 0.5354166666666667,
    "below": 0,
    "above": 1.9544587205958175,
    "turn_on_times": 2,
    "turn_on_ratio": 0.5
  },
  "13": {
    "validity_ratio": 0.5361111111111111,
    "below": -0.0634905300971307,
    "above": 22.657507097253973,
    "turn_on_times": 0,
    "turn_on_ratio": 0.0
  }
}