{
  "1": {
    "validity_ratio": 0.5284722222222222,
    "below": 0,
    "above": 21.66676418248187,
    "turn_on_times": 1,
    "turn_on_ratio": 0.2
  },
  "2": {
    "validity_ratio": 0.5277777777777778,
    "below": 0,
    "above": 51.488602180482154,
    "turn_on_times": 0,
    "turn_on_ratio": 0.0
  },
  "3": {
    "validity_ratio": 0.5305555555555556,
    "below": 0,
    "above": 5.7796145611954675,
    "turn_on_times": 0,
    "turn_on_ratio": 0.0
  },
  "4": {
    "validity_ratio": 0.5277777777777778,
    "below": -0.19166666666666704,
    "above": 2.516445858203155,
    "turn_on_times": 1,
    "turn_on_ratio": 0.25
  },
  "5": {
    "validity_ratio": 0.5284722222222222,
    "below": -1.3328799499695596,
    "above": 1.7846501111606996,
    "turn_on_times": 1,
    "turn_on_ratio": 0.25
  },
  "6": {
    "validity_ratio": 0.53125,
    "below": -1.5273066028521396,
    "above": 14.375465492547287,
    "turn_on_times": 1,
    "turn_on_ratio": 0.2
  },
  "7": {
    "validity_ratio": 0.5326388888888889,
    "below": -0.5038909210744711,
    "above": 11.023292569183177,
    "turn_on_times": 3,
    "turn_on_ratio": 0.6
  },
  "8": {
    "validity_ratio": 0.5291666666666667,
    "below": 0,
    "above": 0,
    "turn_on_times": 0,
    "turn_on_ratio": 0
  },
  "9": {
    "validity_ratio": 0.5305555555555556,
    "below": 0,
    "above": 0,
    "turn_on_times": 0,
    "turn_on_ratio": 0
  },
  "10": {
    "validity_ratio": 0.5291666666666667,
    "below": 0,
    "above": 0,
    "turn_on_times": 0,
    "turn_on_ratio": 0
  },
  "12": {
    "validity_ratio": 0.5284722222222222,
    "below": 0,
    "above": 1.6916816001282942,
    "turn_on_times": 2,
    "turn_on_ratio": 0.5
  },
  "13": {
    "validity_ratio": 0.5291666666666667,
    "below": -0.06350563235321136,
    "above": 22.657248156706416,
    "turn_on_times": 0,
    "turn_on_ratio": 0.0
  }
}