{
  "1": {
    "validity_ratio": 0.9673611111111111,
    "below": 0,
    "above": 58.01073895796768,
    "turn_on_times": 1,
    "turn_on_ratio": 0.1111111111111111
  },
  "2": {
    "validity_ratio": 0.9652777777777778,
    "below": 0,
    "above": 126.94829088248787,
    "turn_on_times": 0,
    "turn_on_ratio": 0.0
  },
  "3": {
    "validity_ratio": 0.9666666666666667,
    "below": 0,
    "above": 9.787487726325827,
    "turn_on_times": 0,
    "turn_on_ratio": 0.0
  },
  "4": {
    "validity_ratio": 0.9166666666666666,
    "below": -0.19166666666666704,
    "above": 8.094443349122372,
    "turn_on_times": 1,
    "turn_on_ratio": 0.16666666666666666
  },
  "5": {
    "validity_ratio": 0.9666666666666667,
    "below": -1.3328798209699406,
    "above": 1.7846465963709393,
    "turn_on_times": 3,
    "turn_on_ratio": 0.5
  },
  "6": {
    "validity_ratio": 0.9694444444444444,
    "below": -4.914421082516249,
    "above": 22.68502320824876,
    "turn_on_times": 2,
    "turn_on_ratio": 0.2222222222222222
  },
  "7": {
    "validity_ratio": 0.9666666666666667,
    "below": -0.5038897581689298,
    "above": 18.20984210374475,
    "turn_on_times": 5,
    "turn_on_ratio": 0.5555555555555556
  },
  "8": {
    "validity_ratio": 0.9680555555555556,
    "below": 0,
    "above": 0,
    "turn_on_times": 0,
    "turn_on_ratio": 0
  },
  "9": {
    "validity_ratio": 0.9666666666666667,
    "below": 0,
    "above": 0,
    "turn_on_times": 0,
    "turn_on_ratio": 0
  },
  "10": {
    "validity_ratio": 0.9652777777777778,
    "below": 0,
    "above": 0,
    "turn_on_times": 0,
    "turn_on_ratio": 0
  },
  "12": {
    "validity_ratio": 0.9708333333333333,
    "below": 0,
    "above": 21.717970166565184,
    "turn_on_times": 2,
    "turn_on_ratio": 0.3333333333333333
  },
  "13": {
    "validity_ratio": 0.9666666666666667,
    "below": -0.06350548292723222,
    "above": 72.42998393477082,
    "turn_on_times": 1,
    "turn_on_ratio": 0.1111111111111111
  }
}