{
  "1": {
    "validity_ratio": 0.6458333333333334,
    "below": 0,
    "above": 36.62077947527956,
    "turn_on_times": 1,
    "turn_on_ratio": 0.14285714285714285
  },
  "2": {
    "validity_ratio": 0.6458333333333334,
    "below": 0,
    "above": 71.74959102200908,
    "turn_on_times": 0,
    "turn_on_ratio": 0.0
  },
  "3": {
    "validity_ratio": 0.6479166666666667,
    "below": 0,
    "above": 6.338542033708591,
    "turn_on_times": 0,
    "turn_on_ratio": 0.0
  },
  "4": {
    "validity_ratio": 0.5972222222222222,
    "below": -0.19166666666666704,
    "above": 4.649735368615022,
    "turn_on_times": 1,
    "turn_on_ratio": 0.25
  },
  "5": {
    "validity_ratio": 0.6465277777777778,
    "below": -1.332884838143118,
    "above": 1.78478317534097,
    "turn_on_times": 1,
    "turn_on_ratio": 0.25
  },
  "6": {
    "validity_ratio": 0.6493055555555556,
    "below": -3.877864427333343,
    "above": 14.375450437915752,
    "turn_on_times": 2,
    "turn_on_ratio": 0.2857142857142857
  },
  "7": {
    "validity_ratio": 0.6506944444444445,
    "below": -0.5039349869731218,
    "above": 12.303561530151605,
    "turn_on_times": 3,
    "turn_on_ratio": 0.42857142857142855
  },
  "8": {
    "validity_ratio": 0.6486111111111111,
    "below": 0,
    "above": 0,
    "turn_on_times": 0,
    "turn_on_ratio": 0
  },
  "9": {
    "validity_ratio": 0.6479166666666667,
    "below": 0,
    "above": 0,
    "turn_on_times": 0,
    "turn_on_ratio": 0
  },
  "10": {
    "validity_ratio": 0.6472222222222223,
    "below": 0,
    "above": 0,
    "turn_on_times": 0,
    "turn_on_ratio": 0
  },
  "12": {
    "validity_ratio": 0.6465277777777778,
    "below": 0,
    "above": 4.849797179584025,
    "turn_on_times": 2,
    "turn_on_ratio": 0.5
  },
  "13": {
    "validity_ratio": 0.6472222222222223,
    "below": -0.0635112945414198,
    "above": 24.601003067524555,
    "turn_on_times": 1,
    "turn_on_ratio": 0.14285714285714285
  }
}