{
  "1": {
    "validity_ratio": 0.8979166666666667,
    "below": 0,
    "above": 51.82510100527146,
    "turn_on_times": 1,
    "turn_on_ratio": 0.14285714285714285
  },
  "2": {
    "validity_ratio": 0.8958333333333334,
    "below": 0,
    "above": 118.44773122001479,
    "turn_on_times": 0,
    "turn_on_ratio": 0.0
  },
  "3": {
    "validity_ratio": 0.8972222222222223,
    "below": 0,
    "above": 9.787608946596414,
    "turn_on_times": 0,
    "turn_on_ratio": 0.0
  },
  "4": {
    "validity_ratio": 0.8472222222222222,
    "below": -0.19166666666666707,
    "above": 8.094354095186299,
    "turn_on_times": 1,
    "turn_on_ratio": 0.16666666666666666
  },
  "5": {
    "validity_ratio": 0.8972222222222223,
    "below": -1.33287017124335,
    "above": 1.7843832074744153,
    "turn_on_times": 3,
    "turn_on_ratio": 0.5
  },
  "6": {
    "validity_ratio": 0.8930555555555556,
    "below": -4.914525937964704,
    "above": 16.549769337726577,
    "turn_on_times": 2,
    "turn_on_ratio": 0.2857142857142857
  },
  "7": {
    "validity_ratio": 0.8972222222222223,
    "below": -0.5038027678301412,
    "above": 18.17979644579736,
    "turn_on_times": 3,
    "turn_on_ratio": 0.42857142857142855
  },
  "8": {
    "validity_ratio": 0.8986111111111111,
    "below": 0,
    "above": 0,
    "turn_on_times": 0,
    "turn_on_ratio": 0
  },
  "9": {
    "validity_ratio": 0.8979166666666667,
    "below": 0,
    "above": 0,
    "turn_on_times": 0,
    "turn_on_ratio": 0
  },
  "10": {
    "validity_ratio": 0.8979166666666667,
    "below": 0,
    "above": 0,
    "turn_on_times": 0,
    "turn_on_ratio": 0
  },
  "12": {
    "validity_ratio": 0.9013888888888889,
    "below": 0,
    "above": 21.716538575003675,
    "turn_on_times": 2,
    "turn_on_ratio": 0.3333333333333333
  },
  "13": {
    "validity_ratio": 0.8972222222222223,
    "below": -0.06349430522098717,
    "above": 64.43902708858478,
    "turn_on_times": 1,
    "turn_on_ratio": 0.14285714285714285
  }
}