{
  "1": {
    "validity_ratio": 0.44513888888888886,
    "below": 0,
    "above": 11.182970039873515,
    "turn_on_times": 1,
    "turn_on_ratio": 0.2
  },
  "2": {
    "validity_ratio": 0.4444444444444444,
    "below": 0,
    "above": 37.460669775277246,
    "turn_on_times": 0,
    "turn_on_ratio": 0.0
  },
  "3": {
    "validity_ratio": 0.44722222222222224,
    "below": 0,
    "above": 3.643721853655481,
    "turn_on_times": 0,
    "turn_on_ratio": 0.0
  },
  "4": {
    "validity_ratio": 0.4444444444444444,
    "below": -0.19166666666666707,
    "above": 0.9347433331191026,
    "turn_on_times": 1,
    "turn_on_ratio": 0.3333333333333333
  },
  "5": {
    "validity_ratio": 0.4444444444444444,
    "below": -0.6135051617359949,
    "above": 1.7382151087094595,
    "turn_on_times": 1,
    "turn_on_ratio": 0.3333333333333333
  },
  "6": {
    "validity_ratio": 0.4409722222222222,
    "below": 0,
    "above": 14.375448832171276,
    "turn_on_times": 1,
    "turn_on_ratio": 0.2
  },
  "7": {
    "validity_ratio": 0.4444444444444444,
    "below": -0.1953179984219274,
    "above": 10.980851938363246,
    "turn_on_times": 3,
    "turn_on_ratio": 0.6
  },
  "8": {
    "validity_ratio": 0.44583333333333336,
    "below": 0,
    "above": 0,
    "turn_on_times": 0,
    "turn_on_ratio": 0
  },
  "9": {
    "validity_ratio": 0.44722222222222224,
    "below": 0,
    "above": 0,
    "turn_on_times": 0,
    "turn_on_ratio": 0
  },
  "10": {
    "validity_ratio": 0.44583333333333336,
    "below": 0,
    "above": 0,
    "turn_on_times": 0,
    "turn_on_ratio": 0
  },
  "12": {
    "validity_ratio": 0.44513888888888886,
    "below": 0,
    "above": 1.6703610133986622,
    "turn_on_times": 1,
    "turn_on_ratio": 0.3333333333333333
  },
  "13": {
    "validity_ratio": 0.44583333333333336,
    "below": 0,
    "above": 21.9899925305543,
    "turn_on_times": 0,
    "turn_on_ratio": 0.0
  }
}