{
  "1": {
    "validity_ratio": 0.9902777777777778,
    "below": -0.32500942926408694,
    "above": 13.42986781744171,
    "turn_on_times": 2,
    "turn_on_ratio": 1.0
  },
  "2": {
    "validity_ratio": 0.9909722222222223,
    "below": -8.550735546766076,
    "above": 17.40917447534532,
    "turn_on_times": 0,
    "turn_on_ratio": 0.0
  },
  "3": {
    "validity_ratio": 0.9916666666666667,
    "below": 0,
    "above": 52.669627221121196,
    "turn_on_times": 0,
    "turn_on_ratio": 0.0
  },
  "4": {
    "validity_ratio": 0.9930555555555556,
    "below": -1.7236500127677283,
    "above": 0.05084070796460197,
    "turn_on_times": 1,
    "turn_on_ratio": 1.0
  },
  "5": {
    "validity_ratio": 0.9902777777777778,
    "below": 0,
    "above": 36.96458604878307,
    "turn_on_times": 0,
    "turn_on_ratio": 0.0
  },
  "6": {
    "validity_ratio": 0.9909722222222223,
    "below": 0,
    "above": 52.195546028743856,
    "turn_on_times": 0,
    "turn_on_ratio": 0.0
  },
  "7": {
    "validity_ratio": 0.9902777777777778,
    "below": 0,
    "above": 36.328735652870435,
    "turn_on_times": 0,
    "turn_on_ratio": 0.0
  },
  "8": {
    "validity_ratio": 0.99375,
    "below": -0.08758000000000019,
    "above": 0.14639499999999991,
    "turn_on_times": 2,
    "turn_on_ratio": 1.0
  },
  "9": {
    "validity_ratio": 0.9909722222222223,
    "below": 0,
    "above": 7.360794317273461,
    "turn_on_times": 0,
    "turn_on_ratio": 0.0
  },
  "10": {
    "validity_ratio": 0.0,
    "below": 0,
    "above": 0,
    "turn_on_times": 0,
    "turn_on_ratio": 0
  }
}