{
  "1": {
    "validity_ratio": 0.9930555555555556,
    "below": -1.074744933388422,
    "above": 9.022825183373293,
    "turn_on_times": 0,
    "turn_on_ratio": 0.0
  },
  "2": {
    "validity_ratio": 0.9895833333333334,
    "below": -7.845986216487678,
    "above": 0.39359346459604344,
    "turn_on_times": 1,
    "turn_on_ratio": 1.0
  },
  "3": {
    "validity_ratio": 0.9951388888888889,
    "below": -9.647808146202717,
    "above": 11.856435309898695,
    "turn_on_times": 0,
    "turn_on_ratio": 0.0
  },
  "4": {
    "validity_ratio": 0.9902777777777778,
    "below": -1.2174007517225105,
    "above": 1.8471728784280905,
    "turn_on_times": 1,
    "turn_on_ratio": 0.25
  },
  "5": {
    "validity_ratio": 0.9958333333333333,
    "below": 0.34159462759171616,
    "above": 6.875123525885878,
    "turn_on_times": 1,
    "turn_on_ratio": 0.25
  },
  "6": {
    "validity_ratio": 0.99375,
    "below": 0.1948671412758613,
    "above": 6.418045554746423,
    "turn_on_times": 0,
    "turn_on_ratio": 0.0
  },
  "7": {
    "validity_ratio": 0.9930555555555556,
    "below": -3.419600333331267,
    "above": 1.0113620801801362,
    "turn_on_times": 2,
    "turn_on_ratio": 0.5
  },
  "8": {
    "validity_ratio": 0.9902777777777778,
    "below": -3.4947955084196036,
    "above": 0.07887611111111124,
    "turn_on_times": 2,
    "turn_on_ratio": 1.0
  },
  "9": {
    "validity_ratio": 0.9916666666666667,
    "below": 0.005110532632524017,
    "above": 20.386366526028752,
    "turn_on_times": 0,
    "turn_on_ratio": 0.0
  },
  "10": {
    "validity_ratio": 0.0,
    "below": 0,
    "above": 0,
    "turn_on_times": 0,
    "turn_on_ratio": 0
  }
}