{
  "1": {
    "validity_ratio": 0.7513888888888889,
    "below": -0.43863872274577564,
    "above": 0.20073568859936008,
    "turn_on_times": 3,
    "turn_on_ratio": 1.0
  },
  "2": {
    "validity_ratio": 0.7520833333333333,
    "below": 0.0033341407958136686,
    "above": 5.8403202256077416,
    "turn_on_times": 0,
    "turn_on_ratio": 0.0
  },
  "3": {
    "validity_ratio": 0.75,
    "below": 0.004367943750000364,
    "above": 6.741234120577076,
    "turn_on_times": 0,
    "turn_on_ratio": 0.0
  },
  "4": {
    "validity_ratio": 0.7465277777777778,
    "below": 0.0,
    "above": 20.73347776100738,
    "turn_on_times": 0,
    "turn_on_ratio": 0.0
  },
  "5": {
    "validity_ratio": 0.7520833333333333,
    "below": 0.0,
    "above": 21.241040296942234,
    "turn_on_times": 0,
    "turn_on_ratio": 0.0
  },
  "6": {
    "validity_ratio": 0.7486111111111111,
    "below": -8.793044388298478,
    "above": 0.021605814239308938,
    "turn_on_times": 1,
    "turn_on_ratio": 1.0
  },
  "7": {
    "validity_ratio": 0.7527777777777778,
    "below": 0.0,
    "above": 19.961509637947422,
    "turn_on_times": 0,
    "turn_on_ratio": 0.0
  },
  "8": {
    "validity_ratio": 0.7486111111111111,
    "below": -0.1458069478931239,
    "above": 0.062032568018333366,
    "turn_on_times": 2,
    "turn_on_ratio": 1.0
  },
  "9": {
    "validity_ratio": 0.7493055555555556,
    "below": 0.0,
    "above": 5.740123531143665,
    "turn_on_times": 0,
    "turn_on_ratio": 0.0
  },
  "10": {
    "validity_ratio": 0.0,
    "below": 0,
    "above": 0,
    "turn_on_times": 0,
    "turn_on_ratio": 0
  }
}