{
  "1": {
    "validity_ratio": 0.8555555555555555,
    "below": -0.33955288264409816,
    "above": 0.3005318701830406,
    "turn_on_times": 3,
    "turn_on_ratio": 1.0
  },
  "2": {
    "validity_ratio": 0.8527777777777777,
    "below": 0.0032443252257958787,
    "above": 6.880105776175974,
    "turn_on_times": 0,
    "turn_on_ratio": 0.0
  },
  "3": {
    "validity_ratio": 0.8534722222222222,
    "below": 0.004250237499999329,
    "above": 8.103367692221717,
    "turn_on_times": 0,
    "turn_on_ratio": 0.0
  },
  "4": {
    "validity_ratio": 0.8506944444444444,
    "below": 0.0,
    "above": 20.73384923848459,
    "turn_on_times": 0,
    "turn_on_ratio": 0.0
  },
  "5": {
    "validity_ratio": 0.85625,
    "below": 0.0,
    "above": 21.241424150590404,
    "turn_on_times": 0,
    "turn_on_ratio": 0.0
  },
  "6": {
    "validity_ratio": 0.8527777777777777,
    "below": -8.793149707216568,
    "above": 0.02167706874928881,
    "turn_on_times": 1,
    "turn_on_ratio": 1.0
  },
  "7": {
    "validity_ratio": 0.8569444444444444,
    "below": 0.0,
    "above": 19.961864660707196,
    "turn_on_times": 0,
    "turn_on_ratio": 0.0
  },
  "8": {
    "validity_ratio": 0.8527777777777777,
    "below": -0.2418644849681781,
    "above": 0.06202814226333295,
    "turn_on_times": 3,
    "turn_on_ratio": 1.0
  },
  "9": {
    "validity_ratio": 0.8506944444444444,
    "below": 0.0,
    "above": 6.232845477281725,
    "turn_on_times": 0,
    "turn_on_ratio": 0.0
  },
  "10": {
    "validity_ratio": 0.0,
    "below": 0,
    "above": 0,
    "turn_on_times": 0,
    "turn_on_ratio": 0
  }
}