{
  "1": {
    "validity_ratio": 0.3506944444444444,
    "below": -0.20836912518411557,
    "above": 0.10072676929089872,
    "turn_on_times": 1,
    "turn_on_ratio": 1.0
  },
  "2": {
    "validity_ratio": 0.35625,
    "below": 0.0035910335166519764,
    "above": 2.0278534439315967,
    "turn_on_times": 0,
    "turn_on_ratio": 0.0
  },
  "3": {
    "validity_ratio": 0.3548611111111111,
    "below": 0.004704622916666335,
    "above": 2.3762707050821392,
    "turn_on_times": 0,
    "turn_on_ratio": 0.0
  },
  "4": {
    "validity_ratio": 0.3506944444444444,
    "below": 0.0,
    "above": 0,
    "turn_on_times": 0,
    "turn_on_ratio": 0
  },
  "5": {
    "validity_ratio": 0.35555555555555557,
    "below": 0.0,
    "above": 0,
    "turn_on_times": 0,
    "turn_on_ratio": 0
  },
  "6": {
    "validity_ratio": 0.35208333333333336,
    "below": 0.0,
    "above": 0,
    "turn_on_times": 0,
    "turn_on_ratio": 0
  },
  "7": {
    "validity_ratio": 0.35138888888888886,
    "below": 0.0,
    "above": 0,
    "turn_on_times": 0,
    "turn_on_ratio": 0
  },
  "8": {
    "validity_ratio": 0.3527777777777778,
    "below": 0.0,
    "above": 0,
    "turn_on_times": 0,
    "turn_on_ratio": 0
  },
  "9": {
    "validity_ratio": 0.35694444444444445,
    "below": 0.0,
    "above": 0,
    "turn_on_times": 0,
    "turn_on_ratio": 0
  },
  "10": {
    "validity_ratio": 0.0,
    "below": 0,
    "above": 0,
    "turn_on_times": 0,
    "turn_on_ratio": 0
  }
}