{
  "1": {
    "validity_ratio": 0.7236111111111111,
    "below": -0.23843598061515894,
    "above": 0.20047483808199076,
    "turn_on_times": 2,
    "turn_on_ratio": 1.0
  },
  "2": {
    "validity_ratio": 0.7243055555555555,
    "below": 0.0036668383067493373,
    "above": 4.7367463669576795,
    "turn_on_times": 0,
    "turn_on_ratio": 0.0
  },
  "3": {
    "validity_ratio": 0.7222222222222222,
    "below": 0.0048039750000007635,
    "above": 5.405470054621839,
    "turn_on_times": 0,
    "turn_on_ratio": 0.0
  },
  "4": {
    "validity_ratio": 0.71875,
    "below": 0.0,
    "above": 20.732101659154477,
    "turn_on_times": 0,
    "turn_on_ratio": 0.0
  },
  "5": {
    "validity_ratio": 0.7243055555555555,
    "below": 0.0,
    "above": 21.239618348778762,
    "turn_on_times": 0,
    "turn_on_ratio": 0.0
  },
  "6": {
    "validity_ratio": 0.7208333333333333,
    "below": -8.792654244703714,
    "above": 0.021260065569176603,
    "turn_on_times": 1,
    "turn_on_ratio": 1.0
  },
  "7": {
    "validity_ratio": 0.7243055555555555,
    "below": 0.0,
    "above": 19.960194490980168,
    "turn_on_times": 0,
    "turn_on_ratio": 0.0
  },
  "8": {
    "validity_ratio": 0.7236111111111111,
    "below": -0.20260647213036756,
    "above": 0.02536190225999994,
    "turn_on_times": 2,
    "turn_on_ratio": 1.0
  },
  "9": {
    "validity_ratio": 0.7222222222222222,
    "below": 0.0,
    "above": 5.129341160578631,
    "turn_on_times": 0,
    "turn_on_ratio": 0.0
  },
  "10": {
    "validity_ratio": 0.0,
    "below": 0,
    "above": 0,
    "turn_on_times": 0,
    "turn_on_ratio": 0
  }
}