{
  "1": {
    "validity_ratio": 0.99375,
    "below": -0.09885538805136798,
    "above": 9.414403080406931,
    "turn_on_times": 1,
    "turn_on_ratio": 0.25
  },
  "2": {
    "validity_ratio": 0.99375,
    "below": -3.5021411295070553,
    "above": 13.481502265940227,
    "turn_on_times": 2,
    "turn_on_ratio": 0.5
  },
  "3": {
    "validity_ratio": 0.9951388888888889,
    "below": 0,
    "above": 18.257537913191666,
    "turn_on_times": 1,
    "turn_on_ratio": 0.25
  },
  "4": {
    "validity_ratio": 0.9951388888888889,
    "below": 0,
    "above": 3.3535773470174766,
    "turn_on_times": 1,
    "turn_on_ratio": 0.2
  },
  "5": {
    "validity_ratio": 0.9958333333333333,
    "below": 0,
    "above": 3.4714919043455796,
    "turn_on_times": 1,
    "turn_on_ratio": 0.2
  },
  "6": {
    "validity_ratio": 0.9902777777777778,
    "below": -0.062340833333333144,
    "above": 7.663028302268958,
    "turn_on_times": 1,
    "turn_on_ratio": 0.2
  },
  "7": {
    "validity_ratio": 0.99375,
    "below": -0.24121816168327778,
    "above": 4.106172897514849,
    "turn_on_times": 2,
    "turn_on_ratio": 0.4
  },
  "8": {
    "validity_ratio": 0.99375,
    "below": -0.05329999999999994,
    "above": 0.06365138888888898,
    "turn_on_times": 1,
    "turn_on_ratio": 1.0
  },
  "9": {
    "validity_ratio": 0.9930555555555556,
    "below": 0,
    "above": 21.38544190994339,
    "turn_on_times": 0,
    "turn_on_ratio": 0.0
  },
  "10": {
    "validity_ratio": 0.9895833333333334,
    "below": -16.171391149772194,
    "above": 0,
    "turn_on_times": 1,
    "turn_on_ratio": 1.0
  }
}