{
  "1": {
    "validity_ratio": 0.7354166666666667,
    "below": 0,
    "above": 29.636034184668585,
    "turn_on_times": 0,
    "turn_on_ratio": 0.0
  },
  "2": {
    "validity_ratio": 0.7375,
    "below": -3.9392565151281485,
    "above": 5.818279141488172,
    "turn_on_times": 3,
    "turn_on_ratio": 0.5
  },
  "3": {
    "validity_ratio": 0.7368055555555556,
    "below": -11.300666543021812,
    "above": 0.9085419685698254,
    "turn_on_times": 1,
    "turn_on_ratio": 0.5
  },
  "4": {
    "validity_ratio": 0.7416666666666667,
    "below": -5.624130564093012,
    "above": 0,
    "turn_on_times": 1,
    "turn_on_ratio": 0.5
  },
  "5": {
    "validity_ratio": 0.7347222222222223,
    "below": -0.5191208453447431,
    "above": 7.189526102488503,
    "turn_on_times": 0,
    "turn_on_ratio": 0.0
  },
  "6": {
    "validity_ratio": 0.7361111111111112,
    "below": -3.1391204281784018,
    "above": 13.183112036251597,
    "turn_on_times": 1,
    "turn_on_ratio": 0.16666666666666666
  },
  "7": {
    "validity_ratio": 0.7319444444444444,
    "below": -8.473496294889861,
    "above": 2.137242163920265,
    "turn_on_times": 2,
    "turn_on_ratio": 0.3333333333333333
  },
  "8": {
    "validity_ratio": 0.7368055555555556,
    "below": -0.16480863303113835,
    "above": 0,
    "turn_on_times": 6,
    "turn_on_ratio": 0.75
  },
  "9": {
    "validity_ratio": 0.7319444444444444,
    "below": 0,
    "above": 5.606451767187518,
    "turn_on_times": 2,
    "turn_on_ratio": 0.25
  },
  "10": {
    "validity_ratio": 0.7347222222222223,
    "below": 0,
    "above": 0,
    "turn_on_times": 0,
    "turn_on_ratio": 0
  },
  "12": {
    "validity_ratio": 0.7368055555555556,
    "below": -0.21400282273514848,
    "above": 11.374681548059906,
    "turn_on_times": 0,
    "turn_on_ratio": 0.0
  },
  "13": {
    "validity_ratio": 0.7340277777777777,
    "below": -0.13734819108333451,
    "above": 52.194297353166654,
    "turn_on_times": 0,
    "turn_on_ratio": 0.0
  }
}