{
  "1": {
    "validity_ratio": 0.14027777777777778,
    "below": 0,
    "above": 4.9024201801989316,
    "turn_on_times": 0,
    "turn_on_ratio": 0.0
  },
  "2": {
    "validity_ratio": 0.14027777777777778,
    "below": 0,
    "above": 1.963123089542778,
    "turn_on_times": 2,
    "turn_on_ratio": 0.5
  },
  "3": {
    "validity_ratio": 0.1388888888888889,
    "below": 0,
    "above": 0,
    "turn_on_times": 0,
    "turn_on_ratio": 0
  },
  "4": {
    "validity_ratio": 0.14583333333333334,
    "below": 0,
    "above": 0,
    "turn_on_times": 0,
    "turn_on_ratio": 0
  },
  "5": {
    "validity_ratio": 0.1375,
    "below": 0,
    "above": 0,
    "turn_on_times": 0,
    "turn_on_ratio": 0
  },
  "6": {
    "validity_ratio": 0.1388888888888889,
    "below": -0.13510789999362238,
    "above": 1.2535331171321737,
    "turn_on_times": 1,
    "turn_on_ratio": 0.25
  },
  "7": {
    "validity_ratio": 0.1388888888888889,
    "below": 0,
    "above": 1.9621883085437426,
    "turn_on_times": 1,
    "turn_on_ratio": 0.25
  },
  "8": {
    "validity_ratio": 0.14583333333333334,
    "below": 0,
    "above": 0,
    "turn_on_times": 0,
    "turn_on_ratio": 0
  },
  "9": {
    "validity_ratio": 0.1388888888888889,
    "below": 0,
    "above": 0,
    "turn_on_times": 0,
    "turn_on_ratio": 0
  },
  "10": {
    "validity_ratio": 0.1375,
    "below": 0,
    "above": 0,
    "turn_on_times": 0,
    "turn_on_ratio": 0
  },
  "12": {
    "validity_ratio": 0.14583333333333334,
    "below": 0,
    "above": 0,
    "turn_on_times": 0,
    "turn_on_ratio": 0
  },
  "13": {
    "validity_ratio": 0.1361111111111111,
    "below": 0,
    "above": 10.662233374837296,
    "turn_on_times": 0,
    "turn_on_ratio": 0.0
  }
}