{
  "1": {
    "validity_ratio": 0.7833333333333333,
    "below": 0,
    "above": 31.246049502777204,
    "turn_on_times": 0,
    "turn_on_ratio": 0.0
  },
  "2": {
    "validity_ratio": 0.7791666666666667,
    "below": -3.9393226294044665,
    "above": 9.870566158075198,
    "turn_on_times": 3,
    "turn_on_ratio": 0.5
  },
  "3": {
    "validity_ratio": 0.7784722222222222,
    "below": -11.300573732543125,
    "above": 4.787035330342651,
    "turn_on_times": 1,
    "turn_on_ratio": 0.5
  },
  "4": {
    "validity_ratio": 0.7833333333333333,
    "below": -5.624107171511569,
    "above": 0,
    "turn_on_times": 1,
    "turn_on_ratio": 0.5
  },
  "5": {
    "validity_ratio": 0.7763888888888889,
    "below": -0.5191663314814225,
    "above": 7.189711878291727,
    "turn_on_times": 0,
    "turn_on_ratio": 0.0
  },
  "6": {
    "validity_ratio": 0.7777777777777778,
    "below": -3.7358042751837988,
    "above": 13.183112051991083,
    "turn_on_times": 1,
    "turn_on_ratio": 0.16666666666666666
  },
  "7": {
    "validity_ratio": 0.78125,
    "below": -8.473495714739386,
    "above": 5.973443444075296,
    "turn_on_times": 2,
    "turn_on_ratio": 0.3333333333333333
  },
  "8": {
    "validity_ratio": 0.7861111111111111,
    "below": -0.16483601778177404,
    "above": 0.00878815584415585,
    "turn_on_times": 7,
    "turn_on_ratio": 0.7
  },
  "9": {
    "validity_ratio": 0.7770833333333333,
    "below": 0,
    "above": 5.606444943114897,
    "turn_on_times": 3,
    "turn_on_ratio": 0.3
  },
  "10": {
    "validity_ratio": 0.7763888888888889,
    "below": 0,
    "above": 0,
    "turn_on_times": 0,
    "turn_on_ratio": 0
  },
  "12": {
    "validity_ratio": 0.7854166666666667,
    "below": -0.21401493422467138,
    "above": 12.840784767950897,
    "turn_on_times": 0,
    "turn_on_ratio": 0.0
  },
  "13": {
    "validity_ratio": 0.7756944444444445,
    "below": -0.1372913593750004,
    "above": 58.55886599648926,
    "turn_on_times": 0,
    "turn_on_ratio": 0.0
  }
}