{
  "1": {
    "validity_ratio": 0.4027777777777778,
    "below": 0,
    "above": 15.933440571873769,
    "turn_on_times": 0,
    "turn_on_ratio": 0.0
  },
  "2": {
    "validity_ratio": 0.4041666666666667,
    "below": -2.8476094524454454,
    "above": 1.963155471391364,
    "turn_on_times": 3,
    "turn_on_ratio": 0.5
  },
  "3": {
    "validity_ratio": 0.40208333333333335,
    "below": -3.1927583688129424,
    "above": 0.575329784757204,
    "turn_on_times": 1,
    "turn_on_ratio": 0.5
  },
  "4": {
    "validity_ratio": 0.4083333333333333,
    "below": -1.6390474048353634,
    "above": 0,
    "turn_on_times": 1,
    "turn_on_ratio": 0.5
  },
  "5": {
    "validity_ratio": 0.40069444444444446,
    "below": -0.5192218853652645,
    "above": 7.1899387666233485,
    "turn_on_times": 0,
    "turn_on_ratio": 0.0
  },
  "6": {
    "validity_ratio": 0.4027777777777778,
    "below": -0.1351043677831399,
    "above": 9.527087021388656,
    "turn_on_times": 1,
    "turn_on_ratio": 0.16666666666666666
  },
  "7": {
    "validity_ratio": 0.4041666666666667,
    "below": 0,
    "above": 1.9623033484108519,
    "turn_on_times": 2,
    "turn_on_ratio": 0.3333333333333333
  },
  "8": {
    "validity_ratio": 0.40555555555555556,
    "below": -0.16486946378020134,
    "above": 0,
    "turn_on_times": 2,
    "turn_on_ratio": 1.0
  },
  "9": {
    "validity_ratio": 0.4041666666666667,
    "below": 0,
    "above": 3.872177849364247,
    "turn_on_times": 0,
    "turn_on_ratio": 0.0
  },
  "10": {
    "validity_ratio": 0.4013888888888889,
    "below": 0,
    "above": 0,
    "turn_on_times": 0,
    "turn_on_ratio": 0
  },
  "12": {
    "validity_ratio": 0.40694444444444444,
    "below": -0.19719768150297098,
    "above": 5.6790845147979585,
    "turn_on_times": 0,
    "turn_on_ratio": 0.0
  },
  "13": {
    "validity_ratio": 0.40069444444444446,
    "below": 0,
    "above": 31.610067647282847,
    "turn_on_times": 0,
    "turn_on_ratio": 0.0
  }
}