{
  "1": {
    "validity_ratio": 0.3888888888888889,
    "below": 0,
    "above": 15.333444866677205,
    "turn_on_times": 0,
    "turn_on_ratio": 0.0
  },
  "2": {
    "validity_ratio": 0.3902777777777778,
    "below": -2.611544598315399,
    "above": 1.9631424445824361,
    "turn_on_times": 3,
    "turn_on_ratio": 0.5
  },
  "3": {
    "validity_ratio": 0.38819444444444445,
    "below": -2.6594677903824917,
    "above": 0.575341675895426,
    "turn_on_times": 1,
    "turn_on_ratio": 0.5
  },
  "4": {
    "validity_ratio": 0.39444444444444443,
    "below": -1.2403083051926815,
    "above": 0,
    "turn_on_times": 1,
    "turn_on_ratio": 0.5
  },
  "5": {
    "validity_ratio": 0.38680555555555557,
    "below": -0.5191454601177454,
    "above": 7.189626635451803,
    "turn_on_times": 0,
    "turn_on_ratio": 0.0
  },
  "6": {
    "validity_ratio": 0.3888888888888889,
    "below": -0.13510578874682952,
    "above": 9.124631311799272,
    "turn_on_times": 1,
    "turn_on_ratio": 0.16666666666666666
  },
  "7": {
    "validity_ratio": 0.3902777777777778,
    "below": 0,
    "above": 1.9622570693244736,
    "turn_on_times": 2,
    "turn_on_ratio": 0.3333333333333333
  },
  "8": {
    "validity_ratio": 0.39166666666666666,
    "below": -0.1648234522589255,
    "above": 0,
    "turn_on_times": 2,
    "turn_on_ratio": 1.0
  },
  "9": {
    "validity_ratio": 0.3902777777777778,
    "below": 0,
    "above": 3.872175446685493,
    "turn_on_times": 0,
    "turn_on_ratio": 0.0
  },
  "10": {
    "validity_ratio": 0.3875,
    "below": 0,
    "above": 0,
    "turn_on_times": 0,
    "turn_on_ratio": 0
  },
  "12": {
    "validity_ratio": 0.39305555555555555,
    "below": -0.19717628343220558,
    "above": 5.679025195986966,
    "turn_on_times": 0,
    "turn_on_ratio": 0.0
  },
  "13": {
    "validity_ratio": 0.38680555555555557,
    "below": 0,
    "above": 31.01884677764967,
    "turn_on_times": 0,
    "turn_on_ratio": 0.0
  }
}