{
  "1": {
    "validity_ratio": 0.27152777777777776,
    "below": 0,
    "above": 10.263448774202455,
    "turn_on_times": 0,
    "turn_on_ratio": 0.0
  },
  "2": {
    "validity_ratio": 0.2722222222222222,
    "below": 0,
    "above": 1.963130592448984,
    "turn_on_times": 3,
    "turn_on_ratio": 0.5
  },
  "3": {
    "validity_ratio": 0.2701388888888889,
    "below": 0,
    "above": 0.5753520987421291,
    "turn_on_times": 1,
    "turn_on_ratio": 0.5
  },
  "4": {
    "validity_ratio": 0.27361111111111114,
    "below": 0,
    "above": 0,
    "turn_on_times": 1,
    "turn_on_ratio": 0.5
  },
  "5": {
    "validity_ratio": 0.2701388888888889,
    "below": 0,
    "above": 5.07168132324399,
    "turn_on_times": 0,
    "turn_on_ratio": 0.0
  },
  "6": {
    "validity_ratio": 0.2708333333333333,
    "below": -0.13510708157697515,
    "above": 5.519688772093494,
    "turn_on_times": 1,
    "turn_on_ratio": 0.16666666666666666
  },
  "7": {
    "validity_ratio": 0.27152777777777776,
    "below": 0,
    "above": 1.962214963394241,
    "turn_on_times": 2,
    "turn_on_ratio": 0.3333333333333333
  },
  "8": {
    "validity_ratio": 0.2777777777777778,
    "below": 0,
    "above": 0,
    "turn_on_times": 0,
    "turn_on_ratio": 0
  },
  "9": {
    "validity_ratio": 0.2708333333333333,
    "below": 0,
    "above": 0,
    "turn_on_times": 0,
    "turn_on_ratio": 0
  },
  "10": {
    "validity_ratio": 0.26944444444444443,
    "below": 0,
    "above": 0,
    "turn_on_times": 0,
    "turn_on_ratio": 0
  },
  "12": {
    "validity_ratio": 0.2777777777777778,
    "below": 0,
    "above": 2.680776636749199,
    "turn_on_times": 0,
    "turn_on_ratio": 0.0
  },
  "13": {
    "validity_ratio": 0.26875,
    "below": 0,
    "above": 26.359902341843657,
    "turn_on_times": 0,
    "turn_on_ratio": 0.0
  }
}