{
  "1": {
    "validity_ratio": 0.4583333333333333,
    "below": 0,
    "above": 18.33345321269004,
    "turn_on_times": 0,
    "turn_on_ratio": 0.0
  },
  "2": {
    "validity_ratio": 0.4597222222222222,
    "below": -3.660282032298939,
    "above": 1.971472013285016,
    "turn_on_times": 3,
    "turn_on_ratio": 0.5
  },
  "3": {
    "validity_ratio": 0.4597222222222222,
    "below": -5.646997669304004,
    "above": 0.5753634801503269,
    "turn_on_times": 1,
    "turn_on_ratio": 0.5
  },
  "4": {
    "validity_ratio": 0.4638888888888889,
    "below": -3.030536404411318,
    "above": 0,
    "turn_on_times": 1,
    "turn_on_ratio": 0.5
  },
  "5": {
    "validity_ratio": 0.45625,
    "below": -0.518996944335371,
    "above": 7.189020038235717,
    "turn_on_times": 0,
    "turn_on_ratio": 0.0
  },
  "6": {
    "validity_ratio": 0.4583333333333333,
    "below": -0.1351085500795167,
    "above": 11.057677178113387,
    "turn_on_times": 1,
    "turn_on_ratio": 0.16666666666666666
  },
  "7": {
    "validity_ratio": 0.4597222222222222,
    "below": 0,
    "above": 1.9621671360243624,
    "turn_on_times": 2,
    "turn_on_ratio": 0.3333333333333333
  },
  "8": {
    "validity_ratio": 0.4625,
    "below": -0.16473403891317487,
    "above": 0,
    "turn_on_times": 3,
    "turn_on_ratio": 1.0
  },
  "9": {
    "validity_ratio": 0.45694444444444443,
    "below": 0,
    "above": 5.077405879596367,
    "turn_on_times": 0,
    "turn_on_ratio": 0.0
  },
  "10": {
    "validity_ratio": 0.45694444444444443,
    "below": 0,
    "above": 0,
    "turn_on_times": 0,
    "turn_on_ratio": 0
  },
  "12": {
    "validity_ratio": 0.4625,
    "below": -0.19713470095358482,
    "above": 5.6789099248485835,
    "turn_on_times": 0,
    "turn_on_ratio": 0.0
  },
  "13": {
    "validity_ratio": 0.45625,
    "below": 0,
    "above": 33.32229350283545,
    "turn_on_times": 0,
    "turn_on_ratio": 0.0
  }
}