{
  "1": {
    "validity_ratio": 0.30625,
    "below": 0,
    "above": 11.763451630347932,
    "turn_on_times": 0,
    "turn_on_ratio": 0.0
  },
  "2": {
    "validity_ratio": 0.30694444444444446,
    "below": -0.7436875186666669,
    "above": 1.9631219293139954,
    "turn_on_times": 3,
    "turn_on_ratio": 0.5
  },
  "3": {
    "validity_ratio": 0.30486111111111114,
    "below": -0.33409618920422907,
    "above": 0.5753594784660042,
    "turn_on_times": 1,
    "turn_on_ratio": 0.5
  },
  "4": {
    "validity_ratio": 0.30833333333333335,
    "below": -0.14565192789794837,
    "above": 0,
    "turn_on_times": 1,
    "turn_on_ratio": 0.5
  },
  "5": {
    "validity_ratio": 0.30694444444444446,
    "below": -0.5190251018260592,
    "above": 7.081978658467111,
    "turn_on_times": 0,
    "turn_on_ratio": 0.0
  },
  "6": {
    "validity_ratio": 0.3055555555555556,
    "below": -0.13510802655132212,
    "above": 6.65756356962698,
    "turn_on_times": 1,
    "turn_on_ratio": 0.16666666666666666
  },
  "7": {
    "validity_ratio": 0.30625,
    "below": 0,
    "above": 1.962184186710963,
    "turn_on_times": 2,
    "turn_on_ratio": 0.3333333333333333
  },
  "8": {
    "validity_ratio": 0.30972222222222223,
    "below": -0.16475099102028545,
    "above": 0,
    "turn_on_times": 1,
    "turn_on_ratio": 1.0
  },
  "9": {
    "validity_ratio": 0.30833333333333335,
    "below": 0,
    "above": 2.356349077252216,
    "turn_on_times": 0,
    "turn_on_ratio": 0.0
  },
  "10": {
    "validity_ratio": 0.30416666666666664,
    "below": 0,
    "above": 0,
    "turn_on_times": 0,
    "turn_on_ratio": 0
  },
  "12": {
    "validity_ratio": 0.3111111111111111,
    "below": 0,
    "above": 3.981043604368608,
    "turn_on_times": 0,
    "turn_on_ratio": 0.0
  },
  "13": {
    "validity_ratio": 0.3034722222222222,
    "below": 0,
    "above": 28.205639633403138,
    "turn_on_times": 0,
    "turn_on_ratio": 0.0
  }
}