{
  "1": {
    "validity_ratio": 0.69375,
    "below": 0,
    "above": 28.153872880913603,
    "turn_on_times": 0,
    "turn_on_ratio": 0.0
  },
  "2": {
    "validity_ratio": 0.6958333333333333,
    "below": -3.9393185146182943,
    "above": 1.9631455196018193,
    "turn_on_times": 3,
    "turn_on_ratio": 0.5
  },
  "3": {
    "validity_ratio": 0.6951388888888889,
    "below": -11.180579495944942,
    "above": 0.57533891005469,
    "turn_on_times": 1,
    "turn_on_ratio": 0.5
  },
  "4": {
    "validity_ratio": 0.6993055555555555,
    "below": -5.624108614518173,
    "above": 0,
    "turn_on_times": 1,
    "turn_on_ratio": 0.5
  },
  "5": {
    "validity_ratio": 0.6930555555555555,
    "below": -0.5191635005387486,
    "above": 7.189700316212187,
    "turn_on_times": 0,
    "turn_on_ratio": 0.0
  },
  "6": {
    "validity_ratio": 0.6944444444444444,
    "below": -2.4683617809185296,
    "above": 13.183112051043755,
    "turn_on_times": 1,
    "turn_on_ratio": 0.16666666666666666
  },
  "7": {
    "validity_ratio": 0.6902777777777778,
    "below": -7.0734957508464715,
    "above": 1.9622679936489473,
    "turn_on_times": 2,
    "turn_on_ratio": 0.3333333333333333
  },
  "8": {
    "validity_ratio": 0.6993055555555555,
    "below": -0.16483431342381244,
    "above": 0,
    "turn_on_times": 6,
    "turn_on_ratio": 0.75
  },
  "9": {
    "validity_ratio": 0.69375,
    "below": 0,
    "above": 5.606445369029912,
    "turn_on_times": 2,
    "turn_on_ratio": 0.25
  },
  "10": {
    "validity_ratio": 0.6930555555555555,
    "below": 0,
    "above": 0,
    "turn_on_times": 0,
    "turn_on_ratio": 0
  },
  "12": {
    "validity_ratio": 0.6951388888888889,
    "below": -0.21401418043604423,
    "above": 10.117627867131308,
    "turn_on_times": 0,
    "turn_on_ratio": 0.0
  },
  "13": {
    "validity_ratio": 0.6923611111111111,
    "below": -0.13729489643749906,
    "above": 45.73109434395569,
    "turn_on_times": 0,
    "turn_on_ratio": 0.0
  }
}