{
  "1": {
    "validity_ratio": 0.9944444444444445,
    "below": -7.901024900253199,
    "above": 10.311503586356974,
    "turn_on_times": 1,
    "turn_on_ratio": 0.5
  },
  "2": {
    "validity_ratio": 0.9930555555555556,
    "below": -5.8039033824625506,
    "above": 11.15527148817724,
    "turn_on_times": 1,
    "turn_on_ratio": 0.5
  },
  "3": {
    "validity_ratio": 0.9923611111111111,
    "below": -10.86682846506201,
    "above": 2.9632766280018163,
    "turn_on_times": 0,
    "turn_on_ratio": 0.0
  },
  "4": {
    "validity_ratio": 0.9930555555555556,
    "below": -12.948995336688753,
    "above": 0,
    "turn_on_times": 1,
    "turn_on_ratio": 0.5
  },
  "5": {
    "validity_ratio": 0.9902777777777778,
    "below": -7.760318307508057,
    "above": 0.38511924570160916,
    "turn_on_times": 1,
    "turn_on_ratio": 0.5
  },
  "6": {
    "validity_ratio": 0.9916666666666667,
    "below": -7.344328883214087,
    "above": 4.92597303565493,
    "turn_on_times": 0,
    "turn_on_ratio": 0.0
  },
  "7": {
    "validity_ratio": 0.99375,
    "below": 0.14988737036241268,
    "above": 26.65648527076641,
    "turn_on_times": 0,
    "turn_on_ratio": 0.0
  },
  "8": {
    "validity_ratio": 0.9895833333333334,
    "below": -1.9599478982006813,
    "above": 0,
    "turn_on_times": 1,
    "turn_on_ratio": 1.0
  },
  "9": {
    "validity_ratio": 0.9958333333333333,
    "below": 0.0028168402777778447,
    "above": 25.15672862678514,
    "turn_on_times": 0,
    "turn_on_ratio": 0.0
  },
  "10": {
    "validity_ratio": 0.0,
    "below": 0,
    "above": 0,
    "turn_on_times": 0,
    "turn_on_ratio": 0
  }
}