{
  "1": {
    "validity_ratio": 0.9513888888888888,
    "below": 0,
    "above": 37.83270229508401,
    "turn_on_times": 0,
    "turn_on_ratio": 0.0
  },
  "2": {
    "validity_ratio": 0.9506944444444444,
    "below": -0.98464769731113,
    "above": 33.02994247998135,
    "turn_on_times": 2,
    "turn_on_ratio": 0.6666666666666666
  },
  "3": {
    "validity_ratio": 0.9479166666666666,
    "below": -2.618357050259236,
    "above": 16.266464339321796,
    "turn_on_times": 1,
    "turn_on_ratio": 0.25
  },
  "4": {
    "validity_ratio": 0.95,
    "below": -2.185069043813607,
    "above": 3.4531377007076727,
    "turn_on_times": 2,
    "turn_on_ratio": 0.5
  },
  "5": {
    "validity_ratio": 0.9479166666666666,
    "below": -1.699059745688325,
    "above": 5.0928078436469955,
    "turn_on_times": 1,
    "turn_on_ratio": 0.25
  },
  "6": {
    "validity_ratio": 0.9541666666666667,
    "below": -6.006018871511633,
    "above": 18.838696706019185,
    "turn_on_times": 0,
    "turn_on_ratio": 0.0
  },
  "7": {
    "validity_ratio": 0.9513888888888888,
    "below": -5.165748728994031,
    "above": 9.19468703933508,
    "turn_on_times": 0,
    "turn_on_ratio": 0.0
  },
  "8": {
    "validity_ratio": 0.9520833333333333,
    "below": 0,
    "above": 0,
    "turn_on_times": 2,
    "turn_on_ratio": 1.0
  },
  "9": {
    "validity_ratio": 0.9534722222222223,
    "below": 0,
    "above": 21.55328763300957,
    "turn_on_times": 0,
    "turn_on_ratio": 0.0
  },
  "10": {
    "validity_ratio": 0.9534722222222223,
    "below": 0,
    "above": 0,
    "turn_on_times": 0,
    "turn_on_ratio": 0
  },
  "12": {
    "validity_ratio": 0.9520833333333333,
    "below": 0,
    "above": 41.39367277319972,
    "turn_on_times": 0,
    "turn_on_ratio": 0.0
  },
  "13": {
    "validity_ratio": 0.9520833333333333,
    "below": -1.222256947659661,
    "above": 28.469671310692025,
    "turn_on_times": 1,
    "turn_on_ratio": 0.3333333333333333
  }
}