{
  "1": {
    "validity_ratio": 0.41180555555555554,
    "below": 0,
    "above": 8.811417601762724,
    "turn_on_times": 0,
    "turn_on_ratio": 0.0
  },
  "2": {
    "validity_ratio": 0.40902777777777777,
    "below": -0.984697137110317,
    "above": 0,
    "turn_on_times": 2,
    "turn_on_ratio": 0.6666666666666666
  },
  "3": {
    "validity_ratio": 0.4076388888888889,
    "below": -1.6909821483772018,
    "above": 1.3081661958650885,
    "turn_on_times": 0,
    "turn_on_ratio": 0.0
  },
  "4": {
    "validity_ratio": 0.40902777777777777,
    "below": -2.1850374856241936,
    "above": 0,
    "turn_on_times": 0,
    "turn_on_ratio": 0.0
  },
  "5": {
    "validity_ratio": 0.4125,
    "below": 0,
    "above": 0.34659676794231914,
    "turn_on_times": 1,
    "turn_on_ratio": 1.0
  },
  "6": {
    "validity_ratio": 0.4125,
    "below": 0,
    "above": 6.576773547603099,
    "turn_on_times": 0,
    "turn_on_ratio": 0.0
  },
  "7": {
    "validity_ratio": 0.40902777777777777,
    "below": -2.0621887905825536,
    "above": 1.5098967576474722,
    "turn_on_times": 0,
    "turn_on_ratio": 0.0
  },
  "8": {
    "validity_ratio": 0.41041666666666665,
    "below": 0,
    "above": 0,
    "turn_on_times": 2,
    "turn_on_ratio": 1.0
  },
  "9": {
    "validity_ratio": 0.41180555555555554,
    "below": 0,
    "above": 11.249290293227421,
    "turn_on_times": 0,
    "turn_on_ratio": 0.0
  },
  "10": {
    "validity_ratio": 0.41180555555555554,
    "below": 0,
    "above": 0,
    "turn_on_times": 0,
    "turn_on_ratio": 0
  },
  "12": {
    "validity_ratio": 0.41180555555555554,
    "below": 0,
    "above": 8.766033325068577,
    "turn_on_times": 0,
    "turn_on_ratio": 0.0
  },
  "13": {
    "validity_ratio": 0.41041666666666665,
    "below": -0.749665244301027,
    "above": 0.17733926103444447,
    "turn_on_times": 1,
    "turn_on_ratio": 0.3333333333333333
  }
}