{
  "1": {
    "validity_ratio": 0.4951388888888889,
    "below": 0,
    "above": 17.194601610184094,
    "turn_on_times": 0,
    "turn_on_ratio": 0.0
  },
  "2": {
    "validity_ratio": 0.49930555555555556,
    "below": -0.9846887790746073,
    "above": 0,
    "turn_on_times": 2,
    "turn_on_ratio": 0.6666666666666666
  },
  "3": {
    "validity_ratio": 0.4979166666666667,
    "below": -2.426627510655814,
    "above": 7.39094811003251,
    "turn_on_times": 1,
    "turn_on_ratio": 0.3333333333333333
  },
  "4": {
    "validity_ratio": 0.49930555555555556,
    "below": -2.1850428206878147,
    "above": 0,
    "turn_on_times": 1,
    "turn_on_ratio": 0.3333333333333333
  },
  "5": {
    "validity_ratio": 0.49583333333333335,
    "below": -0.26806307213846975,
    "above": 1.236598457515254,
    "turn_on_times": 1,
    "turn_on_ratio": 0.3333333333333333
  },
  "6": {
    "validity_ratio": 0.49583333333333335,
    "below": 0,
    "above": 11.173998162329621,
    "turn_on_times": 0,
    "turn_on_ratio": 0.0
  },
  "7": {
    "validity_ratio": 0.4930555555555556,
    "below": -3.9722024662412605,
    "above": 1.8445700302051307,
    "turn_on_times": 0,
    "turn_on_ratio": 0.0
  },
  "8": {
    "validity_ratio": 0.49375,
    "below": 0,
    "above": 0,
    "turn_on_times": 2,
    "turn_on_ratio": 1.0
  },
  "9": {
    "validity_ratio": 0.4951388888888889,
    "below": 0,
    "above": 19.152221968353032,
    "turn_on_times": 0,
    "turn_on_ratio": 0.0
  },
  "10": {
    "validity_ratio": 0.4951388888888889,
    "below": 0,
    "above": 0,
    "turn_on_times": 0,
    "turn_on_ratio": 0
  },
  "12": {
    "validity_ratio": 0.4951388888888889,
    "below": 0,
    "above": 11.226728097226495,
    "turn_on_times": 0,
    "turn_on_ratio": 0.0
  },
  "13": {
    "validity_ratio": 0.49375,
    "below": -1.0672698140035914,
    "above": 2.7826994110260266,
    "turn_on_times": 1,
    "turn_on_ratio": 0.3333333333333333
  }
}