{
  "1": {
    "validity_ratio": 0.6541666666666667,
    "below": 0,
    "above": 32.70357673007106,
    "turn_on_times": 0,
    "turn_on_ratio": 0.0
  },
  "2": {
    "validity_ratio": 0.6590277777777778,
    "below": -0.9846673672154751,
    "above": 1.0556561544331273,
    "turn_on_times": 2,
    "turn_on_ratio": 0.6666666666666666
  },
  "3": {
    "validity_ratio": 0.6569444444444444,
    "below": -2.618135582282179,
    "above": 8.47541878468862,
    "turn_on_times": 1,
    "turn_on_ratio": 0.3333333333333333
  },
  "4": {
    "validity_ratio": 0.6590277777777778,
    "below": -2.1850564882090655,
    "above": 0.45411946438907774,
    "turn_on_times": 1,
    "turn_on_ratio": 0.3333333333333333
  },
  "5": {
    "validity_ratio": 0.6555555555555556,
    "below": -1.699073971491593,
    "above": 1.23660278591237,
    "turn_on_times": 1,
    "turn_on_ratio": 0.3333333333333333
  },
  "6": {
    "validity_ratio": 0.6486111111111111,
    "below": -2.45810626500547,
    "above": 11.262322681154988,
    "turn_on_times": 0,
    "turn_on_ratio": 0.0
  },
  "7": {
    "validity_ratio": 0.6527777777777778,
    "below": -4.614699889481757,
    "above": 1.881659398066571,
    "turn_on_times": 0,
    "turn_on_ratio": 0.0
  },
  "8": {
    "validity_ratio": 0.6534722222222222,
    "below": 0,
    "above": 0,
    "turn_on_times": 2,
    "turn_on_ratio": 1.0
  },
  "9": {
    "validity_ratio": 0.6548611111111111,
    "below": 0,
    "above": 21.55330023003056,
    "turn_on_times": 0,
    "turn_on_ratio": 0.0
  },
  "10": {
    "validity_ratio": 0.6548611111111111,
    "below": 0,
    "above": 0,
    "turn_on_times": 0,
    "turn_on_ratio": 0
  },
  "12": {
    "validity_ratio": 0.6548611111111111,
    "below": 0,
    "above": 17.17863869578374,
    "turn_on_times": 0,
    "turn_on_ratio": 0.0
  },
  "13": {
    "validity_ratio": 0.6534722222222222,
    "below": -1.2222788495722867,
    "above": 6.546173019904692,
    "turn_on_times": 1,
    "turn_on_ratio": 0.3333333333333333
  }
}