{
  "1": {
    "validity_ratio": 0.5569444444444445,
    "below": 0,
    "above": 23.473563891597408,
    "turn_on_times": 0,
    "turn_on_ratio": 0.0
  },
  "2": {
    "validity_ratio": 0.5548611111111111,
    "below": -0.9846316666079681,
    "above": 0,
    "turn_on_times": 2,
    "turn_on_ratio": 0.6666666666666666
  },
  "3": {
    "validity_ratio": 0.5534722222222223,
    "below": -2.618537543633162,
    "above": 8.47582611824262,
    "turn_on_times": 1,
    "turn_on_ratio": 0.3333333333333333
  },
  "4": {
    "validity_ratio": 0.5548611111111111,
    "below": -2.185079276459674,
    "above": 0,
    "turn_on_times": 1,
    "turn_on_ratio": 0.3333333333333333
  },
  "5": {
    "validity_ratio": 0.5576388888888889,
    "below": -1.2562632880657443,
    "above": 1.2366100027731575,
    "turn_on_times": 1,
    "turn_on_ratio": 0.3333333333333333
  },
  "6": {
    "validity_ratio": 0.5576388888888889,
    "below": -0.345407391906221,
    "above": 11.262180194091195,
    "turn_on_times": 0,
    "turn_on_ratio": 0.0
  },
  "7": {
    "validity_ratio": 0.5555555555555556,
    "below": -4.614820668238713,
    "above": 1.84457889084083,
    "turn_on_times": 0,
    "turn_on_ratio": 0.0
  },
  "8": {
    "validity_ratio": 0.55625,
    "below": 0,
    "above": 0,
    "turn_on_times": 2,
    "turn_on_ratio": 1.0
  },
  "9": {
    "validity_ratio": 0.5576388888888889,
    "below": 0,
    "above": 21.55327736249183,
    "turn_on_times": 0,
    "turn_on_ratio": 0.0
  },
  "10": {
    "validity_ratio": 0.5576388888888889,
    "below": 0,
    "above": 0,
    "turn_on_times": 0,
    "turn_on_ratio": 0
  },
  "12": {
    "validity_ratio": 0.5576388888888889,
    "below": 0,
    "above": 13.316620874943778,
    "turn_on_times": 0,
    "turn_on_ratio": 0.0
  },
  "13": {
    "validity_ratio": 0.55625,
    "below": -1.0770973559895547,
    "above": 4.433768129285106,
    "turn_on_times": 1,
    "turn_on_ratio": 0.3333333333333333
  }
}