{
  "1": {
    "validity_ratio": 0.42569444444444443,
    "below": 0,
    "above": 10.19459598897853,
    "turn_on_times": 0,
    "turn_on_ratio": 0.0
  },
  "2": {
    "validity_ratio": 0.42291666666666666,
    "below": -0.9847090114308843,
    "above": 0,
    "turn_on_times": 2,
    "turn_on_ratio": 0.6666666666666666
  },
  "3": {
    "validity_ratio": 0.4215277777777778,
    "below": -1.860836398574106,
    "above": 1.6117320053316744,
    "turn_on_times": 0,
    "turn_on_ratio": 0.0
  },
  "4": {
    "validity_ratio": 0.42291666666666666,
    "below": -2.185029906061501,
    "above": 0,
    "turn_on_times": 0,
    "turn_on_ratio": 0.0
  },
  "5": {
    "validity_ratio": 0.42569444444444443,
    "below": 0,
    "above": 0.5365943675540776,
    "turn_on_times": 1,
    "turn_on_ratio": 1.0
  },
  "6": {
    "validity_ratio": 0.42569444444444443,
    "below": 0,
    "above": 7.494661007937246,
    "turn_on_times": 0,
    "turn_on_ratio": 0.0
  },
  "7": {
    "validity_ratio": 0.42291666666666666,
    "below": -2.6621217780442517,
    "above": 1.5098927658848342,
    "turn_on_times": 0,
    "turn_on_ratio": 0.0
  },
  "8": {
    "validity_ratio": 0.42430555555555555,
    "below": 0,
    "above": 0,
    "turn_on_times": 2,
    "turn_on_ratio": 1.0
  },
  "9": {
    "validity_ratio": 0.42569444444444443,
    "below": 0,
    "above": 13.060391760165844,
    "turn_on_times": 0,
    "turn_on_ratio": 0.0
  },
  "10": {
    "validity_ratio": 0.42569444444444443,
    "below": 0,
    "above": 0,
    "turn_on_times": 0,
    "turn_on_ratio": 0
  },
  "12": {
    "validity_ratio": 0.42569444444444443,
    "below": 0,
    "above": 9.360019145053988,
    "turn_on_times": 0,
    "turn_on_ratio": 0.0
  },
  "13": {
    "validity_ratio": 0.42430555555555555,
    "below": -0.9991394577352776,
    "above": 0.17733837141055533,
    "turn_on_times": 1,
    "turn_on_ratio": 0.3333333333333333
  }
}