{
  "1": {
    "validity_ratio": 0.7368055555555556,
    "below": 0,
    "above": 34.3023696272509,
    "turn_on_times": 0,
    "turn_on_ratio": 0.0
  },
  "2": {
    "validity_ratio": 0.7423611111111111,
    "below": -0.9846640348935527,
    "above": 3.3860160242262403,
    "turn_on_times": 2,
    "turn_on_ratio": 0.6666666666666666
  },
  "3": {
    "validity_ratio": 0.7402777777777778,
    "below": -2.6181731016611316,
    "above": 9.620331920218756,
    "turn_on_times": 1,
    "turn_on_ratio": 0.3333333333333333
  },
  "4": {
    "validity_ratio": 0.7416666666666667,
    "below": -2.1850586152817537,
    "above": 2.7757663243125394,
    "turn_on_times": 1,
    "turn_on_ratio": 0.3333333333333333
  },
  "5": {
    "validity_ratio": 0.7395833333333334,
    "below": -1.6990715614668543,
    "above": 1.2366034595396578,
    "turn_on_times": 1,
    "turn_on_ratio": 0.3333333333333333
  },
  "6": {
    "validity_ratio": 0.7388888888888889,
    "below": -4.529836051483835,
    "above": 11.26230938112294,
    "turn_on_times": 0,
    "turn_on_ratio": 0.0
  },
  "7": {
    "validity_ratio": 0.7423611111111111,
    "below": -4.614711163063014,
    "above": 3.4311674987456198,
    "turn_on_times": 0,
    "turn_on_ratio": 0.0
  },
  "8": {
    "validity_ratio": 0.7368055555555556,
    "below": 0,
    "above": 0,
    "turn_on_times": 2,
    "turn_on_ratio": 1.0
  },
  "9": {
    "validity_ratio": 0.7381944444444445,
    "below": 0,
    "above": 21.553298096333144,
    "turn_on_times": 0,
    "turn_on_ratio": 0.0
  },
  "10": {
    "validity_ratio": 0.7381944444444445,
    "below": 0,
    "above": 0,
    "turn_on_times": 0,
    "turn_on_ratio": 0
  },
  "12": {
    "validity_ratio": 0.7368055555555556,
    "below": 0,
    "above": 23.009987105545555,
    "turn_on_times": 0,
    "turn_on_ratio": 0.0
  },
  "13": {
    "validity_ratio": 0.7368055555555556,
    "below": -1.2222751391209152,
    "above": 9.064566150371814,
    "turn_on_times": 1,
    "turn_on_ratio": 0.3333333333333333
  }
}