{
  "1": {
    "validity_ratio": 0.9722222222222222,
    "below": 0,
    "above": 37.83325817782644,
    "turn_on_times": 0,
    "turn_on_ratio": 0.0
  },
  "2": {
    "validity_ratio": 0.9715277777777778,
    "below": -0.9846826918356867,
    "above": 33.03000618204648,
    "turn_on_times": 2,
    "turn_on_ratio": 0.6666666666666666
  },
  "3": {
    "validity_ratio": 0.96875,
    "below": -2.6179630388585924,
    "above": 16.26607322535834,
    "turn_on_times": 1,
    "turn_on_ratio": 0.25
  },
  "4": {
    "validity_ratio": 0.9708333333333333,
    "below": -2.185046706266683,
    "above": 3.453049361880539,
    "turn_on_times": 2,
    "turn_on_ratio": 0.5
  },
  "5": {
    "validity_ratio": 0.96875,
    "below": -1.6990850546686378,
    "above": 5.093266972705553,
    "turn_on_times": 1,
    "turn_on_ratio": 0.25
  },
  "6": {
    "validity_ratio": 0.975,
    "below": -6.0060507026558785,
    "above": 18.838822779602506,
    "turn_on_times": 0,
    "turn_on_ratio": 0.0
  },
  "7": {
    "validity_ratio": 0.9722222222222222,
    "below": -5.165651526113181,
    "above": 9.195000024418253,
    "turn_on_times": 0,
    "turn_on_ratio": 0.0
  },
  "8": {
    "validity_ratio": 0.9729166666666667,
    "below": 0,
    "above": 0,
    "turn_on_times": 2,
    "turn_on_ratio": 1.0
  },
  "9": {
    "validity_ratio": 0.9743055555555555,
    "below": 0,
    "above": 21.553310040381568,
    "turn_on_times": 0,
    "turn_on_ratio": 0.0
  },
  "10": {
    "validity_ratio": 0.9743055555555555,
    "below": 0,
    "above": 0,
    "turn_on_times": 0,
    "turn_on_ratio": 0
  },
  "12": {
    "validity_ratio": 0.9729166666666667,
    "below": 0,
    "above": 41.393732107963814,
    "turn_on_times": 0,
    "turn_on_ratio": 0.0
  },
  "13": {
    "validity_ratio": 0.9729166666666667,
    "below": -1.2222959131272002,
    "above": 28.46947268007492,
    "turn_on_times": 1,
    "turn_on_ratio": 0.3333333333333333
  }
}