{
  "1": {
    "validity_ratio": 0.5430555555555555,
    "below": 0,
    "above": 22.024616708665036,
    "turn_on_times": 0,
    "turn_on_ratio": 0.0
  },
  "2": {
    "validity_ratio": 0.5409722222222222,
    "below": -0.9846344352433078,
    "above": 0,
    "turn_on_times": 2,
    "turn_on_ratio": 0.6666666666666666
  },
  "3": {
    "validity_ratio": 0.5395833333333333,
    "below": -2.618506370931092,
    "above": 8.40963136566054,
    "turn_on_times": 1,
    "turn_on_ratio": 0.3333333333333333
  },
  "4": {
    "validity_ratio": 0.5409722222222222,
    "below": -2.1850775091968635,
    "above": 0,
    "turn_on_times": 1,
    "turn_on_ratio": 0.3333333333333333
  },
  "5": {
    "validity_ratio": 0.5444444444444444,
    "below": -1.0345977297527502,
    "above": 1.2366094430948436,
    "turn_on_times": 1,
    "turn_on_ratio": 0.3333333333333333
  },
  "6": {
    "validity_ratio": 0.5444444444444444,
    "below": -0.05885988015999987,
    "above": 11.26219124402253,
    "turn_on_times": 0,
    "turn_on_ratio": 0.0
  },
  "7": {
    "validity_ratio": 0.5416666666666666,
    "below": -4.61481130166604,
    "above": 1.8445784613046787,
    "turn_on_times": 0,
    "turn_on_ratio": 0.0
  },
  "8": {
    "validity_ratio": 0.5423611111111111,
    "below": 0,
    "above": 0,
    "turn_on_times": 2,
    "turn_on_ratio": 1.0
  },
  "9": {
    "validity_ratio": 0.54375,
    "below": 0,
    "above": 21.553279136559574,
    "turn_on_times": 0,
    "turn_on_ratio": 0.0
  },
  "10": {
    "validity_ratio": 0.54375,
    "below": 0,
    "above": 0,
    "turn_on_times": 0,
    "turn_on_ratio": 0
  },
  "12": {
    "validity_ratio": 0.54375,
    "below": 0,
    "above": 12.741518887059689,
    "turn_on_times": 0,
    "turn_on_ratio": 0.0
  },
  "13": {
    "validity_ratio": 0.5423611111111111,
    "below": -1.0672196417630493,
    "above": 4.161729221511254,
    "turn_on_times": 1,
    "turn_on_ratio": 0.3333333333333333
  }
}