{
  "1": {
    "validity_ratio": 0.5708333333333333,
    "below": 0,
    "above": 24.940162896327294,
    "turn_on_times": 0,
    "turn_on_ratio": 0.0
  },
  "2": {
    "validity_ratio": 0.5756944444444444,
    "below": -0.9847300716889682,
    "above": 0,
    "turn_on_times": 2,
    "turn_on_ratio": 0.6666666666666666
  },
  "3": {
    "validity_ratio": 0.5736111111111111,
    "below": -2.617429578193232,
    "above": 8.47470340524444,
    "turn_on_times": 1,
    "turn_on_ratio": 0.3333333333333333
  },
  "4": {
    "validity_ratio": 0.5756944444444444,
    "below": -2.185016462972641,
    "above": 0,
    "turn_on_times": 1,
    "turn_on_ratio": 0.3333333333333333
  },
  "5": {
    "validity_ratio": 0.5722222222222222,
    "below": -1.5013026820702524,
    "above": 1.2365901102329466,
    "turn_on_times": 1,
    "turn_on_ratio": 0.3333333333333333
  },
  "6": {
    "validity_ratio": 0.5722222222222222,
    "below": -0.6385417518071732,
    "above": 11.262572955488091,
    "turn_on_times": 0,
    "turn_on_ratio": 0.0
  },
  "7": {
    "validity_ratio": 0.5694444444444444,
    "below": -4.614487753921813,
    "above": 1.8445636239188226,
    "turn_on_times": 0,
    "turn_on_ratio": 0.0
  },
  "8": {
    "validity_ratio": 0.5701388888888889,
    "below": 0,
    "above": 0,
    "turn_on_times": 2,
    "turn_on_ratio": 1.0
  },
  "9": {
    "validity_ratio": 0.5715277777777777,
    "below": 0,
    "above": 21.55334035013168,
    "turn_on_times": 0,
    "turn_on_ratio": 0.0
  },
  "10": {
    "validity_ratio": 0.5645833333333333,
    "below": 0,
    "above": 0,
    "turn_on_times": 0,
    "turn_on_ratio": 0
  },
  "12": {
    "validity_ratio": 0.5715277777777777,
    "below": 0,
    "above": 13.893164327033416,
    "turn_on_times": 0,
    "turn_on_ratio": 0.0
  },
  "13": {
    "validity_ratio": 0.5701388888888889,
    "below": -1.2223486693271628,
    "above": 4.433729062361356,
    "turn_on_times": 1,
    "turn_on_ratio": 0.3333333333333333
  }
}