{
  "1": {
    "validity_ratio": 0.6333333333333333,
    "below": 0,
    "above": 31.503742832188177,
    "turn_on_times": 0,
    "turn_on_ratio": 0.0
  },
  "2": {
    "validity_ratio": 0.63125,
    "below": -0.9847178885685712,
    "above": 0.5231581650773319,
    "turn_on_times": 2,
    "turn_on_ratio": 0.6666666666666666
  },
  "3": {
    "validity_ratio": 0.6291666666666667,
    "below": -2.61756675074787,
    "above": 8.474842393354871,
    "turn_on_times": 1,
    "turn_on_ratio": 0.3333333333333333
  },
  "4": {
    "validity_ratio": 0.63125,
    "below": -2.185024239647051,
    "above": 0.1916597629467635,
    "turn_on_times": 1,
    "turn_on_ratio": 0.3333333333333333
  },
  "5": {
    "validity_ratio": 0.6347222222222222,
    "below": -1.6991105098914474,
    "above": 1.2365925730449268,
    "turn_on_times": 1,
    "turn_on_ratio": 0.3333333333333333
  },
  "6": {
    "validity_ratio": 0.6347222222222222,
    "below": -2.10367568302093,
    "above": 11.262524327585083,
    "turn_on_times": 0,
    "turn_on_ratio": 0.0
  },
  "7": {
    "validity_ratio": 0.6319444444444444,
    "below": -4.614528970647245,
    "above": 1.881680522173842,
    "turn_on_times": 0,
    "turn_on_ratio": 0.0
  },
  "8": {
    "validity_ratio": 0.6326388888888889,
    "below": 0,
    "above": 0,
    "turn_on_times": 2,
    "turn_on_ratio": 1.0
  },
  "9": {
    "validity_ratio": 0.6340277777777777,
    "below": 0,
    "above": 21.553332559454233,
    "turn_on_times": 0,
    "turn_on_ratio": 0.0
  },
  "10": {
    "validity_ratio": 0.6340277777777777,
    "below": 0,
    "above": 0,
    "turn_on_times": 0,
    "turn_on_ratio": 0
  },
  "12": {
    "validity_ratio": 0.6340277777777777,
    "below": 0,
    "above": 16.253291587372942,
    "turn_on_times": 0,
    "turn_on_ratio": 0.0
  },
  "13": {
    "validity_ratio": 0.6326388888888889,
    "below": -1.222335103748308,
    "above": 5.803693798515039,
    "turn_on_times": 1,
    "turn_on_ratio": 0.3333333333333333
  }
}