{
  "1": {
    "validity_ratio": 0.9416666666666667,
    "below": 0,
    "above": 66.82973075260195,
    "turn_on_times": 0,
    "turn_on_ratio": 0.0
  },
  "2": {
    "validity_ratio": 0.9555555555555556,
    "below": 0,
    "above": 39.698337739158696,
    "turn_on_times": 4,
    "turn_on_ratio": 0.36363636363636365
  },
  "3": {
    "validity_ratio": 0.9506944444444444,
    "below": 0,
    "above": 37.46787121325966,
    "turn_on_times": 1,
    "turn_on_ratio": 0.14285714285714285
  },
  "4": {
    "validity_ratio": 0.9576388888888889,
    "below": 0,
    "above": 31.913414165830098,
    "turn_on_times": 2,
    "turn_on_ratio": 0.2857142857142857
  },
  "5": {
    "validity_ratio": 0.9381944444444444,
    "below": -4.2412126259026754,
    "above": 1.6847155812447445,
    "turn_on_times": 3,
    "turn_on_ratio": 0.42857142857142855
  },
  "6": {
    "validity_ratio": 0.9375,
    "below": -4.36287723143792,
    "above": 9.495449686896107,
    "turn_on_times": 2,
    "turn_on_ratio": 0.18181818181818182
  },
  "7": {
    "validity_ratio": 0.9493055555555555,
    "below": -0.987996259480239,
    "above": 20.800225731602087,
    "turn_on_times": 3,
    "turn_on_ratio": 0.2727272727272727
  },
  "8": {
    "validity_ratio": 0.9354166666666667,
    "below": 0,
    "above": 0,
    "turn_on_times": 1,
    "turn_on_ratio": 1.0
  },
  "9": {
    "validity_ratio": 0.9527777777777777,
    "below": 0,
    "above": 6.3403067167901,
    "turn_on_times": 0,
    "turn_on_ratio": 0.0
  },
  "10": {
    "validity_ratio": 0.9548611111111112,
    "below": 0,
    "above": 0,
    "turn_on_times": 0,
    "turn_on_ratio": 0
  },
  "12": {
    "validity_ratio": 0.9493055555555555,
    "below": 0,
    "above": 16.756945222217453,
    "turn_on_times": 1,
    "turn_on_ratio": 0.14285714285714285
  },
  "13": {
    "validity_ratio": 0.9381944444444444,
    "below": 0,
    "above": 56.89760202791732,
    "turn_on_times": 2,
    "turn_on_ratio": 0.18181818181818182
  }
}