{
  "1": {
    "validity_ratio": 0.6784722222222223,
    "below": 0,
    "above": 39.92781240850437,
    "turn_on_times": 0,
    "turn_on_ratio": 0.0
  },
  "2": {
    "validity_ratio": 0.6791666666666667,
    "below": 0,
    "above": 11.897844334991042,
    "turn_on_times": 4,
    "turn_on_ratio": 0.36363636363636365
  },
  "3": {
    "validity_ratio": 0.6736111111111112,
    "below": 0,
    "above": 29.532488224424277,
    "turn_on_times": 1,
    "turn_on_ratio": 0.16666666666666666
  },
  "4": {
    "validity_ratio": 0.6791666666666667,
    "below": 0,
    "above": 24.268436422617935,
    "turn_on_times": 2,
    "turn_on_ratio": 0.3333333333333333
  },
  "5": {
    "validity_ratio": 0.6736111111111112,
    "below": -2.9763511744424607,
    "above": 1.684785945291505,
    "turn_on_times": 2,
    "turn_on_ratio": 0.3333333333333333
  },
  "6": {
    "validity_ratio": 0.6736111111111112,
    "below": -2.7303349295196035,
    "above": 9.480022840573984,
    "turn_on_times": 2,
    "turn_on_ratio": 0.18181818181818182
  },
  "7": {
    "validity_ratio": 0.6777777777777778,
    "below": -0.987986924951891,
    "above": 6.330359821503107,
    "turn_on_times": 3,
    "turn_on_ratio": 0.2727272727272727
  },
  "8": {
    "validity_ratio": 0.6784722222222223,
    "below": 0,
    "above": 0,
    "turn_on_times": 1,
    "turn_on_ratio": 1.0
  },
  "9": {
    "validity_ratio": 0.675,
    "below": 0,
    "above": 6.3403171111398695,
    "turn_on_times": 0,
    "turn_on_ratio": 0.0
  },
  "10": {
    "validity_ratio": 0.6763888888888889,
    "below": 0,
    "above": 0,
    "turn_on_times": 0,
    "turn_on_ratio": 0
  },
  "12": {
    "validity_ratio": 0.6784722222222223,
    "below": 0,
    "above": 8.297657953234866,
    "turn_on_times": 1,
    "turn_on_ratio": 0.16666666666666666
  },
  "13": {
    "validity_ratio": 0.6743055555555556,
    "below": 0,
    "above": 20.58222831163235,
    "turn_on_times": 2,
    "turn_on_ratio": 0.18181818181818182
  }
}