{
  "1": {
    "validity_ratio": 0.17430555555555555,
    "below": 0,
    "above": 11.697976292373676,
    "turn_on_times": 0,
    "turn_on_ratio": 0.0
  },
  "2": {
    "validity_ratio": 0.17916666666666667,
    "below": 0,
    "above": 9.765106938823868,
    "turn_on_times": 0,
    "turn_on_ratio": 0.0
  },
  "3": {
    "validity_ratio": 0.17569444444444443,
    "below": 0,
    "above": 22.916884036006046,
    "turn_on_times": 0,
    "turn_on_ratio": 0.0
  },
  "4": {
    "validity_ratio": 0.1798611111111111,
    "below": 0,
    "above": 22.872024620111223,
    "turn_on_times": 0,
    "turn_on_ratio": 0.0
  },
  "5": {
    "validity_ratio": 0.1798611111111111,
    "below": -2.225238526612479,
    "above": 0.012846869608751523,
    "turn_on_times": 1,
    "turn_on_ratio": 0.5
  },
  "6": {
    "validity_ratio": 0.1736111111111111,
    "below": 0,
    "above": 6.539496253932492,
    "turn_on_times": 1,
    "turn_on_ratio": 0.5
  },
  "7": {
    "validity_ratio": 0.17569444444444443,
    "below": -0.9880176339042899,
    "above": 4.190437056119136,
    "turn_on_times": 1,
    "turn_on_ratio": 0.5
  },
  "8": {
    "validity_ratio": 0.17777777777777778,
    "below": 0,
    "above": 0,
    "turn_on_times": 0,
    "turn_on_ratio": 0
  },
  "9": {
    "validity_ratio": 0.17430555555555555,
    "below": 0,
    "above": 0,
    "turn_on_times": 0,
    "turn_on_ratio": 0
  },
  "10": {
    "validity_ratio": 0.1763888888888889,
    "below": 0,
    "above": 0,
    "turn_on_times": 0,
    "turn_on_ratio": 0
  },
  "12": {
    "validity_ratio": 0.17847222222222223,
    "below": 0,
    "above": 2.0133214506606216,
    "turn_on_times": 1,
    "turn_on_ratio": 0.5
  },
  "13": {
    "validity_ratio": 0.17430555555555555,
    "below": 0,
    "above": 15.132390548867264,
    "turn_on_times": 0,
    "turn_on_ratio": 0.0
  }
}