{
  "1": {
    "validity_ratio": 0.9416666666666667,
    "below": 0,
    "above": 66.83002859135782,
    "turn_on_times": 0,
    "turn_on_ratio": 0.0
  },
  "2": {
    "validity_ratio": 0.9416666666666667,
    "below": 0,
    "above": 39.69859685578408,
    "turn_on_times": 4,
    "turn_on_ratio": 0.36363636363636365
  },
  "3": {
    "validity_ratio": 0.94375,
    "below": 0,
    "above": 36.467533401445564,
    "turn_on_times": 1,
    "turn_on_ratio": 0.14285714285714285
  },
  "4": {
    "validity_ratio": 0.94375,
    "below": 0,
    "above": 30.801989198875106,
    "turn_on_times": 2,
    "turn_on_ratio": 0.2857142857142857
  },
  "5": {
    "validity_ratio": 0.9381944444444444,
    "below": -4.2411250401407905,
    "above": 1.6849265569181215,
    "turn_on_times": 3,
    "turn_on_ratio": 0.42857142857142855
  },
  "6": {
    "validity_ratio": 0.9375,
    "below": -4.362855476069905,
    "above": 9.495540023319478,
    "turn_on_times": 2,
    "turn_on_ratio": 0.18181818181818182
  },
  "7": {
    "validity_ratio": 0.9423611111111111,
    "below": -0.987968098991976,
    "above": 20.800641687775478,
    "turn_on_times": 3,
    "turn_on_ratio": 0.2727272727272727
  },
  "8": {
    "validity_ratio": 0.9284722222222223,
    "below": 0,
    "above": 0,
    "turn_on_times": 1,
    "turn_on_ratio": 1.0
  },
  "9": {
    "validity_ratio": 0.9388888888888889,
    "below": 0,
    "above": 6.340338074437856,
    "turn_on_times": 0,
    "turn_on_ratio": 0.0
  },
  "10": {
    "validity_ratio": 0.9340277777777778,
    "below": 0,
    "above": 0,
    "turn_on_times": 0,
    "turn_on_ratio": 0
  },
  "12": {
    "validity_ratio": 0.9423611111111111,
    "below": 0,
    "above": 15.609767773605986,
    "turn_on_times": 1,
    "turn_on_ratio": 0.14285714285714285
  },
  "13": {
    "validity_ratio": 0.9381944444444444,
    "below": 0,
    "above": 56.89793823254733,
    "turn_on_times": 2,
    "turn_on_ratio": 0.18181818181818182
  }
}