{
  "1": {
    "validity_ratio": 0.5888888888888889,
    "below": 0,
    "above": 28.364824831849692,
    "turn_on_times": 0,
    "turn_on_ratio": 0.0
  },
  "2": {
    "validity_ratio": 0.5895833333333333,
    "below": 0,
    "above": 9.76553833433874,
    "turn_on_times": 4,
    "turn_on_ratio": 0.36363636363636365
  },
  "3": {
    "validity_ratio": 0.5909722222222222,
    "below": 0,
    "above": 28.419593641532945,
    "turn_on_times": 1,
    "turn_on_ratio": 0.2
  },
  "4": {
    "validity_ratio": 0.5895833333333333,
    "below": 0,
    "above": 22.87266181455567,
    "turn_on_times": 2,
    "turn_on_ratio": 0.4
  },
  "5": {
    "validity_ratio": 0.5902777777777778,
    "below": -2.2253217437875987,
    "above": 1.684954559221474,
    "turn_on_times": 1,
    "turn_on_ratio": 0.2
  },
  "6": {
    "validity_ratio": 0.5902777777777778,
    "below": -0.9015541010831549,
    "above": 9.48016968502956,
    "turn_on_times": 2,
    "turn_on_ratio": 0.18181818181818182
  },
  "7": {
    "validity_ratio": 0.5868055555555556,
    "below": -0.9879643218570159,
    "above": 6.330671920949095,
    "turn_on_times": 3,
    "turn_on_ratio": 0.2727272727272727
  },
  "8": {
    "validity_ratio": 0.5881944444444445,
    "below": 0,
    "above": 0,
    "turn_on_times": 1,
    "turn_on_ratio": 1.0
  },
  "9": {
    "validity_ratio": 0.5916666666666667,
    "below": 0,
    "above": 6.34034228037715,
    "turn_on_times": 0,
    "turn_on_ratio": 0.0
  },
  "10": {
    "validity_ratio": 0.5930555555555556,
    "below": 0,
    "above": 0,
    "turn_on_times": 0,
    "turn_on_ratio": 0
  },
  "12": {
    "validity_ratio": 0.5881944444444445,
    "below": 0,
    "above": 6.37495255984363,
    "turn_on_times": 1,
    "turn_on_ratio": 0.2
  },
  "13": {
    "validity_ratio": 0.5909722222222222,
    "below": 0,
    "above": 17.670193236549405,
    "turn_on_times": 2,
    "turn_on_ratio": 0.18181818181818182
  }
}