{
  "1": {
    "validity_ratio": 0.28541666666666665,
    "below": 0,
    "above": 11.698350030034877,
    "turn_on_times": 0,
    "turn_on_ratio": 0.0
  },
  "2": {
    "validity_ratio": 0.2902777777777778,
    "below": 0,
    "above": 9.765422537093103,
    "turn_on_times": 0,
    "turn_on_ratio": 0.0
  },
  "3": {
    "validity_ratio": 0.2861111111111111,
    "below": 0,
    "above": 22.91735021850799,
    "turn_on_times": 0,
    "turn_on_ratio": 0.0
  },
  "4": {
    "validity_ratio": 0.2902777777777778,
    "below": 0,
    "above": 22.87249077577789,
    "turn_on_times": 0,
    "turn_on_ratio": 0.0
  },
  "5": {
    "validity_ratio": 0.2902777777777778,
    "below": -2.225299406235777,
    "above": 0.01328105134747416,
    "turn_on_times": 1,
    "turn_on_ratio": 0.5
  },
  "6": {
    "validity_ratio": 0.2847222222222222,
    "below": 0,
    "above": 6.539568933661167,
    "turn_on_times": 1,
    "turn_on_ratio": 0.5
  },
  "7": {
    "validity_ratio": 0.2875,
    "below": -0.9879786321315105,
    "above": 4.19093592887681,
    "turn_on_times": 1,
    "turn_on_ratio": 0.5
  },
  "8": {
    "validity_ratio": 0.28888888888888886,
    "below": 0,
    "above": 0,
    "turn_on_times": 0,
    "turn_on_ratio": 0
  },
  "9": {
    "validity_ratio": 0.28541666666666665,
    "below": 0,
    "above": 0,
    "turn_on_times": 0,
    "turn_on_ratio": 0
  },
  "10": {
    "validity_ratio": 0.2875,
    "below": 0,
    "above": 0,
    "turn_on_times": 0,
    "turn_on_ratio": 0
  },
  "12": {
    "validity_ratio": 0.28958333333333336,
    "below": 0,
    "above": 2.0133094069463127,
    "turn_on_times": 1,
    "turn_on_ratio": 0.5
  },
  "13": {
    "validity_ratio": 0.28541666666666665,
    "below": 0,
    "above": 15.13287086712105,
    "turn_on_times": 0,
    "turn_on_ratio": 0.0
  }
}