{
  "1": {
    "validity_ratio": 0.9208333333333333,
    "below": 0,
    "above": 66.83036058353423,
    "turn_on_times": 0,
    "turn_on_ratio": 0.0
  },
  "2": {
    "validity_ratio": 0.9208333333333333,
    "below": 0,
    "above": 39.698885686936165,
    "turn_on_times": 4,
    "turn_on_ratio": 0.36363636363636365
  },
  "3": {
    "validity_ratio": 0.9222222222222223,
    "below": 0,
    "above": 33.31259891060367,
    "turn_on_times": 1,
    "turn_on_ratio": 0.14285714285714285
  },
  "4": {
    "validity_ratio": 0.9222222222222223,
    "below": 0,
    "above": 27.70195488237909,
    "turn_on_times": 2,
    "turn_on_ratio": 0.2857142857142857
  },
  "5": {
    "validity_ratio": 0.9173611111111111,
    "below": -3.6906875197740012,
    "above": 1.685157144439969,
    "turn_on_times": 3,
    "turn_on_ratio": 0.42857142857142855
  },
  "6": {
    "validity_ratio": 0.9166666666666666,
    "below": -4.362831225995547,
    "above": 9.495635643666962,
    "turn_on_times": 2,
    "turn_on_ratio": 0.18181818181818182
  },
  "7": {
    "validity_ratio": 0.9215277777777777,
    "below": -0.9879367093168491,
    "above": 20.801103008992456,
    "turn_on_times": 3,
    "turn_on_ratio": 0.2727272727272727
  },
  "8": {
    "validity_ratio": 0.9145833333333333,
    "below": 0,
    "above": 0,
    "turn_on_times": 1,
    "turn_on_ratio": 1.0
  },
  "9": {
    "validity_ratio": 0.9180555555555555,
    "below": 0,
    "above": 6.34037302747322,
    "turn_on_times": 0,
    "turn_on_ratio": 0.0
  },
  "10": {
    "validity_ratio": 0.9201388888888888,
    "below": 0,
    "above": 0,
    "turn_on_times": 0,
    "turn_on_ratio": 0
  },
  "12": {
    "validity_ratio": 0.9215277777777777,
    "below": 0,
    "above": 12.197420540803554,
    "turn_on_times": 1,
    "turn_on_ratio": 0.14285714285714285
  },
  "13": {
    "validity_ratio": 0.9173611111111111,
    "below": 0,
    "above": 56.898312955871994,
    "turn_on_times": 2,
    "turn_on_ratio": 0.18181818181818182
  }
}