{
  "1": {
    "validity_ratio": 0.08472222222222223,
    "below": 0,
    "above": 9.357669250564669,
    "turn_on_times": 0,
    "turn_on_ratio": 0.0
  },
  "2": {
    "validity_ratio": 0.08888888888888889,
    "below": 0,
    "above": 8.22093951972841,
    "turn_on_times": 0,
    "turn_on_ratio": 0.0
  },
  "3": {
    "validity_ratio": 0.08541666666666667,
    "below": 0,
    "above": 11.890000000000036,
    "turn_on_times": 0,
    "turn_on_ratio": 0.0
  },
  "4": {
    "validity_ratio": 0.08888888888888889,
    "below": 0,
    "above": 12.373333333333374,
    "turn_on_times": 0,
    "turn_on_ratio": 0.0
  },
  "5": {
    "validity_ratio": 0.08888888888888889,
    "below": -1.6574113342154366,
    "above": 0,
    "turn_on_times": 1,
    "turn_on_ratio": 0.5
  },
  "6": {
    "validity_ratio": 0.08333333333333333,
    "below": 0,
    "above": 4.306356713084426,
    "turn_on_times": 1,
    "turn_on_ratio": 0.5
  },
  "7": {
    "validity_ratio": 0.08541666666666667,
    "below": -0.8422051974729045,
    "above": 4.176912272179154,
    "turn_on_times": 1,
    "turn_on_ratio": 0.5
  },
  "8": {
    "validity_ratio": 0.0875,
    "below": 0,
    "above": 0,
    "turn_on_times": 0,
    "turn_on_ratio": 0
  },
  "9": {
    "validity_ratio": 0.08402777777777778,
    "below": 0,
    "above": 0,
    "turn_on_times": 0,
    "turn_on_ratio": 0
  },
  "10": {
    "validity_ratio": 0.08611111111111111,
    "below": 0,
    "above": 0,
    "turn_on_times": 0,
    "turn_on_ratio": 0
  },
  "12": {
    "validity_ratio": 0.08819444444444445,
    "below": 0,
    "above": 0.5563988652522467,
    "turn_on_times": 1,
    "turn_on_ratio": 0.5
  },
  "13": {
    "validity_ratio": 0.08402777777777778,
    "below": 0,
    "above": 11.994309085366151,
    "turn_on_times": 0,
    "turn_on_ratio": 0.0
  }
}