{
  "1": {
    "validity_ratio": 0.25763888888888886,
    "below": 0,
    "above": 11.698388401251115,
    "turn_on_times": 0,
    "turn_on_ratio": 0.0
  },
  "2": {
    "validity_ratio": 0.2625,
    "below": 0,
    "above": 9.76545493920477,
    "turn_on_times": 0,
    "turn_on_ratio": 0.0
  },
  "3": {
    "validity_ratio": 0.25833333333333336,
    "below": 0,
    "above": 22.91739808092981,
    "turn_on_times": 0,
    "turn_on_ratio": 0.0
  },
  "4": {
    "validity_ratio": 0.26319444444444445,
    "below": 0,
    "above": 22.872538635444553,
    "turn_on_times": 0,
    "turn_on_ratio": 0.0
  },
  "5": {
    "validity_ratio": 0.26319444444444445,
    "below": -2.225305656676749,
    "above": 0.013325277268395575,
    "turn_on_times": 1,
    "turn_on_ratio": 0.5
  },
  "6": {
    "validity_ratio": 0.2569444444444444,
    "below": 0,
    "above": 6.539576199957091,
    "turn_on_times": 1,
    "turn_on_ratio": 0.5
  },
  "7": {
    "validity_ratio": 0.25972222222222224,
    "below": -0.9879746278643141,
    "above": 4.190986931779065,
    "turn_on_times": 1,
    "turn_on_ratio": 0.5
  },
  "8": {
    "validity_ratio": 0.2611111111111111,
    "below": 0,
    "above": 0,
    "turn_on_times": 0,
    "turn_on_ratio": 0
  },
  "9": {
    "validity_ratio": 0.25763888888888886,
    "below": 0,
    "above": 0,
    "turn_on_times": 0,
    "turn_on_ratio": 0
  },
  "10": {
    "validity_ratio": 0.25972222222222224,
    "below": 0,
    "above": 0,
    "turn_on_times": 0,
    "turn_on_ratio": 0
  },
  "12": {
    "validity_ratio": 0.26180555555555557,
    "below": 0,
    "above": 2.013308170432003,
    "turn_on_times": 1,
    "turn_on_ratio": 0.5
  },
  "13": {
    "validity_ratio": 0.25763888888888886,
    "below": 0,
    "above": 15.13292018127526,
    "turn_on_times": 0,
    "turn_on_ratio": 0.0
  }
}