{
  "1": {
    "validity_ratio": 0.4097222222222222,
    "below": 0,
    "above": 14.208512221034214,
    "turn_on_times": 0,
    "turn_on_ratio": 0.0
  },
  "2": {
    "validity_ratio": 0.4152777777777778,
    "below": 0,
    "above": 9.76582880695517,
    "turn_on_times": 1,
    "turn_on_ratio": 0.3333333333333333
  },
  "3": {
    "validity_ratio": 0.4111111111111111,
    "below": 0,
    "above": 22.917950335553066,
    "turn_on_times": 0,
    "turn_on_ratio": 0.0
  },
  "4": {
    "validity_ratio": 0.4152777777777778,
    "below": 0,
    "above": 22.873090858277887,
    "turn_on_times": 0,
    "turn_on_ratio": 0.0
  },
  "5": {
    "validity_ratio": 0.4152777777777778,
    "below": -2.2253777766153755,
    "above": 0.013830844216357524,
    "turn_on_times": 1,
    "turn_on_ratio": 0.5
  },
  "6": {
    "validity_ratio": 0.4097222222222222,
    "below": 0,
    "above": 8.481322993839317,
    "turn_on_times": 1,
    "turn_on_ratio": 0.3333333333333333
  },
  "7": {
    "validity_ratio": 0.4125,
    "below": -0.9879284251234501,
    "above": 5.674565880093718,
    "turn_on_times": 1,
    "turn_on_ratio": 0.3333333333333333
  },
  "8": {
    "validity_ratio": 0.41458333333333336,
    "below": 0,
    "above": 0,
    "turn_on_times": 1,
    "turn_on_ratio": 1.0
  },
  "9": {
    "validity_ratio": 0.41041666666666665,
    "below": 0,
    "above": 6.340382252015494,
    "turn_on_times": 0,
    "turn_on_ratio": 0.0
  },
  "10": {
    "validity_ratio": 0.4125,
    "below": 0,
    "above": 0,
    "turn_on_times": 0,
    "turn_on_ratio": 0
  },
  "12": {
    "validity_ratio": 0.41458333333333336,
    "below": 0,
    "above": 2.0132939030648647,
    "turn_on_times": 1,
    "turn_on_ratio": 0.5
  },
  "13": {
    "validity_ratio": 0.41041666666666665,
    "below": 0,
    "above": 15.773026627184924,
    "turn_on_times": 0,
    "turn_on_ratio": 0.0
  }
}