{
  "1": {
    "validity_ratio": 0.32083333333333336,
    "below": 0,
    "above": 12.684839784783266,
    "turn_on_times": 0,
    "turn_on_ratio": 0.0
  },
  "2": {
    "validity_ratio": 0.32013888888888886,
    "below": 0,
    "above": 4.002418936956861,
    "turn_on_times": 2,
    "turn_on_ratio": 0.6666666666666666
  },
  "3": {
    "validity_ratio": 0.325,
    "below": 0,
    "above": 12.450330466704914,
    "turn_on_times": 0,
    "turn_on_ratio": 0.0
  },
  "4": {
    "validity_ratio": 0.325,
    "below": 0,
    "above": 10.081021957892943,
    "turn_on_times": 0,
    "turn_on_ratio": 0.0
  },
  "5": {
    "validity_ratio": 0.3215277777777778,
    "below": 0,
    "above": 0.7620156752596895,
    "turn_on_times": 2,
    "turn_on_ratio": 1.0
  },
  "6": {
    "validity_ratio": 0.3215277777777778,
    "below": 0,
    "above": 11.335596177811281,
    "turn_on_times": 1,
    "turn_on_ratio": 0.3333333333333333
  },
  "7": {
    "validity_ratio": 0.32430555555555557,
    "below": -1.2087131427462807,
    "above": 5.943539356879622,
    "turn_on_times": 0,
    "turn_on_ratio": 0.0
  },
  "8": {
    "validity_ratio": 0.3215277777777778,
    "below": -0.07708686713777765,
    "above": 0,
    "turn_on_times": 1,
    "turn_on_ratio": 1.0
  },
  "9": {
    "validity_ratio": 0.32430555555555557,
    "below": 0,
    "above": 5.416999478495169,
    "turn_on_times": 0,
    "turn_on_ratio": 0.0
  },
  "10": {
    "validity_ratio": 0.32083333333333336,
    "below": 0,
    "above": 0,
    "turn_on_times": 0,
    "turn_on_ratio": 0
  },
  "12": {
    "validity_ratio": 0.32013888888888886,
    "below": 0,
    "above": 6.188293839455427,
    "turn_on_times": 0,
    "turn_on_ratio": 0.0
  },
  "13": {
    "validity_ratio": 0.0,
    "below": 0,
    "above": 0,
    "turn_on_times": 0,
    "turn_on_ratio": 0.0
  }
}