{
  "1": {
    "validity_ratio": 0.3625,
    "below": 0,
    "above": 16.136735644181513,
    "turn_on_times": 0,
    "turn_on_ratio": 0.0
  },
  "2": {
    "validity_ratio": 0.36180555555555555,
    "below": -0.4388405458517841,
    "above": 4.001955163041193,
    "turn_on_times": 2,
    "turn_on_ratio": 0.6666666666666666
  },
  "3": {
    "validity_ratio": 0.35347222222222224,
    "below": 0,
    "above": 14.804997308784156,
    "turn_on_times": 0,
    "turn_on_ratio": 0.0
  },
  "4": {
    "validity_ratio": 0.36041666666666666,
    "below": 0,
    "above": 10.072241445582879,
    "turn_on_times": 1,
    "turn_on_ratio": 0.3333333333333333
  },
  "5": {
    "validity_ratio": 0.36319444444444443,
    "below": 0,
    "above": 1.0978690992091447,
    "turn_on_times": 2,
    "turn_on_ratio": 0.6666666666666666
  },
  "6": {
    "validity_ratio": 0.36319444444444443,
    "below": 0,
    "above": 14.191778624396479,
    "turn_on_times": 1,
    "turn_on_ratio": 0.3333333333333333
  },
  "7": {
    "validity_ratio": 0.3590277777777778,
    "below": -1.2085870454101006,
    "above": 7.582053752979186,
    "turn_on_times": 0,
    "turn_on_ratio": 0.0
  },
  "8": {
    "validity_ratio": 0.36319444444444443,
    "below": -0.07704003495555559,
    "above": 0,
    "turn_on_times": 1,
    "turn_on_ratio": 1.0
  },
  "9": {
    "validity_ratio": 0.3590277777777778,
    "below": 0,
    "above": 6.072207867277083,
    "turn_on_times": 0,
    "turn_on_ratio": 0.0
  },
  "10": {
    "validity_ratio": 0.3625,
    "below": 0,
    "above": 0,
    "turn_on_times": 0,
    "turn_on_ratio": 0
  },
  "12": {
    "validity_ratio": 0.36180555555555555,
    "below": 0,
    "above": 9.53060541478837,
    "turn_on_times": 0,
    "turn_on_ratio": 0.0
  },
  "13": {
    "validity_ratio": 0.0,
    "below": 0,
    "above": 0,
    "turn_on_times": 0,
    "turn_on_ratio": 0.0
  }
}