{
  "1": {
    "validity_ratio": 0.8180555555555555,
    "below": -1.4718251891758298,
    "above": 43.474602298009664,
    "turn_on_times": 0,
    "turn_on_ratio": 0.0
  },
  "2": {
    "validity_ratio": 0.81875,
    "below": -2.4293392238768874,
    "above": 10.278142973829745,
    "turn_on_times": 2,
    "turn_on_ratio": 0.6666666666666666
  },
  "3": {
    "validity_ratio": 0.8131944444444444,
    "below": -3.3803418740475872,
    "above": 30.669207655109908,
    "turn_on_times": 2,
    "turn_on_ratio": 0.2222222222222222
  },
  "4": {
    "validity_ratio": 0.8090277777777778,
    "below": -0.7201927090097529,
    "above": 12.160110153049247,
    "turn_on_times": 3,
    "turn_on_ratio": 0.3333333333333333
  },
  "5": {
    "validity_ratio": 0.8104166666666667,
    "below": -1.549897148029824,
    "above": 1.3539685772087644,
    "turn_on_times": 4,
    "turn_on_ratio": 0.4444444444444444
  },
  "6": {
    "validity_ratio": 0.8145833333333333,
    "below": -0.9069042795699367,
    "above": 27.16549031823626,
    "turn_on_times": 1,
    "turn_on_ratio": 0.3333333333333333
  },
  "7": {
    "validity_ratio": 0.8131944444444444,
    "below": -1.731104515490176,
    "above": 10.027389940701545,
    "turn_on_times": 0,
    "turn_on_ratio": 0.0
  },
  "8": {
    "validity_ratio": 0.8145833333333333,
    "below": -0.07708719415555573,
    "above": 0,
    "turn_on_times": 5,
    "turn_on_ratio": 1.0
  },
  "9": {
    "validity_ratio": 0.8104166666666667,
    "below": 0,
    "above": 18.24106434681759,
    "turn_on_times": 0,
    "turn_on_ratio": 0.0
  },
  "10": {
    "validity_ratio": 0.8069444444444445,
    "below": 0,
    "above": 0,
    "turn_on_times": 0,
    "turn_on_ratio": 0
  },
  "12": {
    "validity_ratio": 0.81875,
    "below": 0,
    "above": 39.964298702709335,
    "turn_on_times": 0,
    "turn_on_ratio": 0.0
  },
  "13": {
    "validity_ratio": 0.0,
    "below": 0,
    "above": 0,
    "turn_on_times": 0,
    "turn_on_ratio": 0.0
  }
}