{
  "1": {
    "validity_ratio": 0.7284722222222222,
    "below": -0.3590478716666703,
    "above": 43.47497167398715,
    "turn_on_times": 0,
    "turn_on_ratio": 0.0
  },
  "2": {
    "validity_ratio": 0.7284722222222222,
    "below": -2.437726438650242,
    "above": 9.116207813267343,
    "turn_on_times": 2,
    "turn_on_ratio": 0.6666666666666666
  },
  "3": {
    "validity_ratio": 0.7236111111111111,
    "below": -3.2842526074038028,
    "above": 21.43739135813427,
    "turn_on_times": 2,
    "turn_on_ratio": 0.2857142857142857
  },
  "4": {
    "validity_ratio": 0.71875,
    "below": -0.7209581767921602,
    "above": 12.15093724881627,
    "turn_on_times": 2,
    "turn_on_ratio": 0.2857142857142857
  },
  "5": {
    "validity_ratio": 0.7201388888888889,
    "below": -1.5501626323649236,
    "above": 1.3538744821578363,
    "turn_on_times": 3,
    "turn_on_ratio": 0.42857142857142855
  },
  "6": {
    "validity_ratio": 0.7243055555555555,
    "below": 0,
    "above": 27.16616878180963,
    "turn_on_times": 1,
    "turn_on_ratio": 0.3333333333333333
  },
  "7": {
    "validity_ratio": 0.7243055555555555,
    "below": -1.7307795940627426,
    "above": 10.026870253323773,
    "turn_on_times": 0,
    "turn_on_ratio": 0.0
  },
  "8": {
    "validity_ratio": 0.7236111111111111,
    "below": -0.0770539386133334,
    "above": 0,
    "turn_on_times": 5,
    "turn_on_ratio": 1.0
  },
  "9": {
    "validity_ratio": 0.7201388888888889,
    "below": 0,
    "above": 18.24930599904773,
    "turn_on_times": 0,
    "turn_on_ratio": 0.0
  },
  "10": {
    "validity_ratio": 0.7236111111111111,
    "below": 0,
    "above": 0,
    "turn_on_times": 0,
    "turn_on_ratio": 0
  },
  "12": {
    "validity_ratio": 0.7284722222222222,
    "below": 0,
    "above": 33.55739298697876,
    "turn_on_times": 0,
    "turn_on_ratio": 0.0
  },
  "13": {
    "validity_ratio": 0.0,
    "below": 0,
    "above": 0,
    "turn_on_times": 0,
    "turn_on_ratio": 0.0
  }
}