{
  "1": {
    "validity_ratio": 0.6388888888888888,
    "below": 0,
    "above": 42.28472844021454,
    "turn_on_times": 0,
    "turn_on_ratio": 0.0
  },
  "2": {
    "validity_ratio": 0.6395833333333333,
    "below": -2.437735817712828,
    "above": 4.7904169622350405,
    "turn_on_times": 2,
    "turn_on_ratio": 0.6666666666666666
  },
  "3": {
    "validity_ratio": 0.6361111111111111,
    "below": -3.2842602574572153,
    "above": 21.437344851007417,
    "turn_on_times": 0,
    "turn_on_ratio": 0.0
  },
  "4": {
    "validity_ratio": 0.6354166666666666,
    "below": -0.721002967193427,
    "above": 10.881400210760992,
    "turn_on_times": 2,
    "turn_on_ratio": 0.5
  },
  "5": {
    "validity_ratio": 0.6368055555555555,
    "below": -1.5501780120480422,
    "above": 1.190276516745963,
    "turn_on_times": 2,
    "turn_on_ratio": 0.5
  },
  "6": {
    "validity_ratio": 0.6402777777777777,
    "below": 0,
    "above": 27.027781304596527,
    "turn_on_times": 1,
    "turn_on_ratio": 0.3333333333333333
  },
  "7": {
    "validity_ratio": 0.6368055555555555,
    "below": -1.7307607698173906,
    "above": 9.461612855798052,
    "turn_on_times": 0,
    "turn_on_ratio": 0.0
  },
  "8": {
    "validity_ratio": 0.6402777777777777,
    "below": -0.07705201209777783,
    "above": 0,
    "turn_on_times": 4,
    "turn_on_ratio": 1.0
  },
  "9": {
    "validity_ratio": 0.6368055555555555,
    "below": 0,
    "above": 17.93517134091531,
    "turn_on_times": 0,
    "turn_on_ratio": 0.0
  },
  "10": {
    "validity_ratio": 0.6402777777777777,
    "below": 0,
    "above": 0,
    "turn_on_times": 0,
    "turn_on_ratio": 0
  },
  "12": {
    "validity_ratio": 0.6395833333333333,
    "below": 0,
    "above": 22.722264926433468,
    "turn_on_times": 0,
    "turn_on_ratio": 0.0
  },
  "13": {
    "validity_ratio": 0.0,
    "below": 0,
    "above": 0,
    "turn_on_times": 0,
    "turn_on_ratio": 0.0
  }
}