{
  "1": {
    "validity_ratio": 0.9152777777777777,
    "below": -1.4718886713165222,
    "above": 53.71841523447541,
    "turn_on_times": 0,
    "turn_on_ratio": 0.0
  },
  "2": {
    "validity_ratio": 0.9159722222222222,
    "below": -2.4376426544840517,
    "above": 18.731316797503847,
    "turn_on_times": 2,
    "turn_on_ratio": 0.6666666666666666
  },
  "3": {
    "validity_ratio": 0.9104166666666667,
    "below": -3.380411531084064,
    "above": 38.184482844920346,
    "turn_on_times": 2,
    "turn_on_ratio": 0.2
  },
  "4": {
    "validity_ratio": 0.90625,
    "below": -0.7205602281185312,
    "above": 16.65494773638978,
    "turn_on_times": 3,
    "turn_on_ratio": 0.3
  },
  "5": {
    "validity_ratio": 0.9083333333333333,
    "below": -1.5500252440156297,
    "above": 1.3539353452258205,
    "turn_on_times": 5,
    "turn_on_ratio": 0.5
  },
  "6": {
    "validity_ratio": 0.9118055555555555,
    "below": -0.9069807172555528,
    "above": 27.165817675474067,
    "turn_on_times": 1,
    "turn_on_ratio": 0.3333333333333333
  },
  "7": {
    "validity_ratio": 0.9111111111111111,
    "below": -1.7309477465809149,
    "above": 15.904006739054354,
    "turn_on_times": 0,
    "turn_on_ratio": 0.0
  },
  "8": {
    "validity_ratio": 0.9111111111111111,
    "below": -0.0770711483822223,
    "above": 0,
    "turn_on_times": 6,
    "turn_on_ratio": 0.8571428571428571
  },
  "9": {
    "validity_ratio": 0.9076388888888889,
    "below": 0,
    "above": 18.2666463847582,
    "turn_on_times": 1,
    "turn_on_ratio": 0.14285714285714285
  },
  "10": {
    "validity_ratio": 0.9041666666666667,
    "below": 0,
    "above": 0,
    "turn_on_times": 0,
    "turn_on_ratio": 0
  },
  "12": {
    "validity_ratio": 0.9159722222222222,
    "below": 0,
    "above": 42.52624586833968,
    "turn_on_times": 0,
    "turn_on_ratio": 0.0
  },
  "13": {
    "validity_ratio": 0.0,
    "below": 0,
    "above": 0,
    "turn_on_times": 0,
    "turn_on_ratio": 0.0
  }
}