{
  "1": {
    "validity_ratio": 0.3541666666666667,
    "below": 0,
    "above": 14.245182544774144,
    "turn_on_times": 0,
    "turn_on_ratio": 0.0
  },
  "2": {
    "validity_ratio": 0.3548611111111111,
    "below": -5.219174383133687,
    "above": 0,
    "turn_on_times": 1,
    "turn_on_ratio": 1.0
  },
  "3": {
    "validity_ratio": 0.35555555555555557,
    "below": 0,
    "above": 8.086895612950302,
    "turn_on_times": 0,
    "turn_on_ratio": 0.0
  },
  "4": {
    "validity_ratio": 0.35555555555555557,
    "below": 0,
    "above": 1.5081951518067311,
    "turn_on_times": 0,
    "turn_on_ratio": 0.0
  },
  "5": {
    "validity_ratio": 0.3590277777777778,
    "below": 0,
    "above": 3.984554192673225,
    "turn_on_times": 0,
    "turn_on_ratio": 0.0
  },
  "6": {
    "validity_ratio": 0.35694444444444445,
    "below": 0,
    "above": 1.1064634241581826,
    "turn_on_times": 0,
    "turn_on_ratio": 0.0
  },
  "7": {
    "validity_ratio": 0.3541666666666667,
    "below": -0.8344142758417248,
    "above": 0,
    "turn_on_times": 1,
    "turn_on_ratio": 1.0
  },
  "8": {
    "validity_ratio": 0.3541666666666667,
    "below": 0,
    "above": 0,
    "turn_on_times": 0,
    "turn_on_ratio": 0
  },
  "9": {
    "validity_ratio": 0.35694444444444445,
    "below": 0,
    "above": 0,
    "turn_on_times": 0,
    "turn_on_ratio": 0
  },
  "10": {
    "validity_ratio": 0.0,
    "below": 0,
    "above": 0,
    "turn_on_times": 0,
    "turn_on_ratio": 0
  }
}