{
  "1": {
    "validity_ratio": 0.9902777777777778,
    "below": 0,
    "above": 28.603401092721427,
    "turn_on_times": 0,
    "turn_on_ratio": 0.0
  },
  "2": {
    "validity_ratio": 0.99375,
    "below": -5.827504529491006,
    "above": 0.047997751900729343,
    "turn_on_times": 2,
    "turn_on_ratio": 0.6666666666666666
  },
  "3": {
    "validity_ratio": 0.9895833333333334,
    "below": -0.030000000000000075,
    "above": 8.818131144811707,
    "turn_on_times": 1,
    "turn_on_ratio": 0.3333333333333333
  },
  "4": {
    "validity_ratio": 0.9951388888888889,
    "below": -0.31666666666666654,
    "above": 5.46890021251281,
    "turn_on_times": 0,
    "turn_on_ratio": 0.0
  },
  "5": {
    "validity_ratio": 0.9923611111111111,
    "below": 0,
    "above": 15.129043999472866,
    "turn_on_times": 0,
    "turn_on_ratio": 0.0
  },
  "6": {
    "validity_ratio": 0.9916666666666667,
    "below": -2.1747427313177417,
    "above": 1.2443856106067033,
    "turn_on_times": 0,
    "turn_on_ratio": 0.0
  },
  "7": {
    "validity_ratio": 0.9909722222222223,
    "below": -0.8347739132624061,
    "above": 6.921989510314671,
    "turn_on_times": 1,
    "turn_on_ratio": 1.0
  },
  "8": {
    "validity_ratio": 0.99375,
    "below": -0.4353993531059621,
    "above": 0.0442043345250001,
    "turn_on_times": 2,
    "turn_on_ratio": 1.0
  },
  "9": {
    "validity_ratio": 0.9951388888888889,
    "below": 0,
    "above": 12.84135255833201,
    "turn_on_times": 0,
    "turn_on_ratio": 0.0
  },
  "10": {
    "validity_ratio": 0.0,
    "below": 0,
    "above": 0,
    "turn_on_times": 0,
    "turn_on_ratio": 0
  }
}