{
  "1": {
    "validity_ratio": 0.7555555555555555,
    "below": 0,
    "above": 26.49908788862035,
    "turn_on_times": 0,
    "turn_on_ratio": 0.0
  },
  "2": {
    "validity_ratio": 0.7576388888888889,
    "below": -5.8288725627732,
    "above": 0.03447050238444434,
    "turn_on_times": 2,
    "turn_on_ratio": 0.6666666666666666
  },
  "3": {
    "validity_ratio": 0.7541666666666667,
    "below": -0.030000000000000075,
    "above": 8.26550794991725,
    "turn_on_times": 1,
    "turn_on_ratio": 0.3333333333333333
  },
  "4": {
    "validity_ratio": 0.7590277777777777,
    "below": -0.31666666666666643,
    "above": 5.46780438946838,
    "turn_on_times": 0,
    "turn_on_ratio": 0.0
  },
  "5": {
    "validity_ratio": 0.7555555555555555,
    "below": 0,
    "above": 15.127546439026226,
    "turn_on_times": 0,
    "turn_on_ratio": 0.0
  },
  "6": {
    "validity_ratio": 0.7597222222222222,
    "below": -2.1746751581195563,
    "above": 1.243758608846465,
    "turn_on_times": 0,
    "turn_on_ratio": 0.0
  },
  "7": {
    "validity_ratio": 0.7597222222222222,
    "below": -0.835441761034363,
    "above": 6.921246854220033,
    "turn_on_times": 1,
    "turn_on_ratio": 1.0
  },
  "8": {
    "validity_ratio": 0.7576388888888889,
    "below": -0.43527987825056125,
    "above": 0.04421589584166661,
    "turn_on_times": 2,
    "turn_on_ratio": 1.0
  },
  "9": {
    "validity_ratio": 0.7590277777777777,
    "below": 0,
    "above": 12.840795362732477,
    "turn_on_times": 0,
    "turn_on_ratio": 0.0
  },
  "10": {
    "validity_ratio": 0.0,
    "below": 0,
    "above": 0,
    "turn_on_times": 0,
    "turn_on_ratio": 0
  }
}