{
  "1": {
    "validity_ratio": 0.7486111111111111,
    "below": 0,
    "above": 26.197904829117466,
    "turn_on_times": 0,
    "turn_on_ratio": 0.0
  },
  "2": {
    "validity_ratio": 0.74375,
    "below": -5.828579187540316,
    "above": 0.034469473016666655,
    "turn_on_times": 1,
    "turn_on_ratio": 1.0
  },
  "3": {
    "validity_ratio": 0.7472222222222222,
    "below": 0,
    "above": 8.265581120255773,
    "turn_on_times": 0,
    "turn_on_ratio": 0.0
  },
  "4": {
    "validity_ratio": 0.7451388888888889,
    "below": -0.31666666666666654,
    "above": 5.468040252624107,
    "turn_on_times": 0,
    "turn_on_ratio": 0.0
  },
  "5": {
    "validity_ratio": 0.7486111111111111,
    "below": 0,
    "above": 15.127867659775392,
    "turn_on_times": 0,
    "turn_on_ratio": 0.0
  },
  "6": {
    "validity_ratio": 0.7458333333333333,
    "below": -2.174689515472262,
    "above": 1.2438918286090404,
    "turn_on_times": 0,
    "turn_on_ratio": 0.0
  },
  "7": {
    "validity_ratio": 0.7479166666666667,
    "below": -0.8352968302616091,
    "above": 6.921404667651804,
    "turn_on_times": 1,
    "turn_on_ratio": 1.0
  },
  "8": {
    "validity_ratio": 0.74375,
    "below": -0.4353052632062011,
    "above": 0.044213439395833436,
    "turn_on_times": 2,
    "turn_on_ratio": 1.0
  },
  "9": {
    "validity_ratio": 0.7451388888888889,
    "below": 0,
    "above": 12.84091375107464,
    "turn_on_times": 0,
    "turn_on_ratio": 0.0
  },
  "10": {
    "validity_ratio": 0.0,
    "below": 0,
    "above": 0,
    "turn_on_times": 0,
    "turn_on_ratio": 0
  }
}