{
  "1": {
    "validity_ratio": 0.6513888888888889,
    "below": 0,
    "above": 26.140832809586243,
    "turn_on_times": 0,
    "turn_on_ratio": 0.0
  },
  "2": {
    "validity_ratio": 0.6465277777777778,
    "below": -5.82708431373547,
    "above": 0.034464146034444455,
    "turn_on_times": 1,
    "turn_on_ratio": 1.0
  },
  "3": {
    "validity_ratio": 0.6506944444444445,
    "below": 0,
    "above": 8.265959777040074,
    "turn_on_times": 0,
    "turn_on_ratio": 0.0
  },
  "4": {
    "validity_ratio": 0.6479166666666667,
    "below": -0.31666666666666654,
    "above": 4.801890372789492,
    "turn_on_times": 0,
    "turn_on_ratio": 0.0
  },
  "5": {
    "validity_ratio": 0.6513888888888889,
    "below": 0,
    "above": 14.142777485871813,
    "turn_on_times": 0,
    "turn_on_ratio": 0.0
  },
  "6": {
    "validity_ratio": 0.6493055555555556,
    "below": -2.174763814827918,
    "above": 1.2016899968041963,
    "turn_on_times": 0,
    "turn_on_ratio": 0.0
  },
  "7": {
    "validity_ratio": 0.6465277777777778,
    "below": -0.8345729568068002,
    "above": 6.017069500931809,
    "turn_on_times": 1,
    "turn_on_ratio": 1.0
  },
  "8": {
    "validity_ratio": 0.6465277777777778,
    "below": -0.43543663044960373,
    "above": 0.05254152044299107,
    "turn_on_times": 2,
    "turn_on_ratio": 1.0
  },
  "9": {
    "validity_ratio": 0.6479166666666667,
    "below": 0,
    "above": 12.841526407992186,
    "turn_on_times": 0,
    "turn_on_ratio": 0.0
  },
  "10": {
    "validity_ratio": 0.0,
    "below": 0,
    "above": 0,
    "turn_on_times": 0,
    "turn_on_ratio": 0
  }
}