{
  "1": {
    "validity_ratio": 0.8798611111111111,
    "below": 0,
    "above": 28.6028582274304,
    "turn_on_times": 0,
    "turn_on_ratio": 0.0
  },
  "2": {
    "validity_ratio": 0.8826388888888889,
    "below": -5.828790259555671,
    "above": 0.048761992321598106,
    "turn_on_times": 2,
    "turn_on_ratio": 0.6666666666666666
  },
  "3": {
    "validity_ratio": 0.8791666666666667,
    "below": -0.030000000000000075,
    "above": 8.818328003102705,
    "turn_on_times": 1,
    "turn_on_ratio": 0.3333333333333333
  },
  "4": {
    "validity_ratio": 0.8840277777777777,
    "below": -0.3166666666666665,
    "above": 5.46787060483772,
    "turn_on_times": 0,
    "turn_on_ratio": 0.0
  },
  "5": {
    "validity_ratio": 0.8805555555555555,
    "below": 0,
    "above": 15.127636557683823,
    "turn_on_times": 0,
    "turn_on_ratio": 0.0
  },
  "6": {
    "validity_ratio": 0.8805555555555555,
    "below": -2.1746791787101865,
    "above": 1.2437959153151634,
    "turn_on_times": 0,
    "turn_on_ratio": 0.0
  },
  "7": {
    "validity_ratio": 0.8798611111111111,
    "below": -0.8354010101008722,
    "above": 6.921291048940304,
    "turn_on_times": 1,
    "turn_on_ratio": 1.0
  },
  "8": {
    "validity_ratio": 0.8826388888888889,
    "below": -0.43528698697853535,
    "above": 0.04421520794583357,
    "turn_on_times": 2,
    "turn_on_ratio": 1.0
  },
  "9": {
    "validity_ratio": 0.8840277777777777,
    "below": 0,
    "above": 12.840828515874257,
    "turn_on_times": 0,
    "turn_on_ratio": 0.0
  },
  "10": {
    "validity_ratio": 0.0,
    "below": 0,
    "above": 0,
    "turn_on_times": 0,
    "turn_on_ratio": 0
  }
}