{
  "1": {
    "validity_ratio": 0.8451388888888889,
    "below": 0,
    "above": 28.6027027085179,
    "turn_on_times": 0,
    "turn_on_ratio": 0.0
  },
  "2": {
    "validity_ratio": 0.8479166666666667,
    "below": -5.8291576471597315,
    "above": 0.048965716884406305,
    "turn_on_times": 2,
    "turn_on_ratio": 0.6666666666666666
  },
  "3": {
    "validity_ratio": 0.8444444444444444,
    "below": -0.030000000000000075,
    "above": 8.818371885803087,
    "turn_on_times": 1,
    "turn_on_ratio": 0.3333333333333333
  },
  "4": {
    "validity_ratio": 0.8493055555555555,
    "below": -0.31666666666666643,
    "above": 5.46757475281405,
    "turn_on_times": 0,
    "turn_on_ratio": 0.0
  },
  "5": {
    "validity_ratio": 0.8458333333333333,
    "below": 0,
    "above": 15.127234261282073,
    "turn_on_times": 0,
    "turn_on_ratio": 0.0
  },
  "6": {
    "validity_ratio": 0.85,
    "below": -2.1746612745095426,
    "above": 1.2436297848725841,
    "turn_on_times": 0,
    "turn_on_ratio": 0.0
  },
  "7": {
    "validity_ratio": 0.8451388888888889,
    "below": -0.8355834657580041,
    "above": 6.921094237580864,
    "turn_on_times": 1,
    "turn_on_ratio": 1.0
  },
  "8": {
    "validity_ratio": 0.8479166666666667,
    "below": -0.43525533091014235,
    "above": 0.04421827123333344,
    "turn_on_times": 2,
    "turn_on_ratio": 1.0
  },
  "9": {
    "validity_ratio": 0.8493055555555555,
    "below": 0,
    "above": 12.840680880602694,
    "turn_on_times": 0,
    "turn_on_ratio": 0.0
  },
  "10": {
    "validity_ratio": 0.0,
    "below": 0,
    "above": 0,
    "turn_on_times": 0,
    "turn_on_ratio": 0
  }
}