{
  "1": {
    "validity_ratio": 0.43680555555555556,
    "below": 0,
    "above": 20.475108645285804,
    "turn_on_times": 0,
    "turn_on_ratio": 0.0
  },
  "2": {
    "validity_ratio": 0.43125,
    "below": -5.82832922300834,
    "above": 0,
    "turn_on_times": 1,
    "turn_on_ratio": 1.0
  },
  "3": {
    "validity_ratio": 0.43194444444444446,
    "below": 0,
    "above": 8.131918975698104,
    "turn_on_times": 0,
    "turn_on_ratio": 0.0
  },
  "4": {
    "validity_ratio": 0.43194444444444446,
    "below": -0.31666666666666643,
    "above": 1.5074241017393057,
    "turn_on_times": 0,
    "turn_on_ratio": 0.0
  },
  "5": {
    "validity_ratio": 0.4354166666666667,
    "below": 0,
    "above": 5.562637086140926,
    "turn_on_times": 0,
    "turn_on_ratio": 0.0
  },
  "6": {
    "validity_ratio": 0.43333333333333335,
    "below": -0.4149769829411278,
    "above": 1.2011120922197969,
    "turn_on_times": 0,
    "turn_on_ratio": 0.0
  },
  "7": {
    "validity_ratio": 0.4305555555555556,
    "below": -0.8351740713035498,
    "above": 0,
    "turn_on_times": 1,
    "turn_on_ratio": 1.0
  },
  "8": {
    "validity_ratio": 0.43472222222222223,
    "below": -0.39276423111266373,
    "above": 0.008375181531666697,
    "turn_on_times": 1,
    "turn_on_ratio": 1.0
  },
  "9": {
    "validity_ratio": 0.4326388888888889,
    "below": 0,
    "above": 4.6578501482907315,
    "turn_on_times": 0,
    "turn_on_ratio": 0.0
  },
  "10": {
    "validity_ratio": 0.0,
    "below": 0,
    "above": 0,
    "turn_on_times": 0,
    "turn_on_ratio": 0
  }
}