{
  "1": {
    "validity_ratio": 0.7,
    "below": 0,
    "above": 26.140516096911746,
    "turn_on_times": 0,
    "turn_on_ratio": 0.0
  },
  "2": {
    "validity_ratio": 0.6951388888888889,
    "below": -5.825989263751363,
    "above": 0.03446015237444442,
    "turn_on_times": 1,
    "turn_on_ratio": 1.0
  },
  "3": {
    "validity_ratio": 0.6986111111111111,
    "below": 0,
    "above": 8.26624365755441,
    "turn_on_times": 0,
    "turn_on_ratio": 0.0
  },
  "4": {
    "validity_ratio": 0.6965277777777777,
    "below": -0.31666666666666643,
    "above": 5.470101443938475,
    "turn_on_times": 0,
    "turn_on_ratio": 0.0
  },
  "5": {
    "validity_ratio": 0.7,
    "below": 0,
    "above": 15.130701740630954,
    "turn_on_times": 0,
    "turn_on_ratio": 0.0
  },
  "6": {
    "validity_ratio": 0.6972222222222222,
    "below": -2.1748195173537246,
    "above": 1.2450980969329,
    "turn_on_times": 0,
    "turn_on_ratio": 0.0
  },
  "7": {
    "validity_ratio": 0.6944444444444444,
    "below": -0.8340590066749096,
    "above": 6.922833122236482,
    "turn_on_times": 1,
    "turn_on_ratio": 1.0
  },
  "8": {
    "validity_ratio": 0.6951388888888889,
    "below": -0.43553511700041253,
    "above": 0.05285070340681036,
    "turn_on_times": 2,
    "turn_on_ratio": 1.0
  },
  "9": {
    "validity_ratio": 0.6965277777777777,
    "below": 0,
    "above": 12.841985715818998,
    "turn_on_times": 0,
    "turn_on_ratio": 0.0
  },
  "10": {
    "validity_ratio": 0.0,
    "below": 0,
    "above": 0,
    "turn_on_times": 0,
    "turn_on_ratio": 0
  }
}