{
  "1": {
    "validity_ratio": 0.6930555555555555,
    "below": 0,
    "above": 26.140913030956327,
    "turn_on_times": 0,
    "turn_on_ratio": 0.0
  },
  "2": {
    "validity_ratio": 0.6881944444444444,
    "below": -5.827371458426418,
    "above": 0.03446518018111106,
    "turn_on_times": 1,
    "turn_on_ratio": 1.0
  },
  "3": {
    "validity_ratio": 0.6916666666666667,
    "below": 0,
    "above": 8.265886267004745,
    "turn_on_times": 0,
    "turn_on_ratio": 0.0
  },
  "4": {
    "validity_ratio": 0.6895833333333333,
    "below": -0.31666666666666643,
    "above": 5.469006246485198,
    "turn_on_times": 0,
    "turn_on_ratio": 0.0
  },
  "5": {
    "validity_ratio": 0.6930555555555555,
    "below": 0,
    "above": 15.129189625641835,
    "turn_on_times": 0,
    "turn_on_ratio": 0.0
  },
  "6": {
    "validity_ratio": 0.6902777777777778,
    "below": -2.1747493908205193,
    "above": 1.2444474031528032,
    "turn_on_times": 0,
    "turn_on_ratio": 0.0
  },
  "7": {
    "validity_ratio": 0.6875,
    "below": -0.8347100572924211,
    "above": 6.922062687635598,
    "turn_on_times": 1,
    "turn_on_ratio": 1.0
  },
  "8": {
    "validity_ratio": 0.6881944444444444,
    "below": -0.43541112764309764,
    "above": 0.044203195129166775,
    "turn_on_times": 2,
    "turn_on_ratio": 1.0
  },
  "9": {
    "validity_ratio": 0.6895833333333333,
    "below": 0,
    "above": 12.84140747107052,
    "turn_on_times": 0,
    "turn_on_ratio": 0.0
  },
  "10": {
    "validity_ratio": 0.0,
    "below": 0,
    "above": 0,
    "turn_on_times": 0,
    "turn_on_ratio": 0
  }
}