{
  "1": {
    "validity_ratio": 0.49930555555555556,
    "below": 0,
    "above": 25.44113535254756,
    "turn_on_times": 0,
    "turn_on_ratio": 0.0
  },
  "2": {
    "validity_ratio": 0.49375,
    "below": -5.82818939127306,
    "above": 0,
    "turn_on_times": 1,
    "turn_on_ratio": 1.0
  },
  "3": {
    "validity_ratio": 0.4979166666666667,
    "below": 0,
    "above": 8.178146153667285,
    "turn_on_times": 0,
    "turn_on_ratio": 0.0
  },
  "4": {
    "validity_ratio": 0.49444444444444446,
    "below": -0.31666666666666643,
    "above": 1.5074934625578076,
    "turn_on_times": 0,
    "turn_on_ratio": 0.0
  },
  "5": {
    "validity_ratio": 0.4979166666666667,
    "below": 0,
    "above": 7.278042484595188,
    "turn_on_times": 0,
    "turn_on_ratio": 0.0
  },
  "6": {
    "validity_ratio": 0.49583333333333335,
    "below": -1.7059534953651465,
    "above": 1.201176378687229,
    "turn_on_times": 0,
    "turn_on_ratio": 0.0
  },
  "7": {
    "validity_ratio": 0.49375,
    "below": -0.8351056941244657,
    "above": 0.745693522591362,
    "turn_on_times": 1,
    "turn_on_ratio": 1.0
  },
  "8": {
    "validity_ratio": 0.49722222222222223,
    "below": -0.3927762025207949,
    "above": 0.016774135484166664,
    "turn_on_times": 1,
    "turn_on_ratio": 1.0
  },
  "9": {
    "validity_ratio": 0.4951388888888889,
    "below": 0,
    "above": 9.237724663185412,
    "turn_on_times": 0,
    "turn_on_ratio": 0.0
  },
  "10": {
    "validity_ratio": 0.0,
    "below": 0,
    "above": 0,
    "turn_on_times": 0,
    "turn_on_ratio": 0
  }
}