{
  "1": {
    "validity_ratio": 0.5340277777777778,
    "below": 0,
    "above": 26.140684871880975,
    "turn_on_times": 0,
    "turn_on_ratio": 0.0
  },
  "2": {
    "validity_ratio": 0.5284722222222222,
    "below": -5.826565339811665,
    "above": 0.034462263323333235,
    "turn_on_times": 1,
    "turn_on_ratio": 1.0
  },
  "3": {
    "validity_ratio": 0.5326388888888889,
    "below": 0,
    "above": 8.26609360540768,
    "turn_on_times": 0,
    "turn_on_ratio": 0.0
  },
  "4": {
    "validity_ratio": 0.5291666666666667,
    "below": -0.31666666666666643,
    "above": 1.7082831607880637,
    "turn_on_times": 0,
    "turn_on_ratio": 0.0
  },
  "5": {
    "validity_ratio": 0.5326388888888889,
    "below": 0,
    "above": 8.56116100127174,
    "turn_on_times": 0,
    "turn_on_ratio": 0.0
  },
  "6": {
    "validity_ratio": 0.5305555555555556,
    "below": -2.1747900743903874,
    "above": 1.2019347251415788,
    "turn_on_times": 0,
    "turn_on_ratio": 0.0
  },
  "7": {
    "validity_ratio": 0.5284722222222222,
    "below": -0.8343275992610457,
    "above": 1.749687909785462,
    "turn_on_times": 1,
    "turn_on_ratio": 1.0
  },
  "8": {
    "validity_ratio": 0.5319444444444444,
    "below": -0.43548305947047705,
    "above": 0.025261598095833962,
    "turn_on_times": 2,
    "turn_on_ratio": 1.0
  },
  "9": {
    "validity_ratio": 0.5298611111111111,
    "below": 0,
    "above": 9.66243906062307,
    "turn_on_times": 0,
    "turn_on_ratio": 0.0
  },
  "10": {
    "validity_ratio": 0.0,
    "below": 0,
    "above": 0,
    "turn_on_times": 0,
    "turn_on_ratio": 0
  }
}