{
  "1": {
    "validity_ratio": 0.9944444444444445,
    "below": -0.3184860686235603,
    "above": 0.3385931128015464,
    "turn_on_times": 4,
    "turn_on_ratio": 0.4
  },
  "2": {
    "validity_ratio": 0.9944444444444445,
    "below": 0,
    "above": 5.132129020863827,
    "turn_on_times": 3,
    "turn_on_ratio": 0.3
  },
  "3": {
    "validity_ratio": 0.9930555555555556,
    "below": 0,
    "above": 5.761321777496089,
    "turn_on_times": 3,
    "turn_on_ratio": 0.3
  },
  "4": {
    "validity_ratio": 0.9895833333333334,
    "below": -0.1561426031996839,
    "above": 10.972262843322635,
    "turn_on_times": 2,
    "turn_on_ratio": 0.4
  },
  "5": {
    "validity_ratio": 0.9902777777777778,
    "below": 0,
    "above": 30.556948679646638,
    "turn_on_times": 0,
    "turn_on_ratio": 0.0
  },
  "6": {
    "validity_ratio": 0.9902777777777778,
    "below": -28.98510099846206,
    "above": 0.9358087541924468,
    "turn_on_times": 1,
    "turn_on_ratio": 0.2
  },
  "7": {
    "validity_ratio": 0.9909722222222223,
    "below": 0,
    "above": 23.138320738268757,
    "turn_on_times": 2,
    "turn_on_ratio": 0.4
  },
  "8": {
    "validity_ratio": 0.9909722222222223,
    "below": -6.2778848642297795,
    "above": 0.28440777777777787,
    "turn_on_times": 5,
    "turn_on_ratio": 0.7142857142857143
  },
  "9": {
    "validity_ratio": 0.9958333333333333,
    "below": 0,
    "above": 22.25350232929197,
    "turn_on_times": 2,
    "turn_on_ratio": 0.2857142857142857
  },
  "10": {
    "validity_ratio": 0.0,
    "below": 0,
    "above": 0,
    "turn_on_times": 0,
    "turn_on_ratio": 0
  }
}