{
  "1": {
    "validity_ratio": 0.9958333333333333,
    "below": -21.74163780032215,
    "above": 0.2919419001361319,
    "turn_on_times": 4,
    "turn_on_ratio": 0.4
  },
  "2": {
    "validity_ratio": 0.9951388888888889,
    "below": -8.522801113020133,
    "above": 3.038637560208621,
    "turn_on_times": 3,
    "turn_on_ratio": 0.3
  },
  "3": {
    "validity_ratio": 0.9923611111111111,
    "below": -0.0527113232243023,
    "above": 6.753033145880879,
    "turn_on_times": 3,
    "turn_on_ratio": 0.3
  },
  "4": {
    "validity_ratio": 0.9916666666666667,
    "below": 0.08161118351082311,
    "above": 6.312574714254614,
    "turn_on_times": 3,
    "turn_on_ratio": 0.2727272727272727
  },
  "5": {
    "validity_ratio": 0.9923611111111111,
    "below": 0.15064250232851187,
    "above": 10.510502342485015,
    "turn_on_times": 2,
    "turn_on_ratio": 0.18181818181818182
  },
  "6": {
    "validity_ratio": 0.9909722222222223,
    "below": -0.07695475646677885,
    "above": 2.1283835098909236,
    "turn_on_times": 3,
    "turn_on_ratio": 0.2727272727272727
  },
  "7": {
    "validity_ratio": 0.99375,
    "below": -17.78390008569103,
    "above": 1.9848938331100108,
    "turn_on_times": 3,
    "turn_on_ratio": 0.2727272727272727
  },
  "8": {
    "validity_ratio": 0.9951388888888889,
    "below": -5.435601476161028,
    "above": 2.649001277962654,
    "turn_on_times": 2,
    "turn_on_ratio": 0.5
  },
  "9": {
    "validity_ratio": 0.5909722222222222,
    "below": -7.010551367279748,
    "above": 0.7582872102089562,
    "turn_on_times": 2,
    "turn_on_ratio": 0.5
  },
  "10": {
    "validity_ratio": 0.0,
    "below": 0,
    "above": 0,
    "turn_on_times": 0,
    "turn_on_ratio": 0
  }
}