{
  "1": {
    "validity_ratio": 0.9555555555555556,
    "below": -5.163456056486213,
    "above": 23.072667681191984,
    "turn_on_times": 4,
    "turn_on_ratio": 0.8
  },
  "2": {
    "validity_ratio": 0.9604166666666667,
    "below": 0,
    "above": 37.88722963168046,
    "turn_on_times": 0,
    "turn_on_ratio": 0.0
  },
  "3": {
    "validity_ratio": 0.9604166666666667,
    "below": 0,
    "above": 61.977708596441744,
    "turn_on_times": 0,
    "turn_on_ratio": 0.0
  },
  "4": {
    "validity_ratio": 0.95625,
    "below": -3.6371903136523582,
    "above": 0.8040528069350052,
    "turn_on_times": 3,
    "turn_on_ratio": 1.0
  },
  "5": {
    "validity_ratio": 0.9548611111111112,
    "below": -11.952294852146052,
    "above": 29.174648105550855,
    "turn_on_times": 0,
    "turn_on_ratio": 0.0
  },
  "6": {
    "validity_ratio": 0.9604166666666667,
    "below": -0.7660659671719926,
    "above": 26.486348828660702,
    "turn_on_times": 1,
    "turn_on_ratio": 0.2
  },
  "7": {
    "validity_ratio": 0.9590277777777778,
    "below": -14.203020796013105,
    "above": 16.337899674661788,
    "turn_on_times": 0,
    "turn_on_ratio": 0.0
  },
  "8": {
    "validity_ratio": 0.9597222222222223,
    "below": 0,
    "above": 0,
    "turn_on_times": 2,
    "turn_on_ratio": 0.6666666666666666
  },
  "9": {
    "validity_ratio": 0.9520833333333333,
    "below": 0,
    "above": 0.14935206322616795,
    "turn_on_times": 1,
    "turn_on_ratio": 0.3333333333333333
  },
  "10": {
    "validity_ratio": 0.9520833333333333,
    "below": -9.076917252604057,
    "above": 0,
    "turn_on_times": 2,
    "turn_on_ratio": 1.0
  },
  "12": {
    "validity_ratio": 0.9583333333333334,
    "below": -2.3972122677420087,
    "above": 39.41769748515068,
    "turn_on_times": 0,
    "turn_on_ratio": 0.0
  },
  "13": {
    "validity_ratio": 0.0,
    "below": 0,
    "above": 0,
    "turn_on_times": 0,
    "turn_on_ratio": 0.0
  }
}