{
  "1": {
    "validity_ratio": 0.6930555555555555,
    "below": -2.9744278484836726,
    "above": 21.150289463246914,
    "turn_on_times": 2,
    "turn_on_ratio": 1.0
  },
  "2": {
    "validity_ratio": 0.6902777777777778,
    "below": 0,
    "above": 24.54350952287023,
    "turn_on_times": 0,
    "turn_on_ratio": 0.0
  },
  "3": {
    "validity_ratio": 0.6909722222222222,
    "below": 0,
    "above": 37.305312511289706,
    "turn_on_times": 0,
    "turn_on_ratio": 0.0
  },
  "4": {
    "validity_ratio": 0.6930555555555555,
    "below": -3.2674667192966886,
    "above": 0.00860353576348274,
    "turn_on_times": 3,
    "turn_on_ratio": 1.0
  },
  "5": {
    "validity_ratio": 0.6902777777777778,
    "below": -4.6584200737570995,
    "above": 23.678188732660047,
    "turn_on_times": 0,
    "turn_on_ratio": 0.0
  },
  "6": {
    "validity_ratio": 0.6916666666666667,
    "below": 0,
    "above": 20.732859117857384,
    "turn_on_times": 0,
    "turn_on_ratio": 0.0
  },
  "7": {
    "validity_ratio": 0.6875,
    "below": -10.721399051686078,
    "above": 8.547395582767017,
    "turn_on_times": 0,
    "turn_on_ratio": 0.0
  },
  "8": {
    "validity_ratio": 0.6888888888888889,
    "below": 0,
    "above": 0,
    "turn_on_times": 0,
    "turn_on_ratio": 0
  },
  "9": {
    "validity_ratio": 0.6902777777777778,
    "below": 0,
    "above": 0,
    "turn_on_times": 0,
    "turn_on_ratio": 0
  },
  "10": {
    "validity_ratio": 0.6881944444444444,
    "below": -2.473843805156229,
    "above": 0,
    "turn_on_times": 1,
    "turn_on_ratio": 1.0
  },
  "12": {
    "validity_ratio": 0.6888888888888889,
    "below": -0.7098181135233921,
    "above": 26.65791082976714,
    "turn_on_times": 0,
    "turn_on_ratio": 0.0
  },
  "13": {
    "validity_ratio": 0.0,
    "below": 0,
    "above": 0,
    "turn_on_times": 0,
    "turn_on_ratio": 0.0
  }
}