{
  "1": {
    "validity_ratio": 0.5631944444444444,
    "below": -0.2915076570725465,
    "above": 21.15028242169542,
    "turn_on_times": 1,
    "turn_on_ratio": 1.0
  },
  "2": {
    "validity_ratio": 0.5652777777777778,
    "below": 0,
    "above": 15.867254206680533,
    "turn_on_times": 0,
    "turn_on_ratio": 0.0
  },
  "3": {
    "validity_ratio": 0.5659722222222222,
    "below": 0,
    "above": 20.337062440527465,
    "turn_on_times": 0,
    "turn_on_ratio": 0.0
  },
  "4": {
    "validity_ratio": 0.5659722222222222,
    "below": -2.806553347166663,
    "above": 0.008603596127355395,
    "turn_on_times": 2,
    "turn_on_ratio": 1.0
  },
  "5": {
    "validity_ratio": 0.5666666666666667,
    "below": 0,
    "above": 21.293375026928892,
    "turn_on_times": 0,
    "turn_on_ratio": 0.0
  },
  "6": {
    "validity_ratio": 0.5666666666666667,
    "below": 0,
    "above": 17.033674089570074,
    "turn_on_times": 0,
    "turn_on_ratio": 0.0
  },
  "7": {
    "validity_ratio": 0.56875,
    "below": -8.898031375179613,
    "above": 3.083340692353867,
    "turn_on_times": 0,
    "turn_on_ratio": 0.0
  },
  "8": {
    "validity_ratio": 0.5638888888888889,
    "below": 0,
    "above": 0,
    "turn_on_times": 0,
    "turn_on_ratio": 0
  },
  "9": {
    "validity_ratio": 0.5645833333333333,
    "below": 0,
    "above": 0,
    "turn_on_times": 0,
    "turn_on_ratio": 0
  },
  "10": {
    "validity_ratio": 0.5631944444444444,
    "below": -2.473843526563573,
    "above": 0,
    "turn_on_times": 1,
    "turn_on_ratio": 1.0
  },
  "12": {
    "validity_ratio": 0.5673611111111111,
    "below": 0,
    "above": 20.71137259814118,
    "turn_on_times": 0,
    "turn_on_ratio": 0.0
  },
  "13": {
    "validity_ratio": 0.0,
    "below": 0,
    "above": 0,
    "turn_on_times": 0,
    "turn_on_ratio": 0.0
  }
}