{
  "1": {
    "validity_ratio": 0.6722222222222223,
    "below": -2.5744540826272133,
    "above": 21.150849672105114,
    "turn_on_times": 2,
    "turn_on_ratio": 1.0
  },
  "2": {
    "validity_ratio": 0.6756944444444445,
    "below": 0,
    "above": 23.449865116920524,
    "turn_on_times": 0,
    "turn_on_ratio": 0.0
  },
  "3": {
    "validity_ratio": 0.6701388888888888,
    "below": 0,
    "above": 34.504737423248265,
    "turn_on_times": 0,
    "turn_on_ratio": 0.0
  },
  "4": {
    "validity_ratio": 0.6722222222222223,
    "below": -3.267434158687698,
    "above": 0.008598733359324187,
    "turn_on_times": 3,
    "turn_on_ratio": 1.0
  },
  "5": {
    "validity_ratio": 0.6756944444444445,
    "below": -4.04713928116379,
    "above": 23.678489458471777,
    "turn_on_times": 0,
    "turn_on_ratio": 0.0
  },
  "6": {
    "validity_ratio": 0.6708333333333333,
    "below": 0,
    "above": 20.088645633291694,
    "turn_on_times": 0,
    "turn_on_ratio": 0.0
  },
  "7": {
    "validity_ratio": 0.6736111111111112,
    "below": -10.720925462846457,
    "above": 7.381565358808494,
    "turn_on_times": 0,
    "turn_on_ratio": 0.0
  },
  "8": {
    "validity_ratio": 0.675,
    "below": 0,
    "above": 0,
    "turn_on_times": 0,
    "turn_on_ratio": 0
  },
  "9": {
    "validity_ratio": 0.6756944444444445,
    "below": 0,
    "above": 0,
    "turn_on_times": 0,
    "turn_on_ratio": 0
  },
  "10": {
    "validity_ratio": 0.6743055555555556,
    "below": -2.4738659693161824,
    "above": 0,
    "turn_on_times": 1,
    "turn_on_ratio": 1.0
  },
  "12": {
    "validity_ratio": 0.675,
    "below": -0.5206828728686467,
    "above": 26.658043681510392,
    "turn_on_times": 0,
    "turn_on_ratio": 0.0
  },
  "13": {
    "validity_ratio": 0.0,
    "below": 0,
    "above": 0,
    "turn_on_times": 0,
    "turn_on_ratio": 0.0
  }
}