{
  "1": {
    "validity_ratio": 0.8451388888888889,
    "below": -4.7096986119773785,
    "above": 23.072677614541046,
    "turn_on_times": 3,
    "turn_on_ratio": 1.0
  },
  "2": {
    "validity_ratio": 0.85,
    "below": 0,
    "above": 34.37285550251966,
    "turn_on_times": 0,
    "turn_on_ratio": 0.0
  },
  "3": {
    "validity_ratio": 0.85,
    "below": 0,
    "above": 56.75148231604775,
    "turn_on_times": 0,
    "turn_on_ratio": 0.0
  },
  "4": {
    "validity_ratio": 0.8451388888888889,
    "below": -3.637191016436132,
    "above": 0.7766516552203239,
    "turn_on_times": 3,
    "turn_on_ratio": 1.0
  },
  "5": {
    "validity_ratio": 0.84375,
    "below": -11.271053999523936,
    "above": 23.677886707252554,
    "turn_on_times": 0,
    "turn_on_ratio": 0.0
  },
  "6": {
    "validity_ratio": 0.8444444444444444,
    "below": 0,
    "above": 24.877441395621616,
    "turn_on_times": 0,
    "turn_on_ratio": 0.0
  },
  "7": {
    "validity_ratio": 0.8472222222222222,
    "below": -13.869068300061722,
    "above": 12.87610193194018,
    "turn_on_times": 0,
    "turn_on_ratio": 0.0
  },
  "8": {
    "validity_ratio": 0.8486111111111111,
    "below": 0,
    "above": 0,
    "turn_on_times": 2,
    "turn_on_ratio": 0.6666666666666666
  },
  "9": {
    "validity_ratio": 0.8479166666666667,
    "below": 0,
    "above": 0.1493515760790416,
    "turn_on_times": 1,
    "turn_on_ratio": 0.3333333333333333
  },
  "10": {
    "validity_ratio": 0.8479166666666667,
    "below": -5.7247232136511075,
    "above": 0,
    "turn_on_times": 2,
    "turn_on_ratio": 1.0
  },
  "12": {
    "validity_ratio": 0.8472222222222222,
    "below": -2.3972139785027102,
    "above": 30.993750688331538,
    "turn_on_times": 0,
    "turn_on_ratio": 0.0
  },
  "13": {
    "validity_ratio": 0.0,
    "below": 0,
    "above": 0,
    "turn_on_times": 0,
    "turn_on_ratio": 0.0
  }
}