{
  "1": {
    "validity_ratio": 0.9694444444444444,
    "below": -5.163439311673351,
    "above": 24.219136485580375,
    "turn_on_times": 4,
    "turn_on_ratio": 0.8
  },
  "2": {
    "validity_ratio": 0.96875,
    "below": 0,
    "above": 38.234409060889554,
    "turn_on_times": 0,
    "turn_on_ratio": 0.0
  },
  "3": {
    "validity_ratio": 0.9680555555555556,
    "below": 0,
    "above": 61.97770861382756,
    "turn_on_times": 0,
    "turn_on_ratio": 0.0
  },
  "4": {
    "validity_ratio": 0.9701388888888889,
    "below": -3.637185563210166,
    "above": 0.8040514022074534,
    "turn_on_times": 3,
    "turn_on_ratio": 1.0
  },
  "5": {
    "validity_ratio": 0.96875,
    "below": -11.952279613836778,
    "above": 29.174632801695058,
    "turn_on_times": 0,
    "turn_on_ratio": 0.0
  },
  "6": {
    "validity_ratio": 0.9680555555555556,
    "below": -1.3182428769641241,
    "above": 26.486319739623465,
    "turn_on_times": 1,
    "turn_on_ratio": 0.2
  },
  "7": {
    "validity_ratio": 0.9659722222222222,
    "below": -14.203056463187187,
    "above": 16.802789698392964,
    "turn_on_times": 0,
    "turn_on_ratio": 0.0
  },
  "8": {
    "validity_ratio": 0.9666666666666667,
    "below": 0,
    "above": 0,
    "turn_on_times": 2,
    "turn_on_ratio": 0.6666666666666666
  },
  "9": {
    "validity_ratio": 0.9659722222222222,
    "below": 0,
    "above": 0.1493553560800395,
    "turn_on_times": 1,
    "turn_on_ratio": 0.3333333333333333
  },
  "10": {
    "validity_ratio": 0.9673611111111111,
    "below": -9.178239170634738,
    "above": 0,
    "turn_on_times": 2,
    "turn_on_ratio": 1.0
  },
  "12": {
    "validity_ratio": 0.9652777777777778,
    "below": -2.397200703915168,
    "above": 39.41767462015476,
    "turn_on_times": 0,
    "turn_on_ratio": 0.0
  },
  "13": {
    "validity_ratio": 0.0,
    "below": 0,
    "above": 0,
    "turn_on_times": 0,
    "turn_on_ratio": 0.0
  }
}