{
  "1": {
    "validity_ratio": 0.99375,
    "below": -7.1318238550459965,
    "above": 33.56165125402697,
    "turn_on_times": 0,
    "turn_on_ratio": 0.0
  },
  "2": {
    "validity_ratio": 0.9944444444444445,
    "below": -21.362693537040098,
    "above": 2.575600334719573,
    "turn_on_times": 2,
    "turn_on_ratio": 1.0
  },
  "3": {
    "validity_ratio": 0.9909722222222223,
    "below": -0.6985873178654614,
    "above": 22.053287055543088,
    "turn_on_times": 0,
    "turn_on_ratio": 0.0
  },
  "4": {
    "validity_ratio": 0.9902777777777778,
    "below": -0.9898847158814742,
    "above": 0.533816395978635,
    "turn_on_times": 2,
    "turn_on_ratio": 0.5
  },
  "5": {
    "validity_ratio": 0.99375,
    "below": -4.388540369657124,
    "above": 18.04064028972055,
    "turn_on_times": 2,
    "turn_on_ratio": 0.5
  },
  "6": {
    "validity_ratio": 0.9902777777777778,
    "below": -16.151561835297695,
    "above": 19.933724074757137,
    "turn_on_times": 0,
    "turn_on_ratio": 0.0
  },
  "7": {
    "validity_ratio": 0.9895833333333334,
    "below": -5.434173840034614,
    "above": 24.26949223274303,
    "turn_on_times": 0,
    "turn_on_ratio": 0.0
  },
  "8": {
    "validity_ratio": 0.99375,
    "below": -0.04466110495833326,
    "above": 6.416731013584208,
    "turn_on_times": 7,
    "turn_on_ratio": 0.6363636363636364
  },
  "9": {
    "validity_ratio": 0.9951388888888889,
    "below": -0.15595817435704942,
    "above": 13.814044139192136,
    "turn_on_times": 4,
    "turn_on_ratio": 0.36363636363636365
  },
  "10": {
    "validity_ratio": 0.9909722222222223,
    "below": 0,
    "above": 0,
    "turn_on_times": 0,
    "turn_on_ratio": 0
  },
  "12": {
    "validity_ratio": 0.9909722222222223,
    "below": -2.3301453910093564,
    "above": 50.473660762191926,
    "turn_on_times": 0,
    "turn_on_ratio": 0.0
  },
  "13": {
    "validity_ratio": 0.9909722222222223,
    "below": 0,
    "above": 44.86915474046268,
    "turn_on_times": 0,
    "turn_on_ratio": 0.0
  }
}