{
  "1": {
    "validity_ratio": 0.9923611111111111,
    "below": 0,
    "above": 7.919147349911686,
    "turn_on_times": 3,
    "turn_on_ratio": 0.6
  },
  "2": {
    "validity_ratio": 0.9951388888888889,
    "below": 0,
    "above": 50.7577893628086,
    "turn_on_times": 0,
    "turn_on_ratio": 0.0
  },
  "3": {
    "validity_ratio": 0.9923611111111111,
    "below": 0,
    "above": 2.453804560276459,
    "turn_on_times": 0,
    "turn_on_ratio": 0.0
  },
  "4": {
    "validity_ratio": 0.9951388888888889,
    "below": 0,
    "above": 0.04560255325,
    "turn_on_times": 1,
    "turn_on_ratio": 1.0
  },
  "5": {
    "validity_ratio": 0.9951388888888889,
    "below": 0,
    "above": 3.195652450592594,
    "turn_on_times": 0,
    "turn_on_ratio": 0.0
  },
  "6": {
    "validity_ratio": 0.99375,
    "below": 0,
    "above": 15.521994052269664,
    "turn_on_times": 2,
    "turn_on_ratio": 0.4
  },
  "7": {
    "validity_ratio": 0.9902777777777778,
    "below": 0,
    "above": 69.17221503203406,
    "turn_on_times": 0,
    "turn_on_ratio": 0.0
  },
  "8": {
    "validity_ratio": 0.9951388888888889,
    "below": -0.1299762251423815,
    "above": 0.37763168850210055,
    "turn_on_times": 5,
    "turn_on_ratio": 0.5
  },
  "9": {
    "validity_ratio": 0.9930555555555556,
    "below": 0,
    "above": 0.08150887195888873,
    "turn_on_times": 5,
    "turn_on_ratio": 0.5
  },
  "10": {
    "validity_ratio": 0.9895833333333334,
    "below": 0,
    "above": 0,
    "turn_on_times": 0,
    "turn_on_ratio": 0
  },
  "12": {
    "validity_ratio": 0.9923611111111111,
    "below": 0,
    "above": 2.592501795066215,
    "turn_on_times": 0,
    "turn_on_ratio": 0.0
  },
  "13": {
    "validity_ratio": 0.9916666666666667,
    "below": 0,
    "above": 72.20121493752373,
    "turn_on_times": 0,
    "turn_on_ratio": 0.0
  }
}