{
  "1": {
    "validity_ratio": 0.47638888888888886,
    "below": -1.6328384120648562,
    "above": 44.356064899002774,
    "turn_on_times": 0,
    "turn_on_ratio": 0.0
  },
  "2": {
    "validity_ratio": 0.4722222222222222,
    "below": -11.361768517282245,
    "above": 13.719397644732945,
    "turn_on_times": 1,
    "turn_on_ratio": 1.0
  },
  "3": {
    "validity_ratio": 0.47708333333333336,
    "below": -6.119680139076225,
    "above": 12.563845047323204,
    "turn_on_times": 1,
    "turn_on_ratio": 0.2
  },
  "4": {
    "validity_ratio": 0.47638888888888886,
    "below": -7.646597697099027,
    "above": 4.967072462940457,
    "turn_on_times": 1,
    "turn_on_ratio": 0.2
  },
  "5": {
    "validity_ratio": 0.4736111111111111,
    "below": -14.261592930643378,
    "above": 0.052951545128713834,
    "turn_on_times": 2,
    "turn_on_ratio": 0.4
  },
  "6": {
    "validity_ratio": 0.47291666666666665,
    "below": 0,
    "above": 14.754336626422772,
    "turn_on_times": 0,
    "turn_on_ratio": 0.0
  },
  "7": {
    "validity_ratio": 0.47847222222222224,
    "below": -7.863738561437802,
    "above": 0.7999549437137579,
    "turn_on_times": 0,
    "turn_on_ratio": 0.0
  },
  "8": {
    "validity_ratio": 0.4756944444444444,
    "below": 0,
    "above": 0,
    "turn_on_times": 0,
    "turn_on_ratio": 0
  },
  "9": {
    "validity_ratio": 0.47638888888888886,
    "below": 0,
    "above": 0,
    "turn_on_times": 0,
    "turn_on_ratio": 0
  },
  "10": {
    "validity_ratio": 0.47638888888888886,
    "below": 0,
    "above": 0,
    "turn_on_times": 0,
    "turn_on_ratio": 0
  },
  "12": {
    "validity_ratio": 0.47847222222222224,
    "below": -3.8919623919796806,
    "above": 9.460080604559257,
    "turn_on_times": 1,
    "turn_on_ratio": 0.2
  },
  "13": {
    "validity_ratio": 0.475,
    "below": -1.2890474481804313,
    "above": 15.823558499441924,
    "turn_on_times": 0,
    "turn_on_ratio": 0.0
  }
}