{
  "1": {
    "validity_ratio": 0.4354166666666667,
    "below": -1.6325154374392992,
    "above": 39.40610147013938,
    "turn_on_times": 0,
    "turn_on_ratio": 0.0
  },
  "2": {
    "validity_ratio": 0.4305555555555556,
    "below": -11.361562370363961,
    "above": 11.007260558324617,
    "turn_on_times": 1,
    "turn_on_ratio": 1.0
  },
  "3": {
    "validity_ratio": 0.4354166666666667,
    "below": -6.119658619853381,
    "above": 10.708272980006619,
    "turn_on_times": 1,
    "turn_on_ratio": 0.25
  },
  "4": {
    "validity_ratio": 0.43472222222222223,
    "below": -7.64639106402079,
    "above": 2.5340509763118697,
    "turn_on_times": 1,
    "turn_on_ratio": 0.25
  },
  "5": {
    "validity_ratio": 0.43194444444444446,
    "below": -13.74802764893649,
    "above": 0.029217510711425823,
    "turn_on_times": 1,
    "turn_on_ratio": 0.25
  },
  "6": {
    "validity_ratio": 0.43125,
    "below": 0,
    "above": 13.868065561571385,
    "turn_on_times": 0,
    "turn_on_ratio": 0.0
  },
  "7": {
    "validity_ratio": 0.4361111111111111,
    "below": -7.717942326334234,
    "above": 0.7998973773005587,
    "turn_on_times": 0,
    "turn_on_ratio": 0.0
  },
  "8": {
    "validity_ratio": 0.4340277777777778,
    "below": 0,
    "above": 0,
    "turn_on_times": 0,
    "turn_on_ratio": 0
  },
  "9": {
    "validity_ratio": 0.43472222222222223,
    "below": 0,
    "above": 0,
    "turn_on_times": 0,
    "turn_on_ratio": 0
  },
  "10": {
    "validity_ratio": 0.4340277777777778,
    "below": 0,
    "above": 0,
    "turn_on_times": 0,
    "turn_on_ratio": 0
  },
  "12": {
    "validity_ratio": 0.4361111111111111,
    "below": -3.892121792820972,
    "above": 6.38569712708349,
    "turn_on_times": 1,
    "turn_on_ratio": 0.25
  },
  "13": {
    "validity_ratio": 0.43333333333333335,
    "below": -1.289004879789127,
    "above": 13.150558684597598,
    "turn_on_times": 0,
    "turn_on_ratio": 0.0
  }
}