{
  "1": {
    "validity_ratio": 0.02013888888888889,
    "below": 0,
    "above": 2.501722022233667,
    "turn_on_times": 0,
    "turn_on_ratio": 0.0
  },
  "2": {
    "validity_ratio": 0.020833333333333332,
    "below": -1.3480386722569195,
    "above": 0,
    "turn_on_times": 1,
    "turn_on_ratio": 1.0
  },
  "3": {
    "validity_ratio": 0.022222222222222223,
    "below": -0.9248398950003776,
    "above": 0,
    "turn_on_times": 1,
    "turn_on_ratio": 0.25
  },
  "4": {
    "validity_ratio": 0.018055555555555554,
    "below": -0.7318386010541442,
    "above": 0,
    "turn_on_times": 1,
    "turn_on_ratio": 0.25
  },
  "5": {
    "validity_ratio": 0.021527777777777778,
    "below": -1.1119300999110193,
    "above": 0,
    "turn_on_times": 1,
    "turn_on_ratio": 0.25
  },
  "6": {
    "validity_ratio": 0.021527777777777778,
    "below": 0,
    "above": 1.9303676346806804,
    "turn_on_times": 0,
    "turn_on_ratio": 0.0
  },
  "7": {
    "validity_ratio": 0.02013888888888889,
    "below": -0.5195409430054667,
    "above": 0.30830015137226174,
    "turn_on_times": 0,
    "turn_on_ratio": 0.0
  },
  "8": {
    "validity_ratio": 0.017361111111111112,
    "below": 0,
    "above": 0,
    "turn_on_times": 0,
    "turn_on_ratio": 0
  },
  "9": {
    "validity_ratio": 0.018055555555555554,
    "below": 0,
    "above": 0,
    "turn_on_times": 0,
    "turn_on_ratio": 0
  },
  "10": {
    "validity_ratio": 0.017361111111111112,
    "below": 0,
    "above": 0,
    "turn_on_times": 0,
    "turn_on_ratio": 0
  },
  "12": {
    "validity_ratio": 0.019444444444444445,
    "below": -1.091671186633587,
    "above": 0,
    "turn_on_times": 1,
    "turn_on_ratio": 0.25
  },
  "13": {
    "validity_ratio": 0.02361111111111111,
    "below": -0.5381026803496993,
    "above": 0.02802323682391511,
    "turn_on_times": 0,
    "turn_on_ratio": 0.0
  }
}