{
  "1": {
    "validity_ratio": 0.08263888888888889,
    "below": 0,
    "above": 10.065784518954725,
    "turn_on_times": 0,
    "turn_on_ratio": 0.0
  },
  "2": {
    "validity_ratio": 0.08333333333333333,
    "below": -4.8751166249851,
    "above": 0,
    "turn_on_times": 1,
    "turn_on_ratio": 1.0
  },
  "3": {
    "validity_ratio": 0.08194444444444444,
    "below": -2.2377958891631757,
    "above": 0,
    "turn_on_times": 1,
    "turn_on_ratio": 0.25
  },
  "4": {
    "validity_ratio": 0.08055555555555556,
    "below": -2.451363033533896,
    "above": 0,
    "turn_on_times": 1,
    "turn_on_ratio": 0.25
  },
  "5": {
    "validity_ratio": 0.08402777777777778,
    "below": -3.4604277386586864,
    "above": 0,
    "turn_on_times": 1,
    "turn_on_ratio": 0.25
  },
  "6": {
    "validity_ratio": 0.08402777777777778,
    "below": 0,
    "above": 7.909431135058727,
    "turn_on_times": 0,
    "turn_on_ratio": 0.0
  },
  "7": {
    "validity_ratio": 0.08125,
    "below": -3.722657332518346,
    "above": 0.3081316982086894,
    "turn_on_times": 0,
    "turn_on_ratio": 0.0
  },
  "8": {
    "validity_ratio": 0.0798611111111111,
    "below": 0,
    "above": 0,
    "turn_on_times": 0,
    "turn_on_ratio": 0
  },
  "9": {
    "validity_ratio": 0.08055555555555556,
    "below": 0,
    "above": 0,
    "turn_on_times": 0,
    "turn_on_ratio": 0
  },
  "10": {
    "validity_ratio": 0.0798611111111111,
    "below": 0,
    "above": 0,
    "turn_on_times": 0,
    "turn_on_ratio": 0
  },
  "12": {
    "validity_ratio": 0.08194444444444444,
    "below": -2.2494794326120133,
    "above": 0.8671913013812594,
    "turn_on_times": 1,
    "turn_on_ratio": 0.25
  },
  "13": {
    "validity_ratio": 0.08611111111111111,
    "below": -0.9880028033251179,
    "above": 0.8410544499595741,
    "turn_on_times": 0,
    "turn_on_ratio": 0.0
  }
}