{
  "1": {
    "validity_ratio": 0.18611111111111112,
    "below": 0,
    "above": 21.736458748478896,
    "turn_on_times": 0,
    "turn_on_ratio": 0.0
  },
  "2": {
    "validity_ratio": 0.1875,
    "below": -8.504701928775674,
    "above": 0,
    "turn_on_times": 1,
    "turn_on_ratio": 1.0
  },
  "3": {
    "validity_ratio": 0.18611111111111112,
    "below": -4.487745557298522,
    "above": 0,
    "turn_on_times": 1,
    "turn_on_ratio": 0.25
  },
  "4": {
    "validity_ratio": 0.18472222222222223,
    "below": -4.717876751015568,
    "above": 0,
    "turn_on_times": 1,
    "turn_on_ratio": 0.25
  },
  "5": {
    "validity_ratio": 0.18888888888888888,
    "below": -7.50200363895757,
    "above": 0,
    "turn_on_times": 1,
    "turn_on_ratio": 0.25
  },
  "6": {
    "validity_ratio": 0.18819444444444444,
    "below": 0,
    "above": 13.335512866303286,
    "turn_on_times": 0,
    "turn_on_ratio": 0.0
  },
  "7": {
    "validity_ratio": 0.18611111111111112,
    "below": -6.5272883379122595,
    "above": 0.30806344578351585,
    "turn_on_times": 0,
    "turn_on_ratio": 0.0
  },
  "8": {
    "validity_ratio": 0.1840277777777778,
    "below": 0,
    "above": 0,
    "turn_on_times": 0,
    "turn_on_ratio": 0
  },
  "9": {
    "validity_ratio": 0.18472222222222223,
    "below": 0,
    "above": 0,
    "turn_on_times": 0,
    "turn_on_ratio": 0
  },
  "10": {
    "validity_ratio": 0.1840277777777778,
    "below": 0,
    "above": 0,
    "turn_on_times": 0,
    "turn_on_ratio": 0
  },
  "12": {
    "validity_ratio": 0.18611111111111112,
    "below": -3.8132270728055717,
    "above": 1.0804656800647263,
    "turn_on_times": 1,
    "turn_on_ratio": 0.25
  },
  "13": {
    "validity_ratio": 0.19027777777777777,
    "below": -1.2890320923323075,
    "above": 1.11839255189601,
    "turn_on_times": 0,
    "turn_on_ratio": 0.0
  }
}