{
  "1": {
    "validity_ratio": 0.5041666666666667,
    "below": -1.633493899982758,
    "above": 45.40976413529473,
    "turn_on_times": 0,
    "turn_on_ratio": 0.0
  },
  "2": {
    "validity_ratio": 0.5069444444444444,
    "below": -11.36218911682823,
    "above": 14.538246075403608,
    "turn_on_times": 1,
    "turn_on_ratio": 1.0
  },
  "3": {
    "validity_ratio": 0.5048611111111111,
    "below": -6.119723813066258,
    "above": 15.230405225418027,
    "turn_on_times": 1,
    "turn_on_ratio": 0.2
  },
  "4": {
    "validity_ratio": 0.5041666666666667,
    "below": -7.647017065914742,
    "above": 8.567256235437064,
    "turn_on_times": 1,
    "turn_on_ratio": 0.2
  },
  "5": {
    "validity_ratio": 0.5090277777777777,
    "below": -15.348945438216775,
    "above": 0.05183711366106508,
    "turn_on_times": 2,
    "turn_on_ratio": 0.4
  },
  "6": {
    "validity_ratio": 0.5076388888888889,
    "below": 0,
    "above": 15.756304930750428,
    "turn_on_times": 0,
    "turn_on_ratio": 0.0
  },
  "7": {
    "validity_ratio": 0.50625,
    "below": -7.964199027009003,
    "above": 0.8094585932433748,
    "turn_on_times": 0,
    "turn_on_ratio": 0.0
  },
  "8": {
    "validity_ratio": 0.5034722222222222,
    "below": 0,
    "above": 0,
    "turn_on_times": 0,
    "turn_on_ratio": 0
  },
  "9": {
    "validity_ratio": 0.5041666666666667,
    "below": 0,
    "above": 0,
    "turn_on_times": 0,
    "turn_on_ratio": 0
  },
  "10": {
    "validity_ratio": 0.5041666666666667,
    "below": 0,
    "above": 0,
    "turn_on_times": 0,
    "turn_on_ratio": 0
  },
  "12": {
    "validity_ratio": 0.50625,
    "below": -3.891638882585107,
    "above": 13.57597535136959,
    "turn_on_times": 1,
    "turn_on_ratio": 0.2
  },
  "13": {
    "validity_ratio": 0.5090277777777777,
    "below": -1.2891338421692407,
    "above": 15.822564452350692,
    "turn_on_times": 0,
    "turn_on_ratio": 0.0
  }
}