{
  "1": {
    "validity_ratio": 0.41458333333333336,
    "below": -1.4206431327949471,
    "above": 38.74791078790006,
    "turn_on_times": 0,
    "turn_on_ratio": 0.0
  },
  "2": {
    "validity_ratio": 0.4097222222222222,
    "below": -11.361586909354495,
    "above": 9.562206677687852,
    "turn_on_times": 1,
    "turn_on_ratio": 1.0
  },
  "3": {
    "validity_ratio": 0.41458333333333336,
    "below": -6.11966118537769,
    "above": 8.885334880992215,
    "turn_on_times": 1,
    "turn_on_ratio": 0.25
  },
  "4": {
    "validity_ratio": 0.41388888888888886,
    "below": -7.646415698840952,
    "above": 0.7394965838888881,
    "turn_on_times": 1,
    "turn_on_ratio": 0.25
  },
  "5": {
    "validity_ratio": 0.4111111111111111,
    "below": -13.257396030803989,
    "above": 0,
    "turn_on_times": 1,
    "turn_on_ratio": 0.25
  },
  "6": {
    "validity_ratio": 0.41041666666666665,
    "below": 0,
    "above": 13.868072182571877,
    "turn_on_times": 0,
    "turn_on_ratio": 0.0
  },
  "7": {
    "validity_ratio": 0.41597222222222224,
    "below": -7.717968480055161,
    "above": 0.7082303193092216,
    "turn_on_times": 0,
    "turn_on_ratio": 0.0
  },
  "8": {
    "validity_ratio": 0.4131944444444444,
    "below": 0,
    "above": 0,
    "turn_on_times": 0,
    "turn_on_ratio": 0
  },
  "9": {
    "validity_ratio": 0.41388888888888886,
    "below": 0,
    "above": 0,
    "turn_on_times": 0,
    "turn_on_ratio": 0
  },
  "10": {
    "validity_ratio": 0.4131944444444444,
    "below": 0,
    "above": 0,
    "turn_on_times": 0,
    "turn_on_ratio": 0
  },
  "12": {
    "validity_ratio": 0.4152777777777778,
    "below": -3.892102789033715,
    "above": 3.6399805353467154,
    "turn_on_times": 1,
    "turn_on_ratio": 0.25
  },
  "13": {
    "validity_ratio": 0.4125,
    "below": -1.2890099547978011,
    "above": 9.692053762976903,
    "turn_on_times": 0,
    "turn_on_ratio": 0.0
  }
}