{
  "1": {
    "validity_ratio": 0.4486111111111111,
    "below": -1.633101477529075,
    "above": 41.03886803779045,
    "turn_on_times": 0,
    "turn_on_ratio": 0.0
  },
  "2": {
    "validity_ratio": 0.4513888888888889,
    "below": -11.361936958627824,
    "above": 12.392827242253484,
    "turn_on_times": 1,
    "turn_on_ratio": 1.0
  },
  "3": {
    "validity_ratio": 0.44930555555555557,
    "below": -6.119697666658573,
    "above": 10.707741362359828,
    "turn_on_times": 1,
    "turn_on_ratio": 0.25
  },
  "4": {
    "validity_ratio": 0.4486111111111111,
    "below": -7.646766001424957,
    "above": 2.533630622544313,
    "turn_on_times": 1,
    "turn_on_ratio": 0.25
  },
  "5": {
    "validity_ratio": 0.4527777777777778,
    "below": -13.785115187816972,
    "above": 0.05250940001631752,
    "turn_on_times": 1,
    "turn_on_ratio": 0.25
  },
  "6": {
    "validity_ratio": 0.45208333333333334,
    "below": 0,
    "above": 13.868166334735426,
    "turn_on_times": 0,
    "turn_on_ratio": 0.0
  },
  "7": {
    "validity_ratio": 0.45069444444444445,
    "below": -7.718341490496037,
    "above": 0.8000018254076426,
    "turn_on_times": 0,
    "turn_on_ratio": 0.0
  },
  "8": {
    "validity_ratio": 0.4479166666666667,
    "below": 0,
    "above": 0,
    "turn_on_times": 0,
    "turn_on_ratio": 0
  },
  "9": {
    "validity_ratio": 0.4486111111111111,
    "below": 0,
    "above": 0,
    "turn_on_times": 0,
    "turn_on_ratio": 0
  },
  "10": {
    "validity_ratio": 0.4479166666666667,
    "below": 0,
    "above": 0,
    "turn_on_times": 0,
    "turn_on_ratio": 0
  },
  "12": {
    "validity_ratio": 0.45,
    "below": -3.8918325586955893,
    "above": 6.385057988981579,
    "turn_on_times": 1,
    "turn_on_ratio": 0.25
  },
  "13": {
    "validity_ratio": 0.45416666666666666,
    "below": -1.2890821204820107,
    "above": 15.823162638534034,
    "turn_on_times": 0,
    "turn_on_ratio": 0.0
  }
}