{
  "1": {
    "validity_ratio": 0.027083333333333334,
    "below": 0,
    "above": 3.3681865794148464,
    "turn_on_times": 0,
    "turn_on_ratio": 0.0
  },
  "2": {
    "validity_ratio": 0.027777777777777776,
    "below": -1.8060188696089832,
    "above": 0,
    "turn_on_times": 1,
    "turn_on_ratio": 1.0
  },
  "3": {
    "validity_ratio": 0.027083333333333334,
    "below": -1.0741382943448448,
    "above": 0,
    "turn_on_times": 1,
    "turn_on_ratio": 0.25
  },
  "4": {
    "validity_ratio": 0.025,
    "below": -0.9827931541581889,
    "above": 0,
    "turn_on_times": 1,
    "turn_on_ratio": 0.25
  },
  "5": {
    "validity_ratio": 0.02847222222222222,
    "below": -1.4116782681384168,
    "above": 0,
    "turn_on_times": 1,
    "turn_on_ratio": 0.25
  },
  "6": {
    "validity_ratio": 0.02847222222222222,
    "below": 0,
    "above": 2.593410875133631,
    "turn_on_times": 0,
    "turn_on_ratio": 0.0
  },
  "7": {
    "validity_ratio": 0.025694444444444443,
    "below": -0.9186081203617064,
    "above": 0.3082605166584981,
    "turn_on_times": 0,
    "turn_on_ratio": 0.0
  },
  "8": {
    "validity_ratio": 0.024305555555555556,
    "below": 0,
    "above": 0,
    "turn_on_times": 0,
    "turn_on_ratio": 0
  },
  "9": {
    "validity_ratio": 0.018055555555555554,
    "below": 0,
    "above": 0,
    "turn_on_times": 0,
    "turn_on_ratio": 0
  },
  "10": {
    "validity_ratio": 0.024305555555555556,
    "below": 0,
    "above": 0,
    "turn_on_times": 0,
    "turn_on_ratio": 0
  },
  "12": {
    "validity_ratio": 0.02638888888888889,
    "below": -1.4218892302267618,
    "above": 0,
    "turn_on_times": 1,
    "turn_on_ratio": 0.25
  },
  "13": {
    "validity_ratio": 0.030555555555555555,
    "below": -0.6860593291404125,
    "above": 0.02800147841108138,
    "turn_on_times": 0,
    "turn_on_ratio": 0.0
  }
}