{
  "1": {
    "validity_ratio": 0.525,
    "below": -1.6325542401377409,
    "above": 46.95862574992081,
    "turn_on_times": 0,
    "turn_on_ratio": 0.0
  },
  "2": {
    "validity_ratio": 0.5208333333333334,
    "below": -11.361587099068677,
    "above": 15.157685079168067,
    "turn_on_times": 1,
    "turn_on_ratio": 0.5
  },
  "3": {
    "validity_ratio": 0.5256944444444445,
    "below": -6.119661205207924,
    "above": 17.17944132702588,
    "turn_on_times": 1,
    "turn_on_ratio": 0.2
  },
  "4": {
    "validity_ratio": 0.525,
    "below": -7.646415889255934,
    "above": 11.185210284158515,
    "turn_on_times": 1,
    "turn_on_ratio": 0.2
  },
  "5": {
    "validity_ratio": 0.5229166666666667,
    "below": -15.714972822969079,
    "above": 0.053421471415313816,
    "turn_on_times": 2,
    "turn_on_ratio": 0.4
  },
  "6": {
    "validity_ratio": 0.5215277777777778,
    "below": 0,
    "above": 16.732185549620517,
    "turn_on_times": 0,
    "turn_on_ratio": 0.0
  },
  "7": {
    "validity_ratio": 0.5263888888888889,
    "below": -7.963539860212765,
    "above": 1.9815219884192712,
    "turn_on_times": 0,
    "turn_on_ratio": 0.0
  },
  "8": {
    "validity_ratio": 0.5243055555555556,
    "below": 0,
    "above": 0,
    "turn_on_times": 1,
    "turn_on_ratio": 1.0
  },
  "9": {
    "validity_ratio": 0.525,
    "below": 0,
    "above": 0.3920689877666673,
    "turn_on_times": 0,
    "turn_on_ratio": 0.0
  },
  "10": {
    "validity_ratio": 0.525,
    "below": 0,
    "above": 0,
    "turn_on_times": 0,
    "turn_on_ratio": 0
  },
  "12": {
    "validity_ratio": 0.5270833333333333,
    "below": -3.8921026421438425,
    "above": 16.628039769889657,
    "turn_on_times": 1,
    "turn_on_ratio": 0.2
  },
  "13": {
    "validity_ratio": 0.5236111111111111,
    "below": -1.289009994025109,
    "above": 15.82398148506838,
    "turn_on_times": 1,
    "turn_on_ratio": 0.5
  }
}