{
  "1": {
    "validity_ratio": 0.76875,
    "below": 0,
    "above": 36.844757213947844,
    "turn_on_times": 0,
    "turn_on_ratio": 0.0
  },
  "2": {
    "validity_ratio": 0.7701388888888889,
    "below": -1.2293163683828934,
    "above": 1.1567852345502425,
    "turn_on_times": 3,
    "turn_on_ratio": 0.6
  },
  "3": {
    "validity_ratio": 0.7673611111111112,
    "below": -4.805113152320575,
    "above": 0.0312629801165072,
    "turn_on_times": 0,
    "turn_on_ratio": 0
  },
  "4": {
    "validity_ratio": 0.7680555555555556,
    "below": -11.107046462101584,
    "above": 0.66238575522222,
    "turn_on_times": 0,
    "turn_on_ratio": 0
  },
  "5": {
    "validity_ratio": 0.7645833333333333,
    "below": -1.9391844608129225,
    "above": 0.10256174541272477,
    "turn_on_times": 0,
    "turn_on_ratio": 0
  },
  "6": {
    "validity_ratio": 0.7666666666666667,
    "below": -6.567034851213476,
    "above": 10.399890990403883,
    "turn_on_times": 0,
    "turn_on_ratio": 0.0
  },
  "7": {
    "validity_ratio": 0.7694444444444445,
    "below": -2.147472833913226,
    "above": 0.8471236964961578,
    "turn_on_times": 2,
    "turn_on_ratio": 0.4
  },
  "8": {
    "validity_ratio": 0.7666666666666667,
    "below": -0.2451891212327777,
    "above": 0,
    "turn_on_times": 4,
    "turn_on_ratio": 0.6666666666666666
  },
  "9": {
    "validity_ratio": 0.7659722222222223,
    "below": 0,
    "above": 34.09899549137418,
    "turn_on_times": 2,
    "turn_on_ratio": 0.3333333333333333
  },
  "10": {
    "validity_ratio": 0.7652777777777777,
    "below": 0,
    "above": 0,
    "turn_on_times": 0,
    "turn_on_ratio": 0
  },
  "12": {
    "validity_ratio": 0.7659722222222223,
    "below": -0.3040513119702134,
    "above": 10.364762076479291,
    "turn_on_times": 0,
    "turn_on_ratio": 0
  },
  "13": {
    "validity_ratio": 0.7645833333333333,
    "below": -1.4144297727256516,
    "above": 3.5863678682434377,
    "turn_on_times": 0,
    "turn_on_ratio": 0.0
  }
}