{
  "1": {
    "validity_ratio": 0.6993055555555555,
    "below": 0,
    "above": 36.84473890209612,
    "turn_on_times": 0,
    "turn_on_ratio": 0.0
  },
  "2": {
    "validity_ratio": 0.7006944444444444,
    "below": -1.2293214682437232,
    "above": 0.0505733150292175,
    "turn_on_times": 3,
    "turn_on_ratio": 0.6
  },
  "3": {
    "validity_ratio": 0.6979166666666666,
    "below": -4.805099160196451,
    "above": 0.031278090691206725,
    "turn_on_times": 0,
    "turn_on_ratio": 0
  },
  "4": {
    "validity_ratio": 0.6986111111111111,
    "below": -11.107059470570999,
    "above": 0.6623868549999979,
    "turn_on_times": 0,
    "turn_on_ratio": 0
  },
  "5": {
    "validity_ratio": 0.7020833333333333,
    "below": -1.9391901724103053,
    "above": 0.10257034577050833,
    "turn_on_times": 0,
    "turn_on_ratio": 0
  },
  "6": {
    "validity_ratio": 0.7034722222222223,
    "below": -6.019393643020801,
    "above": 10.39987975641806,
    "turn_on_times": 0,
    "turn_on_ratio": 0.0
  },
  "7": {
    "validity_ratio": 0.7,
    "below": -2.147475689132281,
    "above": 0.847137355541187,
    "turn_on_times": 2,
    "turn_on_ratio": 0.4
  },
  "8": {
    "validity_ratio": 0.7034722222222223,
    "below": -0.24518981959166616,
    "above": 0,
    "turn_on_times": 3,
    "turn_on_ratio": 0.75
  },
  "9": {
    "validity_ratio": 0.7034722222222223,
    "below": 0,
    "above": 34.099003867508756,
    "turn_on_times": 1,
    "turn_on_ratio": 0.25
  },
  "10": {
    "validity_ratio": 0.7034722222222223,
    "below": 0,
    "above": 0,
    "turn_on_times": 0,
    "turn_on_ratio": 0
  },
  "12": {
    "validity_ratio": 0.7034722222222223,
    "below": -0.30405019701330616,
    "above": 3.413825751625401,
    "turn_on_times": 0,
    "turn_on_ratio": 0
  },
  "13": {
    "validity_ratio": 0.7020833333333333,
    "below": -1.4144276396325395,
    "above": 2.3120451194994533,
    "turn_on_times": 0,
    "turn_on_ratio": 0.0
  }
}