{
  "1": {
    "validity_ratio": 0.6993055555555555,
    "below": 0,
    "above": 36.844800830862,
    "turn_on_times": 0,
    "turn_on_ratio": 0.0
  },
  "2": {
    "validity_ratio": 0.7,
    "below": -1.2293042210481921,
    "above": 0.05055234252476559,
    "turn_on_times": 3,
    "turn_on_ratio": 0.6
  },
  "3": {
    "validity_ratio": 0.6979166666666666,
    "below": -4.805146480095709,
    "above": 0.031226988309164302,
    "turn_on_times": 0,
    "turn_on_ratio": 0
  },
  "4": {
    "validity_ratio": 0.6986111111111111,
    "below": -11.10701547728899,
    "above": 0.6623831356666645,
    "turn_on_times": 0,
    "turn_on_ratio": 0
  },
  "5": {
    "validity_ratio": 0.68125,
    "below": -1.9391708563857746,
    "above": 0.10254126026066772,
    "turn_on_times": 0,
    "turn_on_ratio": 0
  },
  "6": {
    "validity_ratio": 0.6972222222222222,
    "below": -5.903828215699052,
    "above": 10.399917748553516,
    "turn_on_times": 0,
    "turn_on_ratio": 0.0
  },
  "7": {
    "validity_ratio": 0.7,
    "below": -2.1474660330802844,
    "above": 0.8470911439959868,
    "turn_on_times": 2,
    "turn_on_ratio": 0.4
  },
  "8": {
    "validity_ratio": 0.6972222222222222,
    "below": -0.24518745781499962,
    "above": 0,
    "turn_on_times": 3,
    "turn_on_ratio": 0.75
  },
  "9": {
    "validity_ratio": 0.6965277777777777,
    "below": 0,
    "above": 34.098975540327174,
    "turn_on_times": 1,
    "turn_on_ratio": 0.25
  },
  "10": {
    "validity_ratio": 0.6972222222222222,
    "below": 0,
    "above": 0,
    "turn_on_times": 0,
    "turn_on_ratio": 0
  },
  "12": {
    "validity_ratio": 0.6965277777777777,
    "below": -0.304053967680866,
    "above": 3.0888191096030373,
    "turn_on_times": 0,
    "turn_on_ratio": 0
  },
  "13": {
    "validity_ratio": 0.6951388888888889,
    "below": -1.414434853530176,
    "above": 2.31210594294747,
    "turn_on_times": 0,
    "turn_on_ratio": 0.0
  }
}