{
  "1": {
    "validity_ratio": 0.5958333333333333,
    "below": 0,
    "above": 31.930846292177044,
    "turn_on_times": 0,
    "turn_on_ratio": 0.0
  },
  "2": {
    "validity_ratio": 0.5965277777777778,
    "below": -1.2290949502840147,
    "above": 0.050297870310691016,
    "turn_on_times": 3,
    "turn_on_ratio": 0.6
  },
  "3": {
    "validity_ratio": 0.59375,
    "below": -4.805720641353422,
    "above": 0.030606931876083127,
    "turn_on_times": 0,
    "turn_on_ratio": 0
  },
  "4": {
    "validity_ratio": 0.5944444444444444,
    "below": -10.130380815125047,
    "above": 0.6623380067222201,
    "turn_on_times": 0,
    "turn_on_ratio": 0
  },
  "5": {
    "validity_ratio": 0.5979166666666667,
    "below": -1.9389364832549274,
    "above": 0.10218834799386733,
    "turn_on_times": 0,
    "turn_on_ratio": 0
  },
  "6": {
    "validity_ratio": 0.6,
    "below": -3.256396017171806,
    "above": 10.400378723841927,
    "turn_on_times": 0,
    "turn_on_ratio": 0.0
  },
  "7": {
    "validity_ratio": 0.5951388888888889,
    "below": -1.9472684802948235,
    "above": 0.2918249290950805,
    "turn_on_times": 2,
    "turn_on_ratio": 0.4
  },
  "8": {
    "validity_ratio": 0.6,
    "below": -0.24515880093527737,
    "above": 0,
    "turn_on_times": 2,
    "turn_on_ratio": 1.0
  },
  "9": {
    "validity_ratio": 0.5993055555555555,
    "below": 0,
    "above": 33.322656986157135,
    "turn_on_times": 0,
    "turn_on_ratio": 0.0
  },
  "10": {
    "validity_ratio": 0.6,
    "below": 0,
    "above": 0,
    "turn_on_times": 0,
    "turn_on_ratio": 0
  },
  "12": {
    "validity_ratio": 0.5993055555555555,
    "below": -0.3040997194948512,
    "above": 0.9586331592815995,
    "turn_on_times": 0,
    "turn_on_ratio": 0
  },
  "13": {
    "validity_ratio": 0.5979166666666667,
    "below": -0.7106253809225499,
    "above": 2.111548826240333,
    "turn_on_times": 0,
    "turn_on_ratio": 0.0
  }
}