{
  "1": {
    "validity_ratio": 0.76875,
    "below": 0,
    "above": 36.84549745085086,
    "turn_on_times": 0,
    "turn_on_ratio": 0.0
  },
  "2": {
    "validity_ratio": 0.7701388888888889,
    "below": -1.2291102119962445,
    "above": 1.1565634429718896,
    "turn_on_times": 3,
    "turn_on_ratio": 0.6
  },
  "3": {
    "validity_ratio": 0.7673611111111112,
    "below": -4.805678768882973,
    "above": 0.030652151392940336,
    "turn_on_times": 0,
    "turn_on_ratio": 0
  },
  "4": {
    "validity_ratio": 0.7680555555555556,
    "below": -11.106520608722096,
    "above": 0.6623412978888866,
    "turn_on_times": 0,
    "turn_on_ratio": 0
  },
  "5": {
    "validity_ratio": 0.7715277777777778,
    "below": -1.9389535756342275,
    "above": 0.10221408520316899,
    "turn_on_times": 0,
    "turn_on_ratio": 0
  },
  "6": {
    "validity_ratio": 0.7736111111111111,
    "below": -6.5670365427227075,
    "above": 10.40034510621204,
    "turn_on_times": 0,
    "turn_on_ratio": 0.0
  },
  "7": {
    "validity_ratio": 0.7694444444444445,
    "below": -2.1473574147550405,
    "above": 0.8465677849268252,
    "turn_on_times": 2,
    "turn_on_ratio": 0.4
  },
  "8": {
    "validity_ratio": 0.7736111111111111,
    "below": -0.24516089082611095,
    "above": 0,
    "turn_on_times": 4,
    "turn_on_ratio": 0.6666666666666666
  },
  "9": {
    "validity_ratio": 0.7729166666666667,
    "below": 0,
    "above": 34.13425024231067,
    "turn_on_times": 2,
    "turn_on_ratio": 0.3333333333333333
  },
  "10": {
    "validity_ratio": 0.7722222222222223,
    "below": 0,
    "above": 0,
    "turn_on_times": 0,
    "turn_on_ratio": 0
  },
  "12": {
    "validity_ratio": 0.7729166666666667,
    "below": -0.3040963829035131,
    "above": 10.364236048711286,
    "turn_on_times": 0,
    "turn_on_ratio": 0
  },
  "13": {
    "validity_ratio": 0.7715277777777778,
    "below": -1.4145160007195257,
    "above": 3.7304535402543832,
    "turn_on_times": 0,
    "turn_on_ratio": 0.0
  }
}