{
  "1": {
    "validity_ratio": 0.5819444444444445,
    "below": 0,
    "above": 30.530884583146936,
    "turn_on_times": 0,
    "turn_on_ratio": 0.0
  },
  "2": {
    "validity_ratio": 0.5826388888888889,
    "below": -1.2292719202980167,
    "above": 0.050513064972330095,
    "turn_on_times": 3,
    "turn_on_ratio": 0.6
  },
  "3": {
    "validity_ratio": 0.5798611111111112,
    "below": -4.805235101358304,
    "above": 0.03113128316841944,
    "turn_on_times": 0,
    "turn_on_ratio": 0
  },
  "4": {
    "validity_ratio": 0.5805555555555556,
    "below": -9.84704355839516,
    "above": 0.6623761700555534,
    "turn_on_times": 0,
    "turn_on_ratio": 0
  },
  "5": {
    "validity_ratio": 0.5840277777777778,
    "below": -1.939134681108366,
    "above": 0.10248678857653974,
    "turn_on_times": 0,
    "turn_on_ratio": 0
  },
  "6": {
    "validity_ratio": 0.5861111111111111,
    "below": -2.7650596261364515,
    "above": 10.399988900450811,
    "turn_on_times": 0,
    "turn_on_ratio": 0.0
  },
  "7": {
    "validity_ratio": 0.58125,
    "below": -1.9473675907519992,
    "above": 0.2923448903950656,
    "turn_on_times": 2,
    "turn_on_ratio": 0.4
  },
  "8": {
    "validity_ratio": 0.5861111111111111,
    "below": -0.2451830346519438,
    "above": 0,
    "turn_on_times": 1,
    "turn_on_ratio": 1.0
  },
  "9": {
    "validity_ratio": 0.5854166666666667,
    "below": 0,
    "above": 33.16913211911027,
    "turn_on_times": 0,
    "turn_on_ratio": 0.0
  },
  "10": {
    "validity_ratio": 0.5861111111111111,
    "below": 0,
    "above": 0,
    "turn_on_times": 0,
    "turn_on_ratio": 0
  },
  "12": {
    "validity_ratio": 0.5854166666666667,
    "below": -0.30406102943131813,
    "above": 0.8104821790771994,
    "turn_on_times": 0,
    "turn_on_ratio": 0
  },
  "13": {
    "validity_ratio": 0.5840277777777778,
    "below": -0.506769066104714,
    "above": 2.1112515994333654,
    "turn_on_times": 0,
    "turn_on_ratio": 0.0
  }
}