{
  "1": {
    "validity_ratio": 0.3736111111111111,
    "below": 0,
    "above": 9.883060109289602,
    "turn_on_times": 0,
    "turn_on_ratio": 0.0
  },
  "2": {
    "validity_ratio": 0.3736111111111111,
    "below": -0.923951443813609,
    "above": 0,
    "turn_on_times": 3,
    "turn_on_ratio": 0.6
  },
  "3": {
    "validity_ratio": 0.36875,
    "below": -1.4654683327330436,
    "above": 0,
    "turn_on_times": 0,
    "turn_on_ratio": 0
  },
  "4": {
    "validity_ratio": 0.36944444444444446,
    "below": -1.2158911528888865,
    "above": 0.6623803155555533,
    "turn_on_times": 0,
    "turn_on_ratio": 0
  },
  "5": {
    "validity_ratio": 0.3680555555555556,
    "below": 0,
    "above": 0.08834779136212607,
    "turn_on_times": 0,
    "turn_on_ratio": 0
  },
  "6": {
    "validity_ratio": 0.3701388888888889,
    "below": 0,
    "above": 6.693887790048423,
    "turn_on_times": 0,
    "turn_on_ratio": 0.0
  },
  "7": {
    "validity_ratio": 0.37222222222222223,
    "below": 0,
    "above": 0.008336896461038511,
    "turn_on_times": 2,
    "turn_on_ratio": 0.4
  },
  "8": {
    "validity_ratio": 0.37083333333333335,
    "below": -0.2451856670444438,
    "above": 0,
    "turn_on_times": 1,
    "turn_on_ratio": 1.0
  },
  "9": {
    "validity_ratio": 0.3701388888888889,
    "below": 0,
    "above": 14.149243226214331,
    "turn_on_times": 0,
    "turn_on_ratio": 0.0
  },
  "10": {
    "validity_ratio": 0.37083333333333335,
    "below": 0,
    "above": 0,
    "turn_on_times": 0,
    "turn_on_ratio": 0
  },
  "12": {
    "validity_ratio": 0.3701388888888889,
    "below": 0,
    "above": 0.053297427999999945,
    "turn_on_times": 0,
    "turn_on_ratio": 0
  },
  "13": {
    "validity_ratio": 0.36875,
    "below": 0,
    "above": 0.8699189460699985,
    "turn_on_times": 0,
    "turn_on_ratio": 0.0
  }
}