{
  "1": {
    "validity_ratio": 0.9416666666666667,
    "below": 0,
    "above": 38.639846531963656,
    "turn_on_times": 0,
    "turn_on_ratio": 0.0
  },
  "2": {
    "validity_ratio": 0.94375,
    "below": -1.229123461432614,
    "above": 13.538549333602118,
    "turn_on_times": 3,
    "turn_on_ratio": 0.5
  },
  "3": {
    "validity_ratio": 0.9402777777777778,
    "below": -4.805642417350164,
    "above": 15.10626814988915,
    "turn_on_times": 0,
    "turn_on_ratio": 0.0
  },
  "4": {
    "validity_ratio": 0.9416666666666667,
    "below": -11.106554404720379,
    "above": 8.560414521210946,
    "turn_on_times": 0,
    "turn_on_ratio": 0.0
  },
  "5": {
    "validity_ratio": 0.9388888888888889,
    "below": -1.93896841436192,
    "above": 3.6831389619645885,
    "turn_on_times": 1,
    "turn_on_ratio": 1.0
  },
  "6": {
    "validity_ratio": 0.9402777777777778,
    "below": -6.567036434011322,
    "above": 16.737601972683596,
    "turn_on_times": 0,
    "turn_on_ratio": 0.0
  },
  "7": {
    "validity_ratio": 0.9423611111111111,
    "below": -2.7584025544786326,
    "above": 4.804799540909814,
    "turn_on_times": 3,
    "turn_on_ratio": 0.5
  },
  "8": {
    "validity_ratio": 0.9381944444444444,
    "below": -0.24516270516222208,
    "above": 0,
    "turn_on_times": 4,
    "turn_on_ratio": 0.6666666666666666
  },
  "9": {
    "validity_ratio": 0.9395833333333333,
    "below": 0,
    "above": 34.40777112104809,
    "turn_on_times": 2,
    "turn_on_ratio": 0.3333333333333333
  },
  "10": {
    "validity_ratio": 0.9388888888888889,
    "below": 0,
    "above": 0,
    "turn_on_times": 0,
    "turn_on_ratio": 0
  },
  "12": {
    "validity_ratio": 0.9395833333333333,
    "below": -0.3040934862459192,
    "above": 28.634847297346262,
    "turn_on_times": 0,
    "turn_on_ratio": 0.0
  },
  "13": {
    "validity_ratio": 0.9381944444444444,
    "below": -1.4145104589444868,
    "above": 25.028727346416755,
    "turn_on_times": 0,
    "turn_on_ratio": 0.0
  }
}