{
  "1": {
    "validity_ratio": 0.7201388888888889,
    "below": 0,
    "above": 36.845064406453425,
    "turn_on_times": 0,
    "turn_on_ratio": 0.0
  },
  "2": {
    "validity_ratio": 0.7215277777777778,
    "below": -1.229230815100294,
    "above": 0.050463081255225896,
    "turn_on_times": 3,
    "turn_on_ratio": 0.6
  },
  "3": {
    "validity_ratio": 0.71875,
    "below": -4.805347878755168,
    "above": 0.031009490989842806,
    "turn_on_times": 0,
    "turn_on_ratio": 0
  },
  "4": {
    "validity_ratio": 0.7194444444444444,
    "below": -11.106828237075849,
    "above": 0.6623673057777755,
    "turn_on_times": 0,
    "turn_on_ratio": 0
  },
  "5": {
    "validity_ratio": 0.7229166666666667,
    "below": -1.9390886452756873,
    "above": 0.1024174691541008,
    "turn_on_times": 0,
    "turn_on_ratio": 0
  },
  "6": {
    "validity_ratio": 0.7243055555555555,
    "below": -6.360068581216938,
    "above": 10.400079446317566,
    "turn_on_times": 0,
    "turn_on_ratio": 0.0
  },
  "7": {
    "validity_ratio": 0.7208333333333333,
    "below": -2.147424935868355,
    "above": 0.8468938882011882,
    "turn_on_times": 2,
    "turn_on_ratio": 0.4
  },
  "8": {
    "validity_ratio": 0.7243055555555555,
    "below": -0.24517740583555503,
    "above": 0,
    "turn_on_times": 3,
    "turn_on_ratio": 0.75
  },
  "9": {
    "validity_ratio": 0.7243055555555555,
    "below": 0,
    "above": 34.09885497766161,
    "turn_on_times": 1,
    "turn_on_ratio": 0.25
  },
  "10": {
    "validity_ratio": 0.7243055555555555,
    "below": 0,
    "above": 0,
    "turn_on_times": 0,
    "turn_on_ratio": 0
  },
  "12": {
    "validity_ratio": 0.7243055555555555,
    "below": -0.30407001605382855,
    "above": 6.916043663817029,
    "turn_on_times": 0,
    "turn_on_ratio": 0
  },
  "13": {
    "validity_ratio": 0.7229166666666667,
    "below": -1.414465556666415,
    "above": 2.6087591455014905,
    "turn_on_times": 0,
    "turn_on_ratio": 0.0
  }
}