{
  "1": {
    "validity_ratio": 0.3597222222222222,
    "below": 0,
    "above": 8.549726775956275,
    "turn_on_times": 0,
    "turn_on_ratio": 0.0
  },
  "2": {
    "validity_ratio": 0.3597222222222222,
    "below": -0.6821508712885166,
    "above": 0,
    "turn_on_times": 3,
    "turn_on_ratio": 0.6
  },
  "3": {
    "validity_ratio": 0.3548611111111111,
    "below": -1.3013764098196015,
    "above": 0,
    "turn_on_times": 0,
    "turn_on_ratio": 0
  },
  "4": {
    "validity_ratio": 0.35555555555555557,
    "below": -0.41582611335555697,
    "above": 0.6623746103333311,
    "turn_on_times": 0,
    "turn_on_ratio": 0
  },
  "5": {
    "validity_ratio": 0.3541666666666667,
    "below": 0,
    "above": 0.08834267372093027,
    "turn_on_times": 0,
    "turn_on_ratio": 0
  },
  "6": {
    "validity_ratio": 0.35625,
    "below": 0,
    "above": 5.7754278226896805,
    "turn_on_times": 0,
    "turn_on_ratio": 0.0
  },
  "7": {
    "validity_ratio": 0.35833333333333334,
    "below": 0,
    "above": 0.008337650087012675,
    "turn_on_times": 2,
    "turn_on_ratio": 0.4
  },
  "8": {
    "validity_ratio": 0.35694444444444445,
    "below": -0.24518204422833326,
    "above": 0,
    "turn_on_times": 1,
    "turn_on_ratio": 1.0
  },
  "9": {
    "validity_ratio": 0.35625,
    "below": 0,
    "above": 11.678745764407193,
    "turn_on_times": 0,
    "turn_on_ratio": 0.0
  },
  "10": {
    "validity_ratio": 0.35694444444444445,
    "below": 0,
    "above": 0,
    "turn_on_times": 0,
    "turn_on_ratio": 0
  },
  "12": {
    "validity_ratio": 0.35625,
    "below": 0,
    "above": 0.053295716433333244,
    "turn_on_times": 0,
    "turn_on_ratio": 0
  },
  "13": {
    "validity_ratio": 0.3548611111111111,
    "below": 0,
    "above": 0.869968843945289,
    "turn_on_times": 0,
    "turn_on_ratio": 0.0
  }
}