{
  "1": {
    "validity_ratio": 0.7625,
    "below": 0,
    "above": 6.815178634854456,
    "turn_on_times": 1,
    "turn_on_ratio": 0.3333333333333333
  },
  "2": {
    "validity_ratio": 0.7618055555555555,
    "below": -7.390917532568349,
    "above": 18.787758293333173,
    "turn_on_times": 0,
    "turn_on_ratio": 0.0
  },
  "3": {
    "validity_ratio": 0.7618055555555555,
    "below": -0.3400000000000009,
    "above": 19.70128557792074,
    "turn_on_times": 2,
    "turn_on_ratio": 0.6666666666666666
  },
  "4": {
    "validity_ratio": 0.7666666666666667,
    "below": -18.03330922780134,
    "above": 2.133518854691268,
    "turn_on_times": 1,
    "turn_on_ratio": 0.3333333333333333
  },
  "5": {
    "validity_ratio": 0.7604166666666666,
    "below": -11.661541574183225,
    "above": 13.960822007973501,
    "turn_on_times": 0,
    "turn_on_ratio": 0.0
  },
  "6": {
    "validity_ratio": 0.7652777777777777,
    "below": -10.047942881006277,
    "above": 4.621068787552738,
    "turn_on_times": 1,
    "turn_on_ratio": 0.3333333333333333
  },
  "7": {
    "validity_ratio": 0.7652777777777777,
    "below": -5.789408500387631,
    "above": 16.76633826553125,
    "turn_on_times": 1,
    "turn_on_ratio": 0.3333333333333333
  },
  "8": {
    "validity_ratio": 0.7659722222222223,
    "below": 0,
    "above": 0,
    "turn_on_times": 0,
    "turn_on_ratio": 0
  },
  "9": {
    "validity_ratio": 0.7659722222222223,
    "below": 0,
    "above": 0,
    "turn_on_times": 0,
    "turn_on_ratio": 0
  },
  "10": {
    "validity_ratio": 0.7659722222222223,
    "below": 0,
    "above": 0,
    "turn_on_times": 0,
    "turn_on_ratio": 0
  },
  "12": {
    "validity_ratio": 0.7652777777777777,
    "below": -6.004742077096929,
    "above": 14.922227696897355,
    "turn_on_times": 0,
    "turn_on_ratio": 0.0
  },
  "13": {
    "validity_ratio": 0.7638888888888888,
    "below": 0,
    "above": 66.23201333974177,
    "turn_on_times": 0,
    "turn_on_ratio": 0.0
  }
}