{
  "1": {
    "validity_ratio": 0.7694444444444445,
    "below": 0,
    "above": 7.181999672275664,
    "turn_on_times": 1,
    "turn_on_ratio": 0.3333333333333333
  },
  "2": {
    "validity_ratio": 0.76875,
    "below": -7.391171442052898,
    "above": 19.883088132916885,
    "turn_on_times": 0,
    "turn_on_ratio": 0.0
  },
  "3": {
    "validity_ratio": 0.76875,
    "below": -0.529578483163843,
    "above": 19.701192985589906,
    "turn_on_times": 2,
    "turn_on_ratio": 0.6666666666666666
  },
  "4": {
    "validity_ratio": 0.7736111111111111,
    "below": -18.04164536375179,
    "above": 2.900551352918037,
    "turn_on_times": 1,
    "turn_on_ratio": 0.3333333333333333
  },
  "5": {
    "validity_ratio": 0.7673611111111112,
    "below": -11.811812316060067,
    "above": 13.961146460421073,
    "turn_on_times": 0,
    "turn_on_ratio": 0.0
  },
  "6": {
    "validity_ratio": 0.7722222222222223,
    "below": -10.157020378435082,
    "above": 4.620760406879539,
    "turn_on_times": 1,
    "turn_on_ratio": 0.3333333333333333
  },
  "7": {
    "validity_ratio": 0.7722222222222223,
    "below": -5.798062552256471,
    "above": 17.2336167065943,
    "turn_on_times": 1,
    "turn_on_ratio": 0.3333333333333333
  },
  "8": {
    "validity_ratio": 0.7729166666666667,
    "below": 0,
    "above": 0,
    "turn_on_times": 0,
    "turn_on_ratio": 0
  },
  "9": {
    "validity_ratio": 0.7729166666666667,
    "below": 0,
    "above": 0,
    "turn_on_times": 0,
    "turn_on_ratio": 0
  },
  "10": {
    "validity_ratio": 0.7729166666666667,
    "below": 0,
    "above": 0,
    "turn_on_times": 0,
    "turn_on_ratio": 0
  },
  "12": {
    "validity_ratio": 0.7722222222222223,
    "below": -6.102647345627662,
    "above": 14.922448587690607,
    "turn_on_times": 0,
    "turn_on_ratio": 0.0
  },
  "13": {
    "validity_ratio": 0.7708333333333334,
    "below": 0,
    "above": 67.18288521034779,
    "turn_on_times": 0,
    "turn_on_ratio": 0.0
  }
}