{
  "1": {
    "validity_ratio": 0.8458333333333333,
    "below": 0,
    "above": 9.00009612726139,
    "turn_on_times": 2,
    "turn_on_ratio": 0.4
  },
  "2": {
    "validity_ratio": 0.8451388888888889,
    "below": -7.390788482826737,
    "above": 30.791316691556908,
    "turn_on_times": 0,
    "turn_on_ratio": 0.0
  },
  "3": {
    "validity_ratio": 0.8451388888888889,
    "below": -3.004621470249817,
    "above": 20.777999304729295,
    "turn_on_times": 2,
    "turn_on_ratio": 0.6666666666666666
  },
  "4": {
    "validity_ratio": 0.85,
    "below": -18.033334239973208,
    "above": 11.031124294110718,
    "turn_on_times": 1,
    "turn_on_ratio": 0.3333333333333333
  },
  "5": {
    "validity_ratio": 0.84375,
    "below": -13.28087531974701,
    "above": 14.05234536340903,
    "turn_on_times": 0,
    "turn_on_ratio": 0.0
  },
  "6": {
    "validity_ratio": 0.8486111111111111,
    "below": -11.072533059703053,
    "above": 4.621225523685479,
    "turn_on_times": 2,
    "turn_on_ratio": 0.4
  },
  "7": {
    "validity_ratio": 0.8486111111111111,
    "below": -5.78929850557495,
    "above": 21.85382268508465,
    "turn_on_times": 1,
    "turn_on_ratio": 0.2
  },
  "8": {
    "validity_ratio": 0.8493055555555555,
    "below": 0,
    "above": 0,
    "turn_on_times": 0,
    "turn_on_ratio": 0
  },
  "9": {
    "validity_ratio": 0.8493055555555555,
    "below": 0,
    "above": 0,
    "turn_on_times": 0,
    "turn_on_ratio": 0
  },
  "10": {
    "validity_ratio": 0.8493055555555555,
    "below": 0,
    "above": 0,
    "turn_on_times": 0,
    "turn_on_ratio": 0
  },
  "12": {
    "validity_ratio": 0.8486111111111111,
    "below": -6.4011540558829,
    "above": 16.00713239989946,
    "turn_on_times": 0,
    "turn_on_ratio": 0.0
  },
  "13": {
    "validity_ratio": 0.8472222222222222,
    "below": 0,
    "above": 77.4114801376336,
    "turn_on_times": 0,
    "turn_on_ratio": 0.0
  }
}