{
  "1": {
    "validity_ratio": 0.8527777777777777,
    "below": 0,
    "above": 9.000123338745658,
    "turn_on_times": 2,
    "turn_on_ratio": 0.4
  },
  "2": {
    "validity_ratio": 0.8520833333333333,
    "below": -7.390877670293389,
    "above": 31.735941500681943,
    "turn_on_times": 0,
    "turn_on_ratio": 0.0
  },
  "3": {
    "validity_ratio": 0.8520833333333333,
    "below": -3.004629015344495,
    "above": 21.41130011436452,
    "turn_on_times": 2,
    "turn_on_ratio": 0.6666666666666666
  },
  "4": {
    "validity_ratio": 0.8569444444444444,
    "below": -18.03331695383055,
    "above": 11.731244744601414,
    "turn_on_times": 1,
    "turn_on_ratio": 0.3333333333333333
  },
  "5": {
    "validity_ratio": 0.8506944444444444,
    "below": -13.397633104361606,
    "above": 14.052603395252133,
    "turn_on_times": 0,
    "turn_on_ratio": 0.0
  },
  "6": {
    "validity_ratio": 0.8555555555555555,
    "below": -11.188253027356351,
    "above": 4.621117201800968,
    "turn_on_times": 2,
    "turn_on_ratio": 0.4
  },
  "7": {
    "validity_ratio": 0.85625,
    "below": -5.789374524004469,
    "above": 22.294028838554944,
    "turn_on_times": 1,
    "turn_on_ratio": 0.2
  },
  "8": {
    "validity_ratio": 0.85625,
    "below": 0,
    "above": 0,
    "turn_on_times": 0,
    "turn_on_ratio": 0
  },
  "9": {
    "validity_ratio": 0.85625,
    "below": 0,
    "above": 0,
    "turn_on_times": 0,
    "turn_on_ratio": 0
  },
  "10": {
    "validity_ratio": 0.85625,
    "below": 0,
    "above": 0,
    "turn_on_times": 0,
    "turn_on_ratio": 0
  },
  "12": {
    "validity_ratio": 0.8555555555555555,
    "below": -6.401289492282206,
    "above": 16.128095594090887,
    "turn_on_times": 0,
    "turn_on_ratio": 0.0
  },
  "13": {
    "validity_ratio": 0.8541666666666666,
    "below": 0,
    "above": 78.3622922061695,
    "turn_on_times": 0,
    "turn_on_ratio": 0.0
  }
}