{
  "1": {
    "validity_ratio": 0.5208333333333334,
    "below": 0,
    "above": 6.12374221999999,
    "turn_on_times": 1,
    "turn_on_ratio": 0.3333333333333333
  },
  "2": {
    "validity_ratio": 0.51875,
    "below": -3.710862140369013,
    "above": 15.9901116560576,
    "turn_on_times": 0,
    "turn_on_ratio": 0.0
  },
  "3": {
    "validity_ratio": 0.5194444444444445,
    "below": 0,
    "above": 3.9655666724303145,
    "turn_on_times": 2,
    "turn_on_ratio": 0.6666666666666666
  },
  "4": {
    "validity_ratio": 0.5236111111111111,
    "below": -12.682197204340984,
    "above": 0.1997268809836064,
    "turn_on_times": 1,
    "turn_on_ratio": 0.3333333333333333
  },
  "5": {
    "validity_ratio": 0.5236111111111111,
    "below": -6.043828433078633,
    "above": 13.946371640500072,
    "turn_on_times": 0,
    "turn_on_ratio": 0.0
  },
  "6": {
    "validity_ratio": 0.5222222222222223,
    "below": -7.506161732184493,
    "above": 1.4741348027378616,
    "turn_on_times": 1,
    "turn_on_ratio": 0.3333333333333333
  },
  "7": {
    "validity_ratio": 0.5215277777777778,
    "below": -0.22150515554263572,
    "above": 9.048930422251308,
    "turn_on_times": 1,
    "turn_on_ratio": 0.3333333333333333
  },
  "8": {
    "validity_ratio": 0.5229166666666667,
    "below": 0,
    "above": 0,
    "turn_on_times": 0,
    "turn_on_ratio": 0
  },
  "9": {
    "validity_ratio": 0.5229166666666667,
    "below": 0,
    "above": 0,
    "turn_on_times": 0,
    "turn_on_ratio": 0
  },
  "10": {
    "validity_ratio": 0.5229166666666667,
    "below": 0,
    "above": 0,
    "turn_on_times": 0,
    "turn_on_ratio": 0
  },
  "12": {
    "validity_ratio": 0.5222222222222223,
    "below": -3.098189775690672,
    "above": 13.427098331491196,
    "turn_on_times": 0,
    "turn_on_ratio": 0.0
  },
  "13": {
    "validity_ratio": 0.5208333333333334,
    "below": 0,
    "above": 32.65107100262591,
    "turn_on_times": 0,
    "turn_on_ratio": 0.0
  }
}