{
  "1": {
    "validity_ratio": 0.3548611111111111,
    "below": 0,
    "above": 5.176601924444434,
    "turn_on_times": 1,
    "turn_on_ratio": 0.3333333333333333
  },
  "2": {
    "validity_ratio": 0.35208333333333336,
    "below": 0,
    "above": 7.999746461516074,
    "turn_on_times": 0,
    "turn_on_ratio": 0.0
  },
  "3": {
    "validity_ratio": 0.35347222222222224,
    "below": 0,
    "above": 0,
    "turn_on_times": 2,
    "turn_on_ratio": 0.6666666666666666
  },
  "4": {
    "validity_ratio": 0.35625,
    "below": -4.6095363214741045,
    "above": 0.19986343081967195,
    "turn_on_times": 1,
    "turn_on_ratio": 0.3333333333333333
  },
  "5": {
    "validity_ratio": 0.35694444444444445,
    "below": 0,
    "above": 12.871876477526259,
    "turn_on_times": 0,
    "turn_on_ratio": 0.0
  },
  "6": {
    "validity_ratio": 0.35555555555555557,
    "below": -0.8217142309753933,
    "above": 1.4738899612324021,
    "turn_on_times": 1,
    "turn_on_ratio": 0.3333333333333333
  },
  "7": {
    "validity_ratio": 0.3541666666666667,
    "below": -0.2214890130232558,
    "above": 3.024193965180326,
    "turn_on_times": 1,
    "turn_on_ratio": 0.3333333333333333
  },
  "8": {
    "validity_ratio": 0.35625,
    "below": 0,
    "above": 0,
    "turn_on_times": 0,
    "turn_on_ratio": 0
  },
  "9": {
    "validity_ratio": 0.35555555555555557,
    "below": 0,
    "above": 0,
    "turn_on_times": 0,
    "turn_on_ratio": 0
  },
  "10": {
    "validity_ratio": 0.35555555555555557,
    "below": 0,
    "above": 0,
    "turn_on_times": 0,
    "turn_on_ratio": 0
  },
  "12": {
    "validity_ratio": 0.35555555555555557,
    "below": 0,
    "above": 12.037587265082959,
    "turn_on_times": 0,
    "turn_on_ratio": 0.0
  },
  "13": {
    "validity_ratio": 0.3541666666666667,
    "below": 0,
    "above": 10.881247774668983,
    "turn_on_times": 0,
    "turn_on_ratio": 0.0
  }
}