{
  "1": {
    "validity_ratio": 0.9284722222222223,
    "below": 0,
    "above": 8.999975036100043,
    "turn_on_times": 2,
    "turn_on_ratio": 0.4
  },
  "2": {
    "validity_ratio": 0.9291666666666667,
    "below": -7.390391598415282,
    "above": 41.796949370952014,
    "turn_on_times": 0,
    "turn_on_ratio": 0.0
  },
  "3": {
    "validity_ratio": 0.9277777777777778,
    "below": -3.004587894562867,
    "above": 27.65555898484294,
    "turn_on_times": 2,
    "turn_on_ratio": 0.6666666666666666
  },
  "4": {
    "validity_ratio": 0.9333333333333333,
    "below": -18.033411163343892,
    "above": 19.213072250233214,
    "turn_on_times": 1,
    "turn_on_ratio": 0.3333333333333333
  },
  "5": {
    "validity_ratio": 0.9270833333333334,
    "below": -14.914590295090871,
    "above": 14.051197121172637,
    "turn_on_times": 0,
    "turn_on_ratio": 0.0
  },
  "6": {
    "validity_ratio": 0.9319444444444445,
    "below": -12.158500258599476,
    "above": 4.621707561591877,
    "turn_on_times": 2,
    "turn_on_ratio": 0.4
  },
  "7": {
    "validity_ratio": 0.9326388888888889,
    "below": -5.788960223406083,
    "above": 26.692905301714603,
    "turn_on_times": 1,
    "turn_on_ratio": 0.2
  },
  "8": {
    "validity_ratio": 0.9326388888888889,
    "below": 0,
    "above": 0,
    "turn_on_times": 0,
    "turn_on_ratio": 0
  },
  "9": {
    "validity_ratio": 0.9326388888888889,
    "below": 0,
    "above": 0,
    "turn_on_times": 0,
    "turn_on_ratio": 0
  },
  "10": {
    "validity_ratio": 0.9326388888888889,
    "below": 0,
    "above": 0,
    "turn_on_times": 0,
    "turn_on_ratio": 0
  },
  "12": {
    "validity_ratio": 0.9319444444444445,
    "below": -7.07419875276449,
    "above": 16.716281040145688,
    "turn_on_times": 0,
    "turn_on_ratio": 0.0
  },
  "13": {
    "validity_ratio": 0.9305555555555556,
    "below": 0,
    "above": 88.92943454765978,
    "turn_on_times": 0,
    "turn_on_ratio": 0.0
  }
}