{
  "1": {
    "validity_ratio": 0.825,
    "below": 0,
    "above": 8.89518575604854,
    "turn_on_times": 1,
    "turn_on_ratio": 0.3333333333333333
  },
  "2": {
    "validity_ratio": 0.8243055555555555,
    "below": -7.39108224719429,
    "above": 28.103695037453463,
    "turn_on_times": 0,
    "turn_on_ratio": 0.0
  },
  "3": {
    "validity_ratio": 0.8243055555555555,
    "below": -2.648725009888194,
    "above": 19.701225511983605,
    "turn_on_times": 2,
    "turn_on_ratio": 0.6666666666666666
  },
  "4": {
    "validity_ratio": 0.8284722222222223,
    "below": -18.041634957720593,
    "above": 8.809290437556454,
    "turn_on_times": 1,
    "turn_on_ratio": 0.3333333333333333
  },
  "5": {
    "validity_ratio": 0.8229166666666666,
    "below": -12.93117544270544,
    "above": 14.05319526490349,
    "turn_on_times": 0,
    "turn_on_ratio": 0.0
  },
  "6": {
    "validity_ratio": 0.8277777777777777,
    "below": -10.851468182209244,
    "above": 4.620868736303239,
    "turn_on_times": 1,
    "turn_on_ratio": 0.3333333333333333
  },
  "7": {
    "validity_ratio": 0.8277777777777777,
    "below": -5.797888024005443,
    "above": 20.73543084094388,
    "turn_on_times": 1,
    "turn_on_ratio": 0.3333333333333333
  },
  "8": {
    "validity_ratio": 0.8284722222222223,
    "below": 0,
    "above": 0,
    "turn_on_times": 0,
    "turn_on_ratio": 0
  },
  "9": {
    "validity_ratio": 0.8284722222222223,
    "below": 0,
    "above": 0,
    "turn_on_times": 0,
    "turn_on_ratio": 0
  },
  "10": {
    "validity_ratio": 0.8284722222222223,
    "below": 0,
    "above": 0,
    "turn_on_times": 0,
    "turn_on_ratio": 0
  },
  "12": {
    "validity_ratio": 0.8277777777777777,
    "below": -6.4016001543054735,
    "above": 15.625057078326192,
    "turn_on_times": 0,
    "turn_on_ratio": 0.0
  },
  "13": {
    "validity_ratio": 0.8263888888888888,
    "below": 0,
    "above": 74.76382801626237,
    "turn_on_times": 0,
    "turn_on_ratio": 0.0
  }
}