{
  "1": {
    "validity_ratio": 0.9909722222222223,
    "below": 0,
    "above": 12.612858689584048,
    "turn_on_times": 2,
    "turn_on_ratio": 0.4
  },
  "2": {
    "validity_ratio": 0.9916666666666667,
    "below": -7.390534674365358,
    "above": 49.62714244512343,
    "turn_on_times": 0,
    "turn_on_ratio": 0.0
  },
  "3": {
    "validity_ratio": 0.9902777777777778,
    "below": -3.0045999985235436,
    "above": 31.927771602312955,
    "turn_on_times": 2,
    "turn_on_ratio": 0.6666666666666666
  },
  "4": {
    "validity_ratio": 0.9888888888888889,
    "below": -18.03338343263937,
    "above": 24.267974839017175,
    "turn_on_times": 1,
    "turn_on_ratio": 0.3333333333333333
  },
  "5": {
    "validity_ratio": 0.9895833333333334,
    "below": -15.512556234135896,
    "above": 14.085808132858707,
    "turn_on_times": 0,
    "turn_on_ratio": 0.0
  },
  "6": {
    "validity_ratio": 0.9881944444444445,
    "below": -12.15849831918889,
    "above": 4.621533786998845,
    "turn_on_times": 2,
    "turn_on_ratio": 0.4
  },
  "7": {
    "validity_ratio": 0.9875,
    "below": -7.146443342259069,
    "above": 28.37323601638477,
    "turn_on_times": 1,
    "turn_on_ratio": 0.2
  },
  "8": {
    "validity_ratio": 0.9881944444444445,
    "below": 0,
    "above": 0,
    "turn_on_times": 0,
    "turn_on_ratio": 0
  },
  "9": {
    "validity_ratio": 0.9881944444444445,
    "below": 0,
    "above": 0,
    "turn_on_times": 0,
    "turn_on_ratio": 0
  },
  "10": {
    "validity_ratio": 0.9743055555555555,
    "below": 0,
    "above": 0,
    "turn_on_times": 0,
    "turn_on_ratio": 0
  },
  "12": {
    "validity_ratio": 0.9875,
    "below": -7.161955382324269,
    "above": 21.31428046910874,
    "turn_on_times": 0,
    "turn_on_ratio": 0.0
  },
  "13": {
    "validity_ratio": 0.9861111111111112,
    "below": 0,
    "above": 96.7425090134708,
    "turn_on_times": 0,
    "turn_on_ratio": 0.0
  }
}