{
  "1": {
    "validity_ratio": 0.9222222222222223,
    "below": 0,
    "above": 8.999874767871772,
    "turn_on_times": 2,
    "turn_on_ratio": 0.4
  },
  "2": {
    "validity_ratio": 0.9222222222222223,
    "below": -7.390062962565077,
    "above": 40.91209946250908,
    "turn_on_times": 0,
    "turn_on_ratio": 0.0
  },
  "3": {
    "validity_ratio": 0.9208333333333333,
    "below": -3.004560092577927,
    "above": 27.13762487817394,
    "turn_on_times": 2,
    "turn_on_ratio": 0.6666666666666666
  },
  "4": {
    "validity_ratio": 0.9194444444444444,
    "below": -18.033474858910147,
    "above": 17.879309903359882,
    "turn_on_times": 1,
    "turn_on_ratio": 0.3333333333333333
  },
  "5": {
    "validity_ratio": 0.9201388888888888,
    "below": -14.797588078776506,
    "above": 14.050246331590666,
    "turn_on_times": 0,
    "turn_on_ratio": 0.0
  },
  "6": {
    "validity_ratio": 0.9180555555555555,
    "below": -12.158504713295322,
    "above": 4.622106714419333,
    "turn_on_times": 2,
    "turn_on_ratio": 0.4
  },
  "7": {
    "validity_ratio": 0.91875,
    "below": -5.788680112509855,
    "above": 25.89214567232359,
    "turn_on_times": 1,
    "turn_on_ratio": 0.2
  },
  "8": {
    "validity_ratio": 0.91875,
    "below": 0,
    "above": 0,
    "turn_on_times": 0,
    "turn_on_ratio": 0
  },
  "9": {
    "validity_ratio": 0.91875,
    "below": 0,
    "above": 0,
    "turn_on_times": 0,
    "turn_on_ratio": 0
  },
  "10": {
    "validity_ratio": 0.91875,
    "below": 0,
    "above": 0,
    "turn_on_times": 0,
    "turn_on_ratio": 0
  },
  "12": {
    "validity_ratio": 0.9180555555555555,
    "below": -6.871981529021817,
    "above": 16.715813618971055,
    "turn_on_times": 0,
    "turn_on_ratio": 0.0
  },
  "13": {
    "validity_ratio": 0.9166666666666666,
    "below": 0,
    "above": 86.99114186056066,
    "turn_on_times": 0,
    "turn_on_ratio": 0.0
  }
}