{
  "1": {
    "validity_ratio": 0.8180555555555555,
    "below": 0,
    "above": 8.778268936029722,
    "turn_on_times": 1,
    "turn_on_ratio": 0.3333333333333333
  },
  "2": {
    "validity_ratio": 0.8173611111111111,
    "below": -7.390262352787238,
    "above": 27.120445557694016,
    "turn_on_times": 0,
    "turn_on_ratio": 0.0
  },
  "3": {
    "validity_ratio": 0.8173611111111111,
    "below": -2.3319518234359116,
    "above": 19.701524500161696,
    "turn_on_times": 2,
    "turn_on_ratio": 0.6666666666666666
  },
  "4": {
    "validity_ratio": 0.8222222222222222,
    "below": -18.033436213482087,
    "above": 8.148146171819217,
    "turn_on_times": 1,
    "turn_on_ratio": 0.3333333333333333
  },
  "5": {
    "validity_ratio": 0.8159722222222222,
    "below": -12.81367113484668,
    "above": 14.05082319545337,
    "turn_on_times": 0,
    "turn_on_ratio": 0.0
  },
  "6": {
    "validity_ratio": 0.8208333333333333,
    "below": -10.763133674925067,
    "above": 4.621864539369406,
    "turn_on_times": 1,
    "turn_on_ratio": 0.3333333333333333
  },
  "7": {
    "validity_ratio": 0.8208333333333333,
    "below": -5.788850061630722,
    "above": 20.31554325373217,
    "turn_on_times": 1,
    "turn_on_ratio": 0.3333333333333333
  },
  "8": {
    "validity_ratio": 0.8215277777777777,
    "below": 0,
    "above": 0,
    "turn_on_times": 0,
    "turn_on_ratio": 0
  },
  "9": {
    "validity_ratio": 0.8145833333333333,
    "below": 0,
    "above": 0,
    "turn_on_times": 0,
    "turn_on_ratio": 0
  },
  "10": {
    "validity_ratio": 0.8215277777777777,
    "below": 0,
    "above": 0,
    "turn_on_times": 0,
    "turn_on_ratio": 0
  },
  "12": {
    "validity_ratio": 0.8208333333333333,
    "below": -6.400355096558393,
    "above": 15.488859445411517,
    "turn_on_times": 0,
    "turn_on_ratio": 0.0
  },
  "13": {
    "validity_ratio": 0.8194444444444444,
    "below": 0,
    "above": 73.82039314432703,
    "turn_on_times": 0,
    "turn_on_ratio": 0.0
  }
}