{
  "1": {
    "validity_ratio": 0.6097222222222223,
    "below": 0,
    "above": 6.123763903076912,
    "turn_on_times": 1,
    "turn_on_ratio": 0.3333333333333333
  },
  "2": {
    "validity_ratio": 0.6090277777777777,
    "below": -5.329909121386154,
    "above": 16.075981109982624,
    "turn_on_times": 0,
    "turn_on_ratio": 0.0
  },
  "3": {
    "validity_ratio": 0.6097222222222223,
    "below": 0,
    "above": 8.817879333027975,
    "turn_on_times": 2,
    "turn_on_ratio": 0.6666666666666666
  },
  "4": {
    "validity_ratio": 0.6069444444444444,
    "below": -15.61259983609219,
    "above": 0.19976846983606486,
    "turn_on_times": 1,
    "turn_on_ratio": 0.3333333333333333
  },
  "5": {
    "validity_ratio": 0.6069444444444444,
    "below": -7.17570982239912,
    "above": 13.96015803416019,
    "turn_on_times": 0,
    "turn_on_ratio": 0.0
  },
  "6": {
    "validity_ratio": 0.6055555555555555,
    "below": -9.499792653793618,
    "above": 1.4740602300648615,
    "turn_on_times": 1,
    "turn_on_ratio": 0.3333333333333333
  },
  "7": {
    "validity_ratio": 0.6048611111111111,
    "below": -3.3342136164444915,
    "above": 10.069599922476737,
    "turn_on_times": 1,
    "turn_on_ratio": 0.3333333333333333
  },
  "8": {
    "validity_ratio": 0.60625,
    "below": 0,
    "above": 0,
    "turn_on_times": 0,
    "turn_on_ratio": 0
  },
  "9": {
    "validity_ratio": 0.60625,
    "below": 0,
    "above": 0,
    "turn_on_times": 0,
    "turn_on_ratio": 0
  },
  "10": {
    "validity_ratio": 0.5993055555555555,
    "below": 0,
    "above": 0,
    "turn_on_times": 0,
    "turn_on_ratio": 0
  },
  "12": {
    "validity_ratio": 0.6055555555555555,
    "below": -3.9707603111199163,
    "above": 14.283952749816063,
    "turn_on_times": 0,
    "turn_on_ratio": 0.0
  },
  "13": {
    "validity_ratio": 0.6041666666666666,
    "below": 0,
    "above": 44.18850078961034,
    "turn_on_times": 0,
    "turn_on_ratio": 0.0
  }
}