{
  "1": {
    "validity_ratio": 0.7416666666666667,
    "below": 0,
    "above": 6.1237910041025545,
    "turn_on_times": 1,
    "turn_on_ratio": 0.3333333333333333
  },
  "2": {
    "validity_ratio": 0.7409722222222223,
    "below": -7.390593241947553,
    "above": 16.07619136676654,
    "turn_on_times": 0,
    "turn_on_ratio": 0.0
  },
  "3": {
    "validity_ratio": 0.7409722222222223,
    "below": 0,
    "above": 19.00049698355774,
    "turn_on_times": 2,
    "turn_on_ratio": 0.6666666666666666
  },
  "4": {
    "validity_ratio": 0.7388888888888889,
    "below": -17.858372081183614,
    "above": 0.19982045049180314,
    "turn_on_times": 1,
    "turn_on_ratio": 0.3333333333333333
  },
  "5": {
    "validity_ratio": 0.7395833333333334,
    "below": -11.129105662145788,
    "above": 13.96040762059517,
    "turn_on_times": 0,
    "turn_on_ratio": 0.0
  },
  "6": {
    "validity_ratio": 0.7375,
    "below": -9.80324270890917,
    "above": 4.621462653371084,
    "turn_on_times": 1,
    "turn_on_ratio": 0.3333333333333333
  },
  "7": {
    "validity_ratio": 0.7375,
    "below": -5.789132093122971,
    "above": 14.848777429945155,
    "turn_on_times": 1,
    "turn_on_ratio": 0.3333333333333333
  },
  "8": {
    "validity_ratio": 0.7381944444444445,
    "below": 0,
    "above": 0,
    "turn_on_times": 0,
    "turn_on_ratio": 0
  },
  "9": {
    "validity_ratio": 0.7381944444444445,
    "below": 0,
    "above": 0,
    "turn_on_times": 0,
    "turn_on_ratio": 0
  },
  "10": {
    "validity_ratio": 0.7381944444444445,
    "below": 0,
    "above": 0,
    "turn_on_times": 0,
    "turn_on_ratio": 0
  },
  "12": {
    "validity_ratio": 0.7375,
    "below": -5.592651658896328,
    "above": 14.921945572936618,
    "turn_on_times": 0,
    "turn_on_ratio": 0.0
  },
  "13": {
    "validity_ratio": 0.7361111111111112,
    "below": 0,
    "above": 62.421134932292645,
    "turn_on_times": 0,
    "turn_on_ratio": 0.0
  }
}