{
  "1": {
    "validity_ratio": 0.4722222222222222,
    "below": 0,
    "above": 6.123749422905973,
    "turn_on_times": 1,
    "turn_on_ratio": 0.3333333333333333
  },
  "2": {
    "validity_ratio": 0.4701388888888889,
    "below": -1.9900895862653314,
    "above": 15.990095442902767,
    "turn_on_times": 0,
    "turn_on_ratio": 0.0
  },
  "3": {
    "validity_ratio": 0.4708333333333333,
    "below": 0,
    "above": 2.165892538799708,
    "turn_on_times": 2,
    "turn_on_ratio": 0.6666666666666666
  },
  "4": {
    "validity_ratio": 0.47430555555555554,
    "below": -10.55221049308773,
    "above": 0.19974069639344258,
    "turn_on_times": 1,
    "turn_on_ratio": 0.3333333333333333
  },
  "5": {
    "validity_ratio": 0.475,
    "below": -4.441667171994666,
    "above": 13.946422717312892,
    "turn_on_times": 0,
    "turn_on_ratio": 0.0
  },
  "6": {
    "validity_ratio": 0.4736111111111111,
    "below": -5.615499429954859,
    "above": 1.4741100302768675,
    "turn_on_times": 1,
    "turn_on_ratio": 0.3333333333333333
  },
  "7": {
    "validity_ratio": 0.47291666666666665,
    "below": -0.2215035223255814,
    "above": 7.0651086073525144,
    "turn_on_times": 1,
    "turn_on_ratio": 0.3333333333333333
  },
  "8": {
    "validity_ratio": 0.47430555555555554,
    "below": 0,
    "above": 0,
    "turn_on_times": 0,
    "turn_on_ratio": 0
  },
  "9": {
    "validity_ratio": 0.47430555555555554,
    "below": 0,
    "above": 0,
    "turn_on_times": 0,
    "turn_on_ratio": 0
  },
  "10": {
    "validity_ratio": 0.47430555555555554,
    "below": 0,
    "above": 0,
    "turn_on_times": 0,
    "turn_on_ratio": 0
  },
  "12": {
    "validity_ratio": 0.4736111111111111,
    "below": -3.0982431496398917,
    "above": 13.427147799848093,
    "turn_on_times": 0,
    "turn_on_ratio": 0.0
  },
  "13": {
    "validity_ratio": 0.4722222222222222,
    "below": 0,
    "above": 26.160397257897753,
    "turn_on_times": 0,
    "turn_on_ratio": 0.0
  }
}