{
  "1": {
    "validity_ratio": 0.6590277777777778,
    "below": 0,
    "above": 6.123879550427337,
    "turn_on_times": 1,
    "turn_on_ratio": 0.3333333333333333
  },
  "2": {
    "validity_ratio": 0.6576388888888889,
    "below": -6.421224189050175,
    "above": 16.076878338289262,
    "turn_on_times": 0,
    "turn_on_ratio": 0.0
  },
  "3": {
    "validity_ratio": 0.6576388888888889,
    "below": 0,
    "above": 12.200915298901448,
    "turn_on_times": 2,
    "turn_on_ratio": 0.6666666666666666
  },
  "4": {
    "validity_ratio": 0.6555555555555556,
    "below": -16.850015732864556,
    "above": 0.19999028524590146,
    "turn_on_times": 1,
    "turn_on_ratio": 0.3333333333333333
  },
  "5": {
    "validity_ratio": 0.6555555555555556,
    "below": -8.86045377158589,
    "above": 13.961223086468191,
    "turn_on_times": 0,
    "turn_on_ratio": 0.0
  },
  "6": {
    "validity_ratio": 0.6541666666666667,
    "below": -9.803269426371347,
    "above": 3.2316135918241597,
    "turn_on_times": 1,
    "turn_on_ratio": 0.3333333333333333
  },
  "7": {
    "validity_ratio": 0.6541666666666667,
    "below": -5.051513221300122,
    "above": 10.070818163584331,
    "turn_on_times": 1,
    "turn_on_ratio": 0.3333333333333333
  },
  "8": {
    "validity_ratio": 0.6548611111111111,
    "below": 0,
    "above": 0,
    "turn_on_times": 0,
    "turn_on_ratio": 0
  },
  "9": {
    "validity_ratio": 0.6548611111111111,
    "below": 0,
    "above": 0,
    "turn_on_times": 0,
    "turn_on_ratio": 0
  },
  "10": {
    "validity_ratio": 0.6548611111111111,
    "below": 0,
    "above": 0,
    "turn_on_times": 0,
    "turn_on_ratio": 0
  },
  "12": {
    "validity_ratio": 0.6541666666666667,
    "below": -4.15315252854188,
    "above": 14.922500755096387,
    "turn_on_times": 0,
    "turn_on_ratio": 0.0
  },
  "13": {
    "validity_ratio": 0.6527777777777778,
    "below": 0,
    "above": 50.9261140901014,
    "turn_on_times": 0,
    "turn_on_ratio": 0.0
  }
}