{
  "1": {
    "validity_ratio": 0.8597222222222223,
    "below": 0,
    "above": 8.99989557426587,
    "turn_on_times": 2,
    "turn_on_ratio": 0.4
  },
  "2": {
    "validity_ratio": 0.8590277777777777,
    "below": -7.390131156918691,
    "above": 32.670571876744454,
    "turn_on_times": 0,
    "turn_on_ratio": 0.0
  },
  "3": {
    "validity_ratio": 0.8590277777777777,
    "below": -3.004565861694082,
    "above": 22.044905676257883,
    "turn_on_times": 2,
    "turn_on_ratio": 0.6666666666666666
  },
  "4": {
    "validity_ratio": 0.8638888888888889,
    "below": -18.033461641612135,
    "above": 12.430236554710554,
    "turn_on_times": 1,
    "turn_on_ratio": 0.3333333333333333
  },
  "5": {
    "validity_ratio": 0.8576388888888888,
    "below": -13.513537099216267,
    "above": 14.050443627415,
    "turn_on_times": 0,
    "turn_on_ratio": 0.0
  },
  "6": {
    "validity_ratio": 0.8625,
    "below": -11.308556641562795,
    "above": 4.6220238867872405,
    "turn_on_times": 2,
    "turn_on_ratio": 0.4
  },
  "7": {
    "validity_ratio": 0.8631944444444445,
    "below": -5.7887382375789755,
    "above": 22.692303301003776,
    "turn_on_times": 1,
    "turn_on_ratio": 0.2
  },
  "8": {
    "validity_ratio": 0.8631944444444445,
    "below": 0,
    "above": 0,
    "turn_on_times": 0,
    "turn_on_ratio": 0
  },
  "9": {
    "validity_ratio": 0.8631944444444445,
    "below": 0,
    "above": 0,
    "turn_on_times": 0,
    "turn_on_ratio": 0
  },
  "10": {
    "validity_ratio": 0.85625,
    "below": 0,
    "above": 0,
    "turn_on_times": 0,
    "turn_on_ratio": 0
  },
  "12": {
    "validity_ratio": 0.8625,
    "below": -6.4001558679368715,
    "above": 16.24452536326004,
    "turn_on_times": 0,
    "turn_on_ratio": 0.0
  },
  "13": {
    "validity_ratio": 0.8611111111111112,
    "below": 0,
    "above": 79.31391855766886,
    "turn_on_times": 0,
    "turn_on_ratio": 0.0
  }
}