{
  "1": {
    "validity_ratio": 0.6736111111111112,
    "below": -2.22695453351204,
    "above": 31.505392426550845,
    "turn_on_times": 0,
    "turn_on_ratio": 0.0
  },
  "2": {
    "validity_ratio": 0.6743055555555556,
    "below": -2.0525006336392395,
    "above": 0.026224260447636222,
    "turn_on_times": 2,
    "turn_on_ratio": 1.0
  },
  "3": {
    "validity_ratio": 0.675,
    "below": -2.474955674898129,
    "above": 0,
    "turn_on_times": 1,
    "turn_on_ratio": 0.5
  },
  "4": {
    "validity_ratio": 0.6798611111111111,
    "below": -1.1398324174444456,
    "above": 1.4299261204146452,
    "turn_on_times": 0,
    "turn_on_ratio": 0.0
  },
  "5": {
    "validity_ratio": 0.6784722222222223,
    "below": -3.476685421590164,
    "above": 0.4818811048559837,
    "turn_on_times": 1,
    "turn_on_ratio": 0.5
  },
  "6": {
    "validity_ratio": 0.675,
    "below": -0.41855647136252516,
    "above": 15.103325991700805,
    "turn_on_times": 0,
    "turn_on_ratio": 0.0
  },
  "7": {
    "validity_ratio": 0.6777777777777778,
    "below": -4.892595190767042,
    "above": 3.1550920143989596,
    "turn_on_times": 0,
    "turn_on_ratio": 0.0
  },
  "8": {
    "validity_ratio": 0.6784722222222223,
    "below": -0.08418785180566536,
    "above": 0,
    "turn_on_times": 2,
    "turn_on_ratio": 1.0
  },
  "9": {
    "validity_ratio": 0.6777777777777778,
    "below": 0,
    "above": 9.58849006104184,
    "turn_on_times": 0,
    "turn_on_ratio": 0.0
  },
  "10": {
    "validity_ratio": 0.6743055555555556,
    "below": 0,
    "above": 0,
    "turn_on_times": 0,
    "turn_on_ratio": 0
  },
  "12": {
    "validity_ratio": 0.6736111111111112,
    "below": 0,
    "above": 9.661607076404012,
    "turn_on_times": 0,
    "turn_on_ratio": 0.0
  },
  "13": {
    "validity_ratio": 0.0,
    "below": 0,
    "above": 0,
    "turn_on_times": 0,
    "turn_on_ratio": 0.0
  }
}