{
  "1": {
    "validity_ratio": 0.44583333333333336,
    "below": 0,
    "above": 16.682439239344216,
    "turn_on_times": 0,
    "turn_on_ratio": 0.0
  },
  "2": {
    "validity_ratio": 0.4444444444444444,
    "below": -1.149535595690534,
    "above": 0,
    "turn_on_times": 2,
    "turn_on_ratio": 1.0
  },
  "3": {
    "validity_ratio": 0.4465277777777778,
    "below": -2.329161693246591,
    "above": 0,
    "turn_on_times": 1,
    "turn_on_ratio": 0.5
  },
  "4": {
    "validity_ratio": 0.44375,
    "below": -1.1397619294444432,
    "above": 1.4299848830897368,
    "turn_on_times": 0,
    "turn_on_ratio": 0.0
  },
  "5": {
    "validity_ratio": 0.44166666666666665,
    "below": -2.302722514273109,
    "above": 0.48191271027714616,
    "turn_on_times": 1,
    "turn_on_ratio": 0.5
  },
  "6": {
    "validity_ratio": 0.44583333333333336,
    "below": 0,
    "above": 12.33535645322191,
    "turn_on_times": 0,
    "turn_on_ratio": 0.0
  },
  "7": {
    "validity_ratio": 0.44513888888888886,
    "below": -2.3301491033614155,
    "above": 3.1550619413565455,
    "turn_on_times": 0,
    "turn_on_ratio": 0.0
  },
  "8": {
    "validity_ratio": 0.4423611111111111,
    "below": -0.08419929168962156,
    "above": 0,
    "turn_on_times": 2,
    "turn_on_ratio": 1.0
  },
  "9": {
    "validity_ratio": 0.44166666666666665,
    "below": 0,
    "above": 9.588516647553547,
    "turn_on_times": 0,
    "turn_on_ratio": 0.0
  },
  "10": {
    "validity_ratio": 0.44513888888888886,
    "below": 0,
    "above": 0,
    "turn_on_times": 0,
    "turn_on_ratio": 0
  },
  "12": {
    "validity_ratio": 0.4444444444444444,
    "below": 0,
    "above": 5.003201499226232,
    "turn_on_times": 0,
    "turn_on_ratio": 0.0
  },
  "13": {
    "validity_ratio": 0.0,
    "below": 0,
    "above": 0,
    "turn_on_times": 0,
    "turn_on_ratio": 0.0
  }
}