{
  "1": {
    "validity_ratio": 0.61875,
    "below": 0,
    "above": 30.909333054126556,
    "turn_on_times": 0,
    "turn_on_ratio": 0.0
  },
  "2": {
    "validity_ratio": 0.61875,
    "below": -2.0525759036756583,
    "above": 0,
    "turn_on_times": 2,
    "turn_on_ratio": 1.0
  },
  "3": {
    "validity_ratio": 0.6194444444444445,
    "below": -2.4749703602897886,
    "above": 0,
    "turn_on_times": 1,
    "turn_on_ratio": 0.5
  },
  "4": {
    "validity_ratio": 0.6243055555555556,
    "below": -1.1397372549444453,
    "above": 1.4300052607429354,
    "turn_on_times": 0,
    "turn_on_ratio": 0.0
  },
  "5": {
    "validity_ratio": 0.6229166666666667,
    "below": -3.4766096081568656,
    "above": 0.48192377383355894,
    "turn_on_times": 1,
    "turn_on_ratio": 0.5
  },
  "6": {
    "validity_ratio": 0.6194444444444445,
    "below": -0.16108932514336116,
    "above": 15.103017904377728,
    "turn_on_times": 0,
    "turn_on_ratio": 0.0
  },
  "7": {
    "validity_ratio": 0.6194444444444445,
    "below": -3.7642281356755114,
    "above": 3.1550512795919965,
    "turn_on_times": 0,
    "turn_on_ratio": 0.0
  },
  "8": {
    "validity_ratio": 0.6229166666666667,
    "below": -0.0842032962494995,
    "above": 0,
    "turn_on_times": 2,
    "turn_on_ratio": 1.0
  },
  "9": {
    "validity_ratio": 0.6222222222222222,
    "below": 0,
    "above": 9.588525952135129,
    "turn_on_times": 0,
    "turn_on_ratio": 0.0
  },
  "10": {
    "validity_ratio": 0.61875,
    "below": 0,
    "above": 0,
    "turn_on_times": 0,
    "turn_on_ratio": 0
  },
  "12": {
    "validity_ratio": 0.6180555555555556,
    "below": 0,
    "above": 8.219969445186912,
    "turn_on_times": 0,
    "turn_on_ratio": 0.0
  },
  "13": {
    "validity_ratio": 0.0,
    "below": 0,
    "above": 0,
    "turn_on_times": 0,
    "turn_on_ratio": 0.0
  }
}