{
  "1": {
    "validity_ratio": 0.88125,
    "below": -6.230584557768592,
    "above": 31.505309640843947,
    "turn_on_times": 0,
    "turn_on_ratio": 0.0
  },
  "2": {
    "validity_ratio": 0.8756944444444444,
    "below": -2.0525141294489986,
    "above": 7.126098889591348,
    "turn_on_times": 2,
    "turn_on_ratio": 1.0
  },
  "3": {
    "validity_ratio": 0.8756944444444444,
    "below": -2.474958307967827,
    "above": 0.024040916060697855,
    "turn_on_times": 1,
    "turn_on_ratio": 0.5
  },
  "4": {
    "validity_ratio": 0.88125,
    "below": -1.1398153549444459,
    "above": 3.8192322871229036,
    "turn_on_times": 0,
    "turn_on_ratio": 0.0
  },
  "5": {
    "validity_ratio": 0.8805555555555555,
    "below": -3.476671828350121,
    "above": 6.576624862178506,
    "turn_on_times": 1,
    "turn_on_ratio": 0.5
  },
  "6": {
    "validity_ratio": 0.8763888888888889,
    "below": -2.1752328991752075,
    "above": 15.10327075266696,
    "turn_on_times": 0,
    "turn_on_ratio": 0.0
  },
  "7": {
    "validity_ratio": 0.8784722222222222,
    "below": -4.892545117509668,
    "above": 4.045802507680162,
    "turn_on_times": 0,
    "turn_on_ratio": 0.0
  },
  "8": {
    "validity_ratio": 0.8777777777777778,
    "below": -0.08419062097233235,
    "above": 0,
    "turn_on_times": 4,
    "turn_on_ratio": 0.8
  },
  "9": {
    "validity_ratio": 0.8791666666666667,
    "below": 0,
    "above": 9.74773607547023,
    "turn_on_times": 1,
    "turn_on_ratio": 0.2
  },
  "10": {
    "validity_ratio": 0.8756944444444444,
    "below": 0,
    "above": 0,
    "turn_on_times": 0,
    "turn_on_ratio": 0
  },
  "12": {
    "validity_ratio": 0.875,
    "below": 0,
    "above": 35.81730910546611,
    "turn_on_times": 0,
    "turn_on_ratio": 0.0
  },
  "13": {
    "validity_ratio": 0.0,
    "below": 0,
    "above": 0,
    "turn_on_times": 0,
    "turn_on_ratio": 0.0
  }
}