{
  "1": {
    "validity_ratio": 0.7083333333333334,
    "below": -3.329577061657737,
    "above": 31.505721366611482,
    "turn_on_times": 0,
    "turn_on_ratio": 0.0
  },
  "2": {
    "validity_ratio": 0.7090277777777778,
    "below": -2.052447009497488,
    "above": 0.026333834821398068,
    "turn_on_times": 2,
    "turn_on_ratio": 1.0
  },
  "3": {
    "validity_ratio": 0.7097222222222223,
    "below": -2.4749452126802054,
    "above": 0,
    "turn_on_times": 1,
    "turn_on_ratio": 0.5
  },
  "4": {
    "validity_ratio": 0.7076388888888889,
    "below": -1.139900213444444,
    "above": 1.4298688338813523,
    "turn_on_times": 0,
    "turn_on_ratio": 0.0
  },
  "5": {
    "validity_ratio": 0.70625,
    "below": -3.4767394328606143,
    "above": 0.4818507064742292,
    "turn_on_times": 1,
    "turn_on_ratio": 0.5
  },
  "6": {
    "validity_ratio": 0.7097222222222223,
    "below": -1.2669860255136258,
    "above": 15.103545475519862,
    "turn_on_times": 0,
    "turn_on_ratio": 0.0
  },
  "7": {
    "validity_ratio": 0.7104166666666667,
    "below": -4.892794151444381,
    "above": 3.29513484799546,
    "turn_on_times": 0,
    "turn_on_ratio": 0.0
  },
  "8": {
    "validity_ratio": 0.7076388888888889,
    "below": -0.07584550430222219,
    "above": 0,
    "turn_on_times": 3,
    "turn_on_ratio": 0.75
  },
  "9": {
    "validity_ratio": 0.7055555555555556,
    "below": 0,
    "above": 9.588464481535967,
    "turn_on_times": 1,
    "turn_on_ratio": 0.25
  },
  "10": {
    "validity_ratio": 0.7090277777777778,
    "below": 0,
    "above": 0,
    "turn_on_times": 0,
    "turn_on_ratio": 0
  },
  "12": {
    "validity_ratio": 0.7083333333333334,
    "below": 0,
    "above": 10.69110265342708,
    "turn_on_times": 0,
    "turn_on_ratio": 0.0
  },
  "13": {
    "validity_ratio": 0.0,
    "below": 0,
    "above": 0,
    "turn_on_times": 0,
    "turn_on_ratio": 0.0
  }
}