{
  "1": {
    "validity_ratio": 0.8951388888888889,
    "below": -6.230817364024693,
    "above": 31.50578646589505,
    "turn_on_times": 0,
    "turn_on_ratio": 0.0
  },
  "2": {
    "validity_ratio": 0.8965277777777778,
    "below": -2.052436396946366,
    "above": 9.095463234617833,
    "turn_on_times": 2,
    "turn_on_ratio": 1.0
  },
  "3": {
    "validity_ratio": 0.8965277777777778,
    "below": -2.4749431421422172,
    "above": 1.5203058949412722,
    "turn_on_times": 1,
    "turn_on_ratio": 0.3333333333333333
  },
  "4": {
    "validity_ratio": 0.8951388888888889,
    "below": -1.1399136306944446,
    "above": 5.122204114521418,
    "turn_on_times": 0,
    "turn_on_ratio": 0.0
  },
  "5": {
    "validity_ratio": 0.8944444444444445,
    "below": -3.476750122026914,
    "above": 6.576558312625963,
    "turn_on_times": 2,
    "turn_on_ratio": 0.6666666666666666
  },
  "6": {
    "validity_ratio": 0.8972222222222223,
    "below": -2.1751051606860337,
    "above": 15.103588912256589,
    "turn_on_times": 0,
    "turn_on_ratio": 0.0
  },
  "7": {
    "validity_ratio": 0.8923611111111112,
    "below": -4.89283352699969,
    "above": 4.725843599886856,
    "turn_on_times": 0,
    "turn_on_ratio": 0.0
  },
  "8": {
    "validity_ratio": 0.8986111111111111,
    "below": -0.0758438345999999,
    "above": 0,
    "turn_on_times": 4,
    "turn_on_ratio": 0.8
  },
  "9": {
    "validity_ratio": 0.8930555555555556,
    "below": 0,
    "above": 9.747715812313029,
    "turn_on_times": 1,
    "turn_on_ratio": 0.2
  },
  "10": {
    "validity_ratio": 0.8965277777777778,
    "below": 0,
    "above": 0,
    "turn_on_times": 0,
    "turn_on_ratio": 0
  },
  "12": {
    "validity_ratio": 0.8958333333333334,
    "below": 0,
    "above": 35.94541699990627,
    "turn_on_times": 0,
    "turn_on_ratio": 0.0
  },
  "13": {
    "validity_ratio": 0.0,
    "below": 0,
    "above": 0,
    "turn_on_times": 0,
    "turn_on_ratio": 0.0
  }
}