{
  "1": {
    "validity_ratio": 0.7569444444444444,
    "below": -4.380762568210764,
    "above": 31.505674235162,
    "turn_on_times": 0,
    "turn_on_ratio": 0.0
  },
  "2": {
    "validity_ratio": 0.7576388888888889,
    "below": -2.052454692914105,
    "above": 1.343550396522536,
    "turn_on_times": 2,
    "turn_on_ratio": 1.0
  },
  "3": {
    "validity_ratio": 0.7583333333333333,
    "below": -2.4749467117359734,
    "above": 0,
    "turn_on_times": 1,
    "turn_on_ratio": 0.5
  },
  "4": {
    "validity_ratio": 0.7631944444444444,
    "below": -1.1398904994444445,
    "above": 2.1055686271674725,
    "turn_on_times": 0,
    "turn_on_ratio": 0.0
  },
  "5": {
    "validity_ratio": 0.7618055555555555,
    "below": -3.476731693975117,
    "above": 0.48185506203916445,
    "turn_on_times": 1,
    "turn_on_ratio": 0.5
  },
  "6": {
    "validity_ratio": 0.7583333333333333,
    "below": -2.056718739425034,
    "above": 15.103514027512459,
    "turn_on_times": 0,
    "turn_on_ratio": 0.0
  },
  "7": {
    "validity_ratio": 0.7604166666666666,
    "below": -4.892765643803521,
    "above": 3.5133913155795473,
    "turn_on_times": 0,
    "turn_on_ratio": 0.0
  },
  "8": {
    "validity_ratio": 0.7631944444444444,
    "below": -0.07584671315555554,
    "above": 0,
    "turn_on_times": 3,
    "turn_on_ratio": 0.75
  },
  "9": {
    "validity_ratio": 0.7611111111111111,
    "below": 0,
    "above": 9.588468147141858,
    "turn_on_times": 1,
    "turn_on_ratio": 0.25
  },
  "10": {
    "validity_ratio": 0.7576388888888889,
    "below": 0,
    "above": 0,
    "turn_on_times": 0,
    "turn_on_ratio": 0
  },
  "12": {
    "validity_ratio": 0.7569444444444444,
    "below": 0,
    "above": 15.516741306169967,
    "turn_on_times": 0,
    "turn_on_ratio": 0.0
  },
  "13": {
    "validity_ratio": 0.0,
    "below": 0,
    "above": 0,
    "turn_on_times": 0,
    "turn_on_ratio": 0.0
  }
}