{
  "1": {
    "validity_ratio": 0.6534722222222222,
    "below": -1.3569272158955257,
    "above": 31.505233378529464,
    "turn_on_times": 0,
    "turn_on_ratio": 0.0
  },
  "2": {
    "validity_ratio": 0.6534722222222222,
    "below": -2.0525265618087256,
    "above": 0.026171279405105708,
    "turn_on_times": 2,
    "turn_on_ratio": 1.0
  },
  "3": {
    "validity_ratio": 0.6541666666666667,
    "below": -2.4749607335554917,
    "above": 0,
    "turn_on_times": 1,
    "turn_on_ratio": 0.5
  },
  "4": {
    "validity_ratio": 0.6590277777777778,
    "below": -1.1397996369444425,
    "above": 1.42995354930844,
    "turn_on_times": 0,
    "turn_on_ratio": 0.0
  },
  "5": {
    "validity_ratio": 0.6576388888888889,
    "below": -3.4766593062374773,
    "above": 0.4818958029820248,
    "turn_on_times": 1,
    "turn_on_ratio": 0.5
  },
  "6": {
    "validity_ratio": 0.6541666666666667,
    "below": -0.16107187894276226,
    "above": 15.103219866162982,
    "turn_on_times": 0,
    "turn_on_ratio": 0.0
  },
  "7": {
    "validity_ratio": 0.6569444444444444,
    "below": -4.892498989951611,
    "above": 3.1550780997735894,
    "turn_on_times": 0,
    "turn_on_ratio": 0.0
  },
  "8": {
    "validity_ratio": 0.6576388888888889,
    "below": -0.08419317193272288,
    "above": 0,
    "turn_on_times": 2,
    "turn_on_ratio": 1.0
  },
  "9": {
    "validity_ratio": 0.6569444444444444,
    "below": 0,
    "above": 9.58850242622192,
    "turn_on_times": 0,
    "turn_on_ratio": 0.0
  },
  "10": {
    "validity_ratio": 0.6534722222222222,
    "below": 0,
    "above": 0,
    "turn_on_times": 0,
    "turn_on_ratio": 0
  },
  "12": {
    "validity_ratio": 0.6527777777777778,
    "below": 0,
    "above": 9.085124938738133,
    "turn_on_times": 0,
    "turn_on_ratio": 0.0
  },
  "13": {
    "validity_ratio": 0.0,
    "below": 0,
    "above": 0,
    "turn_on_times": 0,
    "turn_on_ratio": 0.0
  }
}