{
  "1": {
    "validity_ratio": 0.9951388888888889,
    "below": 0,
    "above": 9.715230759612487,
    "turn_on_times": 0,
    "turn_on_ratio": 0.0
  },
  "2": {
    "validity_ratio": 0.9944444444444445,
    "below": -3.184947702902573,
    "above": 6.7856756681674275,
    "turn_on_times": 1,
    "turn_on_ratio": 1.0
  },
  "3": {
    "validity_ratio": 0.9909722222222223,
    "below": 0,
    "above": 10.67868688869067,
    "turn_on_times": 0,
    "turn_on_ratio": 0.0
  },
  "4": {
    "validity_ratio": 0.9951388888888889,
    "below": -0.026733333333333324,
    "above": 9.71105004445408,
    "turn_on_times": 1,
    "turn_on_ratio": 0.25
  },
  "5": {
    "validity_ratio": 0.9916666666666667,
    "below": -0.008430393788130885,
    "above": 8.814675637770385,
    "turn_on_times": 1,
    "turn_on_ratio": 0.25
  },
  "6": {
    "validity_ratio": 0.9902777777777778,
    "below": 0,
    "above": 7.991765356161489,
    "turn_on_times": 0,
    "turn_on_ratio": 0.0
  },
  "7": {
    "validity_ratio": 0.9923611111111111,
    "below": -2.975504352703743,
    "above": 0.11043967244900105,
    "turn_on_times": 2,
    "turn_on_ratio": 0.5
  },
  "8": {
    "validity_ratio": 0.9895833333333334,
    "below": -0.2597971211278055,
    "above": 0.0807327777777779,
    "turn_on_times": 1,
    "turn_on_ratio": 1.0
  },
  "9": {
    "validity_ratio": 0.9909722222222223,
    "below": 0,
    "above": 23.3912631748469,
    "turn_on_times": 0,
    "turn_on_ratio": 0.0
  },
  "10": {
    "validity_ratio": 0.8097222222222222,
    "below": 0,
    "above": 0,
    "turn_on_times": 0,
    "turn_on_ratio": 0
  }
}