{
  "1": {
    "validity_ratio": 0.10138888888888889,
    "below": 0,
    "above": 0.012951647340253098,
    "turn_on_times": 1,
    "turn_on_ratio": 1.0
  },
  "2": {
    "validity_ratio": 0.09722222222222222,
    "below": 0,
    "above": 2.539402846923065,
    "turn_on_times": 0,
    "turn_on_ratio": 0.0
  },
  "3": {
    "validity_ratio": 0.09791666666666667,
    "below": 0,
    "above": 3.023481195571688,
    "turn_on_times": 0,
    "turn_on_ratio": 0.0
  },
  "4": {
    "validity_ratio": 0.09722222222222222,
    "below": 0,
    "above": 0,
    "turn_on_times": 1,
    "turn_on_ratio": 1.0
  },
  "5": {
    "validity_ratio": 0.09861111111111111,
    "below": 0,
    "above": 3.1605449961997065,
    "turn_on_times": 0,
    "turn_on_ratio": 0.0
  },
  "6": {
    "validity_ratio": 0.10138888888888889,
    "below": 0,
    "above": 1.4755814220498658,
    "turn_on_times": 0,
    "turn_on_ratio": 0.0
  },
  "7": {
    "validity_ratio": 0.09861111111111111,
    "below": 0,
    "above": 1.6168724194150648,
    "turn_on_times": 0,
    "turn_on_ratio": 0.0
  },
  "8": {
    "validity_ratio": 0.10069444444444445,
    "below": 0,
    "above": 0,
    "turn_on_times": 0,
    "turn_on_ratio": 0
  },
  "9": {
    "validity_ratio": 0.09861111111111111,
    "below": 0,
    "above": 0,
    "turn_on_times": 0,
    "turn_on_ratio": 0
  },
  "10": {
    "validity_ratio": 0.1,
    "below": 0,
    "above": 0,
    "turn_on_times": 0,
    "turn_on_ratio": 0
  },
  "12": {
    "validity_ratio": 0.10277777777777777,
    "below": 0,
    "above": 3.2102508655347384,
    "turn_on_times": 0,
    "turn_on_ratio": 0.0
  },
  "13": {
    "validity_ratio": 0.09861111111111111,
    "below": 0,
    "above": 2.4104861829740645,
    "turn_on_times": 0,
    "turn_on_ratio": 0.0
  }
}