{
  "1": {
    "validity_ratio": 0.7243055555555555,
    "below": -0.3328940903379948,
    "above": 29.292271357711357,
    "turn_on_times": 3,
    "turn_on_ratio": 1.0
  },
  "2": {
    "validity_ratio": 0.7229166666666667,
    "below": 0,
    "above": 54.14522453396992,
    "turn_on_times": 0,
    "turn_on_ratio": 0.0
  },
  "3": {
    "validity_ratio": 0.7284722222222222,
    "below": 0,
    "above": 3.0234498349183307,
    "turn_on_times": 0,
    "turn_on_ratio": 0.0
  },
  "4": {
    "validity_ratio": 0.7222222222222222,
    "below": 0,
    "above": 0,
    "turn_on_times": 1,
    "turn_on_ratio": 1.0
  },
  "5": {
    "validity_ratio": 0.725,
    "below": 0,
    "above": 3.160510391051684,
    "turn_on_times": 0,
    "turn_on_ratio": 0.0
  },
  "6": {
    "validity_ratio": 0.7263888888888889,
    "below": 0,
    "above": 28.76089854968325,
    "turn_on_times": 0,
    "turn_on_ratio": 0.0
  },
  "7": {
    "validity_ratio": 0.7256944444444444,
    "below": 0,
    "above": 29.526154312953928,
    "turn_on_times": 0,
    "turn_on_ratio": 0.0
  },
  "8": {
    "validity_ratio": 0.7256944444444444,
    "below": 0,
    "above": 0,
    "turn_on_times": 0,
    "turn_on_ratio": 0
  },
  "9": {
    "validity_ratio": 0.7236111111111111,
    "below": 0,
    "above": 0,
    "turn_on_times": 0,
    "turn_on_ratio": 0
  },
  "10": {
    "validity_ratio": 0.725,
    "below": 0,
    "above": 0,
    "turn_on_times": 0,
    "turn_on_ratio": 0
  },
  "12": {
    "validity_ratio": 0.725,
    "below": 0,
    "above": 3.2102170074032497,
    "turn_on_times": 0,
    "turn_on_ratio": 0.0
  },
  "13": {
    "validity_ratio": 0.16805555555555557,
    "below": 0,
    "above": 2.408843047829312,
    "turn_on_times": 0,
    "turn_on_ratio": 0.0
  }
}