{
  "1": {
    "validity_ratio": 0.06666666666666667,
    "below": 0,
    "above": 0.01303726882366123,
    "turn_on_times": 1,
    "turn_on_ratio": 1.0
  },
  "2": {
    "validity_ratio": 0.06944444444444445,
    "below": 0,
    "above": 2.5392336239787014,
    "turn_on_times": 0,
    "turn_on_ratio": 0.0
  },
  "3": {
    "validity_ratio": 0.07083333333333333,
    "below": 0,
    "above": 3.0234781332123415,
    "turn_on_times": 0,
    "turn_on_ratio": 0.0
  },
  "4": {
    "validity_ratio": 0.06944444444444445,
    "below": 0,
    "above": 0,
    "turn_on_times": 1,
    "turn_on_ratio": 1.0
  },
  "5": {
    "validity_ratio": 0.07083333333333333,
    "below": 0,
    "above": 3.1605416234164645,
    "turn_on_times": 0,
    "turn_on_ratio": 0.0
  },
  "6": {
    "validity_ratio": 0.07361111111111111,
    "below": 0,
    "above": 1.4754824161276754,
    "turn_on_times": 0,
    "turn_on_ratio": 0.0
  },
  "7": {
    "validity_ratio": 0.07083333333333333,
    "below": 0,
    "above": 1.6167617115915982,
    "turn_on_times": 0,
    "turn_on_ratio": 0.0
  },
  "8": {
    "validity_ratio": 0.07291666666666667,
    "below": 0,
    "above": 0,
    "turn_on_times": 0,
    "turn_on_ratio": 0
  },
  "9": {
    "validity_ratio": 0.07083333333333333,
    "below": 0,
    "above": 0,
    "turn_on_times": 0,
    "turn_on_ratio": 0
  },
  "10": {
    "validity_ratio": 0.06944444444444445,
    "below": 0,
    "above": 0,
    "turn_on_times": 0,
    "turn_on_ratio": 0
  },
  "12": {
    "validity_ratio": 0.075,
    "below": 0,
    "above": 3.2102475612073786,
    "turn_on_times": 0,
    "turn_on_ratio": 0.0
  },
  "13": {
    "validity_ratio": 0.07083333333333333,
    "below": 0,
    "above": 2.4103257309705897,
    "turn_on_times": 0,
    "turn_on_ratio": 0.0
  }
}