{
  "1": {
    "validity_ratio": 0.6826388888888889,
    "below": -0.33284647554071123,
    "above": 29.291876426823485,
    "turn_on_times": 3,
    "turn_on_ratio": 1.0
  },
  "2": {
    "validity_ratio": 0.68125,
    "below": 0,
    "above": 54.1459636204019,
    "turn_on_times": 0,
    "turn_on_ratio": 0.0
  },
  "3": {
    "validity_ratio": 0.6861111111111111,
    "below": 0,
    "above": 3.023462644718695,
    "turn_on_times": 0,
    "turn_on_ratio": 0.0
  },
  "4": {
    "validity_ratio": 0.6805555555555556,
    "below": 0,
    "above": 0,
    "turn_on_times": 1,
    "turn_on_ratio": 1.0
  },
  "5": {
    "validity_ratio": 0.6833333333333333,
    "below": 0,
    "above": 3.1605245436719875,
    "turn_on_times": 0,
    "turn_on_ratio": 0.0
  },
  "6": {
    "validity_ratio": 0.6847222222222222,
    "below": 0,
    "above": 28.76133038921288,
    "turn_on_times": 0,
    "turn_on_ratio": 0.0
  },
  "7": {
    "validity_ratio": 0.6840277777777778,
    "below": 0,
    "above": 29.52663366218973,
    "turn_on_times": 0,
    "turn_on_ratio": 0.0
  },
  "8": {
    "validity_ratio": 0.6840277777777778,
    "below": 0,
    "above": 0,
    "turn_on_times": 0,
    "turn_on_ratio": 0
  },
  "9": {
    "validity_ratio": 0.6819444444444445,
    "below": 0,
    "above": 0,
    "turn_on_times": 0,
    "turn_on_ratio": 0
  },
  "10": {
    "validity_ratio": 0.6833333333333333,
    "below": 0,
    "above": 0,
    "turn_on_times": 0,
    "turn_on_ratio": 0
  },
  "12": {
    "validity_ratio": 0.6861111111111111,
    "below": 0,
    "above": 3.210230842579318,
    "turn_on_times": 0,
    "turn_on_ratio": 0.0
  },
  "13": {
    "validity_ratio": 0.16805555555555557,
    "below": 0,
    "above": 2.4095142139295938,
    "turn_on_times": 0,
    "turn_on_ratio": 0.0
  }
}