{
  "1": {
    "validity_ratio": 0.8965277777777778,
    "below": -0.6799227648975295,
    "above": 29.29224402676117,
    "turn_on_times": 3,
    "turn_on_ratio": 0.75
  },
  "2": {
    "validity_ratio": 0.8965277777777778,
    "below": 0,
    "above": 59.77149448991524,
    "turn_on_times": 0,
    "turn_on_ratio": 0.0
  },
  "3": {
    "validity_ratio": 0.8944444444444445,
    "below": 0,
    "above": 3.0234507284573504,
    "turn_on_times": 0,
    "turn_on_ratio": 0.0
  },
  "4": {
    "validity_ratio": 0.8958333333333334,
    "below": 0,
    "above": 0,
    "turn_on_times": 1,
    "turn_on_ratio": 1.0
  },
  "5": {
    "validity_ratio": 0.8923611111111112,
    "below": 0,
    "above": 3.1605113790445762,
    "turn_on_times": 0,
    "turn_on_ratio": 0.0
  },
  "6": {
    "validity_ratio": 0.8930555555555556,
    "below": 0,
    "above": 31.05698328023842,
    "turn_on_times": 0,
    "turn_on_ratio": 0.0
  },
  "7": {
    "validity_ratio": 0.8930555555555556,
    "below": -0.8101182246954597,
    "above": 29.526187749637895,
    "turn_on_times": 1,
    "turn_on_ratio": 0.25
  },
  "8": {
    "validity_ratio": 0.8923611111111112,
    "below": 0,
    "above": 0,
    "turn_on_times": 0,
    "turn_on_ratio": 0
  },
  "9": {
    "validity_ratio": 0.8972222222222223,
    "below": 0,
    "above": 0,
    "turn_on_times": 0,
    "turn_on_ratio": 0
  },
  "10": {
    "validity_ratio": 0.8986111111111111,
    "below": 0,
    "above": 0,
    "turn_on_times": 0,
    "turn_on_ratio": 0
  },
  "12": {
    "validity_ratio": 0.8986111111111111,
    "below": 0,
    "above": 3.2102179727013467,
    "turn_on_times": 0,
    "turn_on_ratio": 0.0
  },
  "13": {
    "validity_ratio": 0.16805555555555557,
    "below": 0,
    "above": 2.408889864533013,
    "turn_on_times": 0,
    "turn_on_ratio": 0.0
  }
}