{
  "1": {
    "validity_ratio": 0.3715277777777778,
    "below": -0.32445380731976536,
    "above": 7.085654036055326,
    "turn_on_times": 3,
    "turn_on_ratio": 1.0
  },
  "2": {
    "validity_ratio": 0.3680555555555556,
    "below": 0,
    "above": 24.71718211771218,
    "turn_on_times": 0,
    "turn_on_ratio": 0.0
  },
  "3": {
    "validity_ratio": 0.3680555555555556,
    "below": 0,
    "above": 3.02348234047187,
    "turn_on_times": 0,
    "turn_on_ratio": 0.0
  },
  "4": {
    "validity_ratio": 0.3680555555555556,
    "below": 0,
    "above": 0,
    "turn_on_times": 1,
    "turn_on_ratio": 1.0
  },
  "5": {
    "validity_ratio": 0.3701388888888889,
    "below": 0,
    "above": 3.1605462567998805,
    "turn_on_times": 0,
    "turn_on_ratio": 0.0
  },
  "6": {
    "validity_ratio": 0.37222222222222223,
    "below": 0,
    "above": 13.988613358010099,
    "turn_on_times": 0,
    "turn_on_ratio": 0.0
  },
  "7": {
    "validity_ratio": 0.37083333333333335,
    "below": 0,
    "above": 13.68296162945554,
    "turn_on_times": 0,
    "turn_on_ratio": 0.0
  },
  "8": {
    "validity_ratio": 0.3715277777777778,
    "below": 0,
    "above": 0,
    "turn_on_times": 0,
    "turn_on_ratio": 0
  },
  "9": {
    "validity_ratio": 0.36944444444444446,
    "below": 0,
    "above": 0,
    "turn_on_times": 0,
    "turn_on_ratio": 0
  },
  "10": {
    "validity_ratio": 0.37083333333333335,
    "below": 0,
    "above": 0,
    "turn_on_times": 0,
    "turn_on_ratio": 0
  },
  "12": {
    "validity_ratio": 0.3736111111111111,
    "below": 0,
    "above": 3.2102521007914273,
    "turn_on_times": 0,
    "turn_on_ratio": 0.0
  },
  "13": {
    "validity_ratio": 0.16805555555555557,
    "below": 0,
    "above": 2.410546169918146,
    "turn_on_times": 0,
    "turn_on_ratio": 0.0
  }
}