{
  "1": {
    "validity_ratio": 0.9868055555555556,
    "below": -0.6799196006100288,
    "above": 29.292175350196413,
    "turn_on_times": 4,
    "turn_on_ratio": 0.8
  },
  "2": {
    "validity_ratio": 0.9868055555555556,
    "below": 0,
    "above": 65.79203818039372,
    "turn_on_times": 0,
    "turn_on_ratio": 0.0
  },
  "3": {
    "validity_ratio": 0.9840277777777777,
    "below": 0,
    "above": 11.699687191871424,
    "turn_on_times": 0,
    "turn_on_ratio": 0.0
  },
  "4": {
    "validity_ratio": 0.9861111111111112,
    "below": 0,
    "above": 8.80174140599999,
    "turn_on_times": 1,
    "turn_on_ratio": 0.5
  },
  "5": {
    "validity_ratio": 0.9826388888888888,
    "below": -0.7710948478533366,
    "above": 3.160513855953149,
    "turn_on_times": 1,
    "turn_on_ratio": 0.5
  },
  "6": {
    "validity_ratio": 0.9833333333333333,
    "below": 0,
    "above": 33.86521927713971,
    "turn_on_times": 0,
    "turn_on_ratio": 0.0
  },
  "7": {
    "validity_ratio": 0.9833333333333333,
    "below": -1.1136420244352172,
    "above": 31.51011927281304,
    "turn_on_times": 1,
    "turn_on_ratio": 0.2
  },
  "8": {
    "validity_ratio": 0.9826388888888888,
    "below": 0,
    "above": 0,
    "turn_on_times": 0,
    "turn_on_ratio": 0
  },
  "9": {
    "validity_ratio": 0.9875,
    "below": 0,
    "above": 0,
    "turn_on_times": 0,
    "turn_on_ratio": 0
  },
  "10": {
    "validity_ratio": 0.9888888888888889,
    "below": 0,
    "above": 0,
    "turn_on_times": 0,
    "turn_on_ratio": 0
  },
  "12": {
    "validity_ratio": 0.9888888888888889,
    "below": -0.13168906772861924,
    "above": 8.95597993871159,
    "turn_on_times": 0,
    "turn_on_ratio": 0.0
  },
  "13": {
    "validity_ratio": 0.16805555555555557,
    "below": 0,
    "above": 2.4090072591011373,
    "turn_on_times": 0,
    "turn_on_ratio": 0.0
  }
}