{
  "1": {
    "validity_ratio": 0.5027777777777778,
    "below": -0.3327833172260402,
    "above": 24.095849803843684,
    "turn_on_times": 3,
    "turn_on_ratio": 1.0
  },
  "2": {
    "validity_ratio": 0.5006944444444444,
    "below": 0,
    "above": 47.200598838170755,
    "turn_on_times": 0,
    "turn_on_ratio": 0.0
  },
  "3": {
    "validity_ratio": 0.5,
    "below": 0,
    "above": 3.0234796361887466,
    "turn_on_times": 0,
    "turn_on_ratio": 0.0
  },
  "4": {
    "validity_ratio": 0.5,
    "below": 0,
    "above": 0,
    "turn_on_times": 1,
    "turn_on_ratio": 1.0
  },
  "5": {
    "validity_ratio": 0.5027777777777778,
    "below": 0,
    "above": 3.1605432789190133,
    "turn_on_times": 0,
    "turn_on_ratio": 0.0
  },
  "6": {
    "validity_ratio": 0.49722222222222223,
    "below": 0,
    "above": 24.9519195479853,
    "turn_on_times": 0,
    "turn_on_ratio": 0.0
  },
  "7": {
    "validity_ratio": 0.5027777777777778,
    "below": 0,
    "above": 25.832336183432595,
    "turn_on_times": 0,
    "turn_on_ratio": 0.0
  },
  "8": {
    "validity_ratio": 0.4965277777777778,
    "below": 0,
    "above": 0,
    "turn_on_times": 0,
    "turn_on_ratio": 0
  },
  "9": {
    "validity_ratio": 0.5013888888888889,
    "below": 0,
    "above": 0,
    "turn_on_times": 0,
    "turn_on_ratio": 0
  },
  "10": {
    "validity_ratio": 0.5027777777777778,
    "below": 0,
    "above": 0,
    "turn_on_times": 0,
    "turn_on_ratio": 0
  },
  "12": {
    "validity_ratio": 0.4986111111111111,
    "below": 0,
    "above": 3.2102491829910065,
    "turn_on_times": 0,
    "turn_on_ratio": 0.0
  },
  "13": {
    "validity_ratio": 0.16805555555555557,
    "below": 0,
    "above": 2.4104044792569597,
    "turn_on_times": 0,
    "turn_on_ratio": 0.0
  }
}