{
  "1": {
    "validity_ratio": 0.37916666666666665,
    "below": 0,
    "above": 9.137526040725025,
    "turn_on_times": 0,
    "turn_on_ratio": 0.0
  },
  "2": {
    "validity_ratio": 0.37777777777777777,
    "below": 0,
    "above": 6.492955113730273,
    "turn_on_times": 0,
    "turn_on_ratio": 0.0
  },
  "3": {
    "validity_ratio": 0.375,
    "below": 0,
    "above": 2.328443927613843,
    "turn_on_times": 0,
    "turn_on_ratio": 0.0
  },
  "4": {
    "validity_ratio": 0.3763888888888889,
    "below": 0,
    "above": 0,
    "turn_on_times": 1,
    "turn_on_ratio": 1.0
  },
  "5": {
    "validity_ratio": 0.38125,
    "below": 0,
    "above": 3.600680694151641,
    "turn_on_times": 0,
    "turn_on_ratio": 0.0
  },
  "6": {
    "validity_ratio": 0.3784722222222222,
    "below": -0.10944154212730257,
    "above": 3.367830476189599,
    "turn_on_times": 1,
    "turn_on_ratio": 1.0
  },
  "7": {
    "validity_ratio": 0.37777777777777777,
    "below": -0.6219839468443793,
    "above": 4.108588506673705,
    "turn_on_times": 0,
    "turn_on_ratio": 0.0
  },
  "8": {
    "validity_ratio": 0.38125,
    "below": 0,
    "above": 0,
    "turn_on_times": 0,
    "turn_on_ratio": 0
  },
  "9": {
    "validity_ratio": 0.375,
    "below": 0,
    "above": 0,
    "turn_on_times": 0,
    "turn_on_ratio": 0
  },
  "10": {
    "validity_ratio": 0.22083333333333333,
    "below": 0,
    "above": 0,
    "turn_on_times": 0,
    "turn_on_ratio": 0
  },
  "12": {
    "validity_ratio": 0.3763888888888889,
    "below": 0,
    "above": 3.0822536025476888,
    "turn_on_times": 0,
    "turn_on_ratio": 0.0
  },
  "13": {
    "validity_ratio": 0.38125,
    "below": 0,
    "above": 14.249446001599354,
    "turn_on_times": 0,
    "turn_on_ratio": 0.0
  }
}