{
  "1": {
    "validity_ratio": 0.42777777777777776,
    "below": 0,
    "above": 9.14578360064385,
    "turn_on_times": 0,
    "turn_on_ratio": 0.0
  },
  "2": {
    "validity_ratio": 0.43333333333333335,
    "below": 0,
    "above": 6.492509646255445,
    "turn_on_times": 0,
    "turn_on_ratio": 0.0
  },
  "3": {
    "validity_ratio": 0.4305555555555556,
    "below": 0,
    "above": 4.040122096286392,
    "turn_on_times": 0,
    "turn_on_ratio": 0.0
  },
  "4": {
    "validity_ratio": 0.43194444444444446,
    "below": 0,
    "above": 0,
    "turn_on_times": 2,
    "turn_on_ratio": 1.0
  },
  "5": {
    "validity_ratio": 0.42986111111111114,
    "below": 0,
    "above": 5.679720274228255,
    "turn_on_times": 0,
    "turn_on_ratio": 0.0
  },
  "6": {
    "validity_ratio": 0.4270833333333333,
    "below": -0.10944639013169163,
    "above": 3.367625228250162,
    "turn_on_times": 1,
    "turn_on_ratio": 1.0
  },
  "7": {
    "validity_ratio": 0.43333333333333335,
    "below": -0.6219117176237411,
    "above": 4.1091352534803836,
    "turn_on_times": 0,
    "turn_on_ratio": 0.0
  },
  "8": {
    "validity_ratio": 0.42986111111111114,
    "below": 0,
    "above": 0,
    "turn_on_times": 0,
    "turn_on_ratio": 0
  },
  "9": {
    "validity_ratio": 0.4305555555555556,
    "below": 0,
    "above": 0,
    "turn_on_times": 0,
    "turn_on_ratio": 0
  },
  "10": {
    "validity_ratio": 0.22083333333333333,
    "below": 0,
    "above": 0,
    "turn_on_times": 0,
    "turn_on_ratio": 0
  },
  "12": {
    "validity_ratio": 0.43194444444444446,
    "below": 0,
    "above": 5.253268671810036,
    "turn_on_times": 0,
    "turn_on_ratio": 0.0
  },
  "13": {
    "validity_ratio": 0.42986111111111114,
    "below": 0,
    "above": 14.249429852906072,
    "turn_on_times": 0,
    "turn_on_ratio": 0.0
  }
}