{
  "1": {
    "validity_ratio": 0.53125,
    "below": 0,
    "above": 13.421578346196997,
    "turn_on_times": 0,
    "turn_on_ratio": 0.0
  },
  "2": {
    "validity_ratio": 0.5375,
    "below": 0,
    "above": 9.753145956258267,
    "turn_on_times": 0,
    "turn_on_ratio": 0.0
  },
  "3": {
    "validity_ratio": 0.5340277777777778,
    "below": 0,
    "above": 11.100247226221123,
    "turn_on_times": 0,
    "turn_on_ratio": 0.0
  },
  "4": {
    "validity_ratio": 0.5361111111111111,
    "below": 0,
    "above": 0,
    "turn_on_times": 3,
    "turn_on_ratio": 1.0
  },
  "5": {
    "validity_ratio": 0.5340277777777778,
    "below": 0,
    "above": 15.879767153013534,
    "turn_on_times": 0,
    "turn_on_ratio": 0.0
  },
  "6": {
    "validity_ratio": 0.53125,
    "below": -0.10944412500410051,
    "above": 7.641701824051042,
    "turn_on_times": 1,
    "turn_on_ratio": 0.5
  },
  "7": {
    "validity_ratio": 0.5375,
    "below": -0.6219454719942711,
    "above": 7.51095622899425,
    "turn_on_times": 0,
    "turn_on_ratio": 0.0
  },
  "8": {
    "validity_ratio": 0.5340277777777778,
    "below": 0,
    "above": 0,
    "turn_on_times": 0,
    "turn_on_ratio": 0
  },
  "9": {
    "validity_ratio": 0.5347222222222222,
    "below": 0,
    "above": 0,
    "turn_on_times": 0,
    "turn_on_ratio": 0
  },
  "10": {
    "validity_ratio": 0.2833333333333333,
    "below": 0,
    "above": 0,
    "turn_on_times": 0,
    "turn_on_ratio": 0
  },
  "12": {
    "validity_ratio": 0.5361111111111111,
    "below": 0,
    "above": 14.618025241096747,
    "turn_on_times": 0,
    "turn_on_ratio": 0.0
  },
  "13": {
    "validity_ratio": 0.5340277777777778,
    "below": 0,
    "above": 14.249437397729999,
    "turn_on_times": 1,
    "turn_on_ratio": 0.5
  }
}