{
  "1": {
    "validity_ratio": 0.36527777777777776,
    "below": 0,
    "above": 9.145787991409485,
    "turn_on_times": 0,
    "turn_on_ratio": 0.0
  },
  "2": {
    "validity_ratio": 0.3638888888888889,
    "below": 0,
    "above": 6.492694266499582,
    "turn_on_times": 0,
    "turn_on_ratio": 0.0
  },
  "3": {
    "validity_ratio": 0.3611111111111111,
    "below": 0,
    "above": 1.0098491602222204,
    "turn_on_times": 0,
    "turn_on_ratio": 0.0
  },
  "4": {
    "validity_ratio": 0.3625,
    "below": 0,
    "above": 0,
    "turn_on_times": 1,
    "turn_on_ratio": 1.0
  },
  "5": {
    "validity_ratio": 0.36666666666666664,
    "below": 0,
    "above": 2.285920388499998,
    "turn_on_times": 0,
    "turn_on_ratio": 0.0
  },
  "6": {
    "validity_ratio": 0.3645833333333333,
    "below": -0.10944438093828063,
    "above": 3.3677136384734583,
    "turn_on_times": 1,
    "turn_on_ratio": 1.0
  },
  "7": {
    "validity_ratio": 0.3638888888888889,
    "below": -0.6219416587236061,
    "above": 4.108910357363505,
    "turn_on_times": 0,
    "turn_on_ratio": 0.0
  },
  "8": {
    "validity_ratio": 0.36736111111111114,
    "below": 0,
    "above": 0,
    "turn_on_times": 0,
    "turn_on_ratio": 0
  },
  "9": {
    "validity_ratio": 0.3611111111111111,
    "below": 0,
    "above": 0,
    "turn_on_times": 0,
    "turn_on_ratio": 0
  },
  "10": {
    "validity_ratio": 0.22083333333333333,
    "below": 0,
    "above": 0,
    "turn_on_times": 0,
    "turn_on_ratio": 0
  },
  "12": {
    "validity_ratio": 0.3625,
    "below": 0,
    "above": 1.427219249560242,
    "turn_on_times": 0,
    "turn_on_ratio": 0.0
  },
  "13": {
    "validity_ratio": 0.36736111111111114,
    "below": 0,
    "above": 14.249436545221558,
    "turn_on_times": 0,
    "turn_on_ratio": 0.0
  }
}