{
  "1": {
    "validity_ratio": 0.37916666666666665,
    "below": 0,
    "above": 9.137913734596058,
    "turn_on_times": 0,
    "turn_on_ratio": 0.0
  },
  "2": {
    "validity_ratio": 0.38472222222222224,
    "below": 0,
    "above": 6.493236001707251,
    "turn_on_times": 0,
    "turn_on_ratio": 0.0
  },
  "3": {
    "validity_ratio": 0.3819444444444444,
    "below": 0,
    "above": 2.514754248992709,
    "turn_on_times": 0,
    "turn_on_ratio": 0.0
  },
  "4": {
    "validity_ratio": 0.38333333333333336,
    "below": 0,
    "above": 0,
    "turn_on_times": 1,
    "turn_on_ratio": 1.0
  },
  "5": {
    "validity_ratio": 0.38125,
    "below": 0,
    "above": 3.600670856512291,
    "turn_on_times": 0,
    "turn_on_ratio": 0.0
  },
  "6": {
    "validity_ratio": 0.3784722222222222,
    "below": -0.1094384851451172,
    "above": 3.367945714310502,
    "turn_on_times": 1,
    "turn_on_ratio": 1.0
  },
  "7": {
    "validity_ratio": 0.38472222222222224,
    "below": -0.6220294640062322,
    "above": 4.108236561221849,
    "turn_on_times": 0,
    "turn_on_ratio": 0.0
  },
  "8": {
    "validity_ratio": 0.38125,
    "below": 0,
    "above": 0,
    "turn_on_times": 0,
    "turn_on_ratio": 0
  },
  "9": {
    "validity_ratio": 0.3819444444444444,
    "below": 0,
    "above": 0,
    "turn_on_times": 0,
    "turn_on_ratio": 0
  },
  "10": {
    "validity_ratio": 0.22083333333333333,
    "below": 0,
    "above": 0,
    "turn_on_times": 0,
    "turn_on_ratio": 0
  },
  "12": {
    "validity_ratio": 0.38333333333333336,
    "below": 0,
    "above": 3.132351412873877,
    "turn_on_times": 0,
    "turn_on_ratio": 0.0
  },
  "13": {
    "validity_ratio": 0.38125,
    "below": 0,
    "above": 14.249456185688652,
    "turn_on_times": 0,
    "turn_on_ratio": 0.0
  }
}