{
  "1": {
    "validity_ratio": 0.4965277777777778,
    "below": 0,
    "above": 10.497648516722817,
    "turn_on_times": 0,
    "turn_on_ratio": 0.0
  },
  "2": {
    "validity_ratio": 0.5027777777777778,
    "below": 0,
    "above": 7.758991074386868,
    "turn_on_times": 0,
    "turn_on_ratio": 0.0
  },
  "3": {
    "validity_ratio": 0.49930555555555556,
    "below": 0,
    "above": 7.452211921897708,
    "turn_on_times": 0,
    "turn_on_ratio": 0.0
  },
  "4": {
    "validity_ratio": 0.5013888888888889,
    "below": 0,
    "above": 0,
    "turn_on_times": 3,
    "turn_on_ratio": 1.0
  },
  "5": {
    "validity_ratio": 0.49930555555555556,
    "below": 0,
    "above": 10.797042151225341,
    "turn_on_times": 0,
    "turn_on_ratio": 0.0
  },
  "6": {
    "validity_ratio": 0.4965277777777778,
    "below": -0.10944057639900152,
    "above": 4.75669343152354,
    "turn_on_times": 1,
    "turn_on_ratio": 0.5
  },
  "7": {
    "validity_ratio": 0.5027777777777778,
    "below": -0.6219983284723464,
    "above": 5.42847792448404,
    "turn_on_times": 0,
    "turn_on_ratio": 0.0
  },
  "8": {
    "validity_ratio": 0.49930555555555556,
    "below": 0,
    "above": 0,
    "turn_on_times": 0,
    "turn_on_ratio": 0
  },
  "9": {
    "validity_ratio": 0.5,
    "below": 0,
    "above": 0,
    "turn_on_times": 0,
    "turn_on_ratio": 0
  },
  "10": {
    "validity_ratio": 0.24861111111111112,
    "below": 0,
    "above": 0,
    "turn_on_times": 0,
    "turn_on_ratio": 0
  },
  "12": {
    "validity_ratio": 0.5013888888888889,
    "below": 0,
    "above": 9.900251300983497,
    "turn_on_times": 0,
    "turn_on_ratio": 0.0
  },
  "13": {
    "validity_ratio": 0.49930555555555556,
    "below": 0,
    "above": 14.2494492187376,
    "turn_on_times": 1,
    "turn_on_ratio": 0.5
  }
}