{
  "1": {
    "validity_ratio": 0.9909722222222223,
    "below": -7.822230827131916,
    "above": 23.63964945579572,
    "turn_on_times": 1,
    "turn_on_ratio": 0.5
  },
  "2": {
    "validity_ratio": 0.99375,
    "below": 0.0,
    "above": 56.44730212681832,
    "turn_on_times": 0,
    "turn_on_ratio": 0.0
  },
  "3": {
    "validity_ratio": 0.9895833333333334,
    "below": -5.207814640453018,
    "above": 3.9633353112525653,
    "turn_on_times": 1,
    "turn_on_ratio": 0.5
  },
  "4": {
    "validity_ratio": 0.9923611111111111,
    "below": 0.19615677525189434,
    "above": 0.3749527473405038,
    "turn_on_times": 1,
    "turn_on_ratio": 0.25
  },
  "5": {
    "validity_ratio": 0.9909722222222223,
    "below": -0.6153179387345648,
    "above": 6.848452192765392,
    "turn_on_times": 1,
    "turn_on_ratio": 0.25
  },
  "6": {
    "validity_ratio": 0.9958333333333333,
    "below": -1.5697240472946075,
    "above": 2.2117827954731575,
    "turn_on_times": 1,
    "turn_on_ratio": 0.25
  },
  "7": {
    "validity_ratio": 0.9909722222222223,
    "below": -1.1932279189906376,
    "above": 18.077523045993168,
    "turn_on_times": 1,
    "turn_on_ratio": 0.25
  },
  "8": {
    "validity_ratio": 0.9909722222222223,
    "below": -1.792231332583739,
    "above": 0.17021643647631718,
    "turn_on_times": 4,
    "turn_on_ratio": 1.0
  },
  "9": {
    "validity_ratio": 0.9902777777777778,
    "below": 0.008860574990986607,
    "above": 30.154245791176013,
    "turn_on_times": 0,
    "turn_on_ratio": 0.0
  },
  "10": {
    "validity_ratio": 0.0,
    "below": 0,
    "above": 0,
    "turn_on_times": 0,
    "turn_on_ratio": 0
  }
}