{
  "1": {
    "validity_ratio": 0.4465277777777778,
    "below": 0.512541437074261,
    "above": 13.579373952583236,
    "turn_on_times": 0,
    "turn_on_ratio": 0
  },
  "2": {
    "validity_ratio": 0.44305555555555554,
    "below": -0.5306164880930699,
    "above": 0.274358829027778,
    "turn_on_times": 0,
    "turn_on_ratio": 0
  },
  "3": {
    "validity_ratio": 0.4409722222222222,
    "below": -1.8325522105885368,
    "above": 4.651948127523731,
    "turn_on_times": 0,
    "turn_on_ratio": 0
  },
  "4": {
    "validity_ratio": 0.44722222222222224,
    "below": -1.0135007091926471,
    "above": 0.9913967269844454,
    "turn_on_times": 0,
    "turn_on_ratio": 0.0
  },
  "5": {
    "validity_ratio": 0.4444444444444444,
    "below": 0.07252782199601822,
    "above": 2.012934168126165,
    "turn_on_times": 0,
    "turn_on_ratio": 0.0
  },
  "6": {
    "validity_ratio": 0.44305555555555554,
    "below": 0.0012144336365715626,
    "above": 5.58183461005952,
    "turn_on_times": 0,
    "turn_on_ratio": 0.0
  },
  "7": {
    "validity_ratio": 0.4409722222222222,
    "below": -0.592498190048191,
    "above": 1.1575036907083127,
    "turn_on_times": 1,
    "turn_on_ratio": 1.0
  },
  "8": {
    "validity_ratio": 0.4465277777777778,
    "below": -1.4489630533343072,
    "above": 0,
    "turn_on_times": 1,
    "turn_on_ratio": 1.0
  },
  "9": {
    "validity_ratio": 0.44375,
    "below": 0.0,
    "above": 7.032120167948019,
    "turn_on_times": 0,
    "turn_on_ratio": 0.0
  },
  "10": {
    "validity_ratio": 0.0,
    "below": 0,
    "above": 0,
    "turn_on_times": 0,
    "turn_on_ratio": 0
  }
}