{
  "1": {
    "validity_ratio": 0.4263888888888889,
    "below": 0.36752253800111734,
    "above": 13.579035016044493,
    "turn_on_times": 0,
    "turn_on_ratio": 0
  },
  "2": {
    "validity_ratio": 0.42916666666666664,
    "below": -0.5310239143945983,
    "above": 0.08563393032500008,
    "turn_on_times": 0,
    "turn_on_ratio": 0
  },
  "3": {
    "validity_ratio": 0.4270833333333333,
    "below": -1.70022553535907,
    "above": 4.653149672049759,
    "turn_on_times": 0,
    "turn_on_ratio": 0
  },
  "4": {
    "validity_ratio": 0.4263888888888889,
    "below": -0.8474391194562332,
    "above": 0.9937637600752671,
    "turn_on_times": 0,
    "turn_on_ratio": 0.0
  },
  "5": {
    "validity_ratio": 0.4236111111111111,
    "below": 0.024667498616681223,
    "above": 2.0150247612934673,
    "turn_on_times": 0,
    "turn_on_ratio": 0.0
  },
  "6": {
    "validity_ratio": 0.42916666666666664,
    "below": -0.004343214697685244,
    "above": 5.5838150954960035,
    "turn_on_times": 0,
    "turn_on_ratio": 0.0
  },
  "7": {
    "validity_ratio": 0.4236111111111111,
    "below": -0.5901190801870128,
    "above": 0.6410306595986939,
    "turn_on_times": 1,
    "turn_on_ratio": 1.0
  },
  "8": {
    "validity_ratio": 0.42569444444444443,
    "below": -0.9890215886644835,
    "above": 0,
    "turn_on_times": 1,
    "turn_on_ratio": 1.0
  },
  "9": {
    "validity_ratio": 0.42986111111111114,
    "below": 0.0,
    "above": 5.52020990859537,
    "turn_on_times": 0,
    "turn_on_ratio": 0.0
  },
  "10": {
    "validity_ratio": 0.0,
    "below": 0,
    "above": 0,
    "turn_on_times": 0,
    "turn_on_ratio": 0
  }
}