{
  "1": {
    "validity_ratio": 0.5784722222222223,
    "below": 1.430185414338368,
    "above": 13.579394875967344,
    "turn_on_times": 0,
    "turn_on_ratio": 0
  },
  "2": {
    "validity_ratio": 0.575,
    "below": -0.3894958606407612,
    "above": 2.013135267942144,
    "turn_on_times": 0,
    "turn_on_ratio": 0
  },
  "3": {
    "validity_ratio": 0.5791666666666667,
    "below": -1.700488312644931,
    "above": 4.651861119107431,
    "turn_on_times": 0,
    "turn_on_ratio": 0
  },
  "4": {
    "validity_ratio": 0.5791666666666667,
    "below": -1.0246809125512424,
    "above": 1.2094435140933144,
    "turn_on_times": 0,
    "turn_on_ratio": 0.0
  },
  "5": {
    "validity_ratio": 0.5770833333333333,
    "below": 0.4654128165936042,
    "above": 3.427197426499305,
    "turn_on_times": 0,
    "turn_on_ratio": 0.0
  },
  "6": {
    "validity_ratio": 0.5743055555555555,
    "below": 0.45635192759108734,
    "above": 6.551733912516887,
    "turn_on_times": 0,
    "turn_on_ratio": 0.0
  },
  "7": {
    "validity_ratio": 0.5729166666666666,
    "below": 0.07327466009165445,
    "above": 1.670556957155311,
    "turn_on_times": 1,
    "turn_on_ratio": 1.0
  },
  "8": {
    "validity_ratio": 0.5777777777777777,
    "below": -2.177944001831105,
    "above": 0.09180497561111126,
    "turn_on_times": 1,
    "turn_on_ratio": 1.0
  },
  "9": {
    "validity_ratio": 0.5756944444444444,
    "below": 0.0,
    "above": 17.393276453275938,
    "turn_on_times": 0,
    "turn_on_ratio": 0.0
  },
  "10": {
    "validity_ratio": 0.0,
    "below": 0,
    "above": 0,
    "turn_on_times": 0,
    "turn_on_ratio": 0
  }
}