{
  "1": {
    "validity_ratio": 0.6333333333333333,
    "below": 0,
    "above": 13.579321810154806,
    "turn_on_times": 0,
    "turn_on_ratio": 0
  },
  "2": {
    "validity_ratio": 0.6305555555555555,
    "below": -0.43462466305777714,
    "above": 2.290596738079777,
    "turn_on_times": 0,
    "turn_on_ratio": 0
  },
  "3": {
    "validity_ratio": 0.6347222222222222,
    "below": -1.5973284604236353,
    "above": 5.397607376937057,
    "turn_on_times": 0,
    "turn_on_ratio": 0
  },
  "4": {
    "validity_ratio": 0.6298611111111111,
    "below": -0.9910254480000006,
    "above": 1.645415952884877,
    "turn_on_times": 0,
    "turn_on_ratio": 0.0
  },
  "5": {
    "validity_ratio": 0.6326388888888889,
    "below": 0,
    "above": 4.911150276635694,
    "turn_on_times": 0,
    "turn_on_ratio": 0.0
  },
  "6": {
    "validity_ratio": 0.6298611111111111,
    "below": 0,
    "above": 8.776978534085583,
    "turn_on_times": 0,
    "turn_on_ratio": 0.0
  },
  "7": {
    "validity_ratio": 0.6284722222222222,
    "below": -0.4106467251687007,
    "above": 1.9013116870343505,
    "turn_on_times": 1,
    "turn_on_ratio": 1.0
  },
  "8": {
    "validity_ratio": 0.6333333333333333,
    "below": -1.9946010343973612,
    "above": 0.24349382260888874,
    "turn_on_times": 2,
    "turn_on_ratio": 1.0
  },
  "9": {
    "validity_ratio": 0.63125,
    "below": -0.19790214629377692,
    "above": 17.406871115226814,
    "turn_on_times": 0,
    "turn_on_ratio": 0.0
  },
  "10": {
    "validity_ratio": 0.0,
    "below": 0,
    "above": 0,
    "turn_on_times": 0,
    "turn_on_ratio": 0
  }
}