{
  "1": {
    "validity_ratio": 0.5923611111111111,
    "below": 1.4301772453266435,
    "above": 13.579358898023175,
    "turn_on_times": 0,
    "turn_on_ratio": 0
  },
  "2": {
    "validity_ratio": 0.5888888888888889,
    "below": -0.333482847356706,
    "above": 2.2904960829051593,
    "turn_on_times": 0,
    "turn_on_ratio": 0
  },
  "3": {
    "validity_ratio": 0.5930555555555556,
    "below": -1.6635429710549077,
    "above": 4.797463092453543,
    "turn_on_times": 0,
    "turn_on_ratio": 0
  },
  "4": {
    "validity_ratio": 0.5930555555555556,
    "below": -1.0246412672981637,
    "above": 1.4613388386262822,
    "turn_on_times": 0,
    "turn_on_ratio": 0.0
  },
  "5": {
    "validity_ratio": 0.5909722222222222,
    "below": 0.46548050506588157,
    "above": 3.760779114517631,
    "turn_on_times": 0,
    "turn_on_ratio": 0.0
  },
  "6": {
    "validity_ratio": 0.5881944444444445,
    "below": 0.45643229627999493,
    "above": 7.070843530127862,
    "turn_on_times": 0,
    "turn_on_ratio": 0.0
  },
  "7": {
    "validity_ratio": 0.5868055555555556,
    "below": 0.17357892307449016,
    "above": 1.6705538571284675,
    "turn_on_times": 1,
    "turn_on_ratio": 1.0
  },
  "8": {
    "validity_ratio": 0.5916666666666667,
    "below": -2.177855051829195,
    "above": 0.09180207269444464,
    "turn_on_times": 1,
    "turn_on_ratio": 1.0
  },
  "9": {
    "validity_ratio": 0.5895833333333333,
    "below": 0.0,
    "above": 17.392880475918474,
    "turn_on_times": 0,
    "turn_on_ratio": 0.0
  },
  "10": {
    "validity_ratio": 0.0,
    "below": 0,
    "above": 0,
    "turn_on_times": 0,
    "turn_on_ratio": 0
  }
}