{
  "1": {
    "validity_ratio": 0.6611111111111111,
    "below": 0,
    "above": 13.57931971428346,
    "turn_on_times": 0,
    "turn_on_ratio": 0
  },
  "2": {
    "validity_ratio": 0.6583333333333333,
    "below": -0.43462521183333297,
    "above": 2.603809117615266,
    "turn_on_times": 0,
    "turn_on_ratio": 0
  },
  "3": {
    "validity_ratio": 0.6625,
    "below": -1.5973292607302123,
    "above": 5.797615371474277,
    "turn_on_times": 0,
    "turn_on_ratio": 0
  },
  "4": {
    "validity_ratio": 0.6576388888888889,
    "below": -0.991026086111111,
    "above": 1.745252373347594,
    "turn_on_times": 0,
    "turn_on_ratio": 0.0
  },
  "5": {
    "validity_ratio": 0.6604166666666667,
    "below": 0,
    "above": 5.031163512170521,
    "turn_on_times": 0,
    "turn_on_ratio": 0.0
  },
  "6": {
    "validity_ratio": 0.6576388888888889,
    "below": 0,
    "above": 9.03062840480073,
    "turn_on_times": 0,
    "turn_on_ratio": 0.0
  },
  "7": {
    "validity_ratio": 0.65625,
    "below": -0.4106477165478558,
    "above": 2.103191568667876,
    "turn_on_times": 1,
    "turn_on_ratio": 1.0
  },
  "8": {
    "validity_ratio": 0.6611111111111111,
    "below": -1.9945989347855988,
    "above": 0.7047611405277786,
    "turn_on_times": 2,
    "turn_on_ratio": 1.0
  },
  "9": {
    "validity_ratio": 0.6590277777777778,
    "below": -0.19790262484525747,
    "above": 17.406845815378237,
    "turn_on_times": 0,
    "turn_on_ratio": 0.0
  },
  "10": {
    "validity_ratio": 0.0,
    "below": 0,
    "above": 0,
    "turn_on_times": 0,
    "turn_on_ratio": 0
  }
}