{
  "1": {
    "validity_ratio": 0.8708333333333333,
    "below": -1.7156900999541005,
    "above": 28.579130669578866,
    "turn_on_times": 0,
    "turn_on_ratio": 0.0
  },
  "2": {
    "validity_ratio": 0.8729166666666667,
    "below": -1.4601446935198277,
    "above": 11.951146499354323,
    "turn_on_times": 1,
    "turn_on_ratio": 1.0
  },
  "3": {
    "validity_ratio": 0.8694444444444445,
    "below": -2.9501493177598235,
    "above": 13.450798655303856,
    "turn_on_times": 0,
    "turn_on_ratio": 0.0
  },
  "4": {
    "validity_ratio": 0.8736111111111111,
    "below": -1.4921097271874617,
    "above": 4.535711445527944,
    "turn_on_times": 3,
    "turn_on_ratio": 0.6
  },
  "5": {
    "validity_ratio": 0.8694444444444445,
    "below": -2.1635484752146206,
    "above": 12.2752735774618,
    "turn_on_times": 1,
    "turn_on_ratio": 0.2
  },
  "6": {
    "validity_ratio": 0.8708333333333333,
    "below": -0.5308753364209348,
    "above": 12.921363206008769,
    "turn_on_times": 0,
    "turn_on_ratio": 0.0
  },
  "7": {
    "validity_ratio": 0.8736111111111111,
    "below": -8.464930972480504,
    "above": 14.53462582805415,
    "turn_on_times": 0,
    "turn_on_ratio": 0.0
  },
  "8": {
    "validity_ratio": 0.8736111111111111,
    "below": -0.03977926010714553,
    "above": 0,
    "turn_on_times": 5,
    "turn_on_ratio": 0.8333333333333334
  },
  "9": {
    "validity_ratio": 0.8701388888888889,
    "below": 0,
    "above": 14.278856988414443,
    "turn_on_times": 1,
    "turn_on_ratio": 0.16666666666666666
  },
  "10": {
    "validity_ratio": 0.8375,
    "below": -2.122505864751637,
    "above": 0,
    "turn_on_times": 2,
    "turn_on_ratio": 1.0
  },
  "12": {
    "validity_ratio": 0.8736111111111111,
    "below": 0,
    "above": 51.59344863465812,
    "turn_on_times": 1,
    "turn_on_ratio": 0.2
  },
  "13": {
    "validity_ratio": 0.0,
    "below": 0,
    "above": 0,
    "turn_on_times": 0,
    "turn_on_ratio": 0.0
  }
}