{
  "1": {
    "validity_ratio": 0.7326388888888888,
    "below": -0.9595347928232519,
    "above": 28.579274304807733,
    "turn_on_times": 0,
    "turn_on_ratio": 0.0
  },
  "2": {
    "validity_ratio": 0.7340277777777777,
    "below": -1.4602200652523112,
    "above": 2.0533531630300463,
    "turn_on_times": 1,
    "turn_on_ratio": 1.0
  },
  "3": {
    "validity_ratio": 0.7347222222222223,
    "below": -2.950319240895331,
    "above": 1.9988134808037363,
    "turn_on_times": 0,
    "turn_on_ratio": 0.0
  },
  "4": {
    "validity_ratio": 0.7368055555555556,
    "below": -1.395468262495557,
    "above": 1.7599543116539602,
    "turn_on_times": 3,
    "turn_on_ratio": 1.0
  },
  "5": {
    "validity_ratio": 0.7368055555555556,
    "below": -2.163649708420406,
    "above": 12.247885598716381,
    "turn_on_times": 0,
    "turn_on_ratio": 0.0
  },
  "6": {
    "validity_ratio": 0.7381944444444445,
    "below": -0.5308655354206699,
    "above": 10.078424468024274,
    "turn_on_times": 0,
    "turn_on_ratio": 0.0
  },
  "7": {
    "validity_ratio": 0.7340277777777777,
    "below": -7.6855212707846,
    "above": 7.715897431779945,
    "turn_on_times": 0,
    "turn_on_ratio": 0.0
  },
  "8": {
    "validity_ratio": 0.7333333333333333,
    "below": -0.03979373090567548,
    "above": 0,
    "turn_on_times": 4,
    "turn_on_ratio": 1.0
  },
  "9": {
    "validity_ratio": 0.7381944444444445,
    "below": 0,
    "above": 14.278299914382394,
    "turn_on_times": 0,
    "turn_on_ratio": 0.0
  },
  "10": {
    "validity_ratio": 0.7381944444444445,
    "below": 0,
    "above": 0,
    "turn_on_times": 0,
    "turn_on_ratio": 0
  },
  "12": {
    "validity_ratio": 0.7340277777777777,
    "below": 0,
    "above": 34.18174501277577,
    "turn_on_times": 0,
    "turn_on_ratio": 0.0
  },
  "13": {
    "validity_ratio": 0.0,
    "below": 0,
    "above": 0,
    "turn_on_times": 0,
    "turn_on_ratio": 0.0
  }
}