{
  "1": {
    "validity_ratio": 0.525,
    "below": 0,
    "above": 21.71465332370848,
    "turn_on_times": 0,
    "turn_on_ratio": 0.0
  },
  "2": {
    "validity_ratio": 0.5256944444444445,
    "below": -1.4602153420119701,
    "above": 0,
    "turn_on_times": 1,
    "turn_on_ratio": 1.0
  },
  "3": {
    "validity_ratio": 0.5263888888888889,
    "below": -2.9503085925025987,
    "above": 1.4500437078846562,
    "turn_on_times": 0,
    "turn_on_ratio": 0.0
  },
  "4": {
    "validity_ratio": 0.5236111111111111,
    "below": -1.2499920769883557,
    "above": 0.23488327229098416,
    "turn_on_times": 3,
    "turn_on_ratio": 1.0
  },
  "5": {
    "validity_ratio": 0.5208333333333334,
    "below": -2.1636433645465742,
    "above": 12.247875451061995,
    "turn_on_times": 0,
    "turn_on_ratio": 0.0
  },
  "6": {
    "validity_ratio": 0.5229166666666667,
    "below": 0,
    "above": 10.078422162101957,
    "turn_on_times": 0,
    "turn_on_ratio": 0.0
  },
  "7": {
    "validity_ratio": 0.5263888888888889,
    "below": -3.3832412886237595,
    "above": 6.195570460229624,
    "turn_on_times": 0,
    "turn_on_ratio": 0.0
  },
  "8": {
    "validity_ratio": 0.5256944444444445,
    "below": -0.03979282407950713,
    "above": 0,
    "turn_on_times": 3,
    "turn_on_ratio": 1.0
  },
  "9": {
    "validity_ratio": 0.5229166666666667,
    "below": 0,
    "above": 13.637873239672047,
    "turn_on_times": 0,
    "turn_on_ratio": 0.0
  },
  "10": {
    "validity_ratio": 0.5229166666666667,
    "below": 0,
    "above": 0,
    "turn_on_times": 0,
    "turn_on_ratio": 0
  },
  "12": {
    "validity_ratio": 0.5256944444444445,
    "below": 0,
    "above": 23.680404428300356,
    "turn_on_times": 0,
    "turn_on_ratio": 0.0
  },
  "13": {
    "validity_ratio": 0.0,
    "below": 0,
    "above": 0,
    "turn_on_times": 0,
    "turn_on_ratio": 0.0
  }
}