{
  "1": {
    "validity_ratio": 0.47638888888888886,
    "below": 0,
    "above": 18.013333333333396,
    "turn_on_times": 0,
    "turn_on_ratio": 0.0
  },
  "2": {
    "validity_ratio": 0.47708333333333336,
    "below": -1.4601538295381769,
    "above": 0,
    "turn_on_times": 1,
    "turn_on_ratio": 1.0
  },
  "3": {
    "validity_ratio": 0.4777777777777778,
    "below": -2.3350172648966856,
    "above": 1.4378347453979334,
    "turn_on_times": 0,
    "turn_on_ratio": 0.0
  },
  "4": {
    "validity_ratio": 0.475,
    "below": -1.103876141978266,
    "above": 0.23488338931147604,
    "turn_on_times": 3,
    "turn_on_ratio": 1.0
  },
  "5": {
    "validity_ratio": 0.4722222222222222,
    "below": -1.9458931340142953,
    "above": 12.247743294474663,
    "turn_on_times": 0,
    "turn_on_ratio": 0.0
  },
  "6": {
    "validity_ratio": 0.47430555555555554,
    "below": 0,
    "above": 9.379885183294475,
    "turn_on_times": 0,
    "turn_on_ratio": 0.0
  },
  "7": {
    "validity_ratio": 0.4777777777777778,
    "below": -1.6496289935424722,
    "above": 6.1954376863216805,
    "turn_on_times": 0,
    "turn_on_ratio": 0.0
  },
  "8": {
    "validity_ratio": 0.47708333333333336,
    "below": -0.039781014153079455,
    "above": 0,
    "turn_on_times": 3,
    "turn_on_ratio": 1.0
  },
  "9": {
    "validity_ratio": 0.47430555555555554,
    "below": 0,
    "above": 13.638352972731308,
    "turn_on_times": 0,
    "turn_on_ratio": 0.0
  },
  "10": {
    "validity_ratio": 0.47430555555555554,
    "below": 0,
    "above": 0,
    "turn_on_times": 0,
    "turn_on_ratio": 0
  },
  "12": {
    "validity_ratio": 0.47708333333333336,
    "below": 0,
    "above": 20.97645276310223,
    "turn_on_times": 0,
    "turn_on_ratio": 0.0
  },
  "13": {
    "validity_ratio": 0.0,
    "below": 0,
    "above": 0,
    "turn_on_times": 0,
    "turn_on_ratio": 0.0
  }
}