{
  "1": {
    "validity_ratio": 0.98125,
    "below": -1.7157789667662442,
    "above": 31.419626674359737,
    "turn_on_times": 0,
    "turn_on_ratio": 0.0
  },
  "2": {
    "validity_ratio": 0.9770833333333333,
    "below": -1.4603336449160653,
    "above": 18.769976210047908,
    "turn_on_times": 1,
    "turn_on_ratio": 0.5
  },
  "3": {
    "validity_ratio": 0.9805555555555555,
    "below": -2.9505753025773354,
    "above": 21.267230381282374,
    "turn_on_times": 0,
    "turn_on_ratio": 0.0
  },
  "4": {
    "validity_ratio": 0.9770833333333333,
    "below": -1.4919189954876615,
    "above": 5.055713901160477,
    "turn_on_times": 4,
    "turn_on_ratio": 0.6666666666666666
  },
  "5": {
    "validity_ratio": 0.9805555555555555,
    "below": -2.163802259424548,
    "above": 18.294077549942156,
    "turn_on_times": 1,
    "turn_on_ratio": 0.16666666666666666
  },
  "6": {
    "validity_ratio": 0.98125,
    "below": -0.5391842169872563,
    "above": 17.53557666529435,
    "turn_on_times": 0,
    "turn_on_ratio": 0.0
  },
  "7": {
    "validity_ratio": 0.9777777777777777,
    "below": -10.268497627742583,
    "above": 17.08701189555528,
    "turn_on_times": 1,
    "turn_on_ratio": 0.5
  },
  "8": {
    "validity_ratio": 0.9784722222222222,
    "below": -0.03981553733597944,
    "above": 0,
    "turn_on_times": 5,
    "turn_on_ratio": 0.8333333333333334
  },
  "9": {
    "validity_ratio": 0.98125,
    "below": 0,
    "above": 14.277460413868392,
    "turn_on_times": 1,
    "turn_on_ratio": 0.16666666666666666
  },
  "10": {
    "validity_ratio": 0.9444444444444444,
    "below": -5.426376462863892,
    "above": 0,
    "turn_on_times": 2,
    "turn_on_ratio": 1.0
  },
  "12": {
    "validity_ratio": 0.9777777777777777,
    "below": 0,
    "above": 52.45773954686157,
    "turn_on_times": 1,
    "turn_on_ratio": 0.16666666666666666
  },
  "13": {
    "validity_ratio": 0.0,
    "below": 0,
    "above": 0,
    "turn_on_times": 0,
    "turn_on_ratio": 0.0
  }
}