{
  "1": {
    "validity_ratio": 0.4486111111111111,
    "below": 0,
    "above": 16.14666666666672,
    "turn_on_times": 0,
    "turn_on_ratio": 0.0
  },
  "2": {
    "validity_ratio": 0.4423611111111111,
    "below": -1.460342509010584,
    "above": 0,
    "turn_on_times": 1,
    "turn_on_ratio": 1.0
  },
  "3": {
    "validity_ratio": 0.45069444444444445,
    "below": -1.9454206680252155,
    "above": 1.4293708879688385,
    "turn_on_times": 0,
    "turn_on_ratio": 0.0
  },
  "4": {
    "validity_ratio": 0.45416666666666666,
    "below": -1.1036637893476997,
    "above": 0.23488303037021926,
    "turn_on_times": 3,
    "turn_on_ratio": 1.0
  },
  "5": {
    "validity_ratio": 0.4513888888888889,
    "below": -1.5786949593964088,
    "above": 12.24814866323381,
    "turn_on_times": 0,
    "turn_on_ratio": 0.0
  },
  "6": {
    "validity_ratio": 0.4534722222222222,
    "below": 0,
    "above": 8.884689043181128,
    "turn_on_times": 0,
    "turn_on_ratio": 0.0
  },
  "7": {
    "validity_ratio": 0.45,
    "below": -0.22584994089013358,
    "above": 6.195844948611027,
    "turn_on_times": 0,
    "turn_on_ratio": 0.0
  },
  "8": {
    "validity_ratio": 0.44930555555555557,
    "below": -0.039817239174609165,
    "above": 0,
    "turn_on_times": 3,
    "turn_on_ratio": 1.0
  },
  "9": {
    "validity_ratio": 0.4534722222222222,
    "below": 0,
    "above": 13.636881435365012,
    "turn_on_times": 0,
    "turn_on_ratio": 0.0
  },
  "10": {
    "validity_ratio": 0.4534722222222222,
    "below": 0,
    "above": 0,
    "turn_on_times": 0,
    "turn_on_ratio": 0
  },
  "12": {
    "validity_ratio": 0.44930555555555557,
    "below": 0,
    "above": 18.361060925031587,
    "turn_on_times": 0,
    "turn_on_ratio": 0.0
  },
  "13": {
    "validity_ratio": 0.0,
    "below": 0,
    "above": 0,
    "turn_on_times": 0,
    "turn_on_ratio": 0.0
  }
}