{
  "1": {
    "validity_ratio": 0.7916666666666666,
    "below": -0.3148792437726407,
    "above": 0.3015962312796549,
    "turn_on_times": 3,
    "turn_on_ratio": 0.75
  },
  "2": {
    "validity_ratio": 0.7902777777777777,
    "below": 0,
    "above": 5.015293168261108,
    "turn_on_times": 1,
    "turn_on_ratio": 0.25
  },
  "3": {
    "validity_ratio": 0.7930555555555555,
    "below": 0,
    "above": 8.728987378751484,
    "turn_on_times": 0,
    "turn_on_ratio": 0.0
  },
  "4": {
    "validity_ratio": 0.7944444444444444,
    "below": 0,
    "above": 1.9519898983190254,
    "turn_on_times": 1,
    "turn_on_ratio": 0.3333333333333333
  },
  "5": {
    "validity_ratio": 0.7902777777777777,
    "below": 0,
    "above": 3.2397617093061974,
    "turn_on_times": 0,
    "turn_on_ratio": 0.0
  },
  "6": {
    "validity_ratio": 0.7930555555555555,
    "below": -5.669228193392459,
    "above": 0,
    "turn_on_times": 1,
    "turn_on_ratio": 0.3333333333333333
  },
  "7": {
    "validity_ratio": 0.7916666666666666,
    "below": 0,
    "above": 1.1922816032198682,
    "turn_on_times": 1,
    "turn_on_ratio": 0.3333333333333333
  },
  "8": {
    "validity_ratio": 0.7944444444444444,
    "below": -6.944087904312132,
    "above": 0.015165051981445236,
    "turn_on_times": 2,
    "turn_on_ratio": 1.0
  },
  "9": {
    "validity_ratio": 0.7944444444444444,
    "below": 0,
    "above": 22.85971249119105,
    "turn_on_times": 0,
    "turn_on_ratio": 0.0
  },
  "10": {
    "validity_ratio": 0.7895833333333333,
    "below": 0,
    "above": 0,
    "turn_on_times": 0,
    "turn_on_ratio": 0
  }
}