{
  "1": {
    "validity_ratio": 0.8951388888888889,
    "below": -0.31490921940296934,
    "above": 0.30167215181289075,
    "turn_on_times": 3,
    "turn_on_ratio": 0.75
  },
  "2": {
    "validity_ratio": 0.8951388888888889,
    "below": 0,
    "above": 5.015441127253457,
    "turn_on_times": 1,
    "turn_on_ratio": 0.25
  },
  "3": {
    "validity_ratio": 0.8972222222222223,
    "below": 0,
    "above": 8.72924072340066,
    "turn_on_times": 0,
    "turn_on_ratio": 0.0
  },
  "4": {
    "validity_ratio": 0.8986111111111111,
    "below": 0,
    "above": 1.951939952727701,
    "turn_on_times": 1,
    "turn_on_ratio": 0.3333333333333333
  },
  "5": {
    "validity_ratio": 0.8944444444444445,
    "below": 0,
    "above": 3.239739237547243,
    "turn_on_times": 0,
    "turn_on_ratio": 0.0
  },
  "6": {
    "validity_ratio": 0.8972222222222223,
    "below": -5.669298597214263,
    "above": 0,
    "turn_on_times": 1,
    "turn_on_ratio": 0.3333333333333333
  },
  "7": {
    "validity_ratio": 0.8965277777777778,
    "below": 0,
    "above": 1.1922368809807016,
    "turn_on_times": 1,
    "turn_on_ratio": 0.3333333333333333
  },
  "8": {
    "validity_ratio": 0.8986111111111111,
    "below": -7.80817997260434,
    "above": 0.015179145407763776,
    "turn_on_times": 2,
    "turn_on_ratio": 1.0
  },
  "9": {
    "validity_ratio": 0.8986111111111111,
    "below": 0,
    "above": 29.403798091542004,
    "turn_on_times": 0,
    "turn_on_ratio": 0.0
  },
  "10": {
    "validity_ratio": 0.89375,
    "below": 0,
    "above": 0,
    "turn_on_times": 0,
    "turn_on_ratio": 0
  }
}