{
  "1": {
    "validity_ratio": 0.6256944444444444,
    "below": -0.26371410999849076,
    "above": 0.20104763529577513,
    "turn_on_times": 2,
    "turn_on_ratio": 0.6666666666666666
  },
  "2": {
    "validity_ratio": 0.6236111111111111,
    "below": 0,
    "above": 1.567357797853361,
    "turn_on_times": 1,
    "turn_on_ratio": 0.3333333333333333
  },
  "3": {
    "validity_ratio": 0.6277777777777778,
    "below": 0,
    "above": 3.6542103725853146,
    "turn_on_times": 0,
    "turn_on_ratio": 0.0
  },
  "4": {
    "validity_ratio": 0.6277777777777778,
    "below": 0,
    "above": 0.8837013472678839,
    "turn_on_times": 1,
    "turn_on_ratio": 0.3333333333333333
  },
  "5": {
    "validity_ratio": 0.6229166666666667,
    "below": 0,
    "above": 1.6401298855492805,
    "turn_on_times": 0,
    "turn_on_ratio": 0.0
  },
  "6": {
    "validity_ratio": 0.6243055555555556,
    "below": -3.6565984032766585,
    "above": 0,
    "turn_on_times": 1,
    "turn_on_ratio": 0.3333333333333333
  },
  "7": {
    "validity_ratio": 0.625,
    "below": 0,
    "above": 0.23254955869324426,
    "turn_on_times": 1,
    "turn_on_ratio": 0.3333333333333333
  },
  "8": {
    "validity_ratio": 0.6277777777777778,
    "below": -1.863723640807278,
    "above": 0.015132423957902161,
    "turn_on_times": 2,
    "turn_on_ratio": 1.0
  },
  "9": {
    "validity_ratio": 0.6277777777777778,
    "below": 0,
    "above": 13.083490713944752,
    "turn_on_times": 0,
    "turn_on_ratio": 0.0
  },
  "10": {
    "validity_ratio": 0.6229166666666667,
    "below": 0,
    "above": 0,
    "turn_on_times": 0,
    "turn_on_ratio": 0
  }
}