{
  "1": {
    "validity_ratio": 0.5145833333333333,
    "below": -0.26376371020079753,
    "above": 0.2012323424229384,
    "turn_on_times": 2,
    "turn_on_ratio": 0.6666666666666666
  },
  "2": {
    "validity_ratio": 0.5125,
    "below": 0,
    "above": 1.5677588584861741,
    "turn_on_times": 1,
    "turn_on_ratio": 0.3333333333333333
  },
  "3": {
    "validity_ratio": 0.5166666666666667,
    "below": 0,
    "above": 3.6548549218967255,
    "turn_on_times": 0,
    "turn_on_ratio": 0.0
  },
  "4": {
    "validity_ratio": 0.5104166666666666,
    "below": 0,
    "above": 0,
    "turn_on_times": 0,
    "turn_on_ratio": 0
  },
  "5": {
    "validity_ratio": 0.5118055555555555,
    "below": 0,
    "above": 0,
    "turn_on_times": 0,
    "turn_on_ratio": 0
  },
  "6": {
    "validity_ratio": 0.5131944444444444,
    "below": 0,
    "above": 0,
    "turn_on_times": 0,
    "turn_on_ratio": 0
  },
  "7": {
    "validity_ratio": 0.5159722222222223,
    "below": 0,
    "above": 0,
    "turn_on_times": 0,
    "turn_on_ratio": 0
  },
  "8": {
    "validity_ratio": 0.5118055555555555,
    "below": 0,
    "above": 0.015176976769847673,
    "turn_on_times": 1,
    "turn_on_ratio": 1.0
  },
  "9": {
    "validity_ratio": 0.5118055555555555,
    "below": 0,
    "above": 3.7823230694268846,
    "turn_on_times": 0,
    "turn_on_ratio": 0.0
  },
  "10": {
    "validity_ratio": 0.5118055555555555,
    "below": 0,
    "above": 0,
    "turn_on_times": 0,
    "turn_on_ratio": 0
  }
}