{
  "1": {
    "validity_ratio": 0.9694444444444444,
    "below": -0.41536796196632914,
    "above": 0.37505025585640545,
    "turn_on_times": 4,
    "turn_on_ratio": 0.8
  },
  "2": {
    "validity_ratio": 0.9715277777777778,
    "below": 0,
    "above": 5.313428193854964,
    "turn_on_times": 1,
    "turn_on_ratio": 0.2
  },
  "3": {
    "validity_ratio": 0.9736111111111111,
    "below": 0,
    "above": 9.185833062795856,
    "turn_on_times": 0,
    "turn_on_ratio": 0.0
  },
  "4": {
    "validity_ratio": 0.96875,
    "below": 0,
    "above": 2.0417001371863783,
    "turn_on_times": 2,
    "turn_on_ratio": 0.3333333333333333
  },
  "5": {
    "validity_ratio": 0.9708333333333333,
    "below": 0,
    "above": 3.73195302492974,
    "turn_on_times": 0,
    "turn_on_ratio": 0.0
  },
  "6": {
    "validity_ratio": 0.9736111111111111,
    "below": -5.754116081302719,
    "above": 0.22004047969465382,
    "turn_on_times": 2,
    "turn_on_ratio": 0.3333333333333333
  },
  "7": {
    "validity_ratio": 0.9708333333333333,
    "below": -0.1743062757597118,
    "above": 1.3184810282818527,
    "turn_on_times": 2,
    "turn_on_ratio": 0.3333333333333333
  },
  "8": {
    "validity_ratio": 0.975,
    "below": -8.224864416324257,
    "above": 0.02712627501603602,
    "turn_on_times": 2,
    "turn_on_ratio": 1.0
  },
  "9": {
    "validity_ratio": 0.975,
    "below": 0,
    "above": 33.18328986889341,
    "turn_on_times": 0,
    "turn_on_ratio": 0.0
  },
  "10": {
    "validity_ratio": 0.9701388888888889,
    "below": 0,
    "above": 0,
    "turn_on_times": 0,
    "turn_on_ratio": 0
  }
}