{
  "1": {
    "validity_ratio": 0.4270833333333333,
    "below": -0.16390625099944678,
    "above": 0.10094389424902299,
    "turn_on_times": 1,
    "turn_on_ratio": 0.5
  },
  "2": {
    "validity_ratio": 0.42916666666666664,
    "below": 0,
    "above": 0.4880460203555454,
    "turn_on_times": 1,
    "turn_on_ratio": 0.5
  },
  "3": {
    "validity_ratio": 0.4236111111111111,
    "below": 0,
    "above": 1.6573642331802718,
    "turn_on_times": 0,
    "turn_on_ratio": 0.0
  },
  "4": {
    "validity_ratio": 0.4270833333333333,
    "below": 0,
    "above": 0,
    "turn_on_times": 0,
    "turn_on_ratio": 0
  },
  "5": {
    "validity_ratio": 0.42777777777777776,
    "below": 0,
    "above": 0,
    "turn_on_times": 0,
    "turn_on_ratio": 0
  },
  "6": {
    "validity_ratio": 0.42986111111111114,
    "below": 0,
    "above": 0,
    "turn_on_times": 0,
    "turn_on_ratio": 0
  },
  "7": {
    "validity_ratio": 0.42569444444444443,
    "below": 0,
    "above": 0,
    "turn_on_times": 0,
    "turn_on_ratio": 0
  },
  "8": {
    "validity_ratio": 0.4284722222222222,
    "below": 0,
    "above": 0.015186226443124794,
    "turn_on_times": 1,
    "turn_on_ratio": 1.0
  },
  "9": {
    "validity_ratio": 0.4284722222222222,
    "below": 0,
    "above": 3.783132508465434,
    "turn_on_times": 0,
    "turn_on_ratio": 0.0
  },
  "10": {
    "validity_ratio": 0.4284722222222222,
    "below": 0,
    "above": 0,
    "turn_on_times": 0,
    "turn_on_ratio": 0
  }
}