{
  "1": {
    "validity_ratio": 0.4736111111111111,
    "below": -0.2637719310639436,
    "above": 0.1009533068676716,
    "turn_on_times": 2,
    "turn_on_ratio": 0.6666666666666666
  },
  "2": {
    "validity_ratio": 0.4777777777777778,
    "below": 0,
    "above": 0.9687284160685646,
    "turn_on_times": 1,
    "turn_on_ratio": 0.3333333333333333
  },
  "3": {
    "validity_ratio": 0.4756944444444444,
    "below": 0,
    "above": 2.466841389669786,
    "turn_on_times": 0,
    "turn_on_ratio": 0.0
  },
  "4": {
    "validity_ratio": 0.4756944444444444,
    "below": 0,
    "above": 0,
    "turn_on_times": 0,
    "turn_on_ratio": 0
  },
  "5": {
    "validity_ratio": 0.47708333333333336,
    "below": 0,
    "above": 0,
    "turn_on_times": 0,
    "turn_on_ratio": 0
  },
  "6": {
    "validity_ratio": 0.47847222222222224,
    "below": 0,
    "above": 0,
    "turn_on_times": 0,
    "turn_on_ratio": 0
  },
  "7": {
    "validity_ratio": 0.47430555555555554,
    "below": 0,
    "above": 0,
    "turn_on_times": 0,
    "turn_on_ratio": 0
  },
  "8": {
    "validity_ratio": 0.47708333333333336,
    "below": 0,
    "above": 0.015180800260786739,
    "turn_on_times": 1,
    "turn_on_ratio": 1.0
  },
  "9": {
    "validity_ratio": 0.47708333333333336,
    "below": 0,
    "above": 3.7825083448735097,
    "turn_on_times": 0,
    "turn_on_ratio": 0.0
  },
  "10": {
    "validity_ratio": 0.47708333333333336,
    "below": 0,
    "above": 0,
    "turn_on_times": 0,
    "turn_on_ratio": 0
  }
}