{
  "1": {
    "validity_ratio": 0.9958333333333333,
    "below": 0,
    "above": 16.246338385550573,
    "turn_on_times": 0,
    "turn_on_ratio": 0.0
  },
  "2": {
    "validity_ratio": 0.9958333333333333,
    "below": -0.7110409992855571,
    "above": 1.3087739785105286,
    "turn_on_times": 1,
    "turn_on_ratio": 1.0
  },
  "3": {
    "validity_ratio": 0.99375,
    "below": 0,
    "above": 2.9775769110131667,
    "turn_on_times": 0,
    "turn_on_ratio": 0.0
  },
  "4": {
    "validity_ratio": 0.9902777777777778,
    "below": 0,
    "above": 7.7782187350441285,
    "turn_on_times": 0,
    "turn_on_ratio": 0.0
  },
  "5": {
    "validity_ratio": 0.9951388888888889,
    "below": -1.3620277484579826,
    "above": 0.06560473174365705,
    "turn_on_times": 2,
    "turn_on_ratio": 0.6666666666666666
  },
  "6": {
    "validity_ratio": 0.99375,
    "below": 0,
    "above": 16.730140269881176,
    "turn_on_times": 0,
    "turn_on_ratio": 0.0
  },
  "7": {
    "validity_ratio": 0.9951388888888889,
    "below": -0.6289300914728673,
    "above": 2.921744588382512,
    "turn_on_times": 1,
    "turn_on_ratio": 0.3333333333333333
  },
  "8": {
    "validity_ratio": 0.9958333333333333,
    "below": -0.025871701803333265,
    "above": 0,
    "turn_on_times": 1,
    "turn_on_ratio": 1.0
  },
  "9": {
    "validity_ratio": 0.9909722222222223,
    "below": 0,
    "above": 1.6719762789369557,
    "turn_on_times": 0,
    "turn_on_ratio": 0.0
  },
  "10": {
    "validity_ratio": 0.9958333333333333,
    "below": 0,
    "above": 0,
    "turn_on_times": 0,
    "turn_on_ratio": 0
  }
}