{
  "1": {
    "validity_ratio": 0.65,
    "below": -1.460669177746353,
    "above": 27.629113104075326,
    "turn_on_times": 0,
    "turn_on_ratio": 0.0
  },
  "2": {
    "validity_ratio": 0.6479166666666667,
    "below": -0.5844560040359794,
    "above": 4.386934321737027,
    "turn_on_times": 3,
    "turn_on_ratio": 0.3
  },
  "3": {
    "validity_ratio": 0.6458333333333334,
    "below": 0,
    "above": 8.627516625000958,
    "turn_on_times": 0,
    "turn_on_ratio": 0.0
  },
  "4": {
    "validity_ratio": 0.6472222222222223,
    "below": -1.231670587184304,
    "above": 0.05185862239995058,
    "turn_on_times": 2,
    "turn_on_ratio": 0.6666666666666666
  },
  "5": {
    "validity_ratio": 0.6472222222222223,
    "below": -3.4780336188189036,
    "above": 12.568108909228037,
    "turn_on_times": 1,
    "turn_on_ratio": 0.3333333333333333
  },
  "6": {
    "validity_ratio": 0.6493055555555556,
    "below": 0,
    "above": 18.12249432997795,
    "turn_on_times": 6,
    "turn_on_ratio": 0.6
  },
  "7": {
    "validity_ratio": 0.6506944444444445,
    "below": -0.5900000000000011,
    "above": 13.268039938331688,
    "turn_on_times": 1,
    "turn_on_ratio": 0.1
  },
  "8": {
    "validity_ratio": 0.6513888888888889,
    "below": 0,
    "above": 0,
    "turn_on_times": 4,
    "turn_on_ratio": 1.0
  },
  "9": {
    "validity_ratio": 0.6458333333333334,
    "below": 0,
    "above": 21.897815971356067,
    "turn_on_times": 0,
    "turn_on_ratio": 0.0
  },
  "10": {
    "validity_ratio": 0.6472222222222223,
    "below": 0,
    "above": 0,
    "turn_on_times": 0,
    "turn_on_ratio": 0
  },
  "12": {
    "validity_ratio": 0.6486111111111111,
    "below": -0.15880231927444452,
    "above": 24.274301378829158,
    "turn_on_times": 0,
    "turn_on_ratio": 0.0
  },
  "13": {
    "validity_ratio": 0.6493055555555556,
    "below": -1.2959423393245482,
    "above": 7.907576574950848,
    "turn_on_times": 0,
    "turn_on_ratio": 0.0
  }
}