{
  "1": {
    "validity_ratio": 0.12430555555555556,
    "below": 0,
    "above": 1.7958783114999999,
    "turn_on_times": 0,
    "turn_on_ratio": 0.0
  },
  "2": {
    "validity_ratio": 0.11944444444444445,
    "below": 0,
    "above": 1.226592288439157,
    "turn_on_times": 0,
    "turn_on_ratio": 0.0
  },
  "3": {
    "validity_ratio": 0.12013888888888889,
    "below": 0,
    "above": 6.905672878826325,
    "turn_on_times": 0,
    "turn_on_ratio": 0.0
  },
  "4": {
    "validity_ratio": 0.11944444444444445,
    "below": -0.6092349429746262,
    "above": 0.023970889903882128,
    "turn_on_times": 1,
    "turn_on_ratio": 1.0
  },
  "5": {
    "validity_ratio": 0.11805555555555555,
    "below": 0,
    "above": 9.278628044371521,
    "turn_on_times": 0,
    "turn_on_ratio": 0.0
  },
  "6": {
    "validity_ratio": 0.12152777777777778,
    "below": 0,
    "above": 0,
    "turn_on_times": 1,
    "turn_on_ratio": 1.0
  },
  "7": {
    "validity_ratio": 0.12083333333333333,
    "below": 0,
    "above": 0.9842472841279062,
    "turn_on_times": 0,
    "turn_on_ratio": 0.0
  },
  "8": {
    "validity_ratio": 0.12430555555555556,
    "below": 0,
    "above": 0,
    "turn_on_times": 0,
    "turn_on_ratio": 0
  },
  "9": {
    "validity_ratio": 0.11805555555555555,
    "below": 0,
    "above": 0,
    "turn_on_times": 0,
    "turn_on_ratio": 0
  },
  "10": {
    "validity_ratio": 0.11944444444444445,
    "below": 0,
    "above": 0,
    "turn_on_times": 0,
    "turn_on_ratio": 0
  },
  "12": {
    "validity_ratio": 0.12083333333333333,
    "below": 0,
    "above": 7.804281069072963,
    "turn_on_times": 0,
    "turn_on_ratio": 0.0
  },
  "13": {
    "validity_ratio": 0.12152777777777778,
    "below": 0,
    "above": 2.4789818063882967,
    "turn_on_times": 0,
    "turn_on_ratio": 0.0
  }
}