{
  "1": {
    "validity_ratio": 0.7125,
    "below": -2.252441947440412,
    "above": 27.629113935997744,
    "turn_on_times": 0,
    "turn_on_ratio": 0.0
  },
  "2": {
    "validity_ratio": 0.7104166666666667,
    "below": -0.5844570230669398,
    "above": 4.386934527515681,
    "turn_on_times": 3,
    "turn_on_ratio": 0.3
  },
  "3": {
    "validity_ratio": 0.7083333333333334,
    "below": 0,
    "above": 8.62752829569476,
    "turn_on_times": 0,
    "turn_on_ratio": 0.0
  },
  "4": {
    "validity_ratio": 0.7097222222222223,
    "below": -1.23166994392145,
    "above": 0.7981090358395138,
    "turn_on_times": 2,
    "turn_on_ratio": 0.6666666666666666
  },
  "5": {
    "validity_ratio": 0.7097222222222223,
    "below": -3.478032540017782,
    "above": 12.56811675563611,
    "turn_on_times": 1,
    "turn_on_ratio": 0.3333333333333333
  },
  "6": {
    "validity_ratio": 0.7118055555555556,
    "below": 0,
    "above": 21.213089453087804,
    "turn_on_times": 6,
    "turn_on_ratio": 0.6
  },
  "7": {
    "validity_ratio": 0.7131944444444445,
    "below": -0.5900000000000011,
    "above": 15.631734371580938,
    "turn_on_times": 1,
    "turn_on_ratio": 0.1
  },
  "8": {
    "validity_ratio": 0.7138888888888889,
    "below": 0,
    "above": 0,
    "turn_on_times": 5,
    "turn_on_ratio": 0.8333333333333334
  },
  "9": {
    "validity_ratio": 0.7083333333333334,
    "below": 0,
    "above": 21.89781348677228,
    "turn_on_times": 1,
    "turn_on_ratio": 0.16666666666666666
  },
  "10": {
    "validity_ratio": 0.7097222222222223,
    "below": 0,
    "above": 0,
    "turn_on_times": 0,
    "turn_on_ratio": 0
  },
  "12": {
    "validity_ratio": 0.7111111111111111,
    "below": -0.15880275194722232,
    "above": 32.73351431822711,
    "turn_on_times": 0,
    "turn_on_ratio": 0.0
  },
  "13": {
    "validity_ratio": 0.7118055555555556,
    "below": -1.2959435756145703,
    "above": 9.054359173842194,
    "turn_on_times": 0,
    "turn_on_ratio": 0.0
  }
}