{
  "1": {
    "validity_ratio": 0.2763888888888889,
    "below": 0,
    "above": 5.151647824141369,
    "turn_on_times": 0,
    "turn_on_ratio": 0.0
  },
  "2": {
    "validity_ratio": 0.27291666666666664,
    "below": 0,
    "above": 3.366969528784695,
    "turn_on_times": 0,
    "turn_on_ratio": 0.0
  },
  "3": {
    "validity_ratio": 0.2722222222222222,
    "below": 0,
    "above": 6.9058172051380735,
    "turn_on_times": 0,
    "turn_on_ratio": 0.0
  },
  "4": {
    "validity_ratio": 0.2722222222222222,
    "below": -0.6092480259280368,
    "above": 0.023930215009958157,
    "turn_on_times": 1,
    "turn_on_ratio": 1.0
  },
  "5": {
    "validity_ratio": 0.27152777777777776,
    "below": 0,
    "above": 9.278855182065039,
    "turn_on_times": 0,
    "turn_on_ratio": 0.0
  },
  "6": {
    "validity_ratio": 0.2743055555555556,
    "below": 0,
    "above": 0.015807713298152122,
    "turn_on_times": 3,
    "turn_on_ratio": 1.0
  },
  "7": {
    "validity_ratio": 0.2743055555555556,
    "below": 0,
    "above": 3.3526924919357053,
    "turn_on_times": 0,
    "turn_on_ratio": 0.0
  },
  "8": {
    "validity_ratio": 0.2763888888888889,
    "below": 0,
    "above": 0,
    "turn_on_times": 0,
    "turn_on_ratio": 0
  },
  "9": {
    "validity_ratio": 0.2708333333333333,
    "below": 0,
    "above": 0,
    "turn_on_times": 0,
    "turn_on_ratio": 0
  },
  "10": {
    "validity_ratio": 0.2722222222222222,
    "below": 0,
    "above": 0,
    "turn_on_times": 0,
    "turn_on_ratio": 0
  },
  "12": {
    "validity_ratio": 0.27361111111111114,
    "below": 0,
    "above": 7.804440176056677,
    "turn_on_times": 0,
    "turn_on_ratio": 0.0
  },
  "13": {
    "validity_ratio": 0.27361111111111114,
    "below": 0,
    "above": 5.706554397025564,
    "turn_on_times": 0,
    "turn_on_ratio": 0.0
  }
}