{
  "1": {
    "validity_ratio": 0.9465277777777777,
    "below": -2.892518543312036,
    "above": 30.111947657966468,
    "turn_on_times": 1,
    "turn_on_ratio": 0.06666666666666667
  },
  "2": {
    "validity_ratio": 0.9465277777777777,
    "below": -0.5844932751164839,
    "above": 19.32222754593439,
    "turn_on_times": 3,
    "turn_on_ratio": 0.2
  },
  "3": {
    "validity_ratio": 0.94375,
    "below": 0,
    "above": 23.209709906967976,
    "turn_on_times": 0,
    "turn_on_ratio": 0.0
  },
  "4": {
    "validity_ratio": 0.9458333333333333,
    "below": -1.2316470598308236,
    "above": 19.718668537672034,
    "turn_on_times": 2,
    "turn_on_ratio": 0.5
  },
  "5": {
    "validity_ratio": 0.9465277777777777,
    "below": -3.477994161643386,
    "above": 12.622660060075594,
    "turn_on_times": 2,
    "turn_on_ratio": 0.5
  },
  "6": {
    "validity_ratio": 0.9409722222222222,
    "below": 0,
    "above": 29.606493551901522,
    "turn_on_times": 7,
    "turn_on_ratio": 0.4666666666666667
  },
  "7": {
    "validity_ratio": 0.9430555555555555,
    "below": -0.5900000000000011,
    "above": 19.670003467357756,
    "turn_on_times": 3,
    "turn_on_ratio": 0.2
  },
  "8": {
    "validity_ratio": 0.9430555555555555,
    "below": 0,
    "above": 0,
    "turn_on_times": 5,
    "turn_on_ratio": 0.8333333333333334
  },
  "9": {
    "validity_ratio": 0.9444444444444444,
    "below": 0,
    "above": 21.89772508630602,
    "turn_on_times": 1,
    "turn_on_ratio": 0.16666666666666666
  },
  "10": {
    "validity_ratio": 0.9368055555555556,
    "below": 0,
    "above": 0,
    "turn_on_times": 0,
    "turn_on_ratio": 0
  },
  "12": {
    "validity_ratio": 0.9409722222222222,
    "below": -0.15881814429111082,
    "above": 66.37011129824322,
    "turn_on_times": 0,
    "turn_on_ratio": 0.0
  },
  "13": {
    "validity_ratio": 0.9409722222222222,
    "below": -1.295987556660193,
    "above": 32.360089354928135,
    "turn_on_times": 1,
    "turn_on_ratio": 0.06666666666666667
  }
}