{
  "1": {
    "validity_ratio": 0.4354166666666667,
    "below": 0,
    "above": 15.692566544924567,
    "turn_on_times": 0,
    "turn_on_ratio": 0.0
  },
  "2": {
    "validity_ratio": 0.4326388888888889,
    "below": -0.5844791655485216,
    "above": 3.580872246131187,
    "turn_on_times": 1,
    "turn_on_ratio": 0.14285714285714285
  },
  "3": {
    "validity_ratio": 0.43125,
    "below": 0,
    "above": 8.627781588921605,
    "turn_on_times": 0,
    "turn_on_ratio": 0.0
  },
  "4": {
    "validity_ratio": 0.43194444444444446,
    "below": -1.2316559664895095,
    "above": 0.02390816983460362,
    "turn_on_times": 2,
    "turn_on_ratio": 0.6666666666666666
  },
  "5": {
    "validity_ratio": 0.43125,
    "below": -1.6104237595848498,
    "above": 12.527537830344604,
    "turn_on_times": 1,
    "turn_on_ratio": 0.3333333333333333
  },
  "6": {
    "validity_ratio": 0.4340277777777778,
    "below": 0,
    "above": 3.594559679858484,
    "turn_on_times": 6,
    "turn_on_ratio": 0.8571428571428571
  },
  "7": {
    "validity_ratio": 0.43472222222222223,
    "below": 0,
    "above": 7.9689253687472466,
    "turn_on_times": 0,
    "turn_on_ratio": 0.0
  },
  "8": {
    "validity_ratio": 0.4361111111111111,
    "below": 0,
    "above": 0,
    "turn_on_times": 2,
    "turn_on_ratio": 1.0
  },
  "9": {
    "validity_ratio": 0.4305555555555556,
    "below": 0,
    "above": 15.04338439522145,
    "turn_on_times": 0,
    "turn_on_ratio": 0.0
  },
  "10": {
    "validity_ratio": 0.43194444444444446,
    "below": 0,
    "above": 0,
    "turn_on_times": 0,
    "turn_on_ratio": 0
  },
  "12": {
    "validity_ratio": 0.43333333333333335,
    "below": 0,
    "above": 16.52812221078221,
    "turn_on_times": 0,
    "turn_on_ratio": 0.0
  },
  "13": {
    "validity_ratio": 0.4340277777777778,
    "below": -0.9022824493068794,
    "above": 6.511071220069491,
    "turn_on_times": 0,
    "turn_on_ratio": 0.0
  }
}