{
  "1": {
    "validity_ratio": 0.8923611111111112,
    "below": -2.892299947469289,
    "above": 27.69603563361013,
    "turn_on_times": 1,
    "turn_on_ratio": 0.07692307692307693
  },
  "2": {
    "validity_ratio": 0.8979166666666667,
    "below": -0.5843898159201206,
    "above": 15.284780491986519,
    "turn_on_times": 3,
    "turn_on_ratio": 0.23076923076923078
  },
  "3": {
    "validity_ratio": 0.8951388888888889,
    "below": 0,
    "above": 20.212501338539855,
    "turn_on_times": 0,
    "turn_on_ratio": 0.0
  },
  "4": {
    "validity_ratio": 0.8972222222222223,
    "below": -1.2317123684038724,
    "above": 16.457395277265555,
    "turn_on_times": 2,
    "turn_on_ratio": 0.5
  },
  "5": {
    "validity_ratio": 0.8979166666666667,
    "below": -3.4781036891272907,
    "above": 12.593842496871602,
    "turn_on_times": 2,
    "turn_on_ratio": 0.5
  },
  "6": {
    "validity_ratio": 0.8923611111111112,
    "below": 0,
    "above": 29.570210894864395,
    "turn_on_times": 6,
    "turn_on_ratio": 0.46153846153846156
  },
  "7": {
    "validity_ratio": 0.8944444444444445,
    "below": -0.5900000000000011,
    "above": 16.100787481535807,
    "turn_on_times": 3,
    "turn_on_ratio": 0.23076923076923078
  },
  "8": {
    "validity_ratio": 0.8944444444444445,
    "below": 0,
    "above": 0,
    "turn_on_times": 5,
    "turn_on_ratio": 0.8333333333333334
  },
  "9": {
    "validity_ratio": 0.8958333333333334,
    "below": 0,
    "above": 21.89797731274616,
    "turn_on_times": 1,
    "turn_on_ratio": 0.16666666666666666
  },
  "10": {
    "validity_ratio": 0.8958333333333334,
    "below": 0,
    "above": 0,
    "turn_on_times": 0,
    "turn_on_ratio": 0
  },
  "12": {
    "validity_ratio": 0.8923611111111112,
    "below": -0.1504421452958334,
    "above": 61.93970010241215,
    "turn_on_times": 0,
    "turn_on_ratio": 0.0
  },
  "13": {
    "validity_ratio": 0.8923611111111112,
    "below": -1.2958620397944562,
    "above": 28.581822993153118,
    "turn_on_times": 0,
    "turn_on_ratio": 0.0
  }
}