{
  "1": {
    "validity_ratio": 0.38055555555555554,
    "below": 0,
    "above": 10.163120379069301,
    "turn_on_times": 0,
    "turn_on_ratio": 0.0
  },
  "2": {
    "validity_ratio": 0.3770833333333333,
    "below": -0.5844508266820773,
    "above": 3.58086640460448,
    "turn_on_times": 1,
    "turn_on_ratio": 0.14285714285714285
  },
  "3": {
    "validity_ratio": 0.3763888888888889,
    "below": 0,
    "above": 8.261790811900957,
    "turn_on_times": 0,
    "turn_on_ratio": 0.0
  },
  "4": {
    "validity_ratio": 0.3763888888888889,
    "below": -0.6092252805209377,
    "above": 0.02400057854167183,
    "turn_on_times": 1,
    "turn_on_ratio": 1.0
  },
  "5": {
    "validity_ratio": 0.37569444444444444,
    "below": 0,
    "above": 12.52700402532551,
    "turn_on_times": 0,
    "turn_on_ratio": 0.0
  },
  "6": {
    "validity_ratio": 0.3784722222222222,
    "below": 0,
    "above": 1.7969006630253426,
    "turn_on_times": 6,
    "turn_on_ratio": 0.8571428571428571
  },
  "7": {
    "validity_ratio": 0.37916666666666665,
    "below": 0,
    "above": 5.970343288889345,
    "turn_on_times": 0,
    "turn_on_ratio": 0.0
  },
  "8": {
    "validity_ratio": 0.38055555555555554,
    "below": 0,
    "above": 0,
    "turn_on_times": 2,
    "turn_on_ratio": 1.0
  },
  "9": {
    "validity_ratio": 0.375,
    "below": 0,
    "above": 9.334200903828721,
    "turn_on_times": 0,
    "turn_on_ratio": 0.0
  },
  "10": {
    "validity_ratio": 0.3763888888888889,
    "below": 0,
    "above": 0,
    "turn_on_times": 0,
    "turn_on_ratio": 0
  },
  "12": {
    "validity_ratio": 0.37777777777777777,
    "below": 0,
    "above": 10.705397654093941,
    "turn_on_times": 0,
    "turn_on_ratio": 0.0
  },
  "13": {
    "validity_ratio": 0.3784722222222222,
    "below": 0,
    "above": 6.511199096427811,
    "turn_on_times": 0,
    "turn_on_ratio": 0.0
  }
}