{
  "1": {
    "validity_ratio": 0.8013888888888889,
    "below": -3.4883329594484507,
    "above": 47.09408513796012,
    "turn_on_times": 0,
    "turn_on_ratio": 0.0
  },
  "2": {
    "validity_ratio": 0.7979166666666667,
    "below": -0.5429088452511103,
    "above": 51.95888085118714,
    "turn_on_times": 0,
    "turn_on_ratio": 0.0
  },
  "3": {
    "validity_ratio": 0.7951388888888888,
    "below": -1.4420980358658888,
    "above": 20.013638473109914,
    "turn_on_times": 3,
    "turn_on_ratio": 0.42857142857142855
  },
  "4": {
    "validity_ratio": 0.7965277777777777,
    "below": -0.2129209385017066,
    "above": 26.562878624230702,
    "turn_on_times": 1,
    "turn_on_ratio": 0.14285714285714285
  },
  "5": {
    "validity_ratio": 0.7972222222222223,
    "below": -5.46753238581393,
    "above": 1.3557185393203488,
    "turn_on_times": 3,
    "turn_on_ratio": 0.42857142857142855
  },
  "6": {
    "validity_ratio": 0.7986111111111112,
    "below": 0,
    "above": 16.37688493685515,
    "turn_on_times": 0,
    "turn_on_ratio": 0.0
  },
  "7": {
    "validity_ratio": 0.7965277777777777,
    "below": -1.8134815531885113,
    "above": 16.804803855415248,
    "turn_on_times": 1,
    "turn_on_ratio": 1.0
  },
  "8": {
    "validity_ratio": 0.8006944444444445,
    "below": -0.04325243369107063,
    "above": 0,
    "turn_on_times": 1,
    "turn_on_ratio": 1.0
  },
  "9": {
    "validity_ratio": 0.7958333333333333,
    "below": 0,
    "above": 4.068550347492948,
    "turn_on_times": 0,
    "turn_on_ratio": 0.0
  },
  "10": {
    "validity_ratio": 0.7986111111111112,
    "below": 0,
    "above": 0,
    "turn_on_times": 0,
    "turn_on_ratio": 0
  },
  "12": {
    "validity_ratio": 0.7965277777777777,
    "below": 0,
    "above": 29.28350587581896,
    "turn_on_times": 0,
    "turn_on_ratio": 0.0
  },
  "13": {
    "validity_ratio": 0.0,
    "below": 0,
    "above": 0,
    "turn_on_times": 0,
    "turn_on_ratio": 0.0
  }
}