{
  "1": {
    "validity_ratio": 0.5534722222222223,
    "below": 0,
    "above": 37.22372554497395,
    "turn_on_times": 0,
    "turn_on_ratio": 0.0
  },
  "2": {
    "validity_ratio": 0.5541666666666667,
    "below": -0.5429589447377784,
    "above": 29.54613120414964,
    "turn_on_times": 0,
    "turn_on_ratio": 0.0
  },
  "3": {
    "validity_ratio": 0.5534722222222223,
    "below": -1.4420665327164555,
    "above": 19.481919581546506,
    "turn_on_times": 1,
    "turn_on_ratio": 0.5
  },
  "4": {
    "validity_ratio": 0.5527777777777778,
    "below": -0.21292736319909022,
    "above": 24.44176985259419,
    "turn_on_times": 0,
    "turn_on_ratio": 0.0
  },
  "5": {
    "validity_ratio": 0.5541666666666667,
    "below": -5.467306318736834,
    "above": 1.259119779219887,
    "turn_on_times": 1,
    "turn_on_ratio": 0.5
  },
  "6": {
    "validity_ratio": 0.5555555555555556,
    "below": 0,
    "above": 16.376862914159528,
    "turn_on_times": 0,
    "turn_on_ratio": 0.0
  },
  "7": {
    "validity_ratio": 0.5527777777777778,
    "below": -1.472551865528527,
    "above": 13.617692920921902,
    "turn_on_times": 1,
    "turn_on_ratio": 1.0
  },
  "8": {
    "validity_ratio": 0.5576388888888889,
    "below": -0.0432550232834167,
    "above": 0,
    "turn_on_times": 1,
    "turn_on_ratio": 1.0
  },
  "9": {
    "validity_ratio": 0.5527777777777778,
    "below": 0,
    "above": 4.068549723693511,
    "turn_on_times": 0,
    "turn_on_ratio": 0.0
  },
  "10": {
    "validity_ratio": 0.5555555555555556,
    "below": 0,
    "above": 0,
    "turn_on_times": 0,
    "turn_on_ratio": 0
  },
  "12": {
    "validity_ratio": 0.5534722222222223,
    "below": 0,
    "above": 11.582945503936024,
    "turn_on_times": 0,
    "turn_on_ratio": 0.0
  },
  "13": {
    "validity_ratio": 0.0,
    "below": 0,
    "above": 0,
    "turn_on_times": 0,
    "turn_on_ratio": 0.0
  }
}