{
  "1": {
    "validity_ratio": 0.7875,
    "below": -3.11267934098844,
    "above": 47.09367855814545,
    "turn_on_times": 0,
    "turn_on_ratio": 0.0
  },
  "2": {
    "validity_ratio": 0.7840277777777778,
    "below": -0.5429756321733337,
    "above": 50.616143344306174,
    "turn_on_times": 0,
    "turn_on_ratio": 0.0
  },
  "3": {
    "validity_ratio": 0.7819444444444444,
    "below": -1.4420560394597188,
    "above": 19.727786230708812,
    "turn_on_times": 3,
    "turn_on_ratio": 0.42857142857142855
  },
  "4": {
    "validity_ratio": 0.7826388888888889,
    "below": -0.21292950317557854,
    "above": 26.56299043631569,
    "turn_on_times": 1,
    "turn_on_ratio": 0.14285714285714285
  },
  "5": {
    "validity_ratio": 0.7833333333333333,
    "below": -5.467231018967689,
    "above": 1.3271313835685803,
    "turn_on_times": 3,
    "turn_on_ratio": 0.42857142857142855
  },
  "6": {
    "validity_ratio": 0.7847222222222222,
    "below": 0,
    "above": 16.37685557998396,
    "turn_on_times": 0,
    "turn_on_ratio": 0.0
  },
  "7": {
    "validity_ratio": 0.7826388888888889,
    "below": -1.8134901388687272,
    "above": 16.786572792334745,
    "turn_on_times": 1,
    "turn_on_ratio": 1.0
  },
  "8": {
    "validity_ratio": 0.7868055555555555,
    "below": -0.04325588584026641,
    "above": 0,
    "turn_on_times": 1,
    "turn_on_ratio": 1.0
  },
  "9": {
    "validity_ratio": 0.7819444444444444,
    "below": 0,
    "above": 4.068549515051094,
    "turn_on_times": 0,
    "turn_on_ratio": 0.0
  },
  "10": {
    "validity_ratio": 0.7847222222222222,
    "below": 0,
    "above": 0,
    "turn_on_times": 0,
    "turn_on_ratio": 0
  },
  "12": {
    "validity_ratio": 0.7826388888888889,
    "below": 0,
    "above": 28.748106915656262,
    "turn_on_times": 0,
    "turn_on_ratio": 0.0
  },
  "13": {
    "validity_ratio": 0.0,
    "below": 0,
    "above": 0,
    "turn_on_times": 0,
    "turn_on_ratio": 0.0
  }
}