{
  "1": {
    "validity_ratio": 0.6763888888888889,
    "below": 0,
    "above": 47.09407896370291,
    "turn_on_times": 0,
    "turn_on_ratio": 0.0
  },
  "2": {
    "validity_ratio": 0.6722222222222223,
    "below": -0.5429098594388888,
    "above": 38.33527112458391,
    "turn_on_times": 0,
    "turn_on_ratio": 0.0
  },
  "3": {
    "validity_ratio": 0.6715277777777777,
    "below": -1.4420973981326255,
    "above": 19.482021669481476,
    "turn_on_times": 2,
    "turn_on_ratio": 0.4
  },
  "4": {
    "validity_ratio": 0.6715277777777777,
    "below": -0.21292106855991674,
    "above": 25.489082126830375,
    "turn_on_times": 1,
    "turn_on_ratio": 0.2
  },
  "5": {
    "validity_ratio": 0.6722222222222223,
    "below": -5.467527809430387,
    "above": 1.2596178169827177,
    "turn_on_times": 2,
    "turn_on_ratio": 0.4
  },
  "6": {
    "validity_ratio": 0.6736111111111112,
    "below": 0,
    "above": 16.376884490982274,
    "turn_on_times": 0,
    "turn_on_ratio": 0.0
  },
  "7": {
    "validity_ratio": 0.6708333333333333,
    "below": -1.5775745015641232,
    "above": 16.74018967705453,
    "turn_on_times": 1,
    "turn_on_ratio": 1.0
  },
  "8": {
    "validity_ratio": 0.6756944444444445,
    "below": -0.04325248611342225,
    "above": 0,
    "turn_on_times": 1,
    "turn_on_ratio": 1.0
  },
  "9": {
    "validity_ratio": 0.6708333333333333,
    "below": 0,
    "above": 4.068550334903651,
    "turn_on_times": 0,
    "turn_on_ratio": 0.0
  },
  "10": {
    "validity_ratio": 0.6736111111111112,
    "below": 0,
    "above": 0,
    "turn_on_times": 0,
    "turn_on_ratio": 0
  },
  "12": {
    "validity_ratio": 0.6715277777777777,
    "below": 0,
    "above": 17.155987128619902,
    "turn_on_times": 0,
    "turn_on_ratio": 0.0
  },
  "13": {
    "validity_ratio": 0.0,
    "below": 0,
    "above": 0,
    "turn_on_times": 0,
    "turn_on_ratio": 0.0
  }
}