{
  "1": {
    "validity_ratio": 0.5861111111111111,
    "below": 0,
    "above": 41.08090907014437,
    "turn_on_times": 0,
    "turn_on_ratio": 0.0
  },
  "2": {
    "validity_ratio": 0.5819444444444445,
    "below": -0.5430436186199992,
    "above": 29.54564100864445,
    "turn_on_times": 0,
    "turn_on_ratio": 0.0
  },
  "3": {
    "validity_ratio": 0.58125,
    "below": -1.4420132887783983,
    "above": 19.481743476236417,
    "turn_on_times": 1,
    "turn_on_ratio": 0.5
  },
  "4": {
    "validity_ratio": 0.5805555555555556,
    "below": -0.21293822167500961,
    "above": 24.58831643140935,
    "turn_on_times": 0,
    "turn_on_ratio": 0.0
  },
  "5": {
    "validity_ratio": 0.5819444444444445,
    "below": -5.466924239431552,
    "above": 1.2582461657748456,
    "turn_on_times": 1,
    "turn_on_ratio": 0.5
  },
  "6": {
    "validity_ratio": 0.5833333333333334,
    "below": 0,
    "above": 16.376825706332642,
    "turn_on_times": 0,
    "turn_on_ratio": 0.0
  },
  "7": {
    "validity_ratio": 0.5805555555555556,
    "below": -1.4725127888776062,
    "above": 14.550719639111135,
    "turn_on_times": 1,
    "turn_on_ratio": 1.0
  },
  "8": {
    "validity_ratio": 0.5854166666666667,
    "below": -0.04325939999168072,
    "above": 0,
    "turn_on_times": 1,
    "turn_on_ratio": 1.0
  },
  "9": {
    "validity_ratio": 0.5805555555555556,
    "below": 0,
    "above": 4.068548660558209,
    "turn_on_times": 0,
    "turn_on_ratio": 0.0
  },
  "10": {
    "validity_ratio": 0.5833333333333334,
    "below": 0,
    "above": 0,
    "turn_on_times": 0,
    "turn_on_ratio": 0
  },
  "12": {
    "validity_ratio": 0.58125,
    "below": 0,
    "above": 13.205985932721541,
    "turn_on_times": 0,
    "turn_on_ratio": 0.0
  },
  "13": {
    "validity_ratio": 0.0,
    "below": 0,
    "above": 0,
    "turn_on_times": 0,
    "turn_on_ratio": 0.0
  }
}