{
  "1": {
    "validity_ratio": 0.7458333333333333,
    "below": -2.1245295346294366,
    "above": 47.094095149847746,
    "turn_on_times": 0,
    "turn_on_ratio": 0.0
  },
  "2": {
    "validity_ratio": 0.7416666666666667,
    "below": -0.5429072006933329,
    "above": 46.22604372465923,
    "turn_on_times": 0,
    "turn_on_ratio": 0.0
  },
  "3": {
    "validity_ratio": 0.7402777777777778,
    "below": -1.4420990699832603,
    "above": 19.482027199158374,
    "turn_on_times": 3,
    "turn_on_ratio": 0.42857142857142855
  },
  "4": {
    "validity_ratio": 0.7409722222222223,
    "below": -0.21292072760561262,
    "above": 26.5628758479549,
    "turn_on_times": 1,
    "turn_on_ratio": 0.14285714285714285
  },
  "5": {
    "validity_ratio": 0.7416666666666667,
    "below": -5.467539806655837,
    "above": 1.2596446177132197,
    "turn_on_times": 3,
    "turn_on_ratio": 0.42857142857142855
  },
  "6": {
    "validity_ratio": 0.7430555555555556,
    "below": 0,
    "above": 16.376885659866012,
    "turn_on_times": 0,
    "turn_on_ratio": 0.0
  },
  "7": {
    "validity_ratio": 0.7409722222222223,
    "below": -1.8134813414901179,
    "above": 16.740195810742343,
    "turn_on_times": 1,
    "turn_on_ratio": 1.0
  },
  "8": {
    "validity_ratio": 0.7451388888888889,
    "below": -0.04325234868552433,
    "above": 0,
    "turn_on_times": 1,
    "turn_on_ratio": 1.0
  },
  "9": {
    "validity_ratio": 0.7402777777777778,
    "below": 0,
    "above": 4.068550367903755,
    "turn_on_times": 0,
    "turn_on_ratio": 0.0
  },
  "10": {
    "validity_ratio": 0.7430555555555556,
    "below": 0,
    "above": 0,
    "turn_on_times": 0,
    "turn_on_ratio": 0
  },
  "12": {
    "validity_ratio": 0.7409722222222223,
    "below": 0,
    "above": 27.287401046596084,
    "turn_on_times": 0,
    "turn_on_ratio": 0.0
  },
  "13": {
    "validity_ratio": 0.0,
    "below": 0,
    "above": 0,
    "turn_on_times": 0,
    "turn_on_ratio": 0.0
  }
}