{
  "1": {
    "validity_ratio": 0.3736111111111111,
    "below": 0,
    "above": 19.718500268228894,
    "turn_on_times": 0,
    "turn_on_ratio": 0.0
  },
  "2": {
    "validity_ratio": 0.3736111111111111,
    "below": 0,
    "above": 18.71480324309733,
    "turn_on_times": 0,
    "turn_on_ratio": 0.0
  },
  "3": {
    "validity_ratio": 0.3680555555555556,
    "below": 0,
    "above": 19.358717630796534,
    "turn_on_times": 1,
    "turn_on_ratio": 0.5
  },
  "4": {
    "validity_ratio": 0.37222222222222223,
    "below": 0,
    "above": 22.40579296471135,
    "turn_on_times": 0,
    "turn_on_ratio": 0.0
  },
  "5": {
    "validity_ratio": 0.3729166666666667,
    "below": 0,
    "above": 1.2409181267551197,
    "turn_on_times": 1,
    "turn_on_ratio": 0.5
  },
  "6": {
    "validity_ratio": 0.3680555555555556,
    "below": 0,
    "above": 12.996668982592054,
    "turn_on_times": 0,
    "turn_on_ratio": 0.0
  },
  "7": {
    "validity_ratio": 0.3715277777777778,
    "below": -1.4725199916432852,
    "above": 8.02308838161635,
    "turn_on_times": 1,
    "turn_on_ratio": 1.0
  },
  "8": {
    "validity_ratio": 0.3701388888888889,
    "below": -0.04325859356489203,
    "above": 0,
    "turn_on_times": 1,
    "turn_on_ratio": 1.0
  },
  "9": {
    "validity_ratio": 0.37222222222222223,
    "below": 0,
    "above": 4.068548857280359,
    "turn_on_times": 0,
    "turn_on_ratio": 0.0
  },
  "10": {
    "validity_ratio": 0.37430555555555556,
    "below": 0,
    "above": 0,
    "turn_on_times": 0,
    "turn_on_ratio": 0
  },
  "12": {
    "validity_ratio": 0.3729166666666667,
    "below": 0,
    "above": 6.027062797491403,
    "turn_on_times": 0,
    "turn_on_ratio": 0.0
  },
  "13": {
    "validity_ratio": 0.0,
    "below": 0,
    "above": 0,
    "turn_on_times": 0,
    "turn_on_ratio": 0.0
  }
}