{
  "1": {
    "validity_ratio": 0.9048611111111111,
    "below": -5.45576625984062,
    "above": 47.093826786186824,
    "turn_on_times": 0,
    "turn_on_ratio": 0.0
  },
  "2": {
    "validity_ratio": 0.9020833333333333,
    "below": -0.542951283028889,
    "above": 62.2089459150992,
    "turn_on_times": 0,
    "turn_on_ratio": 0.0
  },
  "3": {
    "validity_ratio": 0.8993055555555556,
    "below": -1.442071350489572,
    "above": 23.361056450340044,
    "turn_on_times": 3,
    "turn_on_ratio": 0.42857142857142855
  },
  "4": {
    "validity_ratio": 0.9006944444444445,
    "below": -0.21292638067083827,
    "above": 26.562949883291928,
    "turn_on_times": 1,
    "turn_on_ratio": 0.14285714285714285
  },
  "5": {
    "validity_ratio": 0.9020833333333333,
    "below": -5.467340891149632,
    "above": 3.5955336978999997,
    "turn_on_times": 3,
    "turn_on_ratio": 0.42857142857142855
  },
  "6": {
    "validity_ratio": 0.9027777777777778,
    "below": 0,
    "above": 18.821806267813866,
    "turn_on_times": 0,
    "turn_on_ratio": 0.0
  },
  "7": {
    "validity_ratio": 0.9006944444444445,
    "below": -1.8134870113227135,
    "above": 20.39590599242634,
    "turn_on_times": 1,
    "turn_on_ratio": 1.0
  },
  "8": {
    "validity_ratio": 0.9048611111111111,
    "below": -0.04325462725734901,
    "above": 0,
    "turn_on_times": 1,
    "turn_on_ratio": 1.0
  },
  "9": {
    "validity_ratio": 0.9,
    "below": 0,
    "above": 4.068549819343034,
    "turn_on_times": 0,
    "turn_on_ratio": 0.0
  },
  "10": {
    "validity_ratio": 0.9027777777777778,
    "below": -1.915296630224294,
    "above": 0,
    "turn_on_times": 0,
    "turn_on_ratio": 0
  },
  "12": {
    "validity_ratio": 0.9006944444444445,
    "below": 0,
    "above": 33.53085452230408,
    "turn_on_times": 0,
    "turn_on_ratio": 0.0
  },
  "13": {
    "validity_ratio": 0.0,
    "below": 0,
    "above": 0,
    "turn_on_times": 0,
    "turn_on_ratio": 0.0
  }
}