{
  "1": {
    "validity_ratio": 0.4979166666666667,
    "below": 0,
    "above": 31.15474478879426,
    "turn_on_times": 0,
    "turn_on_ratio": 0.0
  },
  "2": {
    "validity_ratio": 0.4986111111111111,
    "below": 0,
    "above": 29.545905739932962,
    "turn_on_times": 0,
    "turn_on_ratio": 0.0
  },
  "3": {
    "validity_ratio": 0.4986111111111111,
    "below": -1.2054389692090268,
    "above": 19.358714535232068,
    "turn_on_times": 1,
    "turn_on_ratio": 0.5
  },
  "4": {
    "validity_ratio": 0.49722222222222223,
    "below": -0.2129323575692076,
    "above": 24.150085695248823,
    "turn_on_times": 0,
    "turn_on_ratio": 0.0
  },
  "5": {
    "validity_ratio": 0.4979166666666667,
    "below": -5.249151031583404,
    "above": 1.2587202365545695,
    "turn_on_times": 1,
    "turn_on_ratio": 0.5
  },
  "6": {
    "validity_ratio": 0.5,
    "below": 0,
    "above": 16.37684579833364,
    "turn_on_times": 0,
    "turn_on_ratio": 0.0
  },
  "7": {
    "validity_ratio": 0.49722222222222223,
    "below": -1.4725338966828483,
    "above": 11.744394556089972,
    "turn_on_times": 1,
    "turn_on_ratio": 1.0
  },
  "8": {
    "validity_ratio": 0.5020833333333333,
    "below": -0.043257036356073364,
    "above": 0,
    "turn_on_times": 1,
    "turn_on_ratio": 1.0
  },
  "9": {
    "validity_ratio": 0.49722222222222223,
    "below": 0,
    "above": 4.06854923608304,
    "turn_on_times": 0,
    "turn_on_ratio": 0.0
  },
  "10": {
    "validity_ratio": 0.5,
    "below": 0,
    "above": 0,
    "turn_on_times": 0,
    "turn_on_ratio": 0
  },
  "12": {
    "validity_ratio": 0.4979166666666667,
    "below": 0,
    "above": 8.909746008018242,
    "turn_on_times": 0,
    "turn_on_ratio": 0.0
  },
  "13": {
    "validity_ratio": 0.0,
    "below": 0,
    "above": 0,
    "turn_on_times": 0,
    "turn_on_ratio": 0.0
  }
}