{
  "1": {
    "validity_ratio": 0.9604166666666667,
    "below": -6.255243469540661,
    "above": 47.09322128448716,
    "turn_on_times": 0,
    "turn_on_ratio": 0.0
  },
  "2": {
    "validity_ratio": 0.9576388888888889,
    "below": -0.5430507507955559,
    "above": 67.49483057546755,
    "turn_on_times": 0,
    "turn_on_ratio": 0.0
  },
  "3": {
    "validity_ratio": 0.9604166666666667,
    "below": -1.4420088039821013,
    "above": 25.13182188928627,
    "turn_on_times": 3,
    "turn_on_ratio": 0.42857142857142855
  },
  "4": {
    "validity_ratio": 0.95625,
    "below": -0.21293913629654931,
    "above": 26.563114016488893,
    "turn_on_times": 1,
    "turn_on_ratio": 0.14285714285714285
  },
  "5": {
    "validity_ratio": 0.9576388888888889,
    "below": -5.466892056465447,
    "above": 5.69398058443331,
    "turn_on_times": 3,
    "turn_on_ratio": 0.42857142857142855
  },
  "6": {
    "validity_ratio": 0.9583333333333334,
    "below": 0,
    "above": 23.241235374413908,
    "turn_on_times": 0,
    "turn_on_ratio": 0.0
  },
  "7": {
    "validity_ratio": 0.95625,
    "below": -1.8134997686175016,
    "above": 21.0159360228986,
    "turn_on_times": 1,
    "turn_on_ratio": 1.0
  },
  "8": {
    "validity_ratio": 0.9604166666666667,
    "below": -0.04325976864670012,
    "above": 0,
    "turn_on_times": 1,
    "turn_on_ratio": 1.0
  },
  "9": {
    "validity_ratio": 0.9555555555555556,
    "below": 0,
    "above": 4.068548570501771,
    "turn_on_times": 0,
    "turn_on_ratio": 0.0
  },
  "10": {
    "validity_ratio": 0.9583333333333334,
    "below": -2.770324860141421,
    "above": 0,
    "turn_on_times": 0,
    "turn_on_ratio": 0
  },
  "12": {
    "validity_ratio": 0.95625,
    "below": 0,
    "above": 44.51411349259397,
    "turn_on_times": 0,
    "turn_on_ratio": 0.0
  },
  "13": {
    "validity_ratio": 0.0,
    "below": 0,
    "above": 0,
    "turn_on_times": 0,
    "turn_on_ratio": 0.0
  }
}