{
  "1": {
    "validity_ratio": 0.8972222222222223,
    "below": 0,
    "above": 45.54072218336856,
    "turn_on_times": 0,
    "turn_on_ratio": 0.0
  },
  "2": {
    "validity_ratio": 0.8951388888888889,
    "below": -19.098637980089773,
    "above": 0.013780241627116493,
    "turn_on_times": 1,
    "turn_on_ratio": 1.0
  },
  "3": {
    "validity_ratio": 0.8944444444444445,
    "below": -5.68475866874457,
    "above": 15.348749564487168,
    "turn_on_times": 0,
    "turn_on_ratio": 0.0
  },
  "4": {
    "validity_ratio": 0.8965277777777778,
    "below": 0,
    "above": 5.600776257049904,
    "turn_on_times": 0,
    "turn_on_ratio": 0.0
  },
  "5": {
    "validity_ratio": 0.89375,
    "below": 0,
    "above": 20.851635176756844,
    "turn_on_times": 0,
    "turn_on_ratio": 0.0
  },
  "6": {
    "validity_ratio": 0.8944444444444445,
    "below": 0,
    "above": 9.57054154170314,
    "turn_on_times": 0,
    "turn_on_ratio": 0.0
  },
  "7": {
    "validity_ratio": 0.8972222222222223,
    "below": -5.077530350379772,
    "above": 0.09961275622609636,
    "turn_on_times": 1,
    "turn_on_ratio": 1.0
  },
  "8": {
    "validity_ratio": 0.8930555555555556,
    "below": -0.5835052991254924,
    "above": 0.5503971142691113,
    "turn_on_times": 4,
    "turn_on_ratio": 0.5714285714285714
  },
  "9": {
    "validity_ratio": 0.8986111111111111,
    "below": -1.921962814102768,
    "above": 13.697003390308812,
    "turn_on_times": 3,
    "turn_on_ratio": 0.42857142857142855
  },
  "10": {
    "validity_ratio": 0.8951388888888889,
    "below": 0,
    "above": 0,
    "turn_on_times": 0,
    "turn_on_ratio": 0
  }
}