{
  "1": {
    "validity_ratio": 0.48194444444444445,
    "below": 0,
    "above": 18.418251877693407,
    "turn_on_times": 0,
    "turn_on_ratio": 0.0
  },
  "2": {
    "validity_ratio": 0.48541666666666666,
    "below": -13.042310865857006,
    "above": 0,
    "turn_on_times": 1,
    "turn_on_ratio": 1.0
  },
  "3": {
    "validity_ratio": 0.4791666666666667,
    "below": -3.752426877146033,
    "above": 3.199209161190052,
    "turn_on_times": 0,
    "turn_on_ratio": 0.0
  },
  "4": {
    "validity_ratio": 0.4798611111111111,
    "below": 0,
    "above": 1.5563417534222221,
    "turn_on_times": 0,
    "turn_on_ratio": 0.0
  },
  "5": {
    "validity_ratio": 0.4847222222222222,
    "below": 0,
    "above": 9.629912752350455,
    "turn_on_times": 0,
    "turn_on_ratio": 0.0
  },
  "6": {
    "validity_ratio": 0.4840277777777778,
    "below": 0,
    "above": 6.007835824344362,
    "turn_on_times": 0,
    "turn_on_ratio": 0.0
  },
  "7": {
    "validity_ratio": 0.48125,
    "below": -4.742668498203782,
    "above": 0,
    "turn_on_times": 1,
    "turn_on_ratio": 1.0
  },
  "8": {
    "validity_ratio": 0.48541666666666666,
    "below": -0.5570113411522533,
    "above": 0,
    "turn_on_times": 2,
    "turn_on_ratio": 1.0
  },
  "9": {
    "validity_ratio": 0.48055555555555557,
    "below": 0,
    "above": 8.124306920107788,
    "turn_on_times": 0,
    "turn_on_ratio": 0.0
  },
  "10": {
    "validity_ratio": 0.4847222222222222,
    "below": 0,
    "above": 0,
    "turn_on_times": 0,
    "turn_on_ratio": 0
  }
}