{
  "1": {
    "validity_ratio": 0.8555555555555555,
    "below": 0,
    "above": 44.10348293628267,
    "turn_on_times": 0,
    "turn_on_ratio": 0.0
  },
  "2": {
    "validity_ratio": 0.8534722222222222,
    "below": -19.09912098404378,
    "above": 0,
    "turn_on_times": 1,
    "turn_on_ratio": 1.0
  },
  "3": {
    "validity_ratio": 0.8527777777777777,
    "below": -5.684863232710877,
    "above": 12.578351586441357,
    "turn_on_times": 0,
    "turn_on_ratio": 0.0
  },
  "4": {
    "validity_ratio": 0.8548611111111111,
    "below": 0,
    "above": 5.600380947411593,
    "turn_on_times": 0,
    "turn_on_ratio": 0.0
  },
  "5": {
    "validity_ratio": 0.8513888888888889,
    "below": 0,
    "above": 20.85126957023425,
    "turn_on_times": 0,
    "turn_on_ratio": 0.0
  },
  "6": {
    "validity_ratio": 0.8527777777777777,
    "below": 0,
    "above": 9.570303562321818,
    "turn_on_times": 0,
    "turn_on_ratio": 0.0
  },
  "7": {
    "validity_ratio": 0.8555555555555555,
    "below": -5.0775440399002685,
    "above": 0.09950535115769463,
    "turn_on_times": 1,
    "turn_on_ratio": 1.0
  },
  "8": {
    "validity_ratio": 0.8513888888888889,
    "below": -0.5834483794632053,
    "above": 0.5502900763619956,
    "turn_on_times": 4,
    "turn_on_ratio": 0.6666666666666666
  },
  "9": {
    "validity_ratio": 0.8569444444444444,
    "below": -1.9219137098236663,
    "above": 13.697106039211146,
    "turn_on_times": 2,
    "turn_on_ratio": 0.3333333333333333
  },
  "10": {
    "validity_ratio": 0.8534722222222222,
    "below": 0,
    "above": 0,
    "turn_on_times": 0,
    "turn_on_ratio": 0
  }
}