{
  "1": {
    "validity_ratio": 0.4270833333333333,
    "below": 0,
    "above": 15.389926032591902,
    "turn_on_times": 0,
    "turn_on_ratio": 0.0
  },
  "2": {
    "validity_ratio": 0.42916666666666664,
    "below": -10.598335732393291,
    "above": 0,
    "turn_on_times": 1,
    "turn_on_ratio": 1.0
  },
  "3": {
    "validity_ratio": 0.4236111111111111,
    "below": -2.4191256031215107,
    "above": 3.1991553614239137,
    "turn_on_times": 0,
    "turn_on_ratio": 0.0
  },
  "4": {
    "validity_ratio": 0.42430555555555555,
    "below": 0,
    "above": 1.5563160169365082,
    "turn_on_times": 0,
    "turn_on_ratio": 0.0
  },
  "5": {
    "validity_ratio": 0.4284722222222222,
    "below": 0,
    "above": 7.773425634185845,
    "turn_on_times": 0,
    "turn_on_ratio": 0.0
  },
  "6": {
    "validity_ratio": 0.4284722222222222,
    "below": 0,
    "above": 6.007821840742863,
    "turn_on_times": 0,
    "turn_on_ratio": 0.0
  },
  "7": {
    "validity_ratio": 0.42569444444444443,
    "below": -3.5752322480295273,
    "above": 0,
    "turn_on_times": 1,
    "turn_on_ratio": 1.0
  },
  "8": {
    "validity_ratio": 0.42986111111111114,
    "below": -0.5569982965664395,
    "above": 0,
    "turn_on_times": 2,
    "turn_on_ratio": 1.0
  },
  "9": {
    "validity_ratio": 0.425,
    "below": 0,
    "above": 3.9827303711492026,
    "turn_on_times": 0,
    "turn_on_ratio": 0.0
  },
  "10": {
    "validity_ratio": 0.42916666666666664,
    "below": 0,
    "above": 0,
    "turn_on_times": 0,
    "turn_on_ratio": 0
  }
}