{
  "1": {
    "validity_ratio": 0.3784722222222222,
    "below": 0,
    "above": 12.706583653691059,
    "turn_on_times": 0,
    "turn_on_ratio": 0.0
  },
  "2": {
    "validity_ratio": 0.38055555555555554,
    "below": -8.295630914814764,
    "above": 0,
    "turn_on_times": 1,
    "turn_on_ratio": 1.0
  },
  "3": {
    "validity_ratio": 0.375,
    "below": -1.252420280143688,
    "above": 3.199220231833708,
    "turn_on_times": 0,
    "turn_on_ratio": 0.0
  },
  "4": {
    "validity_ratio": 0.37569444444444444,
    "below": 0,
    "above": 1.556347049346033,
    "turn_on_times": 0,
    "turn_on_ratio": 0.0
  },
  "5": {
    "validity_ratio": 0.3798611111111111,
    "below": 0,
    "above": 6.424472338069588,
    "turn_on_times": 0,
    "turn_on_ratio": 0.0
  },
  "6": {
    "validity_ratio": 0.3798611111111111,
    "below": 0,
    "above": 5.329955273062964,
    "turn_on_times": 0,
    "turn_on_ratio": 0.0
  },
  "7": {
    "validity_ratio": 0.3770833333333333,
    "below": -2.7585588166147432,
    "above": 0,
    "turn_on_times": 1,
    "turn_on_ratio": 1.0
  },
  "8": {
    "validity_ratio": 0.37777777777777777,
    "below": -0.17023825241122423,
    "above": 0,
    "turn_on_times": 2,
    "turn_on_ratio": 1.0
  },
  "9": {
    "validity_ratio": 0.3784722222222222,
    "below": 0,
    "above": 0.8764236656945714,
    "turn_on_times": 0,
    "turn_on_ratio": 0.0
  },
  "10": {
    "validity_ratio": 0.38055555555555554,
    "below": 0,
    "above": 0,
    "turn_on_times": 0,
    "turn_on_ratio": 0
  }
}