{
  "1": {
    "validity_ratio": 0.6069444444444444,
    "below": 0,
    "above": 26.781956690919387,
    "turn_on_times": 0,
    "turn_on_ratio": 0.0
  },
  "2": {
    "validity_ratio": 0.6034722222222222,
    "below": -17.717498604979976,
    "above": 0,
    "turn_on_times": 1,
    "turn_on_ratio": 1.0
  },
  "3": {
    "validity_ratio": 0.6034722222222222,
    "below": -5.684804296503767,
    "above": 3.1996156073200646,
    "turn_on_times": 0,
    "turn_on_ratio": 0.0
  },
  "4": {
    "validity_ratio": 0.6048611111111111,
    "below": 0,
    "above": 2.2303253420566143,
    "turn_on_times": 0,
    "turn_on_ratio": 0.0
  },
  "5": {
    "validity_ratio": 0.6027777777777777,
    "below": 0,
    "above": 14.681402860206354,
    "turn_on_times": 0,
    "turn_on_ratio": 0.0
  },
  "6": {
    "validity_ratio": 0.6027777777777777,
    "below": 0,
    "above": 6.085174601570087,
    "turn_on_times": 0,
    "turn_on_ratio": 0.0
  },
  "7": {
    "validity_ratio": 0.6069444444444444,
    "below": -5.077536323968636,
    "above": 0,
    "turn_on_times": 1,
    "turn_on_ratio": 1.0
  },
  "8": {
    "validity_ratio": 0.6034722222222222,
    "below": -0.5654459920955887,
    "above": 0.01709681067333335,
    "turn_on_times": 2,
    "turn_on_ratio": 1.0
  },
  "9": {
    "validity_ratio": 0.6055555555555555,
    "below": 0,
    "above": 13.574541910544216,
    "turn_on_times": 0,
    "turn_on_ratio": 0.0
  },
  "10": {
    "validity_ratio": 0.6027777777777777,
    "below": 0,
    "above": 0,
    "turn_on_times": 0,
    "turn_on_ratio": 0
  }
}