{
  "1": {
    "validity_ratio": 0.7034722222222223,
    "below": 0,
    "above": 33.03691053578091,
    "turn_on_times": 0,
    "turn_on_ratio": 0.0
  },
  "2": {
    "validity_ratio": 0.7006944444444444,
    "below": -19.098412504833092,
    "above": 0,
    "turn_on_times": 1,
    "turn_on_ratio": 1.0
  },
  "3": {
    "validity_ratio": 0.7006944444444444,
    "below": -5.684709550786563,
    "above": 3.1998061221851453,
    "turn_on_times": 0,
    "turn_on_ratio": 0.0
  },
  "4": {
    "validity_ratio": 0.7020833333333333,
    "below": 0,
    "above": 4.814302128992532,
    "turn_on_times": 0,
    "turn_on_ratio": 0.0
  },
  "5": {
    "validity_ratio": 0.7006944444444444,
    "below": 0,
    "above": 19.133763097692384,
    "turn_on_times": 0,
    "turn_on_ratio": 0.0
  },
  "6": {
    "validity_ratio": 0.7,
    "below": 0,
    "above": 8.527162717106663,
    "turn_on_times": 0,
    "turn_on_ratio": 0.0
  },
  "7": {
    "validity_ratio": 0.7041666666666667,
    "below": -5.077523919853879,
    "above": 0,
    "turn_on_times": 1,
    "turn_on_ratio": 1.0
  },
  "8": {
    "validity_ratio": 0.6979166666666666,
    "below": -0.5654941693285495,
    "above": 0.3048485864666669,
    "turn_on_times": 3,
    "turn_on_ratio": 0.75
  },
  "9": {
    "validity_ratio": 0.6986111111111111,
    "below": -1.6648065503317961,
    "above": 13.57445683642713,
    "turn_on_times": 1,
    "turn_on_ratio": 0.25
  },
  "10": {
    "validity_ratio": 0.7,
    "below": 0,
    "above": 0,
    "turn_on_times": 0,
    "turn_on_ratio": 0
  }
}