{
  "1": {
    "validity_ratio": 0.6965277777777777,
    "below": 0,
    "above": 32.58685767535503,
    "turn_on_times": 0,
    "turn_on_ratio": 0.0
  },
  "2": {
    "validity_ratio": 0.69375,
    "below": -19.097935573978447,
    "above": 0,
    "turn_on_times": 1,
    "turn_on_ratio": 1.0
  },
  "3": {
    "validity_ratio": 0.69375,
    "below": -5.684605000879463,
    "above": 3.2000163513335695,
    "turn_on_times": 0,
    "turn_on_ratio": 0.0
  },
  "4": {
    "validity_ratio": 0.6951388888888889,
    "below": 0,
    "above": 4.664523869479258,
    "turn_on_times": 0,
    "turn_on_ratio": 0.0
  },
  "5": {
    "validity_ratio": 0.69375,
    "below": 0,
    "above": 18.782415724684544,
    "turn_on_times": 0,
    "turn_on_ratio": 0.0
  },
  "6": {
    "validity_ratio": 0.6930555555555555,
    "below": 0,
    "above": 8.312580101050946,
    "turn_on_times": 0,
    "turn_on_ratio": 0.0
  },
  "7": {
    "validity_ratio": 0.6972222222222222,
    "below": -5.0775102321740135,
    "above": 0,
    "turn_on_times": 1,
    "turn_on_ratio": 1.0
  },
  "8": {
    "validity_ratio": 0.6909722222222222,
    "below": -0.5655473318922931,
    "above": 0.2028302380466668,
    "turn_on_times": 3,
    "turn_on_ratio": 0.75
  },
  "9": {
    "validity_ratio": 0.6916666666666667,
    "below": -1.4500429775693038,
    "above": 13.574362957404455,
    "turn_on_times": 1,
    "turn_on_ratio": 0.25
  },
  "10": {
    "validity_ratio": 0.6930555555555555,
    "below": 0,
    "above": 0,
    "turn_on_times": 0,
    "turn_on_ratio": 0
  }
}