{
  "1": {
    "validity_ratio": 0.8625,
    "below": 0,
    "above": 44.603386399207935,
    "turn_on_times": 0,
    "turn_on_ratio": 0.0
  },
  "2": {
    "validity_ratio": 0.8604166666666667,
    "below": -19.09878057704002,
    "above": 0,
    "turn_on_times": 1,
    "turn_on_ratio": 1.0
  },
  "3": {
    "validity_ratio": 0.8597222222222223,
    "below": -5.684789631342117,
    "above": 13.44465884201153,
    "turn_on_times": 0,
    "turn_on_ratio": 0.0
  },
  "4": {
    "validity_ratio": 0.8618055555555556,
    "below": 0,
    "above": 5.600659201302401,
    "turn_on_times": 0,
    "turn_on_ratio": 0.0
  },
  "5": {
    "validity_ratio": 0.8583333333333333,
    "below": 0,
    "above": 20.851527481604645,
    "turn_on_times": 0,
    "turn_on_ratio": 0.0
  },
  "6": {
    "validity_ratio": 0.8597222222222223,
    "below": 0,
    "above": 9.5704713567861,
    "turn_on_times": 0,
    "turn_on_ratio": 0.0
  },
  "7": {
    "validity_ratio": 0.8625,
    "below": -5.077534404004828,
    "above": 0.09958095404778139,
    "turn_on_times": 1,
    "turn_on_ratio": 1.0
  },
  "8": {
    "validity_ratio": 0.8583333333333333,
    "below": -0.583488444556388,
    "above": 0.5503656106879701,
    "turn_on_times": 4,
    "turn_on_ratio": 0.6666666666666666
  },
  "9": {
    "validity_ratio": 0.8638888888888889,
    "below": -1.9219482737588476,
    "above": 13.697033786000368,
    "turn_on_times": 2,
    "turn_on_ratio": 0.3333333333333333
  },
  "10": {
    "validity_ratio": 0.8604166666666667,
    "below": 0,
    "above": 0,
    "turn_on_times": 0,
    "turn_on_ratio": 0
  }
}