{
  "1": {
    "validity_ratio": 0.9659722222222222,
    "below": 0,
    "above": 45.54161948508582,
    "turn_on_times": 0,
    "turn_on_ratio": 0.0
  },
  "2": {
    "validity_ratio": 0.9645833333333333,
    "below": -19.097425956782697,
    "above": 0.014093959021153566,
    "turn_on_times": 1,
    "turn_on_ratio": 1.0
  },
  "3": {
    "validity_ratio": 0.9638888888888889,
    "below": -5.684492281868563,
    "above": 15.349222643991451,
    "turn_on_times": 0,
    "turn_on_ratio": 0.0
  },
  "4": {
    "validity_ratio": 0.9659722222222222,
    "below": 0,
    "above": 5.601783346808692,
    "turn_on_times": 0,
    "turn_on_ratio": 0.0
  },
  "5": {
    "validity_ratio": 0.9631944444444445,
    "below": 0,
    "above": 20.852542088669587,
    "turn_on_times": 0,
    "turn_on_ratio": 0.0
  },
  "6": {
    "validity_ratio": 0.9638888888888889,
    "below": 0,
    "above": 9.571135523208007,
    "turn_on_times": 0,
    "turn_on_ratio": 0.0
  },
  "7": {
    "validity_ratio": 0.9666666666666667,
    "below": -5.077495474994608,
    "above": 0.09988630726874702,
    "turn_on_times": 1,
    "turn_on_ratio": 1.0
  },
  "8": {
    "validity_ratio": 0.9625,
    "below": -0.5923964126916816,
    "above": 0.6107688638859552,
    "turn_on_times": 5,
    "turn_on_ratio": 0.625
  },
  "9": {
    "validity_ratio": 0.9659722222222222,
    "below": -1.9220879120305763,
    "above": 13.97145863599334,
    "turn_on_times": 3,
    "turn_on_ratio": 0.375
  },
  "10": {
    "validity_ratio": 0.9645833333333333,
    "below": 0,
    "above": 0,
    "turn_on_times": 0,
    "turn_on_ratio": 0
  }
}