{
  "1": {
    "validity_ratio": 0.9895833333333334,
    "below": -0.06637139417502791,
    "above": 46.27424943583653,
    "turn_on_times": 0,
    "turn_on_ratio": 0.0
  },
  "2": {
    "validity_ratio": 0.9951388888888889,
    "below": -0.9015964445581269,
    "above": 21.947778496642,
    "turn_on_times": 1,
    "turn_on_ratio": 0.25
  },
  "3": {
    "validity_ratio": 0.9923611111111111,
    "below": -0.4425190590616249,
    "above": 23.291895153558702,
    "turn_on_times": 5,
    "turn_on_ratio": 0.5555555555555556
  },
  "4": {
    "validity_ratio": 0.9930555555555556,
    "below": 0,
    "above": 31.39425102620416,
    "turn_on_times": 2,
    "turn_on_ratio": 0.2222222222222222
  },
  "5": {
    "validity_ratio": 0.9951388888888889,
    "below": 0,
    "above": 26.753531475223305,
    "turn_on_times": 0,
    "turn_on_ratio": 0.0
  },
  "6": {
    "validity_ratio": 0.9944444444444445,
    "below": -0.4280533135947832,
    "above": 27.55422350493307,
    "turn_on_times": 2,
    "turn_on_ratio": 0.5
  },
  "7": {
    "validity_ratio": 0.9902777777777778,
    "below": 0,
    "above": 29.929223217237396,
    "turn_on_times": 1,
    "turn_on_ratio": 0.25
  },
  "8": {
    "validity_ratio": 0.9951388888888889,
    "below": 0,
    "above": 0,
    "turn_on_times": 3,
    "turn_on_ratio": 1.0
  },
  "9": {
    "validity_ratio": 0.9951388888888889,
    "below": 0,
    "above": 8.314291805768775,
    "turn_on_times": 0,
    "turn_on_ratio": 0.0
  },
  "10": {
    "validity_ratio": 0.9923611111111111,
    "below": 0,
    "above": 0,
    "turn_on_times": 0,
    "turn_on_ratio": 0
  },
  "12": {
    "validity_ratio": 0.9930555555555556,
    "below": -2.5316601776838548,
    "above": 28.347901366962876,
    "turn_on_times": 2,
    "turn_on_ratio": 0.2222222222222222
  },
  "13": {
    "validity_ratio": 0.9909722222222223,
    "below": 0,
    "above": 41.728608877707316,
    "turn_on_times": 0,
    "turn_on_ratio": 0.0
  }
}