{
  "1": {
    "validity_ratio": 0.3548611111111111,
    "below": 0,
    "above": 10.454910577169827,
    "turn_on_times": 0,
    "turn_on_ratio": 0.0
  },
  "2": {
    "validity_ratio": 0.3590277777777778,
    "below": -0.6977614929962842,
    "above": 0,
    "turn_on_times": 3,
    "turn_on_ratio": 0.375
  },
  "3": {
    "validity_ratio": 0.3541666666666667,
    "below": -0.6573014294339966,
    "above": 0,
    "turn_on_times": 0,
    "turn_on_ratio": 0
  },
  "4": {
    "validity_ratio": 0.35555555555555557,
    "below": 0,
    "above": 3.506792460272962,
    "turn_on_times": 0,
    "turn_on_ratio": 0
  },
  "5": {
    "validity_ratio": 0.3541666666666667,
    "below": 0,
    "above": 2.4507465650334153,
    "turn_on_times": 0,
    "turn_on_ratio": 0
  },
  "6": {
    "validity_ratio": 0.3548611111111111,
    "below": 0,
    "above": 6.931772553773616,
    "turn_on_times": 0,
    "turn_on_ratio": 0.0
  },
  "7": {
    "validity_ratio": 0.35625,
    "below": -0.4427972086155395,
    "above": 0.04515830625692132,
    "turn_on_times": 5,
    "turn_on_ratio": 0.625
  },
  "8": {
    "validity_ratio": 0.3541666666666667,
    "below": 0,
    "above": 0,
    "turn_on_times": 1,
    "turn_on_ratio": 1.0
  },
  "9": {
    "validity_ratio": 0.35833333333333334,
    "below": 0,
    "above": 1.9593540196503945,
    "turn_on_times": 0,
    "turn_on_ratio": 0.0
  },
  "10": {
    "validity_ratio": 0.36041666666666666,
    "below": 0,
    "above": 0,
    "turn_on_times": 0,
    "turn_on_ratio": 0
  },
  "12": {
    "validity_ratio": 0.35625,
    "below": 0,
    "above": 3.679904047317303,
    "turn_on_times": 0,
    "turn_on_ratio": 0
  },
  "13": {
    "validity_ratio": 0.36041666666666666,
    "below": 0,
    "above": 12.30263838972424,
    "turn_on_times": 0,
    "turn_on_ratio": 0.0
  }
}