{
  "1": {
    "validity_ratio": 0.8805555555555555,
    "below": -4.88121112819233,
    "above": 27.95714534909372,
    "turn_on_times": 0,
    "turn_on_ratio": 0.0
  },
  "2": {
    "validity_ratio": 0.8805555555555555,
    "below": -0.8427201416277083,
    "above": 10.189077625321053,
    "turn_on_times": 3,
    "turn_on_ratio": 0.375
  },
  "3": {
    "validity_ratio": 0.8840277777777777,
    "below": -3.017799678170527,
    "above": 5.3368904546194775,
    "turn_on_times": 0,
    "turn_on_ratio": 0.0
  },
  "4": {
    "validity_ratio": 0.8798611111111111,
    "below": -1.356147920395212,
    "above": 13.165130166347444,
    "turn_on_times": 0,
    "turn_on_ratio": 0.0
  },
  "5": {
    "validity_ratio": 0.8826388888888889,
    "below": -0.1817141843300109,
    "above": 4.220002346752114,
    "turn_on_times": 2,
    "turn_on_ratio": 1.0
  },
  "6": {
    "validity_ratio": 0.8805555555555555,
    "below": -5.4678345674837106,
    "above": 10.0568161750479,
    "turn_on_times": 0,
    "turn_on_ratio": 0.0
  },
  "7": {
    "validity_ratio": 0.88125,
    "below": -4.810686350660826,
    "above": 0.045158965420819486,
    "turn_on_times": 5,
    "turn_on_ratio": 0.625
  },
  "8": {
    "validity_ratio": 0.8826388888888889,
    "below": 0,
    "above": 0,
    "turn_on_times": 3,
    "turn_on_ratio": 1.0
  },
  "9": {
    "validity_ratio": 0.8791666666666667,
    "below": 0,
    "above": 3.8012608503837746,
    "turn_on_times": 0,
    "turn_on_ratio": 0.0
  },
  "10": {
    "validity_ratio": 0.8819444444444444,
    "below": -1.7839125286464046,
    "above": 0.03158081211258142,
    "turn_on_times": 2,
    "turn_on_ratio": 1.0
  },
  "12": {
    "validity_ratio": 0.8833333333333333,
    "below": 0,
    "above": 51.31811770237058,
    "turn_on_times": 0,
    "turn_on_ratio": 0.0
  },
  "13": {
    "validity_ratio": 0.8798611111111111,
    "below": 0,
    "above": 38.061641553185694,
    "turn_on_times": 0,
    "turn_on_ratio": 0.0
  }
}