{
  "1": {
    "validity_ratio": 0.8319444444444445,
    "below": -3.9134092821423376,
    "above": 27.95660624039639,
    "turn_on_times": 0,
    "turn_on_ratio": 0.0
  },
  "2": {
    "validity_ratio": 0.8319444444444445,
    "below": -0.8426157967559024,
    "above": 5.686478705126942,
    "turn_on_times": 3,
    "turn_on_ratio": 0.375
  },
  "3": {
    "validity_ratio": 0.8291666666666667,
    "below": -3.0177204568039344,
    "above": 0.2798877586510465,
    "turn_on_times": 0,
    "turn_on_ratio": 0.0
  },
  "4": {
    "validity_ratio": 0.83125,
    "below": -1.356246977504866,
    "above": 6.9562795889761935,
    "turn_on_times": 0,
    "turn_on_ratio": 0.0
  },
  "5": {
    "validity_ratio": 0.8263888888888888,
    "below": -0.18168784457364323,
    "above": 2.9300174446932674,
    "turn_on_times": 1,
    "turn_on_ratio": 1.0
  },
  "6": {
    "validity_ratio": 0.8319444444444445,
    "below": -5.4677460089592715,
    "above": 10.056741551805942,
    "turn_on_times": 0,
    "turn_on_ratio": 0.0
  },
  "7": {
    "validity_ratio": 0.8326388888888889,
    "below": -4.810655835370665,
    "above": 0.04517213529900328,
    "turn_on_times": 5,
    "turn_on_ratio": 0.625
  },
  "8": {
    "validity_ratio": 0.8270833333333333,
    "below": 0,
    "above": 0,
    "turn_on_times": 3,
    "turn_on_ratio": 1.0
  },
  "9": {
    "validity_ratio": 0.8305555555555556,
    "below": 0,
    "above": 3.8012768989430614,
    "turn_on_times": 0,
    "turn_on_ratio": 0.0
  },
  "10": {
    "validity_ratio": 0.8263888888888888,
    "below": -1.7841334490839664,
    "above": 0,
    "turn_on_times": 1,
    "turn_on_ratio": 1.0
  },
  "12": {
    "validity_ratio": 0.8277777777777777,
    "below": 0,
    "above": 42.74896995336539,
    "turn_on_times": 0,
    "turn_on_ratio": 0.0
  },
  "13": {
    "validity_ratio": 0.83125,
    "below": 0,
    "above": 30.648122811923102,
    "turn_on_times": 0,
    "turn_on_ratio": 0.0
  }
}