{
  "1": {
    "validity_ratio": 0.9777777777777777,
    "below": -5.47621426543074,
    "above": 31.32122899207641,
    "turn_on_times": 0,
    "turn_on_ratio": 0.0
  },
  "2": {
    "validity_ratio": 0.9777777777777777,
    "below": -0.8427261180924611,
    "above": 16.488743232328748,
    "turn_on_times": 3,
    "turn_on_ratio": 0.375
  },
  "3": {
    "validity_ratio": 0.9743055555555555,
    "below": -3.0178042156594977,
    "above": 9.331455827208536,
    "turn_on_times": 0,
    "turn_on_ratio": 0.0
  },
  "4": {
    "validity_ratio": 0.9770833333333333,
    "below": -1.3561422467927204,
    "above": 17.10349756416938,
    "turn_on_times": 0,
    "turn_on_ratio": 0.0
  },
  "5": {
    "validity_ratio": 0.9729166666666667,
    "below": -0.18171569296788453,
    "above": 4.2200032776203775,
    "turn_on_times": 3,
    "turn_on_ratio": 1.0
  },
  "6": {
    "validity_ratio": 0.9777777777777777,
    "below": -5.4678396397684415,
    "above": 10.073864744874859,
    "turn_on_times": 0,
    "turn_on_ratio": 0.0
  },
  "7": {
    "validity_ratio": 0.9722222222222222,
    "below": -4.810688098456884,
    "above": 2.3519714099428417,
    "turn_on_times": 5,
    "turn_on_ratio": 0.625
  },
  "8": {
    "validity_ratio": 0.9729166666666667,
    "below": 0,
    "above": 0,
    "turn_on_times": 3,
    "turn_on_ratio": 1.0
  },
  "9": {
    "validity_ratio": 0.9763888888888889,
    "below": 0,
    "above": 3.8012599296585483,
    "turn_on_times": 0,
    "turn_on_ratio": 0.0
  },
  "10": {
    "validity_ratio": 0.9722222222222222,
    "below": -1.783900053310526,
    "above": 0.0316112462289525,
    "turn_on_times": 2,
    "turn_on_ratio": 1.0
  },
  "12": {
    "validity_ratio": 0.9736111111111111,
    "below": 0,
    "above": 56.73210697387074,
    "turn_on_times": 0,
    "turn_on_ratio": 0.0
  },
  "13": {
    "validity_ratio": 0.9770833333333333,
    "below": 0,
    "above": 49.6242878520803,
    "turn_on_times": 0,
    "turn_on_ratio": 0.0
  }
}