{
  "1": {
    "validity_ratio": 0.7208333333333333,
    "below": -1.2799189313178583,
    "above": 27.956603875007904,
    "turn_on_times": 0,
    "turn_on_ratio": 0.0
  },
  "2": {
    "validity_ratio": 0.7201388888888889,
    "below": -0.842615338968265,
    "above": 0,
    "turn_on_times": 3,
    "turn_on_ratio": 0.375
  },
  "3": {
    "validity_ratio": 0.71875,
    "below": -3.01772010923954,
    "above": 0.2798880313205313,
    "turn_on_times": 0,
    "turn_on_ratio": 0.0
  },
  "4": {
    "validity_ratio": 0.7201388888888889,
    "below": -1.3562474120937378,
    "above": 3.9382121342115055,
    "turn_on_times": 0,
    "turn_on_ratio": 0.0
  },
  "5": {
    "validity_ratio": 0.7152777777777778,
    "below": -0.18168772901439628,
    "above": 2.930017202324676,
    "turn_on_times": 1,
    "turn_on_ratio": 1.0
  },
  "6": {
    "validity_ratio": 0.7208333333333333,
    "below": -5.467745620430376,
    "above": 10.056741224433566,
    "turn_on_times": 0,
    "turn_on_ratio": 0.0
  },
  "7": {
    "validity_ratio": 0.7208333333333333,
    "below": -4.8106557014922835,
    "above": 0.04517219307862674,
    "turn_on_times": 5,
    "turn_on_ratio": 0.625
  },
  "8": {
    "validity_ratio": 0.7159722222222222,
    "below": 0,
    "above": 0,
    "turn_on_times": 3,
    "turn_on_ratio": 1.0
  },
  "9": {
    "validity_ratio": 0.7194444444444444,
    "below": 0,
    "above": 3.801276969241094,
    "turn_on_times": 0,
    "turn_on_ratio": 0.0
  },
  "10": {
    "validity_ratio": 0.7152777777777778,
    "below": -0.3302632581300428,
    "above": 0,
    "turn_on_times": 1,
    "turn_on_ratio": 1.0
  },
  "12": {
    "validity_ratio": 0.7159722222222222,
    "below": 0,
    "above": 20.8136669115661,
    "turn_on_times": 0,
    "turn_on_ratio": 0.0
  },
  "13": {
    "validity_ratio": 0.7201388888888889,
    "below": 0,
    "above": 22.41331992848515,
    "turn_on_times": 0,
    "turn_on_ratio": 0.0
  }
}