{
  "1": {
    "validity_ratio": 0.34097222222222223,
    "below": 0,
    "above": 9.654402594989397,
    "turn_on_times": 0,
    "turn_on_ratio": 0.0
  },
  "2": {
    "validity_ratio": 0.3451388888888889,
    "below": -0.4050458367416663,
    "above": 0,
    "turn_on_times": 3,
    "turn_on_ratio": 0.375
  },
  "3": {
    "validity_ratio": 0.3402777777777778,
    "below": -0.44182198175707266,
    "above": 0,
    "turn_on_times": 0,
    "turn_on_ratio": 0
  },
  "4": {
    "validity_ratio": 0.3416666666666667,
    "below": 0,
    "above": 3.506214057754969,
    "turn_on_times": 0,
    "turn_on_ratio": 0
  },
  "5": {
    "validity_ratio": 0.3402777777777778,
    "below": 0,
    "above": 2.4044629976078857,
    "turn_on_times": 0,
    "turn_on_ratio": 0
  },
  "6": {
    "validity_ratio": 0.34097222222222223,
    "below": 0,
    "above": 6.5116688442434505,
    "turn_on_times": 0,
    "turn_on_ratio": 0.0
  },
  "7": {
    "validity_ratio": 0.3423611111111111,
    "below": -0.3440784181818838,
    "above": 0.0451807450996677,
    "turn_on_times": 5,
    "turn_on_ratio": 0.625
  },
  "8": {
    "validity_ratio": 0.34097222222222223,
    "below": 0,
    "above": 0,
    "turn_on_times": 1,
    "turn_on_ratio": 1.0
  },
  "9": {
    "validity_ratio": 0.34444444444444444,
    "below": 0,
    "above": 1.959326686644765,
    "turn_on_times": 0,
    "turn_on_ratio": 0.0
  },
  "10": {
    "validity_ratio": 0.34652777777777777,
    "below": 0,
    "above": 0,
    "turn_on_times": 0,
    "turn_on_ratio": 0
  },
  "12": {
    "validity_ratio": 0.3423611111111111,
    "below": 0,
    "above": 3.2660364291767032,
    "turn_on_times": 0,
    "turn_on_ratio": 0
  },
  "13": {
    "validity_ratio": 0.34652777777777777,
    "below": 0,
    "above": 11.878399773618895,
    "turn_on_times": 0,
    "turn_on_ratio": 0.0
  }
}