{
  "1": {
    "validity_ratio": 0.5256944444444445,
    "below": 0,
    "above": 33.74397525430201,
    "turn_on_times": 0,
    "turn_on_ratio": 0.0
  },
  "2": {
    "validity_ratio": 0.5208333333333334,
    "below": -1.2404541517861147,
    "above": 3.2222121652933513,
    "turn_on_times": 1,
    "turn_on_ratio": 0.3333333333333333
  },
  "3": {
    "validity_ratio": 0.5215277777777778,
    "below": -1.4549970975857398,
    "above": 26.68058545838997,
    "turn_on_times": 0,
    "turn_on_ratio": 0.0
  },
  "4": {
    "validity_ratio": 0.5215277777777778,
    "below": -0.743018115603577,
    "above": 21.61637841675827,
    "turn_on_times": 1,
    "turn_on_ratio": 0.16666666666666666
  },
  "5": {
    "validity_ratio": 0.525,
    "below": -1.091906651099025,
    "above": 1.811824916822266,
    "turn_on_times": 4,
    "turn_on_ratio": 0.6666666666666666
  },
  "6": {
    "validity_ratio": 0.5222222222222223,
    "below": 0,
    "above": 19.890718724894892,
    "turn_on_times": 1,
    "turn_on_ratio": 0.3333333333333333
  },
  "7": {
    "validity_ratio": 0.5208333333333334,
    "below": -2.86570804242253,
    "above": 10.088797992528857,
    "turn_on_times": 1,
    "turn_on_ratio": 0.3333333333333333
  },
  "8": {
    "validity_ratio": 0.5236111111111111,
    "below": -0.1101987208550095,
    "above": 0,
    "turn_on_times": 2,
    "turn_on_ratio": 1.0
  },
  "9": {
    "validity_ratio": 0.5256944444444445,
    "below": 0,
    "above": 7.417423131706138,
    "turn_on_times": 0,
    "turn_on_ratio": 0.0
  },
  "10": {
    "validity_ratio": 0.5215277777777778,
    "below": 0,
    "above": 0,
    "turn_on_times": 0,
    "turn_on_ratio": 0
  },
  "12": {
    "validity_ratio": 0.5208333333333334,
    "below": 0,
    "above": 11.996508481201849,
    "turn_on_times": 1,
    "turn_on_ratio": 0.16666666666666666
  },
  "13": {
    "validity_ratio": 0.0,
    "below": 0,
    "above": 0,
    "turn_on_times": 0,
    "turn_on_ratio": 0.0
  }
}