{
  "1": {
    "validity_ratio": 0.9201388888888888,
    "below": 0,
    "above": 70.38013664925964,
    "turn_on_times": 0,
    "turn_on_ratio": 0.0
  },
  "2": {
    "validity_ratio": 0.9236111111111112,
    "below": -1.2402654676187383,
    "above": 12.256894575381075,
    "turn_on_times": 1,
    "turn_on_ratio": 0.3333333333333333
  },
  "3": {
    "validity_ratio": 0.9215277777777777,
    "below": -2.4170005364721847,
    "above": 27.900111446527163,
    "turn_on_times": 0,
    "turn_on_ratio": 0.0
  },
  "4": {
    "validity_ratio": 0.9222222222222223,
    "below": -0.7429032487716304,
    "above": 22.95571266329982,
    "turn_on_times": 1,
    "turn_on_ratio": 0.16666666666666666
  },
  "5": {
    "validity_ratio": 0.9208333333333333,
    "below": -1.0918802598994113,
    "above": 1.829203892839631,
    "turn_on_times": 4,
    "turn_on_ratio": 0.6666666666666666
  },
  "6": {
    "validity_ratio": 0.925,
    "below": 0,
    "above": 20.826235696585343,
    "turn_on_times": 1,
    "turn_on_ratio": 0.3333333333333333
  },
  "7": {
    "validity_ratio": 0.925,
    "below": -11.949477493894847,
    "above": 16.004183312592,
    "turn_on_times": 1,
    "turn_on_ratio": 0.3333333333333333
  },
  "8": {
    "validity_ratio": 0.9256944444444445,
    "below": -0.16195417918738392,
    "above": 0,
    "turn_on_times": 3,
    "turn_on_ratio": 1.0
  },
  "9": {
    "validity_ratio": 0.9208333333333333,
    "below": 0,
    "above": 8.973304707279103,
    "turn_on_times": 0,
    "turn_on_ratio": 0.0
  },
  "10": {
    "validity_ratio": 0.9243055555555556,
    "below": 0,
    "above": 0,
    "turn_on_times": 0,
    "turn_on_ratio": 0
  },
  "12": {
    "validity_ratio": 0.9236111111111112,
    "below": 0,
    "above": 39.71429883734974,
    "turn_on_times": 1,
    "turn_on_ratio": 0.16666666666666666
  },
  "13": {
    "validity_ratio": 0.0,
    "below": 0,
    "above": 0,
    "turn_on_times": 0,
    "turn_on_ratio": 0.0
  }
}