{
  "1": {
    "validity_ratio": 0.5395833333333333,
    "below": 0,
    "above": 35.14426162609948,
    "turn_on_times": 0,
    "turn_on_ratio": 0.0
  },
  "2": {
    "validity_ratio": 0.5416666666666666,
    "below": -1.2404206748421223,
    "above": 3.22214877802348,
    "turn_on_times": 1,
    "turn_on_ratio": 0.3333333333333333
  },
  "3": {
    "validity_ratio": 0.5423611111111111,
    "below": -1.6012346270329667,
    "above": 26.680457360818835,
    "turn_on_times": 0,
    "turn_on_ratio": 0.0
  },
  "4": {
    "validity_ratio": 0.5423611111111111,
    "below": -0.7429977355655849,
    "above": 21.616123074419516,
    "turn_on_times": 1,
    "turn_on_ratio": 0.16666666666666666
  },
  "5": {
    "validity_ratio": 0.5388888888888889,
    "below": -1.0919019597466608,
    "above": 1.811670971593631,
    "turn_on_times": 4,
    "turn_on_ratio": 0.6666666666666666
  },
  "6": {
    "validity_ratio": 0.5430555555555555,
    "below": 0,
    "above": 20.482896168610882,
    "turn_on_times": 1,
    "turn_on_ratio": 0.3333333333333333
  },
  "7": {
    "validity_ratio": 0.5416666666666666,
    "below": -3.798640385876321,
    "above": 10.088750828354671,
    "turn_on_times": 1,
    "turn_on_ratio": 0.3333333333333333
  },
  "8": {
    "validity_ratio": 0.5444444444444444,
    "below": -0.11018952154748522,
    "above": 0,
    "turn_on_times": 2,
    "turn_on_ratio": 1.0
  },
  "9": {
    "validity_ratio": 0.5395833333333333,
    "below": 0,
    "above": 7.417418690759041,
    "turn_on_times": 0,
    "turn_on_ratio": 0.0
  },
  "10": {
    "validity_ratio": 0.5423611111111111,
    "below": 0,
    "above": 0,
    "turn_on_times": 0,
    "turn_on_ratio": 0
  },
  "12": {
    "validity_ratio": 0.5416666666666666,
    "below": 0,
    "above": 13.662120115074178,
    "turn_on_times": 1,
    "turn_on_ratio": 0.16666666666666666
  },
  "13": {
    "validity_ratio": 0.0,
    "below": 0,
    "above": 0,
    "turn_on_times": 0,
    "turn_on_ratio": 0.0
  }
}