{
  "1": {
    "validity_ratio": 0.3875,
    "below": 0,
    "above": 21.338939189439014,
    "turn_on_times": 0,
    "turn_on_ratio": 0.0
  },
  "2": {
    "validity_ratio": 0.3819444444444444,
    "below": -1.2061015848305174,
    "above": 3.2064166728208336,
    "turn_on_times": 1,
    "turn_on_ratio": 0.3333333333333333
  },
  "3": {
    "validity_ratio": 0.3840277777777778,
    "below": 0,
    "above": 23.008790132047775,
    "turn_on_times": 0,
    "turn_on_ratio": 0.0
  },
  "4": {
    "validity_ratio": 0.38263888888888886,
    "below": -0.3333333333333333,
    "above": 21.61633092473616,
    "turn_on_times": 1,
    "turn_on_ratio": 0.16666666666666666
  },
  "5": {
    "validity_ratio": 0.3861111111111111,
    "below": -0.9932152944466226,
    "above": 1.8117967061162032,
    "turn_on_times": 4,
    "turn_on_ratio": 0.6666666666666666
  },
  "6": {
    "validity_ratio": 0.38333333333333336,
    "below": 0,
    "above": 12.20028729248566,
    "turn_on_times": 1,
    "turn_on_ratio": 0.3333333333333333
  },
  "7": {
    "validity_ratio": 0.38819444444444445,
    "below": -2.3422481000356212,
    "above": 6.59830511541526,
    "turn_on_times": 1,
    "turn_on_ratio": 0.3333333333333333
  },
  "8": {
    "validity_ratio": 0.38472222222222224,
    "below": -0.11019700985422994,
    "above": 0,
    "turn_on_times": 2,
    "turn_on_ratio": 1.0
  },
  "9": {
    "validity_ratio": 0.38680555555555557,
    "below": 0,
    "above": 6.571967570381075,
    "turn_on_times": 0,
    "turn_on_ratio": 0.0
  },
  "10": {
    "validity_ratio": 0.38263888888888886,
    "below": 0,
    "above": 0,
    "turn_on_times": 0,
    "turn_on_ratio": 0
  },
  "12": {
    "validity_ratio": 0.3819444444444444,
    "below": 0,
    "above": 5.152410264392724,
    "turn_on_times": 1,
    "turn_on_ratio": 0.16666666666666666
  },
  "13": {
    "validity_ratio": 0.0,
    "below": 0,
    "above": 0,
    "turn_on_times": 0,
    "turn_on_ratio": 0.0
  }
}