{
  "1": {
    "validity_ratio": 0.5604166666666667,
    "below": 0,
    "above": 37.35941875674704,
    "turn_on_times": 0,
    "turn_on_ratio": 0.0
  },
  "2": {
    "validity_ratio": 0.5486111111111112,
    "below": -1.240266228655276,
    "above": 3.221856335271749,
    "turn_on_times": 1,
    "turn_on_ratio": 0.3333333333333333
  },
  "3": {
    "validity_ratio": 0.55625,
    "below": -1.6009884990937842,
    "above": 26.679871883634473,
    "turn_on_times": 0,
    "turn_on_ratio": 0.0
  },
  "4": {
    "validity_ratio": 0.55625,
    "below": -0.7429037120741823,
    "above": 21.614945101822194,
    "turn_on_times": 1,
    "turn_on_ratio": 0.16666666666666666
  },
  "5": {
    "validity_ratio": 0.5597222222222222,
    "below": -1.091880366099243,
    "above": 1.810888569897645,
    "turn_on_times": 4,
    "turn_on_ratio": 0.6666666666666666
  },
  "6": {
    "validity_ratio": 0.5569444444444445,
    "below": 0,
    "above": 20.48236169074302,
    "turn_on_times": 1,
    "turn_on_ratio": 0.3333333333333333
  },
  "7": {
    "validity_ratio": 0.5555555555555556,
    "below": -4.365521989387578,
    "above": 10.088533236006324,
    "turn_on_times": 1,
    "turn_on_ratio": 0.3333333333333333
  },
  "8": {
    "validity_ratio": 0.5583333333333333,
    "below": -0.11014708045820634,
    "above": 0,
    "turn_on_times": 2,
    "turn_on_ratio": 1.0
  },
  "9": {
    "validity_ratio": 0.5604166666666667,
    "below": 0,
    "above": 7.417398179270977,
    "turn_on_times": 0,
    "turn_on_ratio": 0.0
  },
  "10": {
    "validity_ratio": 0.55625,
    "below": 0,
    "above": 0,
    "turn_on_times": 0,
    "turn_on_ratio": 0
  },
  "12": {
    "validity_ratio": 0.5555555555555556,
    "below": 0,
    "above": 14.413142761616292,
    "turn_on_times": 1,
    "turn_on_ratio": 0.16666666666666666
  },
  "13": {
    "validity_ratio": 0.0,
    "below": 0,
    "above": 0,
    "turn_on_times": 0,
    "turn_on_ratio": 0.0
  }
}