{
  "1": {
    "validity_ratio": 0.13125,
    "below": 0,
    "above": 4.449371361129029,
    "turn_on_times": 0,
    "turn_on_ratio": 0.0
  },
  "2": {
    "validity_ratio": 0.125,
    "below": 0,
    "above": 3.206402147496997,
    "turn_on_times": 0,
    "turn_on_ratio": 0.0
  },
  "3": {
    "validity_ratio": 0.12777777777777777,
    "below": 0,
    "above": 6.564829433326925,
    "turn_on_times": 0,
    "turn_on_ratio": 0.0
  },
  "4": {
    "validity_ratio": 0.12569444444444444,
    "below": 0,
    "above": 7.756041374738413,
    "turn_on_times": 0,
    "turn_on_ratio": 0.0
  },
  "5": {
    "validity_ratio": 0.1284722222222222,
    "below": -0.4324956687153925,
    "above": 0.030456383365919035,
    "turn_on_times": 2,
    "turn_on_ratio": 0.6666666666666666
  },
  "6": {
    "validity_ratio": 0.12569444444444444,
    "below": 0,
    "above": 0.25730263857509394,
    "turn_on_times": 1,
    "turn_on_ratio": 0.5
  },
  "7": {
    "validity_ratio": 0.13055555555555556,
    "below": -2.3422421254193493,
    "above": 0,
    "turn_on_times": 1,
    "turn_on_ratio": 0.5
  },
  "8": {
    "validity_ratio": 0.12777777777777777,
    "below": 0,
    "above": 0,
    "turn_on_times": 0,
    "turn_on_ratio": 0
  },
  "9": {
    "validity_ratio": 0.12986111111111112,
    "below": 0,
    "above": 0,
    "turn_on_times": 0,
    "turn_on_ratio": 0
  },
  "10": {
    "validity_ratio": 0.12569444444444444,
    "below": 0,
    "above": 0,
    "turn_on_times": 0,
    "turn_on_ratio": 0
  },
  "12": {
    "validity_ratio": 0.125,
    "below": 0,
    "above": 0.937345597533698,
    "turn_on_times": 1,
    "turn_on_ratio": 0.3333333333333333
  },
  "13": {
    "validity_ratio": 0.0,
    "below": 0,
    "above": 0,
    "turn_on_times": 0,
    "turn_on_ratio": 0.0
  }
}