{
  "1": {
    "validity_ratio": 0.4222222222222222,
    "below": 0,
    "above": 24.338472545023514,
    "turn_on_times": 0,
    "turn_on_ratio": 0.0
  },
  "2": {
    "validity_ratio": 0.4236111111111111,
    "below": -1.240358126667159,
    "above": 3.2220303444917797,
    "turn_on_times": 1,
    "turn_on_ratio": 0.3333333333333333
  },
  "3": {
    "validity_ratio": 0.425,
    "below": 0,
    "above": 25.071597565275873,
    "turn_on_times": 0,
    "turn_on_ratio": 0.0
  },
  "4": {
    "validity_ratio": 0.42430555555555555,
    "below": -0.7429596575922082,
    "above": 21.615646004597526,
    "turn_on_times": 1,
    "turn_on_ratio": 0.16666666666666666
  },
  "5": {
    "validity_ratio": 0.42083333333333334,
    "below": -1.0918932047810355,
    "above": 1.81136840540414,
    "turn_on_times": 4,
    "turn_on_ratio": 0.6666666666666666
  },
  "6": {
    "validity_ratio": 0.425,
    "below": 0,
    "above": 14.767030865875485,
    "turn_on_times": 1,
    "turn_on_ratio": 0.3333333333333333
  },
  "7": {
    "validity_ratio": 0.42291666666666666,
    "below": -2.34211474345838,
    "above": 7.615899837588216,
    "turn_on_times": 1,
    "turn_on_ratio": 0.3333333333333333
  },
  "8": {
    "validity_ratio": 0.42569444444444443,
    "below": -0.11017233360175437,
    "above": 0,
    "turn_on_times": 2,
    "turn_on_ratio": 1.0
  },
  "9": {
    "validity_ratio": 0.4215277777777778,
    "below": 0,
    "above": 7.417410388524854,
    "turn_on_times": 0,
    "turn_on_ratio": 0.0
  },
  "10": {
    "validity_ratio": 0.42430555555555555,
    "below": 0,
    "above": 0,
    "turn_on_times": 0,
    "turn_on_ratio": 0
  },
  "12": {
    "validity_ratio": 0.4236111111111111,
    "below": 0,
    "above": 7.865872821608286,
    "turn_on_times": 1,
    "turn_on_ratio": 0.16666666666666666
  },
  "13": {
    "validity_ratio": 0.0,
    "below": 0,
    "above": 0,
    "turn_on_times": 0,
    "turn_on_ratio": 0.0
  }
}