{
  "1": {
    "validity_ratio": 0.2076388888888889,
    "below": 0,
    "above": 5.018618376774192,
    "turn_on_times": 0,
    "turn_on_ratio": 0.0
  },
  "2": {
    "validity_ratio": 0.2013888888888889,
    "below": 0,
    "above": 3.205853160083857,
    "turn_on_times": 1,
    "turn_on_ratio": 0.3333333333333333
  },
  "3": {
    "validity_ratio": 0.20347222222222222,
    "below": 0,
    "above": 13.437366040361377,
    "turn_on_times": 0,
    "turn_on_ratio": 0.0
  },
  "4": {
    "validity_ratio": 0.20208333333333334,
    "below": 0,
    "above": 16.350639690215935,
    "turn_on_times": 0,
    "turn_on_ratio": 0.0
  },
  "5": {
    "validity_ratio": 0.2048611111111111,
    "below": -0.5316658865110374,
    "above": 0.05399969343895229,
    "turn_on_times": 3,
    "turn_on_ratio": 0.75
  },
  "6": {
    "validity_ratio": 0.20208333333333334,
    "below": 0,
    "above": 0.3069413625333857,
    "turn_on_times": 1,
    "turn_on_ratio": 0.3333333333333333
  },
  "7": {
    "validity_ratio": 0.20694444444444443,
    "below": -2.342016315328905,
    "above": 0.2382814993576965,
    "turn_on_times": 1,
    "turn_on_ratio": 0.3333333333333333
  },
  "8": {
    "validity_ratio": 0.20416666666666666,
    "below": 0,
    "above": 0,
    "turn_on_times": 0,
    "turn_on_ratio": 0
  },
  "9": {
    "validity_ratio": 0.20625,
    "below": 0,
    "above": 0,
    "turn_on_times": 0,
    "turn_on_ratio": 0
  },
  "10": {
    "validity_ratio": 0.20208333333333334,
    "below": 0,
    "above": 0,
    "turn_on_times": 0,
    "turn_on_ratio": 0
  },
  "12": {
    "validity_ratio": 0.2013888888888889,
    "below": 0,
    "above": 2.214009648201765,
    "turn_on_times": 1,
    "turn_on_ratio": 0.25
  },
  "13": {
    "validity_ratio": 0.0,
    "below": 0,
    "above": 0,
    "turn_on_times": 0,
    "turn_on_ratio": 0.0
  }
}