{
  "1": {
    "validity_ratio": 0.7055555555555556,
    "below": 0,
    "above": 51.15901408682318,
    "turn_on_times": 0,
    "turn_on_ratio": 0.0
  },
  "2": {
    "validity_ratio": 0.7083333333333334,
    "below": -1.2402892029302557,
    "above": 3.2218998374180186,
    "turn_on_times": 1,
    "turn_on_ratio": 0.3333333333333333
  },
  "3": {
    "validity_ratio": 0.7083333333333334,
    "below": -2.0255608129707667,
    "above": 26.679958402303882,
    "turn_on_times": 0,
    "turn_on_ratio": 0.0
  },
  "4": {
    "validity_ratio": 0.7069444444444445,
    "below": -0.7429176983148923,
    "above": 21.615120322961197,
    "turn_on_times": 1,
    "turn_on_ratio": 0.16666666666666666
  },
  "5": {
    "validity_ratio": 0.7104166666666667,
    "below": -1.0918835730127243,
    "above": 1.8110124652042023,
    "turn_on_times": 4,
    "turn_on_ratio": 0.6666666666666666
  },
  "6": {
    "validity_ratio": 0.7097222222222223,
    "below": 0,
    "above": 20.81072205482081,
    "turn_on_times": 1,
    "turn_on_ratio": 0.3333333333333333
  },
  "7": {
    "validity_ratio": 0.7090277777777778,
    "below": -8.944455163253679,
    "above": 10.08856560343828,
    "turn_on_times": 1,
    "turn_on_ratio": 0.3333333333333333
  },
  "8": {
    "validity_ratio": 0.7104166666666667,
    "below": -0.1445114612114423,
    "above": 0,
    "turn_on_times": 3,
    "turn_on_ratio": 1.0
  },
  "9": {
    "validity_ratio": 0.7104166666666667,
    "below": 0,
    "above": 7.50458438475901,
    "turn_on_times": 0,
    "turn_on_ratio": 0.0
  },
  "10": {
    "validity_ratio": 0.7090277777777778,
    "below": 0,
    "above": 0,
    "turn_on_times": 0,
    "turn_on_ratio": 0
  },
  "12": {
    "validity_ratio": 0.7083333333333334,
    "below": 0,
    "above": 21.438365296364285,
    "turn_on_times": 1,
    "turn_on_ratio": 0.16666666666666666
  },
  "13": {
    "validity_ratio": 0.0,
    "below": 0,
    "above": 0,
    "turn_on_times": 0,
    "turn_on_ratio": 0.0
  }
}