{
  "1": {
    "validity_ratio": 0.4979166666666667,
    "below": 0,
    "above": 30.977113199301645,
    "turn_on_times": 0,
    "turn_on_ratio": 0.0
  },
  "2": {
    "validity_ratio": 0.4930555555555556,
    "below": -1.2403297615267084,
    "above": 3.221976635305737,
    "turn_on_times": 1,
    "turn_on_ratio": 0.3333333333333333
  },
  "3": {
    "validity_ratio": 0.49375,
    "below": -1.0367889259817478,
    "above": 26.680111630141653,
    "turn_on_times": 0,
    "turn_on_ratio": 0.0
  },
  "4": {
    "validity_ratio": 0.49375,
    "below": -0.7429423895094295,
    "above": 21.615429661504027,
    "turn_on_times": 1,
    "turn_on_ratio": 0.16666666666666666
  },
  "5": {
    "validity_ratio": 0.49722222222222223,
    "below": -1.0918892389060713,
    "above": 1.8112247812252997,
    "turn_on_times": 4,
    "turn_on_ratio": 0.6666666666666666
  },
  "6": {
    "validity_ratio": 0.49444444444444446,
    "below": 0,
    "above": 18.95079246443459,
    "turn_on_times": 1,
    "turn_on_ratio": 0.3333333333333333
  },
  "7": {
    "validity_ratio": 0.4930555555555556,
    "below": -2.3420726194679964,
    "above": 9.732307969408462,
    "turn_on_times": 1,
    "turn_on_ratio": 0.3333333333333333
  },
  "8": {
    "validity_ratio": 0.49583333333333335,
    "below": -0.11016453899391798,
    "above": 0,
    "turn_on_times": 2,
    "turn_on_ratio": 1.0
  },
  "9": {
    "validity_ratio": 0.4979166666666667,
    "below": 0,
    "above": 7.417406621466491,
    "turn_on_times": 0,
    "turn_on_ratio": 0.0
  },
  "10": {
    "validity_ratio": 0.49375,
    "below": 0,
    "above": 0,
    "turn_on_times": 0,
    "turn_on_ratio": 0
  },
  "12": {
    "validity_ratio": 0.4930555555555556,
    "below": 0,
    "above": 10.567386227511983,
    "turn_on_times": 1,
    "turn_on_ratio": 0.16666666666666666
  },
  "13": {
    "validity_ratio": 0.0,
    "below": 0,
    "above": 0,
    "turn_on_times": 0,
    "turn_on_ratio": 0.0
  }
}