{
  "1": {
    "validity_ratio": 0.7541666666666667,
    "below": 0,
    "above": 55.59255588549592,
    "turn_on_times": 0,
    "turn_on_ratio": 0.0
  },
  "2": {
    "validity_ratio": 0.75,
    "below": -1.2403313029790852,
    "above": 3.22197955404167,
    "turn_on_times": 1,
    "turn_on_ratio": 0.3333333333333333
  },
  "3": {
    "validity_ratio": 0.7555555555555555,
    "below": -2.4171057570297583,
    "above": 26.68011746595449,
    "turn_on_times": 0,
    "turn_on_ratio": 0.0
  },
  "4": {
    "validity_ratio": 0.7555555555555555,
    "below": -0.7429433279122302,
    "above": 21.615441418205553,
    "turn_on_times": 1,
    "turn_on_ratio": 0.16666666666666666
  },
  "5": {
    "validity_ratio": 0.7534722222222222,
    "below": -1.0918894543532316,
    "above": 1.811232689040765,
    "turn_on_times": 4,
    "turn_on_ratio": 0.6666666666666666
  },
  "6": {
    "validity_ratio": 0.7513888888888889,
    "below": 0,
    "above": 20.810841493810692,
    "turn_on_times": 1,
    "turn_on_ratio": 0.3333333333333333
  },
  "7": {
    "validity_ratio": 0.7506944444444444,
    "below": -9.12735778703449,
    "above": 10.145618621737167,
    "turn_on_times": 1,
    "turn_on_ratio": 0.3333333333333333
  },
  "8": {
    "validity_ratio": 0.7513888888888889,
    "below": -0.16197190999144168,
    "above": 0,
    "turn_on_times": 3,
    "turn_on_ratio": 1.0
  },
  "9": {
    "validity_ratio": 0.7527777777777778,
    "below": 0,
    "above": 8.456404288378083,
    "turn_on_times": 0,
    "turn_on_ratio": 0.0
  },
  "10": {
    "validity_ratio": 0.7506944444444444,
    "below": 0,
    "above": 0,
    "turn_on_times": 0,
    "turn_on_ratio": 0
  },
  "12": {
    "validity_ratio": 0.75,
    "below": 0,
    "above": 23.83252424270507,
    "turn_on_times": 1,
    "turn_on_ratio": 0.16666666666666666
  },
  "13": {
    "validity_ratio": 0.0,
    "below": 0,
    "above": 0,
    "turn_on_times": 0,
    "turn_on_ratio": 0.0
  }
}