{
  "1": {
    "validity_ratio": 0.4013888888888889,
    "below": 0,
    "above": 22.538492278612935,
    "turn_on_times": 0,
    "turn_on_ratio": 0.0
  },
  "2": {
    "validity_ratio": 0.4027777777777778,
    "below": -1.2403619240981296,
    "above": 3.206106169142878,
    "turn_on_times": 1,
    "turn_on_ratio": 0.3333333333333333
  },
  "3": {
    "validity_ratio": 0.4041666666666667,
    "below": 0,
    "above": 24.13468336751567,
    "turn_on_times": 0,
    "turn_on_ratio": 0.0
  },
  "4": {
    "validity_ratio": 0.40347222222222223,
    "below": -0.6976977413025515,
    "above": 21.615674968110888,
    "turn_on_times": 1,
    "turn_on_ratio": 0.16666666666666666
  },
  "5": {
    "validity_ratio": 0.4,
    "below": -1.0918937359294196,
    "above": 1.8113873296197407,
    "turn_on_times": 4,
    "turn_on_ratio": 0.6666666666666666
  },
  "6": {
    "validity_ratio": 0.4041666666666667,
    "below": 0,
    "above": 13.475818714566364,
    "turn_on_times": 1,
    "turn_on_ratio": 0.3333333333333333
  },
  "7": {
    "validity_ratio": 0.40208333333333335,
    "below": -2.342120382878568,
    "above": 7.03157996626797,
    "turn_on_times": 1,
    "turn_on_ratio": 0.3333333333333333
  },
  "8": {
    "validity_ratio": 0.40555555555555556,
    "below": -0.11017337711801171,
    "above": 0,
    "turn_on_times": 2,
    "turn_on_ratio": 1.0
  },
  "9": {
    "validity_ratio": 0.40069444444444446,
    "below": 0,
    "above": 7.417410892748769,
    "turn_on_times": 0,
    "turn_on_ratio": 0.0
  },
  "10": {
    "validity_ratio": 0.40347222222222223,
    "below": 0,
    "above": 0,
    "turn_on_times": 0,
    "turn_on_ratio": 0
  },
  "12": {
    "validity_ratio": 0.4027777777777778,
    "below": 0,
    "above": 6.561940884783085,
    "turn_on_times": 1,
    "turn_on_ratio": 0.16666666666666666
  },
  "13": {
    "validity_ratio": 0.0,
    "below": 0,
    "above": 0,
    "turn_on_times": 0,
    "turn_on_ratio": 0.0
  }
}