{
  "1": {
    "validity_ratio": 0.7055555555555556,
    "below": 0,
    "above": 51.1598576649581,
    "turn_on_times": 0,
    "turn_on_ratio": 0.0
  },
  "2": {
    "validity_ratio": 0.7013888888888888,
    "below": -1.2404595654507637,
    "above": 3.2222224158170296,
    "turn_on_times": 1,
    "turn_on_ratio": 0.3333333333333333
  },
  "3": {
    "validity_ratio": 0.7020833333333333,
    "below": -2.0258331275482964,
    "above": 26.680606213374123,
    "turn_on_times": 0,
    "turn_on_ratio": 0.0
  },
  "4": {
    "validity_ratio": 0.7069444444444445,
    "below": -0.7430214113252911,
    "above": 21.616419709366333,
    "turn_on_times": 1,
    "turn_on_ratio": 0.16666666666666666
  },
  "5": {
    "validity_ratio": 0.7034722222222223,
    "below": -1.0919074101150898,
    "above": 1.8118492882506212,
    "turn_on_times": 4,
    "turn_on_ratio": 0.6666666666666666
  },
  "6": {
    "validity_ratio": 0.7027777777777777,
    "below": 0,
    "above": 20.811205383600782,
    "turn_on_times": 1,
    "turn_on_ratio": 0.3333333333333333
  },
  "7": {
    "validity_ratio": 0.7020833333333333,
    "below": -8.72796180269533,
    "above": 10.088805619599661,
    "turn_on_times": 1,
    "turn_on_ratio": 0.3333333333333333
  },
  "8": {
    "validity_ratio": 0.7041666666666667,
    "below": -0.11020020850471716,
    "above": 0,
    "turn_on_times": 3,
    "turn_on_ratio": 1.0
  },
  "9": {
    "validity_ratio": 0.7041666666666667,
    "below": 0,
    "above": 7.417423849698179,
    "turn_on_times": 0,
    "turn_on_ratio": 0.0
  },
  "10": {
    "validity_ratio": 0.7020833333333333,
    "below": 0,
    "above": 0,
    "turn_on_times": 0,
    "turn_on_ratio": 0
  },
  "12": {
    "validity_ratio": 0.7013888888888888,
    "below": 0,
    "above": 21.112505797435688,
    "turn_on_times": 1,
    "turn_on_ratio": 0.16666666666666666
  },
  "13": {
    "validity_ratio": 0.0,
    "below": 0,
    "above": 0,
    "turn_on_times": 0,
    "turn_on_ratio": 0.0
  }
}