{
  "1": {
    "validity_ratio": 0.24930555555555556,
    "below": 0,
    "above": 8.818863468225802,
    "turn_on_times": 0,
    "turn_on_ratio": 0.0
  },
  "2": {
    "validity_ratio": 0.24305555555555555,
    "below": 0,
    "above": 3.206031852748617,
    "turn_on_times": 1,
    "turn_on_ratio": 0.3333333333333333
  },
  "3": {
    "validity_ratio": 0.24513888888888888,
    "below": 0,
    "above": 15.729594183424348,
    "turn_on_times": 0,
    "turn_on_ratio": 0.0
  },
  "4": {
    "validity_ratio": 0.24375,
    "below": 0,
    "above": 18.930297427049425,
    "turn_on_times": 0,
    "turn_on_ratio": 0.0
  },
  "5": {
    "validity_ratio": 0.2465277777777778,
    "below": -0.5316899464888706,
    "above": 0.07788005492867979,
    "turn_on_times": 3,
    "turn_on_ratio": 0.75
  },
  "6": {
    "validity_ratio": 0.24375,
    "below": 0,
    "above": 3.197777584870048,
    "turn_on_times": 1,
    "turn_on_ratio": 0.3333333333333333
  },
  "7": {
    "validity_ratio": 0.24930555555555556,
    "below": -2.342089815027139,
    "above": 1.9485414990143959,
    "turn_on_times": 1,
    "turn_on_ratio": 0.3333333333333333
  },
  "8": {
    "validity_ratio": 0.24583333333333332,
    "below": 0,
    "above": 0,
    "turn_on_times": 0,
    "turn_on_ratio": 0
  },
  "9": {
    "validity_ratio": 0.24791666666666667,
    "below": 0,
    "above": 0,
    "turn_on_times": 0,
    "turn_on_ratio": 0
  },
  "10": {
    "validity_ratio": 0.24375,
    "below": 0,
    "above": 0,
    "turn_on_times": 0,
    "turn_on_ratio": 0
  },
  "12": {
    "validity_ratio": 0.24305555555555555,
    "below": 0,
    "above": 2.826863074393199,
    "turn_on_times": 1,
    "turn_on_ratio": 0.25
  },
  "13": {
    "validity_ratio": 0.0,
    "below": 0,
    "above": 0,
    "turn_on_times": 0,
    "turn_on_ratio": 0.0
  }
}