{
  "1": {
    "validity_ratio": 0.7194444444444444,
    "below": 0,
    "above": 52.4256858811303,
    "turn_on_times": 0,
    "turn_on_ratio": 0.0
  },
  "2": {
    "validity_ratio": 0.7152777777777778,
    "below": -1.2402902384688876,
    "above": 3.221901798222208,
    "turn_on_times": 1,
    "turn_on_ratio": 0.3333333333333333
  },
  "3": {
    "validity_ratio": 0.7152777777777778,
    "below": -2.025562468219022,
    "above": 26.679962306745274,
    "turn_on_times": 0,
    "turn_on_ratio": 0.0
  },
  "4": {
    "validity_ratio": 0.7208333333333333,
    "below": -0.742918328728369,
    "above": 21.61512822089377,
    "turn_on_times": 1,
    "turn_on_ratio": 0.16666666666666666
  },
  "5": {
    "validity_ratio": 0.7180555555555556,
    "below": -1.0918837176033953,
    "above": 1.8110179878135262,
    "turn_on_times": 4,
    "turn_on_ratio": 0.6666666666666666
  },
  "6": {
    "validity_ratio": 0.7166666666666667,
    "below": 0,
    "above": 20.810724992661253,
    "turn_on_times": 1,
    "turn_on_ratio": 0.3333333333333333
  },
  "7": {
    "validity_ratio": 0.7159722222222222,
    "below": -9.127242195783099,
    "above": 10.088567062362506,
    "turn_on_times": 1,
    "turn_on_ratio": 0.3333333333333333
  },
  "8": {
    "validity_ratio": 0.7166666666666667,
    "below": -0.16196085048208103,
    "above": 0,
    "turn_on_times": 3,
    "turn_on_ratio": 1.0
  },
  "9": {
    "validity_ratio": 0.7180555555555556,
    "below": 0,
    "above": 7.642881591531682,
    "turn_on_times": 0,
    "turn_on_ratio": 0.0
  },
  "10": {
    "validity_ratio": 0.7159722222222222,
    "below": 0,
    "above": 0,
    "turn_on_times": 0,
    "turn_on_ratio": 0
  },
  "12": {
    "validity_ratio": 0.7152777777777778,
    "below": 0,
    "above": 21.74797488912283,
    "turn_on_times": 1,
    "turn_on_ratio": 0.16666666666666666
  },
  "13": {
    "validity_ratio": 0.0,
    "below": 0,
    "above": 0,
    "turn_on_times": 0,
    "turn_on_ratio": 0.0
  }
}