{
  "1": {
    "validity_ratio": 0.5881944444444445,
    "below": 0,
    "above": 40.0756959650493,
    "turn_on_times": 0,
    "turn_on_ratio": 0.0
  },
  "2": {
    "validity_ratio": 0.5833333333333334,
    "below": -1.2403955597243959,
    "above": 3.222101223287367,
    "turn_on_times": 1,
    "turn_on_ratio": 0.3333333333333333
  },
  "3": {
    "validity_ratio": 0.5840277777777778,
    "below": -1.7630682739153192,
    "above": 26.680361538251105,
    "turn_on_times": 0,
    "turn_on_ratio": 0.0
  },
  "4": {
    "validity_ratio": 0.5888888888888889,
    "below": -0.7429824460262067,
    "above": 21.615931513765297,
    "turn_on_times": 1,
    "turn_on_ratio": 0.16666666666666666
  },
  "5": {
    "validity_ratio": 0.5875,
    "below": -1.0918984427265042,
    "above": 1.8115518193049465,
    "turn_on_times": 4,
    "turn_on_ratio": 0.6666666666666666
  },
  "6": {
    "validity_ratio": 0.5847222222222223,
    "below": 0,
    "above": 20.537342760642964,
    "turn_on_times": 1,
    "turn_on_ratio": 0.3333333333333333
  },
  "7": {
    "validity_ratio": 0.5833333333333334,
    "below": -5.448903019123747,
    "above": 10.088715444784786,
    "turn_on_times": 1,
    "turn_on_ratio": 0.3333333333333333
  },
  "8": {
    "validity_ratio": 0.5861111111111111,
    "below": -0.11018262003068222,
    "above": 0,
    "turn_on_times": 2,
    "turn_on_ratio": 1.0
  },
  "9": {
    "validity_ratio": 0.5861111111111111,
    "below": 0,
    "above": 7.417415357892655,
    "turn_on_times": 0,
    "turn_on_ratio": 0.0
  },
  "10": {
    "validity_ratio": 0.5770833333333333,
    "below": 0,
    "above": 0,
    "turn_on_times": 0,
    "turn_on_ratio": 0
  },
  "12": {
    "validity_ratio": 0.5833333333333334,
    "below": 0,
    "above": 15.414130782694528,
    "turn_on_times": 1,
    "turn_on_ratio": 0.16666666666666666
  },
  "13": {
    "validity_ratio": 0.0,
    "below": 0,
    "above": 0,
    "turn_on_times": 0,
    "turn_on_ratio": 0.0
  }
}