{
  "1": {
    "validity_ratio": 0.4701388888888889,
    "below": 0,
    "above": 28.478800399133362,
    "turn_on_times": 0,
    "turn_on_ratio": 0.0
  },
  "2": {
    "validity_ratio": 0.4722222222222222,
    "below": -1.2404212172345503,
    "above": 3.222149805025177,
    "turn_on_times": 1,
    "turn_on_ratio": 0.3333333333333333
  },
  "3": {
    "validity_ratio": 0.4736111111111111,
    "below": -0.5055188528613568,
    "above": 26.6804594328654,
    "turn_on_times": 0,
    "turn_on_ratio": 0.0
  },
  "4": {
    "validity_ratio": 0.47291666666666665,
    "below": -0.7429980657623398,
    "above": 21.616127211436556,
    "turn_on_times": 1,
    "turn_on_ratio": 0.16666666666666666
  },
  "5": {
    "validity_ratio": 0.46944444444444444,
    "below": -1.0919020357250662,
    "above": 1.8116735102305586,
    "turn_on_times": 4,
    "turn_on_ratio": 0.6666666666666666
  },
  "6": {
    "validity_ratio": 0.4736111111111111,
    "below": 0,
    "above": 17.68801584602055,
    "turn_on_times": 1,
    "turn_on_ratio": 0.3333333333333333
  },
  "7": {
    "validity_ratio": 0.4722222222222222,
    "below": -2.342208436858514,
    "above": 9.119745606588747,
    "turn_on_times": 1,
    "turn_on_ratio": 0.3333333333333333
  },
  "8": {
    "validity_ratio": 0.475,
    "below": -0.11018967059438586,
    "above": 0,
    "turn_on_times": 2,
    "turn_on_ratio": 1.0
  },
  "9": {
    "validity_ratio": 0.4701388888888889,
    "below": 0,
    "above": 7.41741876272536,
    "turn_on_times": 0,
    "turn_on_ratio": 0.0
  },
  "10": {
    "validity_ratio": 0.47291666666666665,
    "below": 0,
    "above": 0,
    "turn_on_times": 0,
    "turn_on_ratio": 0
  },
  "12": {
    "validity_ratio": 0.4722222222222222,
    "below": 0,
    "above": 9.967974551813462,
    "turn_on_times": 1,
    "turn_on_ratio": 0.16666666666666666
  },
  "13": {
    "validity_ratio": 0.0,
    "below": 0,
    "above": 0,
    "turn_on_times": 0,
    "turn_on_ratio": 0.0
  }
}