{
  "1": {
    "validity_ratio": 0.4423611111111111,
    "below": 0,
    "above": 26.07838036489689,
    "turn_on_times": 0,
    "turn_on_ratio": 0.0
  },
  "2": {
    "validity_ratio": 0.4444444444444444,
    "below": -1.2403403879952541,
    "above": 3.2219967564787257,
    "turn_on_times": 1,
    "turn_on_ratio": 0.3333333333333333
  },
  "3": {
    "validity_ratio": 0.44583333333333336,
    "below": 0,
    "above": 26.087982385857757,
    "turn_on_times": 0,
    "turn_on_ratio": 0.0
  },
  "4": {
    "validity_ratio": 0.44513888888888886,
    "below": -0.7429488586731838,
    "above": 21.615510710056338,
    "turn_on_times": 1,
    "turn_on_ratio": 0.16666666666666666
  },
  "5": {
    "validity_ratio": 0.44166666666666665,
    "below": -1.0918907243224367,
    "above": 1.8112790560749503,
    "turn_on_times": 4,
    "turn_on_ratio": 0.6666666666666666
  },
  "6": {
    "validity_ratio": 0.44583333333333336,
    "below": 0,
    "above": 16.02413774611238,
    "turn_on_times": 1,
    "turn_on_ratio": 0.3333333333333333
  },
  "7": {
    "validity_ratio": 0.44375,
    "below": -2.3420884004319458,
    "above": 8.244739850101961,
    "turn_on_times": 1,
    "turn_on_ratio": 0.3333333333333333
  },
  "8": {
    "validity_ratio": 0.4465277777777778,
    "below": -0.11016745909773872,
    "above": 0,
    "turn_on_times": 2,
    "turn_on_ratio": 1.0
  },
  "9": {
    "validity_ratio": 0.4423611111111111,
    "below": 0,
    "above": 7.4174080328746035,
    "turn_on_times": 0,
    "turn_on_ratio": 0.0
  },
  "10": {
    "validity_ratio": 0.44513888888888886,
    "below": 0,
    "above": 0,
    "turn_on_times": 0,
    "turn_on_ratio": 0
  },
  "12": {
    "validity_ratio": 0.4444444444444444,
    "below": 0,
    "above": 9.116143410046156,
    "turn_on_times": 1,
    "turn_on_ratio": 0.16666666666666666
  },
  "13": {
    "validity_ratio": 0.0,
    "below": 0,
    "above": 0,
    "turn_on_times": 0,
    "turn_on_ratio": 0.0
  }
}