{
  "1": {
    "validity_ratio": 0.3388888888888889,
    "below": 0,
    "above": 16.98944650048377,
    "turn_on_times": 0,
    "turn_on_ratio": 0.0
  },
  "2": {
    "validity_ratio": 0.3333333333333333,
    "below": -0.17672834070222218,
    "above": 3.206456929818054,
    "turn_on_times": 1,
    "turn_on_ratio": 0.3333333333333333
  },
  "3": {
    "validity_ratio": 0.33541666666666664,
    "below": 0,
    "above": 21.592049809415535,
    "turn_on_times": 0,
    "turn_on_ratio": 0.0
  },
  "4": {
    "validity_ratio": 0.33402777777777776,
    "below": 0,
    "above": 21.616415972246244,
    "turn_on_times": 0,
    "turn_on_ratio": 0.0
  },
  "5": {
    "validity_ratio": 0.3368055555555556,
    "below": -0.8882141451335368,
    "above": 0.09750816093748431,
    "turn_on_times": 4,
    "turn_on_ratio": 0.8
  },
  "6": {
    "validity_ratio": 0.33402777777777776,
    "below": 0,
    "above": 9.124361706823615,
    "turn_on_times": 1,
    "turn_on_ratio": 0.3333333333333333
  },
  "7": {
    "validity_ratio": 0.3388888888888889,
    "below": -2.3422646587222027,
    "above": 5.05997936440752,
    "turn_on_times": 1,
    "turn_on_ratio": 0.3333333333333333
  },
  "8": {
    "validity_ratio": 0.33819444444444446,
    "below": -0.1102000738675633,
    "above": 0,
    "turn_on_times": 1,
    "turn_on_ratio": 1.0
  },
  "9": {
    "validity_ratio": 0.33819444444444446,
    "below": 0,
    "above": 4.432603268771539,
    "turn_on_times": 0,
    "turn_on_ratio": 0.0
  },
  "10": {
    "validity_ratio": 0.33402777777777776,
    "below": 0,
    "above": 0,
    "turn_on_times": 0,
    "turn_on_ratio": 0
  },
  "12": {
    "validity_ratio": 0.3333333333333333,
    "below": 0,
    "above": 3.9114635826853186,
    "turn_on_times": 1,
    "turn_on_ratio": 0.2
  },
  "13": {
    "validity_ratio": 0.0,
    "below": 0,
    "above": 0,
    "turn_on_times": 0,
    "turn_on_ratio": 0.0
  }
}