{
  "1": {
    "validity_ratio": 0.7402777777777778,
    "below": 0,
    "above": 54.326017728200895,
    "turn_on_times": 0,
    "turn_on_ratio": 0.0
  },
  "2": {
    "validity_ratio": 0.7430555555555556,
    "below": -1.2403572557385854,
    "above": 3.222028695399022,
    "turn_on_times": 1,
    "turn_on_ratio": 0.3333333333333333
  },
  "3": {
    "validity_ratio": 0.7430555555555556,
    "below": -2.3707785174289975,
    "above": 26.68021585625214,
    "turn_on_times": 0,
    "turn_on_ratio": 0.0
  },
  "4": {
    "validity_ratio": 0.7416666666666667,
    "below": -0.742959127389768,
    "above": 21.615639361916163,
    "turn_on_times": 1,
    "turn_on_ratio": 0.16666666666666666
  },
  "5": {
    "validity_ratio": 0.7395833333333334,
    "below": -1.0918930829708604,
    "above": 1.8113640550857553,
    "turn_on_times": 4,
    "turn_on_ratio": 0.6666666666666666
  },
  "6": {
    "validity_ratio": 0.7444444444444445,
    "below": 0,
    "above": 20.810915122955862,
    "turn_on_times": 1,
    "turn_on_ratio": 0.3333333333333333
  },
  "7": {
    "validity_ratio": 0.74375,
    "below": -9.127430840674558,
    "above": 10.088661480006543,
    "turn_on_times": 1,
    "turn_on_ratio": 0.3333333333333333
  },
  "8": {
    "validity_ratio": 0.7444444444444445,
    "below": -0.1619788995984105,
    "above": 0,
    "turn_on_times": 3,
    "turn_on_ratio": 1.0
  },
  "9": {
    "validity_ratio": 0.7451388888888889,
    "below": 0,
    "above": 8.265344520952194,
    "turn_on_times": 0,
    "turn_on_ratio": 0.0
  },
  "10": {
    "validity_ratio": 0.74375,
    "below": 0,
    "above": 0,
    "turn_on_times": 0,
    "turn_on_ratio": 0
  },
  "12": {
    "validity_ratio": 0.7430555555555556,
    "below": 0,
    "above": 22.86922140959023,
    "turn_on_times": 1,
    "turn_on_ratio": 0.16666666666666666
  },
  "13": {
    "validity_ratio": 0.0,
    "below": 0,
    "above": 0,
    "turn_on_times": 0,
    "turn_on_ratio": 0.0
  }
}