{
  "1": {
    "validity_ratio": 0.9895833333333334,
    "below": 0,
    "above": 21.17201955613976,
    "turn_on_times": 1,
    "turn_on_ratio": 0.14285714285714285
  },
  "2": {
    "validity_ratio": 0.9902777777777778,
    "below": 0,
    "above": 18.076829365594595,
    "turn_on_times": 0,
    "turn_on_ratio": 0.0
  },
  "3": {
    "validity_ratio": 0.9951388888888889,
    "below": -0.04631279495540698,
    "above": 54.256911130851236,
    "turn_on_times": 1,
    "turn_on_ratio": 0.2
  },
  "4": {
    "validity_ratio": 0.9944444444444445,
    "below": 0,
    "above": 14.433823838388937,
    "turn_on_times": 2,
    "turn_on_ratio": 0.4
  },
  "5": {
    "validity_ratio": 0.9923611111111111,
    "below": -2.0097131673868667,
    "above": 76.65174685501705,
    "turn_on_times": 1,
    "turn_on_ratio": 0.2
  },
  "6": {
    "validity_ratio": 0.9923611111111111,
    "below": -10.598543959630454,
    "above": 16.677966683659424,
    "turn_on_times": 3,
    "turn_on_ratio": 0.42857142857142855
  },
  "7": {
    "validity_ratio": 0.9944444444444445,
    "below": -9.326020057722744,
    "above": 7.616223257526775,
    "turn_on_times": 3,
    "turn_on_ratio": 0.42857142857142855
  },
  "8": {
    "validity_ratio": 0.99375,
    "below": -0.05222014755355808,
    "above": 0.11346769124200466,
    "turn_on_times": 2,
    "turn_on_ratio": 0.6666666666666666
  },
  "9": {
    "validity_ratio": 0.9909722222222223,
    "below": 0,
    "above": 0.00878256105961075,
    "turn_on_times": 1,
    "turn_on_ratio": 0.3333333333333333
  },
  "10": {
    "validity_ratio": 0.9923611111111111,
    "below": -6.381026395163691,
    "above": 0,
    "turn_on_times": 1,
    "turn_on_ratio": 1.0
  },
  "12": {
    "validity_ratio": 0.99375,
    "below": -1.173857950219205,
    "above": 69.11213965230787,
    "turn_on_times": 1,
    "turn_on_ratio": 0.2
  },
  "13": {
    "validity_ratio": 0.99375,
    "below": 0,
    "above": 112.65179430336944,
    "turn_on_times": 0,
    "turn_on_ratio": 0.0
  }
}