{
  "1": {
    "validity_ratio": 0.24444444444444444,
    "below": -0.444412250071381,
    "above": 10.733283049848167,
    "turn_on_times": 1,
    "turn_on_ratio": 0.3333333333333333
  },
  "2": {
    "validity_ratio": 0.24791666666666667,
    "below": 0,
    "above": 14.43254151740491,
    "turn_on_times": 0,
    "turn_on_ratio": 0.0
  },
  "3": {
    "validity_ratio": 0.24375,
    "below": 0,
    "above": 0,
    "turn_on_times": 0,
    "turn_on_ratio": 0
  },
  "4": {
    "validity_ratio": 0.2423611111111111,
    "below": 0,
    "above": 0,
    "turn_on_times": 0,
    "turn_on_ratio": 0
  },
  "5": {
    "validity_ratio": 0.24444444444444444,
    "below": 0,
    "above": 0,
    "turn_on_times": 0,
    "turn_on_ratio": 0
  },
  "6": {
    "validity_ratio": 0.24861111111111112,
    "below": 0,
    "above": 8.356717700539924,
    "turn_on_times": 0,
    "turn_on_ratio": 0.0
  },
  "7": {
    "validity_ratio": 0.24583333333333332,
    "below": -0.9069690676956482,
    "above": 5.963505639512528,
    "turn_on_times": 2,
    "turn_on_ratio": 0.6666666666666666
  },
  "8": {
    "validity_ratio": 0.2465277777777778,
    "below": 0,
    "above": 0,
    "turn_on_times": 0,
    "turn_on_ratio": 0
  },
  "9": {
    "validity_ratio": 0.24375,
    "below": 0,
    "above": 0,
    "turn_on_times": 0,
    "turn_on_ratio": 0
  },
  "10": {
    "validity_ratio": 0.24722222222222223,
    "below": 0,
    "above": 0,
    "turn_on_times": 0,
    "turn_on_ratio": 0
  },
  "12": {
    "validity_ratio": 0.24722222222222223,
    "below": 0,
    "above": 0,
    "turn_on_times": 0,
    "turn_on_ratio": 0
  },
  "13": {
    "validity_ratio": 0.24305555555555555,
    "below": 0,
    "above": 26.546765445704533,
    "turn_on_times": 0,
    "turn_on_ratio": 0.0
  }
}