{
  "1": {
    "validity_ratio": 0.5833333333333334,
    "below": -0.4444411557255345,
    "above": 16.349501889484436,
    "turn_on_times": 1,
    "turn_on_ratio": 0.25
  },
  "2": {
    "validity_ratio": 0.5819444444444445,
    "below": 0,
    "above": 17.78640804228057,
    "turn_on_times": 0,
    "turn_on_ratio": 0.0
  },
  "3": {
    "validity_ratio": 0.5826388888888889,
    "below": 0,
    "above": 21.770177892298094,
    "turn_on_times": 0,
    "turn_on_ratio": 0.0
  },
  "4": {
    "validity_ratio": 0.5833333333333334,
    "below": 0,
    "above": 0,
    "turn_on_times": 2,
    "turn_on_ratio": 1.0
  },
  "5": {
    "validity_ratio": 0.5854166666666667,
    "below": -0.06500000000000003,
    "above": 28.887712345268735,
    "turn_on_times": 0,
    "turn_on_ratio": 0.0
  },
  "6": {
    "validity_ratio": 0.5826388888888889,
    "below": 0,
    "above": 10.263956479124179,
    "turn_on_times": 0,
    "turn_on_ratio": 0.0
  },
  "7": {
    "validity_ratio": 0.5805555555555556,
    "below": -0.9070436446148823,
    "above": 8.908946043774291,
    "turn_on_times": 2,
    "turn_on_ratio": 0.5
  },
  "8": {
    "validity_ratio": 0.5805555555555556,
    "below": 0,
    "above": 0,
    "turn_on_times": 0,
    "turn_on_ratio": 0
  },
  "9": {
    "validity_ratio": 0.5840277777777778,
    "below": 0,
    "above": 0,
    "turn_on_times": 0,
    "turn_on_ratio": 0
  },
  "10": {
    "validity_ratio": 0.5805555555555556,
    "below": 0,
    "above": 0,
    "turn_on_times": 0,
    "turn_on_ratio": 0
  },
  "12": {
    "validity_ratio": 0.5805555555555556,
    "below": 0,
    "above": 26.027669883902604,
    "turn_on_times": 0,
    "turn_on_ratio": 0.0
  },
  "13": {
    "validity_ratio": 0.5833333333333334,
    "below": -1.0118124973140596,
    "above": 26.565488010911785,
    "turn_on_times": 1,
    "turn_on_ratio": 0.25
  }
}