{
  "1": {
    "validity_ratio": 0.7770833333333333,
    "below": -0.444412224457526,
    "above": 16.34858169042284,
    "turn_on_times": 1,
    "turn_on_ratio": 0.25
  },
  "2": {
    "validity_ratio": 0.7763888888888889,
    "below": 0,
    "above": 17.78586534876317,
    "turn_on_times": 0,
    "turn_on_ratio": 0.0
  },
  "3": {
    "validity_ratio": 0.7763888888888889,
    "below": 0,
    "above": 35.68757404811504,
    "turn_on_times": 0,
    "turn_on_ratio": 0.0
  },
  "4": {
    "validity_ratio": 0.7708333333333334,
    "below": 0,
    "above": 1.4556102879833208,
    "turn_on_times": 2,
    "turn_on_ratio": 0.5
  },
  "5": {
    "validity_ratio": 0.7736111111111111,
    "below": -1.7072899221188633,
    "above": 28.91136805562383,
    "turn_on_times": 1,
    "turn_on_ratio": 0.25
  },
  "6": {
    "validity_ratio": 0.7770833333333333,
    "below": 0,
    "above": 10.26364386911224,
    "turn_on_times": 0,
    "turn_on_ratio": 0.0
  },
  "7": {
    "validity_ratio": 0.7756944444444445,
    "below": -0.9069690016116082,
    "above": 8.908394677498263,
    "turn_on_times": 2,
    "turn_on_ratio": 0.5
  },
  "8": {
    "validity_ratio": 0.775,
    "below": 0,
    "above": 0,
    "turn_on_times": 0,
    "turn_on_ratio": 0
  },
  "9": {
    "validity_ratio": 0.7715277777777778,
    "below": 0,
    "above": 0,
    "turn_on_times": 0,
    "turn_on_ratio": 0
  },
  "10": {
    "validity_ratio": 0.775,
    "below": 0,
    "above": 0,
    "turn_on_times": 0,
    "turn_on_ratio": 0
  },
  "12": {
    "validity_ratio": 0.775,
    "below": -0.12716706480416662,
    "above": 27.69140367613819,
    "turn_on_times": 1,
    "turn_on_ratio": 0.25
  },
  "13": {
    "validity_ratio": 0.7715277777777778,
    "below": -1.0117827361559901,
    "above": 26.5652795987417,
    "turn_on_times": 1,
    "turn_on_ratio": 0.25
  }
}