{
  "1": {
    "validity_ratio": 0.3972222222222222,
    "below": -0.44442575292576825,
    "above": 10.733516158163587,
    "turn_on_times": 1,
    "turn_on_ratio": 0.3333333333333333
  },
  "2": {
    "validity_ratio": 0.40069444444444446,
    "below": 0,
    "above": 14.432663947188198,
    "turn_on_times": 0,
    "turn_on_ratio": 0.0
  },
  "3": {
    "validity_ratio": 0.3958333333333333,
    "below": 0,
    "above": 1.1664313702185802,
    "turn_on_times": 0,
    "turn_on_ratio": 0.0
  },
  "4": {
    "validity_ratio": 0.3958333333333333,
    "below": 0,
    "above": 0,
    "turn_on_times": 1,
    "turn_on_ratio": 1.0
  },
  "5": {
    "validity_ratio": 0.39791666666666664,
    "below": 0,
    "above": 1.728046271666669,
    "turn_on_times": 0,
    "turn_on_ratio": 0.0
  },
  "6": {
    "validity_ratio": 0.4013888888888889,
    "below": 0,
    "above": 8.356788300377339,
    "turn_on_times": 0,
    "turn_on_ratio": 0.0
  },
  "7": {
    "validity_ratio": 0.3993055555555556,
    "below": -0.9070039052148312,
    "above": 5.963656570391956,
    "turn_on_times": 2,
    "turn_on_ratio": 0.6666666666666666
  },
  "8": {
    "validity_ratio": 0.3993055555555556,
    "below": 0,
    "above": 0,
    "turn_on_times": 0,
    "turn_on_ratio": 0
  },
  "9": {
    "validity_ratio": 0.39652777777777776,
    "below": 0,
    "above": 0,
    "turn_on_times": 0,
    "turn_on_ratio": 0
  },
  "10": {
    "validity_ratio": 0.4,
    "below": 0,
    "above": 0,
    "turn_on_times": 0,
    "turn_on_ratio": 0
  },
  "12": {
    "validity_ratio": 0.4,
    "below": 0,
    "above": 1.8042867460859313,
    "turn_on_times": 0,
    "turn_on_ratio": 0.0
  },
  "13": {
    "validity_ratio": 0.3958333333333333,
    "below": 0,
    "above": 26.546981461765775,
    "turn_on_times": 0,
    "turn_on_ratio": 0.0
  }
}