{
  "1": {
    "validity_ratio": 0.09236111111111112,
    "below": -0.3980198120603019,
    "above": 5.553272380264071,
    "turn_on_times": 1,
    "turn_on_ratio": 0.5
  },
  "2": {
    "validity_ratio": 0.09513888888888888,
    "below": 0,
    "above": 7.850526462593775,
    "turn_on_times": 0,
    "turn_on_ratio": 0.0
  },
  "3": {
    "validity_ratio": 0.09097222222222222,
    "below": 0,
    "above": 0,
    "turn_on_times": 0,
    "turn_on_ratio": 0
  },
  "4": {
    "validity_ratio": 0.09583333333333334,
    "below": 0,
    "above": 0,
    "turn_on_times": 0,
    "turn_on_ratio": 0
  },
  "5": {
    "validity_ratio": 0.09166666666666666,
    "below": 0,
    "above": 0,
    "turn_on_times": 0,
    "turn_on_ratio": 0
  },
  "6": {
    "validity_ratio": 0.09583333333333334,
    "below": 0,
    "above": 4.524064963534282,
    "turn_on_times": 0,
    "turn_on_ratio": 0.0
  },
  "7": {
    "validity_ratio": 0.09305555555555556,
    "below": -0.46474815969316746,
    "above": 0.7826052251229277,
    "turn_on_times": 1,
    "turn_on_ratio": 0.5
  },
  "8": {
    "validity_ratio": 0.09375,
    "below": 0,
    "above": 0,
    "turn_on_times": 0,
    "turn_on_ratio": 0
  },
  "9": {
    "validity_ratio": 0.09097222222222222,
    "below": 0,
    "above": 0,
    "turn_on_times": 0,
    "turn_on_ratio": 0
  },
  "10": {
    "validity_ratio": 0.09375,
    "below": 0,
    "above": 0,
    "turn_on_times": 0,
    "turn_on_ratio": 0
  },
  "12": {
    "validity_ratio": 0.09444444444444444,
    "below": 0,
    "above": 0,
    "turn_on_times": 0,
    "turn_on_ratio": 0
  },
  "13": {
    "validity_ratio": 0.09027777777777778,
    "below": 0,
    "above": 13.4431824220298,
    "turn_on_times": 0,
    "turn_on_ratio": 0.0
  }
}