{
  "1": {
    "validity_ratio": 0.55625,
    "below": -0.4444119915890775,
    "above": 14.645569681406347,
    "turn_on_times": 1,
    "turn_on_ratio": 0.25
  },
  "2": {
    "validity_ratio": 0.5611111111111111,
    "below": 0,
    "above": 17.160594664015356,
    "turn_on_times": 0,
    "turn_on_ratio": 0.0
  },
  "3": {
    "validity_ratio": 0.5611111111111111,
    "below": 0,
    "above": 19.1873356447051,
    "turn_on_times": 0,
    "turn_on_ratio": 0.0
  },
  "4": {
    "validity_ratio": 0.5555555555555556,
    "below": 0,
    "above": 0,
    "turn_on_times": 2,
    "turn_on_ratio": 1.0
  },
  "5": {
    "validity_ratio": 0.5576388888888889,
    "below": 0,
    "above": 24.77591079393018,
    "turn_on_times": 0,
    "turn_on_ratio": 0.0
  },
  "6": {
    "validity_ratio": 0.5611111111111111,
    "below": 0,
    "above": 9.92437203217242,
    "turn_on_times": 0,
    "turn_on_ratio": 0.0
  },
  "7": {
    "validity_ratio": 0.5597222222222222,
    "below": -0.9069684008083404,
    "above": 8.241387124262333,
    "turn_on_times": 2,
    "turn_on_ratio": 0.5
  },
  "8": {
    "validity_ratio": 0.5597222222222222,
    "below": 0,
    "above": 0,
    "turn_on_times": 0,
    "turn_on_ratio": 0
  },
  "9": {
    "validity_ratio": 0.55625,
    "below": 0,
    "above": 0,
    "turn_on_times": 0,
    "turn_on_ratio": 0
  },
  "10": {
    "validity_ratio": 0.5597222222222222,
    "below": 0,
    "above": 0,
    "turn_on_times": 0,
    "turn_on_ratio": 0
  },
  "12": {
    "validity_ratio": 0.5597222222222222,
    "below": 0,
    "above": 22.87564450187962,
    "turn_on_times": 0,
    "turn_on_ratio": 0.0
  },
  "13": {
    "validity_ratio": 0.5555555555555556,
    "below": -0.7479990326910704,
    "above": 26.546761310494297,
    "turn_on_times": 1,
    "turn_on_ratio": 0.25
  }
}