{
  "1": {
    "validity_ratio": 0.9569444444444445,
    "below": -0.4444304969298373,
    "above": 16.349163612341908,
    "turn_on_times": 2,
    "turn_on_ratio": 0.4
  },
  "2": {
    "validity_ratio": 0.9569444444444445,
    "below": 0,
    "above": 27.99401553092992,
    "turn_on_times": 0,
    "turn_on_ratio": 0.0
  },
  "3": {
    "validity_ratio": 0.9569444444444445,
    "below": 0,
    "above": 41.67663256735535,
    "turn_on_times": 0,
    "turn_on_ratio": 0.0
  },
  "4": {
    "validity_ratio": 0.9513888888888888,
    "below": 0,
    "above": 7.9879707599847025,
    "turn_on_times": 2,
    "turn_on_ratio": 0.4
  },
  "5": {
    "validity_ratio": 0.9541666666666667,
    "below": -3.2619740188275554,
    "above": 28.911245698158414,
    "turn_on_times": 2,
    "turn_on_ratio": 0.4
  },
  "6": {
    "validity_ratio": 0.9576388888888889,
    "below": 0,
    "above": 16.753511901730302,
    "turn_on_times": 0,
    "turn_on_ratio": 0.0
  },
  "7": {
    "validity_ratio": 0.9569444444444445,
    "below": -0.9070161447997384,
    "above": 15.457364430721013,
    "turn_on_times": 2,
    "turn_on_ratio": 0.4
  },
  "8": {
    "validity_ratio": 0.9555555555555556,
    "below": 0,
    "above": 0,
    "turn_on_times": 0,
    "turn_on_ratio": 0
  },
  "9": {
    "validity_ratio": 0.9520833333333333,
    "below": 0,
    "above": 0,
    "turn_on_times": 0,
    "turn_on_ratio": 0
  },
  "10": {
    "validity_ratio": 0.9555555555555556,
    "below": 0,
    "above": 0,
    "turn_on_times": 0,
    "turn_on_ratio": 0
  },
  "12": {
    "validity_ratio": 0.9555555555555556,
    "below": -0.12717525086666662,
    "above": 35.15870341564111,
    "turn_on_times": 1,
    "turn_on_ratio": 0.2
  },
  "13": {
    "validity_ratio": 0.9520833333333333,
    "below": -1.0118015327720467,
    "above": 42.68190981373194,
    "turn_on_times": 1,
    "turn_on_ratio": 0.2
  }
}