{
  "1": {
    "validity_ratio": 0.5701388888888889,
    "below": -0.4444537491206503,
    "above": 16.349900451297753,
    "turn_on_times": 1,
    "turn_on_ratio": 0.25
  },
  "2": {
    "validity_ratio": 0.575,
    "below": 0,
    "above": 17.78664426832641,
    "turn_on_times": 0,
    "turn_on_ratio": 0.0
  },
  "3": {
    "validity_ratio": 0.5756944444444444,
    "below": 0,
    "above": 20.93663250273699,
    "turn_on_times": 0,
    "turn_on_ratio": 0.0
  },
  "4": {
    "validity_ratio": 0.5694444444444444,
    "below": 0,
    "above": 0,
    "turn_on_times": 2,
    "turn_on_ratio": 1.0
  },
  "5": {
    "validity_ratio": 0.5715277777777777,
    "below": 0,
    "above": 27.008303742756315,
    "turn_on_times": 0,
    "turn_on_ratio": 0.0
  },
  "6": {
    "validity_ratio": 0.5756944444444444,
    "below": 0,
    "above": 10.264092552244838,
    "turn_on_times": 0,
    "turn_on_ratio": 0.0
  },
  "7": {
    "validity_ratio": 0.5736111111111111,
    "below": -0.9070761357187143,
    "above": 8.909183027919926,
    "turn_on_times": 2,
    "turn_on_ratio": 0.5
  },
  "8": {
    "validity_ratio": 0.5736111111111111,
    "below": 0,
    "above": 0,
    "turn_on_times": 0,
    "turn_on_ratio": 0
  },
  "9": {
    "validity_ratio": 0.5701388888888889,
    "below": 0,
    "above": 0,
    "turn_on_times": 0,
    "turn_on_ratio": 0
  },
  "10": {
    "validity_ratio": 0.5736111111111111,
    "below": 0,
    "above": 0,
    "turn_on_times": 0,
    "turn_on_ratio": 0
  },
  "12": {
    "validity_ratio": 0.5736111111111111,
    "below": 0,
    "above": 24.973957313020172,
    "turn_on_times": 0,
    "turn_on_ratio": 0.0
  },
  "13": {
    "validity_ratio": 0.5694444444444444,
    "below": -1.0118254519492509,
    "above": 26.54742931983828,
    "turn_on_times": 1,
    "turn_on_ratio": 0.25
  }
}