{
  "1": {
    "validity_ratio": 0.9229166666666667,
    "below": -0.4444449573741063,
    "above": 16.34962233298103,
    "turn_on_times": 2,
    "turn_on_ratio": 0.4
  },
  "2": {
    "validity_ratio": 0.9222222222222223,
    "below": 0,
    "above": 25.235417989361142,
    "turn_on_times": 0,
    "turn_on_ratio": 0.0
  },
  "3": {
    "validity_ratio": 0.9222222222222223,
    "below": 0,
    "above": 41.67662005367537,
    "turn_on_times": 0,
    "turn_on_ratio": 0.0
  },
  "4": {
    "validity_ratio": 0.9236111111111112,
    "below": 0,
    "above": 7.987992956192875,
    "turn_on_times": 2,
    "turn_on_ratio": 0.4
  },
  "5": {
    "validity_ratio": 0.9256944444444445,
    "below": -3.26192761872907,
    "above": 28.911146446388507,
    "turn_on_times": 2,
    "turn_on_ratio": 0.4
  },
  "6": {
    "validity_ratio": 0.9229166666666667,
    "below": 0,
    "above": 14.87805037150293,
    "turn_on_times": 0,
    "turn_on_ratio": 0.0
  },
  "7": {
    "validity_ratio": 0.9215277777777777,
    "below": -0.9070534529117983,
    "above": 13.332849172059465,
    "turn_on_times": 2,
    "turn_on_ratio": 0.4
  },
  "8": {
    "validity_ratio": 0.9208333333333333,
    "below": 0,
    "above": 0,
    "turn_on_times": 0,
    "turn_on_ratio": 0
  },
  "9": {
    "validity_ratio": 0.9243055555555556,
    "below": 0,
    "above": 0,
    "turn_on_times": 0,
    "turn_on_ratio": 0
  },
  "10": {
    "validity_ratio": 0.9208333333333333,
    "below": 0,
    "above": 0,
    "turn_on_times": 0,
    "turn_on_ratio": 0
  },
  "12": {
    "validity_ratio": 0.9208333333333333,
    "below": -0.12718172914166642,
    "above": 35.158753714044785,
    "turn_on_times": 1,
    "turn_on_ratio": 0.2
  },
  "13": {
    "validity_ratio": 0.9243055555555556,
    "below": -1.0118164080124792,
    "above": 38.84717091385663,
    "turn_on_times": 1,
    "turn_on_ratio": 0.2
  }
}