{
  "1": {
    "validity_ratio": 0.6388888888888888,
    "below": -0.444443403048362,
    "above": 16.349573102252208,
    "turn_on_times": 1,
    "turn_on_ratio": 0.25
  },
  "2": {
    "validity_ratio": 0.6375,
    "below": 0,
    "above": 17.786450197462308,
    "turn_on_times": 0,
    "turn_on_ratio": 0.0
  },
  "3": {
    "validity_ratio": 0.6381944444444444,
    "below": 0,
    "above": 28.894286451205883,
    "turn_on_times": 0,
    "turn_on_ratio": 0.0
  },
  "4": {
    "validity_ratio": 0.6388888888888888,
    "below": 0,
    "above": 0.19334471178853002,
    "turn_on_times": 2,
    "turn_on_ratio": 1.0
  },
  "5": {
    "validity_ratio": 0.6409722222222223,
    "below": -1.2480574264454969,
    "above": 28.887721397517385,
    "turn_on_times": 0,
    "turn_on_ratio": 0.0
  },
  "6": {
    "validity_ratio": 0.6381944444444444,
    "below": 0,
    "above": 10.263980761794777,
    "turn_on_times": 0,
    "turn_on_ratio": 0.0
  },
  "7": {
    "validity_ratio": 0.6361111111111111,
    "below": -0.9070494427335517,
    "above": 8.908988468385235,
    "turn_on_times": 2,
    "turn_on_ratio": 0.5
  },
  "8": {
    "validity_ratio": 0.6361111111111111,
    "below": 0,
    "above": 0,
    "turn_on_times": 0,
    "turn_on_ratio": 0
  },
  "9": {
    "validity_ratio": 0.6395833333333333,
    "below": 0,
    "above": 0,
    "turn_on_times": 0,
    "turn_on_ratio": 0
  },
  "10": {
    "validity_ratio": 0.6361111111111111,
    "below": 0,
    "above": 0,
    "turn_on_times": 0,
    "turn_on_ratio": 0
  },
  "12": {
    "validity_ratio": 0.6361111111111111,
    "below": -0.1271810328041667,
    "above": 26.43425366117711,
    "turn_on_times": 0,
    "turn_on_ratio": 0.0
  },
  "13": {
    "validity_ratio": 0.6388888888888888,
    "below": -1.0118148091010812,
    "above": 26.565503879854216,
    "turn_on_times": 1,
    "turn_on_ratio": 0.25
  }
}