{
  "1": {
    "validity_ratio": 0.6458333333333334,
    "below": -0.4444344740249468,
    "above": 16.349289934066977,
    "turn_on_times": 1,
    "turn_on_ratio": 0.25
  },
  "2": {
    "validity_ratio": 0.6513888888888889,
    "below": 0,
    "above": 17.786282707100444,
    "turn_on_times": 0,
    "turn_on_ratio": 0.0
  },
  "3": {
    "validity_ratio": 0.6520833333333333,
    "below": 0,
    "above": 29.487283739052135,
    "turn_on_times": 0,
    "turn_on_ratio": 0.0
  },
  "4": {
    "validity_ratio": 0.6458333333333334,
    "below": 0,
    "above": 0.19333056532258067,
    "turn_on_times": 2,
    "turn_on_ratio": 0.6666666666666666
  },
  "5": {
    "validity_ratio": 0.6479166666666667,
    "below": -1.2480396871884814,
    "above": 28.887685431282744,
    "turn_on_times": 0,
    "turn_on_ratio": 0.0
  },
  "6": {
    "validity_ratio": 0.6520833333333333,
    "below": 0,
    "above": 10.263884282105458,
    "turn_on_times": 0,
    "turn_on_ratio": 0.0
  },
  "7": {
    "validity_ratio": 0.65,
    "below": -0.9070264057507337,
    "above": 8.90881956332272,
    "turn_on_times": 2,
    "turn_on_ratio": 0.5
  },
  "8": {
    "validity_ratio": 0.65,
    "below": 0,
    "above": 0,
    "turn_on_times": 0,
    "turn_on_ratio": 0
  },
  "9": {
    "validity_ratio": 0.6465277777777778,
    "below": 0,
    "above": 0,
    "turn_on_times": 0,
    "turn_on_ratio": 0
  },
  "10": {
    "validity_ratio": 0.65,
    "below": 0,
    "above": 0,
    "turn_on_times": 0,
    "turn_on_ratio": 0
  },
  "12": {
    "validity_ratio": 0.65,
    "below": -0.12717703260416643,
    "above": 26.434237128260527,
    "turn_on_times": 1,
    "turn_on_ratio": 0.3333333333333333
  },
  "13": {
    "validity_ratio": 0.6458333333333334,
    "below": -1.0118056239496669,
    "above": 26.565440557099706,
    "turn_on_times": 1,
    "turn_on_ratio": 0.25
  }
}