{
  "1": {
    "validity_ratio": 0.43819444444444444,
    "below": -0.44443548878562317,
    "above": 10.733683377120341,
    "turn_on_times": 1,
    "turn_on_ratio": 0.3333333333333333
  },
  "2": {
    "validity_ratio": 0.4354166666666667,
    "below": 0,
    "above": 14.432752221426837,
    "turn_on_times": 0,
    "turn_on_ratio": 0.0
  },
  "3": {
    "validity_ratio": 0.4375,
    "below": 0,
    "above": 4.486560941538734,
    "turn_on_times": 0,
    "turn_on_ratio": 0.0
  },
  "4": {
    "validity_ratio": 0.4375,
    "below": 0,
    "above": 0,
    "turn_on_times": 2,
    "turn_on_ratio": 1.0
  },
  "5": {
    "validity_ratio": 0.4395833333333333,
    "below": 0,
    "above": 5.908093145567769,
    "turn_on_times": 0,
    "turn_on_ratio": 0.0
  },
  "6": {
    "validity_ratio": 0.43680555555555556,
    "below": 0,
    "above": 8.35683920468508,
    "turn_on_times": 0,
    "turn_on_ratio": 0.0
  },
  "7": {
    "validity_ratio": 0.4340277777777778,
    "below": -0.9070290238449172,
    "above": 5.963764089085727,
    "turn_on_times": 2,
    "turn_on_ratio": 0.6666666666666666
  },
  "8": {
    "validity_ratio": 0.4340277777777778,
    "below": 0,
    "above": 0,
    "turn_on_times": 0,
    "turn_on_ratio": 0
  },
  "9": {
    "validity_ratio": 0.43819444444444444,
    "below": 0,
    "above": 0,
    "turn_on_times": 0,
    "turn_on_ratio": 0
  },
  "10": {
    "validity_ratio": 0.43472222222222223,
    "below": 0,
    "above": 0,
    "turn_on_times": 0,
    "turn_on_ratio": 0
  },
  "12": {
    "validity_ratio": 0.43472222222222223,
    "below": 0,
    "above": 4.619895374877582,
    "turn_on_times": 0,
    "turn_on_ratio": 0.0
  },
  "13": {
    "validity_ratio": 0.4375,
    "below": 0,
    "above": 26.547137210347024,
    "turn_on_times": 0,
    "turn_on_ratio": 0.0
  }
}