{
  "1": {
    "validity_ratio": 0.9909722222222223,
    "below": 0,
    "above": 51.41007382200307,
    "turn_on_times": 2,
    "turn_on_ratio": 0.5
  },
  "2": {
    "validity_ratio": 0.9916666666666667,
    "below": -3.4142617832140743,
    "above": 19.922908660850133,
    "turn_on_times": 2,
    "turn_on_ratio": 0.5
  },
  "3": {
    "validity_ratio": 0.99375,
    "below": -0.38349256726344455,
    "above": 24.158919764129692,
    "turn_on_times": 1,
    "turn_on_ratio": 0.3333333333333333
  },
  "4": {
    "validity_ratio": 0.9902777777777778,
    "below": -0.3812194454444449,
    "above": 4.466222907922785,
    "turn_on_times": 2,
    "turn_on_ratio": 0.6666666666666666
  },
  "5": {
    "validity_ratio": 0.9944444444444445,
    "below": -0.17449456931307433,
    "above": 34.98744500589072,
    "turn_on_times": 0,
    "turn_on_ratio": 0.0
  },
  "6": {
    "validity_ratio": 0.9944444444444445,
    "below": 0,
    "above": 56.98280534519297,
    "turn_on_times": 0,
    "turn_on_ratio": 0.0
  },
  "7": {
    "validity_ratio": 0.9902777777777778,
    "below": 0,
    "above": 67.25830207997878,
    "turn_on_times": 0,
    "turn_on_ratio": 0.0
  },
  "8": {
    "validity_ratio": 0.9951388888888889,
    "below": -0.13077145944404456,
    "above": 0,
    "turn_on_times": 7,
    "turn_on_ratio": 1.0
  },
  "9": {
    "validity_ratio": 0.9902777777777778,
    "below": 0,
    "above": 18.16899273913797,
    "turn_on_times": 0,
    "turn_on_ratio": 0.0
  },
  "10": {
    "validity_ratio": 0.9951388888888889,
    "below": 0,
    "above": 0,
    "turn_on_times": 0,
    "turn_on_ratio": 0
  },
  "12": {
    "validity_ratio": 0.9902777777777778,
    "below": -0.19449235505555593,
    "above": 62.82568308334322,
    "turn_on_times": 0,
    "turn_on_ratio": 0.0
  },
  "13": {
    "validity_ratio": 0.9923611111111111,
    "below": 0,
    "above": 70.28792327836243,
    "turn_on_times": 0,
    "turn_on_ratio": 0.0
  }
}