{
  "1": {
    "validity_ratio": 0.50625,
    "below": -1.9409077525408138,
    "above": 31.725793625469507,
    "turn_on_times": 1,
    "turn_on_ratio": 0.25
  },
  "2": {
    "validity_ratio": 0.5083333333333333,
    "below": -0.3305239782305382,
    "above": 11.59663157684502,
    "turn_on_times": 0,
    "turn_on_ratio": 0.0
  },
  "3": {
    "validity_ratio": 0.50625,
    "below": 0,
    "above": 15.495238069514667,
    "turn_on_times": 0,
    "turn_on_ratio": 0.0
  },
  "4": {
    "validity_ratio": 0.5034722222222222,
    "below": -0.8491118562738545,
    "above": 12.212543467790862,
    "turn_on_times": 3,
    "turn_on_ratio": 0.6
  },
  "5": {
    "validity_ratio": 0.5041666666666667,
    "below": 0,
    "above": 13.56040471389904,
    "turn_on_times": 2,
    "turn_on_ratio": 0.4
  },
  "6": {
    "validity_ratio": 0.5083333333333333,
    "below": 0,
    "above": 25.484187958394124,
    "turn_on_times": 3,
    "turn_on_ratio": 0.75
  },
  "7": {
    "validity_ratio": 0.5090277777777777,
    "below": -3.1344951607530547,
    "above": 21.44733163637895,
    "turn_on_times": 0,
    "turn_on_ratio": 0.0
  },
  "8": {
    "validity_ratio": 0.5083333333333333,
    "below": -1.5774445363786374,
    "above": 0,
    "turn_on_times": 1,
    "turn_on_ratio": 1.0
  },
  "9": {
    "validity_ratio": 0.5048611111111111,
    "below": 0,
    "above": 17.003745162294727,
    "turn_on_times": 0,
    "turn_on_ratio": 0.0
  },
  "10": {
    "validity_ratio": 0.5076388888888889,
    "below": 0,
    "above": 0,
    "turn_on_times": 0,
    "turn_on_ratio": 0
  },
  "12": {
    "validity_ratio": 0.5076388888888889,
    "below": 0,
    "above": 20.906135744822635,
    "turn_on_times": 0,
    "turn_on_ratio": 0.0
  },
  "13": {
    "validity_ratio": 0.0,
    "below": 0,
    "above": 0,
    "turn_on_times": 0,
    "turn_on_ratio": 0.0
  }
}