{
  "1": {
    "validity_ratio": 0.6034722222222222,
    "below": -3.959370237127026,
    "above": 33.40285883406796,
    "turn_on_times": 1,
    "turn_on_ratio": 0.25
  },
  "2": {
    "validity_ratio": 0.5986111111111111,
    "below": -0.33054645279870065,
    "above": 11.751444703235732,
    "turn_on_times": 0,
    "turn_on_ratio": 0.0
  },
  "3": {
    "validity_ratio": 0.6027777777777777,
    "below": -0.7851477384459391,
    "above": 15.494653426026895,
    "turn_on_times": 0,
    "turn_on_ratio": 0.0
  },
  "4": {
    "validity_ratio": 0.6006944444444444,
    "below": -0.8489271577078099,
    "above": 12.233931612277306,
    "turn_on_times": 3,
    "turn_on_ratio": 0.6
  },
  "5": {
    "validity_ratio": 0.6013888888888889,
    "below": 0,
    "above": 13.63452154792132,
    "turn_on_times": 2,
    "turn_on_ratio": 0.4
  },
  "6": {
    "validity_ratio": 0.5986111111111111,
    "below": 0,
    "above": 29.028312121152183,
    "turn_on_times": 3,
    "turn_on_ratio": 0.75
  },
  "7": {
    "validity_ratio": 0.6,
    "below": -4.538702197098578,
    "above": 21.509245562035645,
    "turn_on_times": 0,
    "turn_on_ratio": 0.0
  },
  "8": {
    "validity_ratio": 0.5986111111111111,
    "below": -1.5774816934830067,
    "above": 0,
    "turn_on_times": 2,
    "turn_on_ratio": 1.0
  },
  "9": {
    "validity_ratio": 0.6020833333333333,
    "below": 0,
    "above": 17.879811837912822,
    "turn_on_times": 0,
    "turn_on_ratio": 0.0
  },
  "10": {
    "validity_ratio": 0.5979166666666667,
    "below": 0,
    "above": 0,
    "turn_on_times": 0,
    "turn_on_ratio": 0
  },
  "12": {
    "validity_ratio": 0.5979166666666667,
    "below": 0,
    "above": 23.685937715578742,
    "turn_on_times": 0,
    "turn_on_ratio": 0.0
  },
  "13": {
    "validity_ratio": 0.0,
    "below": 0,
    "above": 0,
    "turn_on_times": 0,
    "turn_on_ratio": 0.0
  }
}