{
  "1": {
    "validity_ratio": 0.5965277777777778,
    "below": -3.843790882375445,
    "above": 33.40279839329622,
    "turn_on_times": 1,
    "turn_on_ratio": 0.25
  },
  "2": {
    "validity_ratio": 0.5916666666666667,
    "below": -0.33055762738533606,
    "above": 11.666768330594962,
    "turn_on_times": 0,
    "turn_on_ratio": 0.0
  },
  "3": {
    "validity_ratio": 0.5958333333333333,
    "below": -0.7399242797658885,
    "above": 15.494362872856152,
    "turn_on_times": 0,
    "turn_on_ratio": 0.0
  },
  "4": {
    "validity_ratio": 0.59375,
    "below": -0.8488363007197257,
    "above": 12.233716082080766,
    "turn_on_times": 3,
    "turn_on_ratio": 0.6
  },
  "5": {
    "validity_ratio": 0.5944444444444444,
    "below": 0,
    "above": 13.589517105890629,
    "turn_on_times": 2,
    "turn_on_ratio": 0.4
  },
  "6": {
    "validity_ratio": 0.5916666666666667,
    "below": 0,
    "above": 28.835502850769224,
    "turn_on_times": 3,
    "turn_on_ratio": 0.75
  },
  "7": {
    "validity_ratio": 0.5930555555555556,
    "below": -4.538758170897028,
    "above": 21.509188279227168,
    "turn_on_times": 0,
    "turn_on_ratio": 0.0
  },
  "8": {
    "validity_ratio": 0.5916666666666667,
    "below": -1.577500168377781,
    "above": 0,
    "turn_on_times": 2,
    "turn_on_ratio": 1.0
  },
  "9": {
    "validity_ratio": 0.5951388888888889,
    "below": 0,
    "above": 17.879809642839685,
    "turn_on_times": 0,
    "turn_on_ratio": 0.0
  },
  "10": {
    "validity_ratio": 0.5909722222222222,
    "below": 0,
    "above": 0,
    "turn_on_times": 0,
    "turn_on_ratio": 0
  },
  "12": {
    "validity_ratio": 0.5909722222222222,
    "below": 0,
    "above": 23.443113426748422,
    "turn_on_times": 0,
    "turn_on_ratio": 0.0
  },
  "13": {
    "validity_ratio": 0.0,
    "below": 0,
    "above": 0,
    "turn_on_times": 0,
    "turn_on_ratio": 0.0
  }
}