{
  "1": {
    "validity_ratio": 0.3541666666666667,
    "below": -1.9409134557256258,
    "above": 17.125784554306104,
    "turn_on_times": 1,
    "turn_on_ratio": 0.25
  },
  "2": {
    "validity_ratio": 0.3548611111111111,
    "below": -0.3305259039523346,
    "above": 11.596628385153466,
    "turn_on_times": 0,
    "turn_on_ratio": 0.0
  },
  "3": {
    "validity_ratio": 0.36041666666666666,
    "below": 0,
    "above": 15.18627386013432,
    "turn_on_times": 0,
    "turn_on_ratio": 0.0
  },
  "4": {
    "validity_ratio": 0.3576388888888889,
    "below": 0,
    "above": 12.212521118729612,
    "turn_on_times": 0,
    "turn_on_ratio": 0.0
  },
  "5": {
    "validity_ratio": 0.3576388888888889,
    "below": 0,
    "above": 0.062407641786552163,
    "turn_on_times": 2,
    "turn_on_ratio": 1.0
  },
  "6": {
    "validity_ratio": 0.3548611111111111,
    "below": 0,
    "above": 12.483359029585007,
    "turn_on_times": 3,
    "turn_on_ratio": 0.75
  },
  "7": {
    "validity_ratio": 0.35625,
    "below": 0,
    "above": 19.375600229742133,
    "turn_on_times": 0,
    "turn_on_ratio": 0.0
  },
  "8": {
    "validity_ratio": 0.35625,
    "below": -0.778144434740052,
    "above": 0,
    "turn_on_times": 1,
    "turn_on_ratio": 1.0
  },
  "9": {
    "validity_ratio": 0.3590277777777778,
    "below": 0,
    "above": 5.630734660869084,
    "turn_on_times": 0,
    "turn_on_ratio": 0.0
  },
  "10": {
    "validity_ratio": 0.3548611111111111,
    "below": 0,
    "above": 0,
    "turn_on_times": 0,
    "turn_on_ratio": 0
  },
  "12": {
    "validity_ratio": 0.3548611111111111,
    "below": 0,
    "above": 3.7787007714624186,
    "turn_on_times": 0,
    "turn_on_ratio": 0.0
  },
  "13": {
    "validity_ratio": 0.0,
    "below": 0,
    "above": 0,
    "turn_on_times": 0,
    "turn_on_ratio": 0.0
  }
}