{
  "1": {
    "validity_ratio": 0.03958333333333333,
    "below": -0.6670235759531769,
    "above": 1.7973701344262305,
    "turn_on_times": 1,
    "turn_on_ratio": 1.0
  },
  "2": {
    "validity_ratio": 0.04236111111111111,
    "below": 0,
    "above": 4.2134695325781175,
    "turn_on_times": 0,
    "turn_on_ratio": 0.0
  },
  "3": {
    "validity_ratio": 0.04236111111111111,
    "below": 0,
    "above": 2.175642405214286,
    "turn_on_times": 0,
    "turn_on_ratio": 0
  },
  "4": {
    "validity_ratio": 0.04513888888888889,
    "below": 0,
    "above": 2.497959798579365,
    "turn_on_times": 0,
    "turn_on_ratio": 0
  },
  "5": {
    "validity_ratio": 0.04722222222222222,
    "below": 0,
    "above": 0.04990270437775202,
    "turn_on_times": 0,
    "turn_on_ratio": 0
  },
  "6": {
    "validity_ratio": 0.04375,
    "below": 0,
    "above": 0.18007924600364467,
    "turn_on_times": 0,
    "turn_on_ratio": 0.0
  },
  "7": {
    "validity_ratio": 0.043055555555555555,
    "below": 0,
    "above": 4.907771970297944,
    "turn_on_times": 0,
    "turn_on_ratio": 0.0
  },
  "8": {
    "validity_ratio": 0.043055555555555555,
    "below": 0,
    "above": 0,
    "turn_on_times": 0,
    "turn_on_ratio": 0
  },
  "9": {
    "validity_ratio": 0.04652777777777778,
    "below": 0,
    "above": 0,
    "turn_on_times": 0,
    "turn_on_ratio": 0
  },
  "10": {
    "validity_ratio": 0.043055555555555555,
    "below": 0,
    "above": 0,
    "turn_on_times": 0,
    "turn_on_ratio": 0
  },
  "12": {
    "validity_ratio": 0.04236111111111111,
    "below": 0,
    "above": 0.5425796651214834,
    "turn_on_times": 0,
    "turn_on_ratio": 0
  },
  "13": {
    "validity_ratio": 0.0,
    "below": 0,
    "above": 0,
    "turn_on_times": 0,
    "turn_on_ratio": 0.0
  }
}