{
  "1": {
    "validity_ratio": 0.4027777777777778,
    "below": -1.9409349465415968,
    "above": 21.792416346355214,
    "turn_on_times": 1,
    "turn_on_ratio": 0.25
  },
  "2": {
    "validity_ratio": 0.40347222222222223,
    "below": -0.33053316048251946,
    "above": 11.596616355536376,
    "turn_on_times": 0,
    "turn_on_ratio": 0.0
  },
  "3": {
    "validity_ratio": 0.40902777777777777,
    "below": 0,
    "above": 15.476526575085586,
    "turn_on_times": 0,
    "turn_on_ratio": 0.0
  },
  "4": {
    "validity_ratio": 0.40625,
    "below": 0,
    "above": 12.21243690270321,
    "turn_on_times": 2,
    "turn_on_ratio": 0.5
  },
  "5": {
    "validity_ratio": 0.40625,
    "below": 0,
    "above": 4.926694268044268,
    "turn_on_times": 2,
    "turn_on_ratio": 0.5
  },
  "6": {
    "validity_ratio": 0.40347222222222223,
    "below": 0,
    "above": 17.069835962787046,
    "turn_on_times": 3,
    "turn_on_ratio": 0.75
  },
  "7": {
    "validity_ratio": 0.4048611111111111,
    "below": -0.2993652577962348,
    "above": 21.44736965708247,
    "turn_on_times": 0,
    "turn_on_ratio": 0.0
  },
  "8": {
    "validity_ratio": 0.4048611111111111,
    "below": -1.5774597173553193,
    "above": 0,
    "turn_on_times": 1,
    "turn_on_ratio": 1.0
  },
  "9": {
    "validity_ratio": 0.4076388888888889,
    "below": 0,
    "above": 13.95380123285359,
    "turn_on_times": 0,
    "turn_on_ratio": 0.0
  },
  "10": {
    "validity_ratio": 0.40347222222222223,
    "below": 0,
    "above": 0,
    "turn_on_times": 0,
    "turn_on_ratio": 0
  },
  "12": {
    "validity_ratio": 0.40347222222222223,
    "below": 0,
    "above": 8.711381560262895,
    "turn_on_times": 0,
    "turn_on_ratio": 0.0
  },
  "13": {
    "validity_ratio": 0.0,
    "below": 0,
    "above": 0,
    "turn_on_times": 0,
    "turn_on_ratio": 0.0
  }
}