{
  "1": {
    "validity_ratio": 0.73125,
    "below": -4.755285511872533,
    "above": 33.55297000078598,
    "turn_on_times": 1,
    "turn_on_ratio": 0.2
  },
  "2": {
    "validity_ratio": 0.7305555555555555,
    "below": -0.3305245025398368,
    "above": 13.79414532656449,
    "turn_on_times": 0,
    "turn_on_ratio": 0.0
  },
  "3": {
    "validity_ratio": 0.7270833333333333,
    "below": -1.6104904843407362,
    "above": 15.495224426152994,
    "turn_on_times": 0,
    "turn_on_ratio": 0.0
  },
  "4": {
    "validity_ratio": 0.7256944444444444,
    "below": -0.8491075175358832,
    "above": 13.05923048203149,
    "turn_on_times": 3,
    "turn_on_ratio": 0.6
  },
  "5": {
    "validity_ratio": 0.7263888888888889,
    "below": 0,
    "above": 15.850959806015775,
    "turn_on_times": 2,
    "turn_on_ratio": 0.4
  },
  "6": {
    "validity_ratio": 0.7305555555555555,
    "below": 0,
    "above": 32.34557391111606,
    "turn_on_times": 3,
    "turn_on_ratio": 0.6
  },
  "7": {
    "validity_ratio": 0.7298611111111111,
    "below": -4.538592247674434,
    "above": 21.728459879619717,
    "turn_on_times": 1,
    "turn_on_ratio": 0.2
  },
  "8": {
    "validity_ratio": 0.7298611111111111,
    "below": -1.5774454032168874,
    "above": 0,
    "turn_on_times": 3,
    "turn_on_ratio": 0.75
  },
  "9": {
    "validity_ratio": 0.7270833333333333,
    "below": 0,
    "above": 17.879816135655513,
    "turn_on_times": 1,
    "turn_on_ratio": 0.25
  },
  "10": {
    "validity_ratio": 0.7298611111111111,
    "below": 0,
    "above": 0,
    "turn_on_times": 0,
    "turn_on_ratio": 0
  },
  "12": {
    "validity_ratio": 0.7298611111111111,
    "below": 0,
    "above": 41.008798904392044,
    "turn_on_times": 0,
    "turn_on_ratio": 0.0
  },
  "13": {
    "validity_ratio": 0.0,
    "below": 0,
    "above": 0,
    "turn_on_times": 0,
    "turn_on_ratio": 0.0
  }
}