{
  "1": {
    "validity_ratio": 0.5548611111111111,
    "below": -2.8954891951885084,
    "above": 33.40291048158785,
    "turn_on_times": 1,
    "turn_on_ratio": 0.25
  },
  "2": {
    "validity_ratio": 0.5569444444444445,
    "below": -0.33053649987154504,
    "above": 11.624532491864578,
    "turn_on_times": 0,
    "turn_on_ratio": 0.0
  },
  "3": {
    "validity_ratio": 0.5548611111111111,
    "below": 0,
    "above": 15.494912291474282,
    "turn_on_times": 0,
    "turn_on_ratio": 0.0
  },
  "4": {
    "validity_ratio": 0.5520833333333334,
    "below": -0.8490086281677119,
    "above": 12.234123579677624,
    "turn_on_times": 3,
    "turn_on_ratio": 0.6
  },
  "5": {
    "validity_ratio": 0.5527777777777778,
    "below": 0,
    "above": 13.587957682652641,
    "turn_on_times": 2,
    "turn_on_ratio": 0.4
  },
  "6": {
    "validity_ratio": 0.5569444444444445,
    "below": 0,
    "above": 27.640081495049078,
    "turn_on_times": 3,
    "turn_on_ratio": 0.75
  },
  "7": {
    "validity_ratio": 0.5576388888888889,
    "below": -4.077573555636783,
    "above": 21.509296575030305,
    "turn_on_times": 0,
    "turn_on_ratio": 0.0
  },
  "8": {
    "validity_ratio": 0.5569444444444445,
    "below": -1.5774652383524592,
    "above": 0,
    "turn_on_times": 2,
    "turn_on_ratio": 1.0
  },
  "9": {
    "validity_ratio": 0.5534722222222223,
    "below": 0,
    "above": 17.879813788948706,
    "turn_on_times": 0,
    "turn_on_ratio": 0.0
  },
  "10": {
    "validity_ratio": 0.55625,
    "below": 0,
    "above": 0,
    "turn_on_times": 0,
    "turn_on_ratio": 0
  },
  "12": {
    "validity_ratio": 0.55625,
    "below": 0,
    "above": 22.380650178120554,
    "turn_on_times": 0,
    "turn_on_ratio": 0.0
  },
  "13": {
    "validity_ratio": 0.0,
    "below": 0,
    "above": 0,
    "turn_on_times": 0,
    "turn_on_ratio": 0.0
  }
}