{
  "1": {
    "validity_ratio": 0.3680555555555556,
    "below": -1.940982269527392,
    "above": 18.45900235984685,
    "turn_on_times": 1,
    "turn_on_ratio": 0.25
  },
  "2": {
    "validity_ratio": 0.36875,
    "below": -0.33054913943256586,
    "above": 11.5965898514751,
    "turn_on_times": 0,
    "turn_on_ratio": 0.0
  },
  "3": {
    "validity_ratio": 0.3736111111111111,
    "below": 0,
    "above": 15.272615350182749,
    "turn_on_times": 0,
    "turn_on_ratio": 0.0
  },
  "4": {
    "validity_ratio": 0.3715277777777778,
    "below": 0,
    "above": 12.21225145819398,
    "turn_on_times": 1,
    "turn_on_ratio": 0.3333333333333333
  },
  "5": {
    "validity_ratio": 0.3715277777777778,
    "below": 0,
    "above": 0.5640289970630115,
    "turn_on_times": 2,
    "turn_on_ratio": 0.6666666666666666
  },
  "6": {
    "validity_ratio": 0.36875,
    "below": 0,
    "above": 13.823221926873247,
    "turn_on_times": 3,
    "turn_on_ratio": 0.75
  },
  "7": {
    "validity_ratio": 0.3701388888888889,
    "below": 0,
    "above": 20.27351504576969,
    "turn_on_times": 0,
    "turn_on_ratio": 0.0
  },
  "8": {
    "validity_ratio": 0.3701388888888889,
    "below": -1.078819662980999,
    "above": 0,
    "turn_on_times": 1,
    "turn_on_ratio": 1.0
  },
  "9": {
    "validity_ratio": 0.3729166666666667,
    "below": 0,
    "above": 7.9973491555103315,
    "turn_on_times": 0,
    "turn_on_ratio": 0.0
  },
  "10": {
    "validity_ratio": 0.36875,
    "below": 0,
    "above": 0,
    "turn_on_times": 0,
    "turn_on_ratio": 0
  },
  "12": {
    "validity_ratio": 0.36875,
    "below": 0,
    "above": 4.2946025434595825,
    "turn_on_times": 0,
    "turn_on_ratio": 0.0
  },
  "13": {
    "validity_ratio": 0.0,
    "below": 0,
    "above": 0,
    "turn_on_times": 0,
    "turn_on_ratio": 0.0
  }
}