{
  "1": {
    "validity_ratio": 0.9708333333333333,
    "below": 0,
    "above": 35.46765564441189,
    "turn_on_times": 1,
    "turn_on_ratio": 0.1111111111111111
  },
  "2": {
    "validity_ratio": 0.9673611111111111,
    "below": -1.0389840210912764,
    "above": 40.08196636166902,
    "turn_on_times": 0,
    "turn_on_ratio": 0.0
  },
  "3": {
    "validity_ratio": 0.9666666666666667,
    "below": -5.9023730254397435,
    "above": 24.721074660375034,
    "turn_on_times": 1,
    "turn_on_ratio": 0.3333333333333333
  },
  "4": {
    "validity_ratio": 0.9659722222222222,
    "below": -0.14471292449206535,
    "above": 36.393493435174555,
    "turn_on_times": 0,
    "turn_on_ratio": 0.0
  },
  "5": {
    "validity_ratio": 0.9694444444444444,
    "below": -1.0068819887149167,
    "above": 5.712412124109592,
    "turn_on_times": 2,
    "turn_on_ratio": 0.6666666666666666
  },
  "6": {
    "validity_ratio": 0.96875,
    "below": -0.26712992712035855,
    "above": 15.780021437139693,
    "turn_on_times": 1,
    "turn_on_ratio": 0.1111111111111111
  },
  "7": {
    "validity_ratio": 0.9666666666666667,
    "below": -0.5617911641638985,
    "above": 15.20924783478546,
    "turn_on_times": 4,
    "turn_on_ratio": 0.4444444444444444
  },
  "8": {
    "validity_ratio": 0.9715277777777778,
    "below": -0.10124309374333347,
    "above": 0,
    "turn_on_times": 5,
    "turn_on_ratio": 0.8333333333333334
  },
  "9": {
    "validity_ratio": 0.9652777777777778,
    "below": 0,
    "above": 15.565933527624995,
    "turn_on_times": 1,
    "turn_on_ratio": 0.16666666666666666
  },
  "10": {
    "validity_ratio": 0.9715277777777778,
    "below": 0,
    "above": 0,
    "turn_on_times": 0,
    "turn_on_ratio": 0
  },
  "12": {
    "validity_ratio": 0.9666666666666667,
    "below": -0.6854100362512284,
    "above": 40.32326952142159,
    "turn_on_times": 0,
    "turn_on_ratio": 0.0
  },
  "13": {
    "validity_ratio": 0.9715277777777778,
    "below": -0.6022408883511119,
    "above": 30.511688250109394,
    "turn_on_times": 3,
    "turn_on_ratio": 0.3333333333333333
  }
}