{
  "1": {
    "validity_ratio": 0.8881944444444444,
    "below": 0,
    "above": 33.92812369503352,
    "turn_on_times": 1,
    "turn_on_ratio": 0.1111111111111111
  },
  "2": {
    "validity_ratio": 0.8909722222222223,
    "below": -1.0389235480871504,
    "above": 39.11084172614052,
    "turn_on_times": 0,
    "turn_on_ratio": 0.0
  },
  "3": {
    "validity_ratio": 0.8902777777777777,
    "below": -5.90238819009826,
    "above": 20.72332012758231,
    "turn_on_times": 1,
    "turn_on_ratio": 0.5
  },
  "4": {
    "validity_ratio": 0.8895833333333333,
    "below": -0.14482974688491954,
    "above": 32.174330162505285,
    "turn_on_times": 0,
    "turn_on_ratio": 0.0
  },
  "5": {
    "validity_ratio": 0.8861111111111111,
    "below": -1.006926012654601,
    "above": 5.678811465045691,
    "turn_on_times": 1,
    "turn_on_ratio": 0.5
  },
  "6": {
    "validity_ratio": 0.8854166666666666,
    "below": -0.2670979299533238,
    "above": 15.780262109702122,
    "turn_on_times": 1,
    "turn_on_ratio": 0.1111111111111111
  },
  "7": {
    "validity_ratio": 0.8895833333333333,
    "below": -0.5617245587486169,
    "above": 13.675937393343771,
    "turn_on_times": 4,
    "turn_on_ratio": 0.4444444444444444
  },
  "8": {
    "validity_ratio": 0.8881944444444444,
    "below": -0.1012359713458337,
    "above": 0,
    "turn_on_times": 5,
    "turn_on_ratio": 0.8333333333333334
  },
  "9": {
    "validity_ratio": 0.8888888888888888,
    "below": 0,
    "above": 15.566071406597477,
    "turn_on_times": 1,
    "turn_on_ratio": 0.16666666666666666
  },
  "10": {
    "validity_ratio": 0.8909722222222223,
    "below": 0,
    "above": 0,
    "turn_on_times": 0,
    "turn_on_ratio": 0
  },
  "12": {
    "validity_ratio": 0.8902777777777777,
    "below": -0.6854000433370295,
    "above": 31.917582713162286,
    "turn_on_times": 0,
    "turn_on_ratio": 0.0
  },
  "13": {
    "validity_ratio": 0.8881944444444444,
    "below": -0.6022159159944456,
    "above": 28.17669064349025,
    "turn_on_times": 3,
    "turn_on_ratio": 0.3333333333333333
  }
}