{
  "1": {
    "validity_ratio": 0.88125,
    "below": 0,
    "above": 33.235596844819064,
    "turn_on_times": 1,
    "turn_on_ratio": 0.1111111111111111
  },
  "2": {
    "validity_ratio": 0.8840277777777777,
    "below": -1.0390725905036782,
    "above": 38.56825381034985,
    "turn_on_times": 0,
    "turn_on_ratio": 0.0
  },
  "3": {
    "validity_ratio": 0.8833333333333333,
    "below": -5.902350815117739,
    "above": 20.706623479903477,
    "turn_on_times": 1,
    "turn_on_ratio": 0.5
  },
  "4": {
    "validity_ratio": 0.8826388888888889,
    "below": -0.14454182515872913,
    "above": 32.14745241119981,
    "turn_on_times": 0,
    "turn_on_ratio": 0.0
  },
  "5": {
    "validity_ratio": 0.8791666666666667,
    "below": -1.0068175107792543,
    "above": 5.657003513974888,
    "turn_on_times": 1,
    "turn_on_ratio": 0.5
  },
  "6": {
    "validity_ratio": 0.8784722222222222,
    "below": -0.2671767905154181,
    "above": 15.779670301528935,
    "turn_on_times": 1,
    "turn_on_ratio": 0.1111111111111111
  },
  "7": {
    "validity_ratio": 0.8826388888888889,
    "below": -0.5618887151716512,
    "above": 12.891279754861959,
    "turn_on_times": 4,
    "turn_on_ratio": 0.4444444444444444
  },
  "8": {
    "validity_ratio": 0.88125,
    "below": -0.1012535252833334,
    "above": 0,
    "turn_on_times": 5,
    "turn_on_ratio": 0.8333333333333334
  },
  "9": {
    "validity_ratio": 0.8819444444444444,
    "below": 0,
    "above": 15.565731573692196,
    "turn_on_times": 1,
    "turn_on_ratio": 0.16666666666666666
  },
  "10": {
    "validity_ratio": 0.8805555555555555,
    "below": 0,
    "above": 0,
    "turn_on_times": 0,
    "turn_on_ratio": 0
  },
  "12": {
    "validity_ratio": 0.8833333333333333,
    "below": -0.6854246719808668,
    "above": 31.817304137557095,
    "turn_on_times": 0,
    "turn_on_ratio": 0.0
  },
  "13": {
    "validity_ratio": 0.88125,
    "below": -0.6022774631333341,
    "above": 27.116469479006252,
    "turn_on_times": 3,
    "turn_on_ratio": 0.3333333333333333
  }
}