{
  "1": {
    "validity_ratio": 0.8326388888888889,
    "below": 0,
    "above": 29.284515004026925,
    "turn_on_times": 1,
    "turn_on_ratio": 0.125
  },
  "2": {
    "validity_ratio": 0.8354166666666667,
    "below": -1.0389839511716763,
    "above": 35.272661872111705,
    "turn_on_times": 0,
    "turn_on_ratio": 0.0
  },
  "3": {
    "validity_ratio": 0.8347222222222223,
    "below": -5.9023730429732995,
    "above": 20.3783957389187,
    "turn_on_times": 1,
    "turn_on_ratio": 0.5
  },
  "4": {
    "validity_ratio": 0.8340277777777778,
    "below": -0.1447130595634929,
    "above": 30.90381340793451,
    "turn_on_times": 0,
    "turn_on_ratio": 0.0
  },
  "5": {
    "validity_ratio": 0.8305555555555556,
    "below": -1.0068820396159153,
    "above": 5.632521131439525,
    "turn_on_times": 1,
    "turn_on_ratio": 0.5
  },
  "6": {
    "validity_ratio": 0.8298611111111112,
    "below": 0,
    "above": 15.739490821374742,
    "turn_on_times": 0,
    "turn_on_ratio": 0.0
  },
  "7": {
    "validity_ratio": 0.8340277777777778,
    "below": -0.561791087153932,
    "above": 8.112622654063022,
    "turn_on_times": 4,
    "turn_on_ratio": 0.5
  },
  "8": {
    "validity_ratio": 0.8319444444444445,
    "below": -0.10124308550833351,
    "above": 0,
    "turn_on_times": 5,
    "turn_on_ratio": 0.8333333333333334
  },
  "9": {
    "validity_ratio": 0.8333333333333334,
    "below": 0,
    "above": 15.565933687047059,
    "turn_on_times": 1,
    "turn_on_ratio": 0.16666666666666666
  },
  "10": {
    "validity_ratio": 0.8326388888888889,
    "below": 0,
    "above": 0,
    "turn_on_times": 0,
    "turn_on_ratio": 0
  },
  "12": {
    "validity_ratio": 0.8347222222222223,
    "below": -0.6854100246973039,
    "above": 23.166037724921033,
    "turn_on_times": 0,
    "turn_on_ratio": 0.0
  },
  "13": {
    "validity_ratio": 0.8326388888888889,
    "below": -0.6022408594777786,
    "above": 21.17897675180405,
    "turn_on_times": 3,
    "turn_on_ratio": 0.375
  }
}