{
  "1": {
    "validity_ratio": 0.4111111111111111,
    "below": 0,
    "above": 14.624689261848516,
    "turn_on_times": 0,
    "turn_on_ratio": 0.0
  },
  "2": {
    "validity_ratio": 0.41180555555555554,
    "below": 0,
    "above": 12.526173073209595,
    "turn_on_times": 0,
    "turn_on_ratio": 0.0
  },
  "3": {
    "validity_ratio": 0.4125,
    "below": -2.0766538014731455,
    "above": 20.378395931038725,
    "turn_on_times": 1,
    "turn_on_ratio": 0.5
  },
  "4": {
    "validity_ratio": 0.4111111111111111,
    "below": 0,
    "above": 25.14384803267632,
    "turn_on_times": 0,
    "turn_on_ratio": 0.0
  },
  "5": {
    "validity_ratio": 0.4125,
    "below": -1.0068101391742905,
    "above": 5.632470798630567,
    "turn_on_times": 1,
    "turn_on_ratio": 0.5
  },
  "6": {
    "validity_ratio": 0.40625,
    "below": 0,
    "above": 5.381027363192888,
    "turn_on_times": 0,
    "turn_on_ratio": 0.0
  },
  "7": {
    "validity_ratio": 0.4097222222222222,
    "below": -0.23516254443521653,
    "above": 4.4559968416769244,
    "turn_on_times": 1,
    "turn_on_ratio": 0.5
  },
  "8": {
    "validity_ratio": 0.4083333333333333,
    "below": -0.10125471789583333,
    "above": 0,
    "turn_on_times": 2,
    "turn_on_ratio": 1.0
  },
  "9": {
    "validity_ratio": 0.4097222222222222,
    "below": 0,
    "above": 13.402338568796177,
    "turn_on_times": 0,
    "turn_on_ratio": 0.0
  },
  "10": {
    "validity_ratio": 0.40902777777777777,
    "below": 0,
    "above": 0,
    "turn_on_times": 0,
    "turn_on_ratio": 0
  },
  "12": {
    "validity_ratio": 0.40625,
    "below": -0.08304618605248179,
    "above": 11.759322414637818,
    "turn_on_times": 0,
    "turn_on_ratio": 0.0
  },
  "13": {
    "validity_ratio": 0.40902777777777777,
    "below": 0,
    "above": 5.420110552467736,
    "turn_on_times": 1,
    "turn_on_ratio": 0.5
  }
}