{
  "1": {
    "validity_ratio": 0.3,
    "below": 0,
    "above": 11.82161055037037,
    "turn_on_times": 0,
    "turn_on_ratio": 0.0
  },
  "2": {
    "validity_ratio": 0.30069444444444443,
    "below": 0,
    "above": 10.235663605632984,
    "turn_on_times": 0,
    "turn_on_ratio": 0.0
  },
  "3": {
    "validity_ratio": 0.30416666666666664,
    "below": 0,
    "above": 20.378395681893057,
    "turn_on_times": 1,
    "turn_on_ratio": 0.5
  },
  "4": {
    "validity_ratio": 0.3,
    "below": 0,
    "above": 23.241681530196868,
    "turn_on_times": 0,
    "turn_on_ratio": 0.0
  },
  "5": {
    "validity_ratio": 0.3013888888888889,
    "below": -1.0069033813197426,
    "above": 0.8527710828417828,
    "turn_on_times": 1,
    "turn_on_ratio": 0.5
  },
  "6": {
    "validity_ratio": 0.3020833333333333,
    "below": 0,
    "above": 2.604086021510688,
    "turn_on_times": 0,
    "turn_on_ratio": 0.0
  },
  "7": {
    "validity_ratio": 0.2986111111111111,
    "below": -0.23511428384274685,
    "above": 4.455058444648806,
    "turn_on_times": 0,
    "turn_on_ratio": 0.0
  },
  "8": {
    "validity_ratio": 0.30416666666666664,
    "below": -0.10123963274833367,
    "above": 0,
    "turn_on_times": 1,
    "turn_on_ratio": 1.0
  },
  "9": {
    "validity_ratio": 0.2986111111111111,
    "below": 0,
    "above": 1.2319067186666655,
    "turn_on_times": 0,
    "turn_on_ratio": 0.0
  },
  "10": {
    "validity_ratio": 0.30486111111111114,
    "below": 0,
    "above": 0,
    "turn_on_times": 0,
    "turn_on_ratio": 0
  },
  "12": {
    "validity_ratio": 0.3020833333333333,
    "below": -0.08302719737787563,
    "above": 5.600232182047177,
    "turn_on_times": 0,
    "turn_on_ratio": 0.0
  },
  "13": {
    "validity_ratio": 0.30486111111111114,
    "below": 0,
    "above": 4.989743446514204,
    "turn_on_times": 1,
    "turn_on_ratio": 1.0
  }
}