{
  "1": {
    "validity_ratio": 0.9638888888888889,
    "below": 0,
    "above": 35.46765068510227,
    "turn_on_times": 1,
    "turn_on_ratio": 0.1111111111111111
  },
  "2": {
    "validity_ratio": 0.9604166666666667,
    "below": -1.0389846618299123,
    "above": 40.08196244477554,
    "turn_on_times": 0,
    "turn_on_ratio": 0.0
  },
  "3": {
    "validity_ratio": 0.9597222222222223,
    "below": -5.902372864763377,
    "above": 24.721077271846053,
    "turn_on_times": 1,
    "turn_on_ratio": 0.3333333333333333
  },
  "4": {
    "validity_ratio": 0.9590277777777778,
    "below": -0.14471168670635098,
    "above": 36.39349408418439,
    "turn_on_times": 0,
    "turn_on_ratio": 0.0
  },
  "5": {
    "validity_ratio": 0.9625,
    "below": -1.0068815222615057,
    "above": 5.712419649966423,
    "turn_on_times": 2,
    "turn_on_ratio": 0.6666666666666666
  },
  "6": {
    "validity_ratio": 0.9618055555555556,
    "below": -0.26713026614471247,
    "above": 15.780018891128254,
    "turn_on_times": 1,
    "turn_on_ratio": 0.1111111111111111
  },
  "7": {
    "validity_ratio": 0.9597222222222223,
    "below": -0.5617918698781841,
    "above": 15.2092475921382,
    "turn_on_times": 4,
    "turn_on_ratio": 0.4444444444444444
  },
  "8": {
    "validity_ratio": 0.9645833333333333,
    "below": -0.1012431692083337,
    "above": 0,
    "turn_on_times": 5,
    "turn_on_ratio": 0.8333333333333334
  },
  "9": {
    "validity_ratio": 0.9583333333333334,
    "below": 0,
    "above": 15.565932066691154,
    "turn_on_times": 1,
    "turn_on_ratio": 0.16666666666666666
  },
  "10": {
    "validity_ratio": 0.9645833333333333,
    "below": 0,
    "above": 0,
    "turn_on_times": 0,
    "turn_on_ratio": 0
  },
  "12": {
    "validity_ratio": 0.9597222222222223,
    "below": -0.6854101421306423,
    "above": 40.32327983024373,
    "turn_on_times": 0,
    "turn_on_ratio": 0.0
  },
  "13": {
    "validity_ratio": 0.9645833333333333,
    "below": -0.6022411529444452,
    "above": 30.511684429601953,
    "turn_on_times": 3,
    "turn_on_ratio": 0.3333333333333333
  }
}