{
  "1": {
    "validity_ratio": 0.6319444444444444,
    "below": 0,
    "above": 28.07118957442415,
    "turn_on_times": 0,
    "turn_on_ratio": 0.0
  },
  "2": {
    "validity_ratio": 0.6340277777777777,
    "below": -1.038980693223945,
    "above": 19.986913064111796,
    "turn_on_times": 0,
    "turn_on_ratio": 0.0
  },
  "3": {
    "validity_ratio": 0.6340277777777777,
    "below": -5.902373859960409,
    "above": 20.378395732581282,
    "turn_on_times": 1,
    "turn_on_ratio": 0.5
  },
  "4": {
    "validity_ratio": 0.6326388888888889,
    "below": -0.144719353301588,
    "above": 27.889047653887214,
    "turn_on_times": 0,
    "turn_on_ratio": 0.0
  },
  "5": {
    "validity_ratio": 0.6284722222222222,
    "below": -1.0068844113799198,
    "above": 5.632522303954429,
    "turn_on_times": 1,
    "turn_on_ratio": 0.5
  },
  "6": {
    "validity_ratio": 0.6284722222222222,
    "below": 0,
    "above": 11.56840597722251,
    "turn_on_times": 0,
    "turn_on_ratio": 0.0
  },
  "7": {
    "validity_ratio": 0.6319444444444444,
    "below": -0.5617874988261362,
    "above": 4.473472707059352,
    "turn_on_times": 4,
    "turn_on_ratio": 0.8
  },
  "8": {
    "validity_ratio": 0.6305555555555555,
    "below": -0.10124270179333383,
    "above": 0,
    "turn_on_times": 3,
    "turn_on_ratio": 1.0
  },
  "9": {
    "validity_ratio": 0.6319444444444444,
    "below": 0,
    "above": 14.730199873216353,
    "turn_on_times": 0,
    "turn_on_ratio": 0.0
  },
  "10": {
    "validity_ratio": 0.63125,
    "below": 0,
    "above": 0,
    "turn_on_times": 0,
    "turn_on_ratio": 0
  },
  "12": {
    "validity_ratio": 0.6333333333333333,
    "below": -0.6854094863348953,
    "above": 14.633836757522392,
    "turn_on_times": 0,
    "turn_on_ratio": 0.0
  },
  "13": {
    "validity_ratio": 0.63125,
    "below": 0,
    "above": 7.519678494688436,
    "turn_on_times": 1,
    "turn_on_ratio": 0.2
  }
}