{
  "1": {
    "validity_ratio": 0.47291666666666665,
    "below": 0,
    "above": 18.743136189532738,
    "turn_on_times": 0,
    "turn_on_ratio": 0.0
  },
  "2": {
    "validity_ratio": 0.47430555555555554,
    "below": 0,
    "above": 15.918521535606795,
    "turn_on_times": 0,
    "turn_on_ratio": 0.0
  },
  "3": {
    "validity_ratio": 0.475,
    "below": -3.4427529470434166,
    "above": 20.378395933340844,
    "turn_on_times": 1,
    "turn_on_ratio": 0.5
  },
  "4": {
    "validity_ratio": 0.4736111111111111,
    "below": -0.14451997753968365,
    "above": 26.19383023938175,
    "turn_on_times": 0,
    "turn_on_ratio": 0.0
  },
  "5": {
    "validity_ratio": 0.4756944444444444,
    "below": -1.0068092776123103,
    "above": 5.632470021912197,
    "turn_on_times": 1,
    "turn_on_ratio": 0.5
  },
  "6": {
    "validity_ratio": 0.4756944444444444,
    "below": 0,
    "above": 8.4275221626071,
    "turn_on_times": 0,
    "turn_on_ratio": 0.0
  },
  "7": {
    "validity_ratio": 0.47291666666666665,
    "below": -0.5619011714285717,
    "above": 4.456005512511317,
    "turn_on_times": 3,
    "turn_on_ratio": 0.75
  },
  "8": {
    "validity_ratio": 0.4777777777777778,
    "below": -0.10125485728333333,
    "above": 0,
    "turn_on_times": 2,
    "turn_on_ratio": 1.0
  },
  "9": {
    "validity_ratio": 0.4722222222222222,
    "below": 0,
    "above": 13.402338560066688,
    "turn_on_times": 0,
    "turn_on_ratio": 0.0
  },
  "10": {
    "validity_ratio": 0.47847222222222224,
    "below": 0,
    "above": 0,
    "turn_on_times": 0,
    "turn_on_ratio": 0
  },
  "12": {
    "validity_ratio": 0.475,
    "below": -0.6572580710739329,
    "above": 12.139695175459215,
    "turn_on_times": 0,
    "turn_on_ratio": 0.0
  },
  "13": {
    "validity_ratio": 0.47847222222222224,
    "below": 0,
    "above": 6.093918150554733,
    "turn_on_times": 1,
    "turn_on_ratio": 0.25
  }
}