{
  "1": {
    "validity_ratio": 0.7013888888888888,
    "below": 0,
    "above": 29.28461900533067,
    "turn_on_times": 1,
    "turn_on_ratio": 0.125
  },
  "2": {
    "validity_ratio": 0.7104166666666667,
    "below": -1.0389241513825025,
    "above": 24.90118963786151,
    "turn_on_times": 0,
    "turn_on_ratio": 0.0
  },
  "3": {
    "validity_ratio": 0.7104166666666667,
    "below": -5.9023880388114485,
    "above": 20.378395622595022,
    "turn_on_times": 1,
    "turn_on_ratio": 0.5
  },
  "4": {
    "validity_ratio": 0.7090277777777778,
    "below": -0.14482858143253882,
    "above": 28.78058488995397,
    "turn_on_times": 0,
    "turn_on_ratio": 0.0
  },
  "5": {
    "validity_ratio": 0.7048611111111112,
    "below": -1.0069255734596476,
    "above": 5.632537690851542,
    "turn_on_times": 1,
    "turn_on_ratio": 0.5
  },
  "6": {
    "validity_ratio": 0.7048611111111112,
    "below": 0,
    "above": 12.716472900844057,
    "turn_on_times": 0,
    "turn_on_ratio": 0.0
  },
  "7": {
    "validity_ratio": 0.7090277777777778,
    "below": -0.5617252232225923,
    "above": 5.501491562017374,
    "turn_on_times": 4,
    "turn_on_ratio": 0.5
  },
  "8": {
    "validity_ratio": 0.7069444444444445,
    "below": -0.10123604240083335,
    "above": 0,
    "turn_on_times": 4,
    "turn_on_ratio": 0.8
  },
  "9": {
    "validity_ratio": 0.7083333333333334,
    "below": 0,
    "above": 14.90847372878524,
    "turn_on_times": 1,
    "turn_on_ratio": 0.2
  },
  "10": {
    "validity_ratio": 0.7076388888888889,
    "below": 0,
    "above": 0,
    "turn_on_times": 0,
    "turn_on_ratio": 0
  },
  "12": {
    "validity_ratio": 0.7097222222222223,
    "below": -0.6854001430290948,
    "above": 20.018754396319313,
    "turn_on_times": 0,
    "turn_on_ratio": 0.0
  },
  "13": {
    "validity_ratio": 0.7076388888888889,
    "below": -0.6022161651255561,
    "above": 7.519449918857463,
    "turn_on_times": 3,
    "turn_on_ratio": 0.375
  }
}