{
  "1": {
    "validity_ratio": 0.43125,
    "below": 0,
    "above": 15.858704495565739,
    "turn_on_times": 0,
    "turn_on_ratio": 0.0
  },
  "2": {
    "validity_ratio": 0.4326388888888889,
    "below": 0,
    "above": 13.481787146189117,
    "turn_on_times": 0,
    "turn_on_ratio": 0.0
  },
  "3": {
    "validity_ratio": 0.43333333333333335,
    "below": -2.643594670188093,
    "above": 20.378395807233446,
    "turn_on_times": 1,
    "turn_on_ratio": 0.5
  },
  "4": {
    "validity_ratio": 0.43194444444444446,
    "below": 0,
    "above": 25.593879171111084,
    "turn_on_times": 0,
    "turn_on_ratio": 0.0
  },
  "5": {
    "validity_ratio": 0.43333333333333335,
    "below": -1.0068564729901528,
    "above": 5.632506514242958,
    "turn_on_times": 1,
    "turn_on_ratio": 0.5
  },
  "6": {
    "validity_ratio": 0.4270833333333333,
    "below": 0,
    "above": 6.541193844972959,
    "turn_on_times": 0,
    "turn_on_ratio": 0.0
  },
  "7": {
    "validity_ratio": 0.43125,
    "below": -0.23513856281838363,
    "above": 4.455530534140824,
    "turn_on_times": 2,
    "turn_on_ratio": 0.6666666666666666
  },
  "8": {
    "validity_ratio": 0.42916666666666664,
    "below": -0.10124722179583343,
    "above": 0,
    "turn_on_times": 2,
    "turn_on_ratio": 1.0
  },
  "9": {
    "validity_ratio": 0.4305555555555556,
    "below": 0,
    "above": 13.402339034112686,
    "turn_on_times": 0,
    "turn_on_ratio": 0.0
  },
  "10": {
    "validity_ratio": 0.42986111111111114,
    "below": 0,
    "above": 0,
    "turn_on_times": 0,
    "turn_on_ratio": 0
  },
  "12": {
    "validity_ratio": 0.43333333333333335,
    "below": -0.08303675021476681,
    "above": 12.139674536519406,
    "turn_on_times": 0,
    "turn_on_ratio": 0.0
  },
  "13": {
    "validity_ratio": 0.42986111111111114,
    "below": 0,
    "above": 5.599523238871267,
    "turn_on_times": 1,
    "turn_on_ratio": 0.3333333333333333
  }
}