{
  "1": {
    "validity_ratio": 0.8326388888888889,
    "below": 0,
    "above": 29.284643415216824,
    "turn_on_times": 1,
    "turn_on_ratio": 0.125
  },
  "2": {
    "validity_ratio": 0.8284722222222223,
    "below": -1.0389101143540391,
    "above": 34.9330283295328,
    "turn_on_times": 0,
    "turn_on_ratio": 0.0
  },
  "3": {
    "validity_ratio": 0.8277777777777777,
    "below": -5.902391558840698,
    "above": 20.37839559528993,
    "turn_on_times": 1,
    "turn_on_ratio": 0.5
  },
  "4": {
    "validity_ratio": 0.8270833333333333,
    "below": -0.14485569831349088,
    "above": 30.738308481001354,
    "turn_on_times": 0,
    "turn_on_ratio": 0.0
  },
  "5": {
    "validity_ratio": 0.8305555555555556,
    "below": -1.0069357923218218,
    "above": 5.63254005683514,
    "turn_on_times": 1,
    "turn_on_ratio": 0.5
  },
  "6": {
    "validity_ratio": 0.8298611111111112,
    "below": 0,
    "above": 15.739787354541352,
    "turn_on_times": 0,
    "turn_on_ratio": 0.0
  },
  "7": {
    "validity_ratio": 0.8270833333333333,
    "below": -0.5617097627353278,
    "above": 7.382408427851537,
    "turn_on_times": 4,
    "turn_on_ratio": 0.5
  },
  "8": {
    "validity_ratio": 0.8319444444444445,
    "below": -0.10123438914583337,
    "above": 0,
    "turn_on_times": 5,
    "turn_on_ratio": 0.8333333333333334
  },
  "9": {
    "validity_ratio": 0.8263888888888888,
    "below": 0,
    "above": 15.43173917647574,
    "turn_on_times": 1,
    "turn_on_ratio": 0.16666666666666666
  },
  "10": {
    "validity_ratio": 0.8326388888888889,
    "below": 0,
    "above": 0,
    "turn_on_times": 0,
    "turn_on_ratio": 0
  },
  "12": {
    "validity_ratio": 0.8277777777777777,
    "below": -0.6853978234681097,
    "above": 23.00939757181441,
    "turn_on_times": 0,
    "turn_on_ratio": 0.0
  },
  "13": {
    "validity_ratio": 0.8326388888888889,
    "below": -0.6022103685277789,
    "above": 21.179382470459796,
    "turn_on_times": 3,
    "turn_on_ratio": 0.375
  }
}