{
  "1": {
    "validity_ratio": 0.058333333333333334,
    "below": 0,
    "above": 6.440000000000014,
    "turn_on_times": 0,
    "turn_on_ratio": 0.0
  },
  "2": {
    "validity_ratio": 0.05763888888888889,
    "below": 0,
    "above": 5.575058353795486,
    "turn_on_times": 0,
    "turn_on_ratio": 0.0
  },
  "3": {
    "validity_ratio": 0.06111111111111111,
    "below": 0,
    "above": 4.243472933333335,
    "turn_on_times": 0,
    "turn_on_ratio": 0.0
  },
  "4": {
    "validity_ratio": 0.05694444444444444,
    "below": 0,
    "above": 4.408206380444446,
    "turn_on_times": 0,
    "turn_on_ratio": 0.0
  },
  "5": {
    "validity_ratio": 0.05763888888888889,
    "below": -0.6727241567298932,
    "above": 0,
    "turn_on_times": 1,
    "turn_on_ratio": 1.0
  },
  "6": {
    "validity_ratio": 0.059027777777777776,
    "below": 0,
    "above": 1.684259079477225,
    "turn_on_times": 0,
    "turn_on_ratio": 0.0
  },
  "7": {
    "validity_ratio": 0.06111111111111111,
    "below": -0.23514448141749775,
    "above": 1.5077249464030635,
    "turn_on_times": 0,
    "turn_on_ratio": 0.0
  },
  "8": {
    "validity_ratio": 0.06111111111111111,
    "below": 0,
    "above": 0,
    "turn_on_times": 0,
    "turn_on_ratio": 0
  },
  "9": {
    "validity_ratio": 0.05555555555555555,
    "below": 0,
    "above": 0,
    "turn_on_times": 0,
    "turn_on_ratio": 0
  },
  "10": {
    "validity_ratio": 0.06111111111111111,
    "below": 0,
    "above": 0,
    "turn_on_times": 0,
    "turn_on_ratio": 0
  },
  "12": {
    "validity_ratio": 0.059027777777777776,
    "below": -0.029443923381031568,
    "above": 4.678563688987037,
    "turn_on_times": 0,
    "turn_on_ratio": 0.0
  },
  "13": {
    "validity_ratio": 0.06111111111111111,
    "below": 0,
    "above": 4.971222172177524,
    "turn_on_times": 1,
    "turn_on_ratio": 1.0
  }
}