{
  "1": {
    "validity_ratio": 0.5215277777777778,
    "below": 0,
    "above": 23.85193163217623,
    "turn_on_times": 0,
    "turn_on_ratio": 0.0
  },
  "2": {
    "validity_ratio": 0.5229166666666667,
    "below": -0.75885971536762,
    "above": 17.6779640634346,
    "turn_on_times": 0,
    "turn_on_ratio": 0.0
  },
  "3": {
    "validity_ratio": 0.5236111111111111,
    "below": -4.174091316601332,
    "above": 20.378395578502122,
    "turn_on_times": 1,
    "turn_on_ratio": 0.5
  },
  "4": {
    "validity_ratio": 0.5215277777777778,
    "below": -0.14487237040873008,
    "above": 26.193540568291155,
    "turn_on_times": 0,
    "turn_on_ratio": 0.0
  },
  "5": {
    "validity_ratio": 0.5243055555555556,
    "below": -1.006942075118273,
    "above": 5.632541224401715,
    "turn_on_times": 1,
    "turn_on_ratio": 0.5
  },
  "6": {
    "validity_ratio": 0.5243055555555556,
    "below": 0,
    "above": 10.613423151988338,
    "turn_on_times": 0,
    "turn_on_ratio": 0.0
  },
  "7": {
    "validity_ratio": 0.5215277777777778,
    "below": -0.5617002572646743,
    "above": 4.454669026908885,
    "turn_on_times": 3,
    "turn_on_ratio": 0.75
  },
  "8": {
    "validity_ratio": 0.5263888888888889,
    "below": -0.10123337268583352,
    "above": 0,
    "turn_on_times": 2,
    "turn_on_ratio": 1.0
  },
  "9": {
    "validity_ratio": 0.5208333333333334,
    "below": 0,
    "above": 13.402339872383703,
    "turn_on_times": 0,
    "turn_on_ratio": 0.0
  },
  "10": {
    "validity_ratio": 0.5270833333333333,
    "below": 0,
    "above": 0,
    "turn_on_times": 0,
    "turn_on_ratio": 0
  },
  "12": {
    "validity_ratio": 0.5222222222222223,
    "below": -0.685396397347542,
    "above": 12.160720857472088,
    "turn_on_times": 0,
    "turn_on_ratio": 0.0
  },
  "13": {
    "validity_ratio": 0.5270833333333333,
    "below": 0,
    "above": 6.927093884539478,
    "turn_on_times": 1,
    "turn_on_ratio": 0.25
  }
}