{
  "1": {
    "validity_ratio": 0.3347222222222222,
    "below": 0,
    "above": 12.608406605984403,
    "turn_on_times": 0,
    "turn_on_ratio": 0.0
  },
  "2": {
    "validity_ratio": 0.33541666666666664,
    "below": 0,
    "above": 10.91428636550311,
    "turn_on_times": 0,
    "turn_on_ratio": 0.0
  },
  "3": {
    "validity_ratio": 0.3388888888888889,
    "below": -0.14708906822580645,
    "above": 20.378395595606552,
    "turn_on_times": 1,
    "turn_on_ratio": 0.5
  },
  "4": {
    "validity_ratio": 0.3347222222222222,
    "below": 0,
    "above": 23.86982659512811,
    "turn_on_times": 0,
    "turn_on_ratio": 0.0
  },
  "5": {
    "validity_ratio": 0.33611111111111114,
    "below": -1.0069356738309732,
    "above": 3.6205455780138593,
    "turn_on_times": 1,
    "turn_on_ratio": 0.5
  },
  "6": {
    "validity_ratio": 0.3368055555555556,
    "below": 0,
    "above": 3.6250837043610202,
    "turn_on_times": 0,
    "turn_on_ratio": 0.0
  },
  "7": {
    "validity_ratio": 0.3333333333333333,
    "below": -0.23509756977297955,
    "above": 4.454733450018718,
    "turn_on_times": 1,
    "turn_on_ratio": 0.5
  },
  "8": {
    "validity_ratio": 0.3388888888888889,
    "below": -0.10123440831583336,
    "above": 0,
    "turn_on_times": 1,
    "turn_on_ratio": 1.0
  },
  "9": {
    "validity_ratio": 0.3333333333333333,
    "below": 0,
    "above": 7.235653531245401,
    "turn_on_times": 0,
    "turn_on_ratio": 0.0
  },
  "10": {
    "validity_ratio": 0.33958333333333335,
    "below": 0,
    "above": 0,
    "turn_on_times": 0,
    "turn_on_ratio": 0
  },
  "12": {
    "validity_ratio": 0.3368055555555556,
    "below": -0.08302062103854932,
    "above": 8.407162963587435,
    "turn_on_times": 0,
    "turn_on_ratio": 0.0
  },
  "13": {
    "validity_ratio": 0.33958333333333335,
    "below": 0,
    "above": 5.232099967493471,
    "turn_on_times": 1,
    "turn_on_ratio": 0.5
  }
}