{
  "1": {
    "validity_ratio": 0.9222222222222223,
    "below": 0,
    "above": 35.46808338338643,
    "turn_on_times": 1,
    "turn_on_ratio": 0.1111111111111111
  },
  "2": {
    "validity_ratio": 0.91875,
    "below": -1.0389287565242882,
    "above": 40.08230210030878,
    "turn_on_times": 0,
    "turn_on_ratio": 0.0
  },
  "3": {
    "validity_ratio": 0.9180555555555555,
    "below": -5.90238688399198,
    "above": 21.568541176855263,
    "turn_on_times": 1,
    "turn_on_ratio": 0.3333333333333333
  },
  "4": {
    "validity_ratio": 0.9173611111111111,
    "below": -0.14481968517063695,
    "above": 32.924505131572836,
    "turn_on_times": 0,
    "turn_on_ratio": 0.0
  },
  "5": {
    "validity_ratio": 0.9208333333333333,
    "below": -1.0069222209474464,
    "above": 5.678880550048467,
    "turn_on_times": 2,
    "turn_on_ratio": 0.6666666666666666
  },
  "6": {
    "validity_ratio": 0.9201388888888888,
    "below": -0.26710068581497715,
    "above": 15.780241351414906,
    "turn_on_times": 1,
    "turn_on_ratio": 0.1111111111111111
  },
  "7": {
    "validity_ratio": 0.9180555555555555,
    "below": -0.5617302953599121,
    "above": 15.209268755753275,
    "turn_on_times": 4,
    "turn_on_ratio": 0.4444444444444444
  },
  "8": {
    "validity_ratio": 0.9222222222222223,
    "below": -0.10123658478583368,
    "above": 0,
    "turn_on_times": 5,
    "turn_on_ratio": 0.8333333333333334
  },
  "9": {
    "validity_ratio": 0.9166666666666666,
    "below": 0,
    "above": 15.566059531640791,
    "turn_on_times": 1,
    "turn_on_ratio": 0.16666666666666666
  },
  "10": {
    "validity_ratio": 0.9173611111111111,
    "below": 0,
    "above": 0,
    "turn_on_times": 0,
    "turn_on_ratio": 0
  },
  "12": {
    "validity_ratio": 0.9180555555555555,
    "below": -0.6854009040097574,
    "above": 36.43853114061968,
    "turn_on_times": 0,
    "turn_on_ratio": 0.0
  },
  "13": {
    "validity_ratio": 0.9222222222222223,
    "below": -0.6022180668211119,
    "above": 30.512015250892013,
    "turn_on_times": 3,
    "turn_on_ratio": 0.3333333333333333
  }
}