{
  "1": {
    "validity_ratio": 0.12013888888888889,
    "below": 0,
    "above": 11.8223436005291,
    "turn_on_times": 0,
    "turn_on_ratio": 0.0
  },
  "2": {
    "validity_ratio": 0.12013888888888889,
    "below": 0,
    "above": 10.236319172070676,
    "turn_on_times": 0,
    "turn_on_ratio": 0.0
  },
  "3": {
    "validity_ratio": 0.12361111111111112,
    "below": 0,
    "above": 11.7278835263378,
    "turn_on_times": 0,
    "turn_on_ratio": 0.0
  },
  "4": {
    "validity_ratio": 0.11944444444444445,
    "below": 0,
    "above": 13.107911769444492,
    "turn_on_times": 0,
    "turn_on_ratio": 0.0
  },
  "5": {
    "validity_ratio": 0.12013888888888889,
    "below": -1.0068196066209072,
    "above": 0,
    "turn_on_times": 1,
    "turn_on_ratio": 1.0
  },
  "6": {
    "validity_ratio": 0.12152777777777778,
    "below": 0,
    "above": 2.604174836605255,
    "turn_on_times": 0,
    "turn_on_ratio": 0.0
  },
  "7": {
    "validity_ratio": 0.12430555555555556,
    "below": -0.23515764424141802,
    "above": 4.455901560474138,
    "turn_on_times": 0,
    "turn_on_ratio": 0.0
  },
  "8": {
    "validity_ratio": 0.12361111111111112,
    "below": 0,
    "above": 0,
    "turn_on_times": 0,
    "turn_on_ratio": 0
  },
  "9": {
    "validity_ratio": 0.11805555555555555,
    "below": 0,
    "above": 0,
    "turn_on_times": 0,
    "turn_on_ratio": 0
  },
  "10": {
    "validity_ratio": 0.12430555555555556,
    "below": 0,
    "above": 0,
    "turn_on_times": 0,
    "turn_on_ratio": 0
  },
  "12": {
    "validity_ratio": 0.12152777777777778,
    "below": -0.08304425801594531,
    "above": 4.678588670475365,
    "turn_on_times": 0,
    "turn_on_ratio": 0.0
  },
  "13": {
    "validity_ratio": 0.12430555555555556,
    "below": 0,
    "above": 4.990450593793996,
    "turn_on_times": 1,
    "turn_on_ratio": 1.0
  }
}