{
  "1": {
    "validity_ratio": 0.8666666666666667,
    "below": 0,
    "above": 31.757553774079913,
    "turn_on_times": 1,
    "turn_on_ratio": 0.1111111111111111
  },
  "2": {
    "validity_ratio": 0.8631944444444445,
    "below": -1.0389971825964348,
    "above": 36.924944850360525,
    "turn_on_times": 0,
    "turn_on_ratio": 0.0
  },
  "3": {
    "validity_ratio": 0.8625,
    "below": -5.902369724963203,
    "above": 20.37839576465671,
    "turn_on_times": 1,
    "turn_on_ratio": 0.5
  },
  "4": {
    "validity_ratio": 0.8618055555555556,
    "below": -0.144687498956348,
    "above": 31.666549209372203,
    "turn_on_times": 0,
    "turn_on_ratio": 0.0
  },
  "5": {
    "validity_ratio": 0.8652777777777778,
    "below": -1.0068724072278123,
    "above": 5.655608041333377,
    "turn_on_times": 1,
    "turn_on_ratio": 0.5
  },
  "6": {
    "validity_ratio": 0.8645833333333334,
    "below": -0.267136891068737,
    "above": 15.779969156077916,
    "turn_on_times": 1,
    "turn_on_ratio": 0.1111111111111111
  },
  "7": {
    "validity_ratio": 0.8618055555555556,
    "below": -0.5618056603433014,
    "above": 10.47374975034444,
    "turn_on_times": 4,
    "turn_on_ratio": 0.4444444444444444
  },
  "8": {
    "validity_ratio": 0.8666666666666667,
    "below": -0.10124464388083343,
    "above": 0,
    "turn_on_times": 5,
    "turn_on_ratio": 0.8333333333333334
  },
  "9": {
    "validity_ratio": 0.8611111111111112,
    "below": 0,
    "above": 15.565903518185033,
    "turn_on_times": 1,
    "turn_on_ratio": 0.16666666666666666
  },
  "10": {
    "validity_ratio": 0.8666666666666667,
    "below": 0,
    "above": 0,
    "turn_on_times": 0,
    "turn_on_ratio": 0
  },
  "12": {
    "validity_ratio": 0.8625,
    "below": -0.6854122111356035,
    "above": 27.85674707306786,
    "turn_on_times": 0,
    "turn_on_ratio": 0.0
  },
  "13": {
    "validity_ratio": 0.8666666666666667,
    "below": -0.6022463234011122,
    "above": 24.888337962298646,
    "turn_on_times": 3,
    "turn_on_ratio": 0.3333333333333333
  }
}