{
  "1": {
    "validity_ratio": 0.9916666666666667,
    "below": -0.13003547801117296,
    "above": 41.63022470695186,
    "turn_on_times": 3,
    "turn_on_ratio": 0.6
  },
  "2": {
    "validity_ratio": 0.9923611111111111,
    "below": -1.9533901729351792,
    "above": 30.870242090688205,
    "turn_on_times": 2,
    "turn_on_ratio": 0.4
  },
  "3": {
    "validity_ratio": 0.9944444444444445,
    "below": -1.0497872167666402,
    "above": 6.576135732374365,
    "turn_on_times": 3,
    "turn_on_ratio": 0.6
  },
  "4": {
    "validity_ratio": 0.9923611111111111,
    "below": -0.017070128033333277,
    "above": 2.562243270129081,
    "turn_on_times": 1,
    "turn_on_ratio": 0.2
  },
  "5": {
    "validity_ratio": 0.9895833333333334,
    "below": 0,
    "above": 25.86189303917191,
    "turn_on_times": 0,
    "turn_on_ratio": 0.0
  },
  "6": {
    "validity_ratio": 0.9944444444444445,
    "below": -1.5199602703511663,
    "above": 40.33672620844547,
    "turn_on_times": 0,
    "turn_on_ratio": 0.0
  },
  "7": {
    "validity_ratio": 0.99375,
    "below": 0,
    "above": 62.51492181643378,
    "turn_on_times": 0,
    "turn_on_ratio": 0.0
  },
  "8": {
    "validity_ratio": 0.9916666666666667,
    "below": -0.1925316552685465,
    "above": 0,
    "turn_on_times": 6,
    "turn_on_ratio": 1.0
  },
  "9": {
    "validity_ratio": 0.9923611111111111,
    "below": 0,
    "above": 11.967576935462247,
    "turn_on_times": 0,
    "turn_on_ratio": 0.0
  },
  "10": {
    "validity_ratio": 0.9895833333333334,
    "below": 0,
    "above": 0,
    "turn_on_times": 0,
    "turn_on_ratio": 0
  },
  "12": {
    "validity_ratio": 0.9951388888888889,
    "below": 0,
    "above": 46.96235624298296,
    "turn_on_times": 1,
    "turn_on_ratio": 0.2
  },
  "13": {
    "validity_ratio": 0.9923611111111111,
    "below": 0,
    "above": 63.68076134244603,
    "turn_on_times": 0,
    "turn_on_ratio": 0.0
  }
}