{
  "1": {
    "validity_ratio": 0.8194444444444444,
    "below": -5.6973253652909825,
    "above": 6.8821363381171885,
    "turn_on_times": 2,
    "turn_on_ratio": 0.2857142857142857
  },
  "2": {
    "validity_ratio": 0.8236111111111111,
    "below": 0,
    "above": 4.633879757047219,
    "turn_on_times": 3,
    "turn_on_ratio": 0.42857142857142855
  },
  "3": {
    "validity_ratio": 0.8243055555555555,
    "below": -4.819571002916228,
    "above": 22.243084904322977,
    "turn_on_times": 0,
    "turn_on_ratio": 0.0
  },
  "4": {
    "validity_ratio": 0.8229166666666666,
    "below": -0.9067823755396814,
    "above": 8.683824130918465,
    "turn_on_times": 2,
    "turn_on_ratio": 1.0
  },
  "5": {
    "validity_ratio": 0.8194444444444444,
    "below": -8.265256218446861,
    "above": 47.25306458433533,
    "turn_on_times": 0,
    "turn_on_ratio": 0.0
  },
  "6": {
    "validity_ratio": 0.8194444444444444,
    "below": -0.34035700040007744,
    "above": 16.068793098062166,
    "turn_on_times": 0,
    "turn_on_ratio": 0.0
  },
  "7": {
    "validity_ratio": 0.825,
    "below": -5.6897886357155505,
    "above": 15.481348322529934,
    "turn_on_times": 2,
    "turn_on_ratio": 0.2857142857142857
  },
  "8": {
    "validity_ratio": 0.8229166666666666,
    "below": -0.028016000317871697,
    "above": 0.2997709008502846,
    "turn_on_times": 2,
    "turn_on_ratio": 0.5
  },
  "9": {
    "validity_ratio": 0.8229166666666666,
    "below": -0.08089824281668043,
    "above": 0.008461928210884413,
    "turn_on_times": 2,
    "turn_on_ratio": 0.5
  },
  "10": {
    "validity_ratio": 0.8201388888888889,
    "below": -2.1235532793845615,
    "above": 0,
    "turn_on_times": 1,
    "turn_on_ratio": 1.0
  },
  "12": {
    "validity_ratio": 0.8194444444444444,
    "below": 0,
    "above": 49.41010350777368,
    "turn_on_times": 0,
    "turn_on_ratio": 0.0
  },
  "13": {
    "validity_ratio": 0.8222222222222222,
    "below": 0,
    "above": 93.00740910437173,
    "turn_on_times": 0,
    "turn_on_ratio": 0.0
  }
}