{
  "1": {
    "validity_ratio": 0.44722222222222224,
    "below": -1.587648622183095,
    "above": 6.882116528682485,
    "turn_on_times": 2,
    "turn_on_ratio": 0.2857142857142857
  },
  "2": {
    "validity_ratio": 0.4486111111111111,
    "below": 0,
    "above": 2.6529653851939456,
    "turn_on_times": 3,
    "turn_on_ratio": 0.42857142857142855
  },
  "3": {
    "validity_ratio": 0.45069444444444445,
    "below": 0,
    "above": 12.232352179204257,
    "turn_on_times": 0,
    "turn_on_ratio": 0.0
  },
  "4": {
    "validity_ratio": 0.4479166666666667,
    "below": -0.9067887069126973,
    "above": 0,
    "turn_on_times": 2,
    "turn_on_ratio": 1.0
  },
  "5": {
    "validity_ratio": 0.4444444444444444,
    "below": 0,
    "above": 20.311675932016726,
    "turn_on_times": 0,
    "turn_on_ratio": 0.0
  },
  "6": {
    "validity_ratio": 0.4444444444444444,
    "below": -0.3403615495456997,
    "above": 5.845461180466669,
    "turn_on_times": 0,
    "turn_on_ratio": 0.0
  },
  "7": {
    "validity_ratio": 0.4486111111111111,
    "below": 0,
    "above": 10.765518684342187,
    "turn_on_times": 2,
    "turn_on_ratio": 0.2857142857142857
  },
  "8": {
    "validity_ratio": 0.4486111111111111,
    "below": 0,
    "above": 0,
    "turn_on_times": 0,
    "turn_on_ratio": 0
  },
  "9": {
    "validity_ratio": 0.4486111111111111,
    "below": 0,
    "above": 0,
    "turn_on_times": 0,
    "turn_on_ratio": 0
  },
  "10": {
    "validity_ratio": 0.44513888888888886,
    "below": 0,
    "above": 0,
    "turn_on_times": 0,
    "turn_on_ratio": 0
  },
  "12": {
    "validity_ratio": 0.45069444444444445,
    "below": 0,
    "above": 16.40415148406835,
    "turn_on_times": 0,
    "turn_on_ratio": 0.0
  },
  "13": {
    "validity_ratio": 0.44722222222222224,
    "below": 0,
    "above": 43.97563422187114,
    "turn_on_times": 0,
    "turn_on_ratio": 0.0
  }
}