{
  "1": {
    "validity_ratio": 0.2125,
    "below": -1.0274333233692414,
    "above": 4.235301651943331,
    "turn_on_times": 1,
    "turn_on_ratio": 1.0
  },
  "2": {
    "validity_ratio": 0.2125,
    "below": 0,
    "above": 2.653058103113203,
    "turn_on_times": 0,
    "turn_on_ratio": 0.0
  },
  "3": {
    "validity_ratio": 0.21388888888888888,
    "below": 0,
    "above": 0.33428329311475397,
    "turn_on_times": 0,
    "turn_on_ratio": 0.0
  },
  "4": {
    "validity_ratio": 0.20902777777777778,
    "below": 0,
    "above": 0,
    "turn_on_times": 1,
    "turn_on_ratio": 1.0
  },
  "5": {
    "validity_ratio": 0.21388888888888888,
    "below": 0,
    "above": 0.5432103513114752,
    "turn_on_times": 0,
    "turn_on_ratio": 0.0
  },
  "6": {
    "validity_ratio": 0.20833333333333334,
    "below": -0.34032175037079304,
    "above": 1.2429552972619389,
    "turn_on_times": 0,
    "turn_on_ratio": 0.0
  },
  "7": {
    "validity_ratio": 0.2111111111111111,
    "below": 0,
    "above": 10.070602479082483,
    "turn_on_times": 0,
    "turn_on_ratio": 0.0
  },
  "8": {
    "validity_ratio": 0.2125,
    "below": 0,
    "above": 0,
    "turn_on_times": 0,
    "turn_on_ratio": 0
  },
  "9": {
    "validity_ratio": 0.2125,
    "below": 0,
    "above": 0,
    "turn_on_times": 0,
    "turn_on_ratio": 0
  },
  "10": {
    "validity_ratio": 0.20902777777777778,
    "below": 0,
    "above": 0,
    "turn_on_times": 0,
    "turn_on_ratio": 0
  },
  "12": {
    "validity_ratio": 0.21388888888888888,
    "below": 0,
    "above": 0.35859136537987435,
    "turn_on_times": 0,
    "turn_on_ratio": 0.0
  },
  "13": {
    "validity_ratio": 0.2111111111111111,
    "below": 0,
    "above": 24.547605979928658,
    "turn_on_times": 0,
    "turn_on_ratio": 0.0
  }
}