{
  "1": {
    "validity_ratio": 0.68125,
    "below": -4.070864556015247,
    "above": 6.882228526298185,
    "turn_on_times": 2,
    "turn_on_ratio": 0.2857142857142857
  },
  "2": {
    "validity_ratio": 0.6847222222222222,
    "below": 0,
    "above": 4.019322896989398,
    "turn_on_times": 3,
    "turn_on_ratio": 0.42857142857142855
  },
  "3": {
    "validity_ratio": 0.6861111111111111,
    "below": -0.9101229701783701,
    "above": 22.24318973391105,
    "turn_on_times": 0,
    "turn_on_ratio": 0.0
  },
  "4": {
    "validity_ratio": 0.6840277777777778,
    "below": -0.9067529109047607,
    "above": 0,
    "turn_on_times": 2,
    "turn_on_ratio": 1.0
  },
  "5": {
    "validity_ratio": 0.6805555555555556,
    "below": -2.3986219909769693,
    "above": 40.63013138848671,
    "turn_on_times": 0,
    "turn_on_ratio": 0.0
  },
  "6": {
    "validity_ratio": 0.6805555555555556,
    "below": -0.3403358298080718,
    "above": 10.298967066867945,
    "turn_on_times": 0,
    "turn_on_ratio": 0.0
  },
  "7": {
    "validity_ratio": 0.6861111111111111,
    "below": -1.6668214838926971,
    "above": 10.765745266261344,
    "turn_on_times": 2,
    "turn_on_ratio": 0.2857142857142857
  },
  "8": {
    "validity_ratio": 0.6847222222222222,
    "below": -0.02800287772032745,
    "above": 0.2999195868106994,
    "turn_on_times": 2,
    "turn_on_ratio": 0.5
  },
  "9": {
    "validity_ratio": 0.6840277777777778,
    "below": -0.08087892777294936,
    "above": 0.008466137444444518,
    "turn_on_times": 2,
    "turn_on_ratio": 0.5
  },
  "10": {
    "validity_ratio": 0.68125,
    "below": -0.7050922562332848,
    "above": 0,
    "turn_on_times": 1,
    "turn_on_ratio": 1.0
  },
  "12": {
    "validity_ratio": 0.6805555555555556,
    "below": 0,
    "above": 35.31483566133648,
    "turn_on_times": 0,
    "turn_on_ratio": 0.0
  },
  "13": {
    "validity_ratio": 0.6833333333333333,
    "below": 0,
    "above": 74.88373467198102,
    "turn_on_times": 0,
    "turn_on_ratio": 0.0
  }
}