{
  "1": {
    "validity_ratio": 0.5229166666666667,
    "below": -1.7433045442817194,
    "above": 6.882309558885468,
    "turn_on_times": 2,
    "turn_on_ratio": 0.2857142857142857
  },
  "2": {
    "validity_ratio": 0.525,
    "below": 0,
    "above": 3.1328434778449186,
    "turn_on_times": 3,
    "turn_on_ratio": 0.42857142857142855
  },
  "3": {
    "validity_ratio": 0.5263888888888889,
    "below": 0,
    "above": 17.237862962146625,
    "turn_on_times": 0,
    "turn_on_ratio": 0.0
  },
  "4": {
    "validity_ratio": 0.5243055555555556,
    "below": -0.9067270117539672,
    "above": 0,
    "turn_on_times": 2,
    "turn_on_ratio": 1.0
  },
  "5": {
    "validity_ratio": 0.5208333333333334,
    "below": 0,
    "above": 27.829122613482824,
    "turn_on_times": 0,
    "turn_on_ratio": 0.0
  },
  "6": {
    "validity_ratio": 0.5208333333333334,
    "below": -0.34031722104688283,
    "above": 5.853448992926307,
    "turn_on_times": 0,
    "turn_on_ratio": 0.0
  },
  "7": {
    "validity_ratio": 0.525,
    "below": 0,
    "above": 10.76590920295791,
    "turn_on_times": 2,
    "turn_on_ratio": 0.2857142857142857
  },
  "8": {
    "validity_ratio": 0.525,
    "below": 0,
    "above": 0,
    "turn_on_times": 0,
    "turn_on_ratio": 0
  },
  "9": {
    "validity_ratio": 0.525,
    "below": 0,
    "above": 0,
    "turn_on_times": 0,
    "turn_on_ratio": 0
  },
  "10": {
    "validity_ratio": 0.5215277777777778,
    "below": 0,
    "above": 0,
    "turn_on_times": 0,
    "turn_on_ratio": 0
  },
  "12": {
    "validity_ratio": 0.5263888888888889,
    "below": 0,
    "above": 22.607768206815447,
    "turn_on_times": 0,
    "turn_on_ratio": 0.0
  },
  "13": {
    "validity_ratio": 0.5236111111111111,
    "below": 0,
    "above": 54.066802024505925,
    "turn_on_times": 0,
    "turn_on_ratio": 0.0
  }
}