{
  "1": {
    "validity_ratio": 0.9784722222222222,
    "below": -5.697391365666869,
    "above": 10.053068954446115,
    "turn_on_times": 2,
    "turn_on_ratio": 0.2857142857142857
  },
  "2": {
    "validity_ratio": 0.9770833333333333,
    "below": 0,
    "above": 4.633971143868855,
    "turn_on_times": 3,
    "turn_on_ratio": 0.42857142857142855
  },
  "3": {
    "validity_ratio": 0.9763888888888889,
    "below": -5.039495656397507,
    "above": 27.218643462819784,
    "turn_on_times": 0,
    "turn_on_ratio": 0.0
  },
  "4": {
    "validity_ratio": 0.9756944444444444,
    "below": -0.9067268296428559,
    "above": 15.063425516958368,
    "turn_on_times": 2,
    "turn_on_ratio": 1.0
  },
  "5": {
    "validity_ratio": 0.9798611111111111,
    "below": -12.01631914851728,
    "above": 47.267305812893554,
    "turn_on_times": 0,
    "turn_on_ratio": 0.0
  },
  "6": {
    "validity_ratio": 0.9798611111111111,
    "below": -0.3403170901984932,
    "above": 16.076838993218512,
    "turn_on_times": 0,
    "turn_on_ratio": 0.0
  },
  "7": {
    "validity_ratio": 0.9791666666666666,
    "below": -8.560153608581743,
    "above": 21.879063154405404,
    "turn_on_times": 2,
    "turn_on_ratio": 0.2857142857142857
  },
  "8": {
    "validity_ratio": 0.9756944444444444,
    "below": -0.02799126196794012,
    "above": 0.3000511994196937,
    "turn_on_times": 2,
    "turn_on_ratio": 0.5
  },
  "9": {
    "validity_ratio": 0.9756944444444444,
    "below": -0.08086183064224996,
    "above": 0.00846986333900226,
    "turn_on_times": 2,
    "turn_on_ratio": 0.5
  },
  "10": {
    "validity_ratio": 0.9798611111111111,
    "below": -2.1232356158297483,
    "above": 0,
    "turn_on_times": 2,
    "turn_on_ratio": 1.0
  },
  "12": {
    "validity_ratio": 0.9791666666666666,
    "below": 0,
    "above": 56.53512949369492,
    "turn_on_times": 0,
    "turn_on_ratio": 0.0
  },
  "13": {
    "validity_ratio": 0.98125,
    "below": 0,
    "above": 113.92440526986495,
    "turn_on_times": 0,
    "turn_on_ratio": 0.0
  }
}