{
  "1": {
    "validity_ratio": 0.48125,
    "below": -1.7432893311852034,
    "above": 6.882271073575816,
    "turn_on_times": 2,
    "turn_on_ratio": 0.2857142857142857
  },
  "2": {
    "validity_ratio": 0.47638888888888886,
    "below": 0,
    "above": 2.6530480654902013,
    "turn_on_times": 3,
    "turn_on_ratio": 0.42857142857142855
  },
  "3": {
    "validity_ratio": 0.4777777777777778,
    "below": 0,
    "above": 13.971090938802465,
    "turn_on_times": 0,
    "turn_on_ratio": 0.0
  },
  "4": {
    "validity_ratio": 0.4756944444444444,
    "below": -0.906739312198412,
    "above": 0,
    "turn_on_times": 2,
    "turn_on_ratio": 1.0
  },
  "5": {
    "validity_ratio": 0.4791666666666667,
    "below": 0,
    "above": 23.72896709838394,
    "turn_on_times": 0,
    "turn_on_ratio": 0.0
  },
  "6": {
    "validity_ratio": 0.4791666666666667,
    "below": -0.3403260590213404,
    "above": 5.853517367936185,
    "turn_on_times": 0,
    "turn_on_ratio": 0.0
  },
  "7": {
    "validity_ratio": 0.47638888888888886,
    "below": 0,
    "above": 10.765831343485047,
    "turn_on_times": 2,
    "turn_on_ratio": 0.2857142857142857
  },
  "8": {
    "validity_ratio": 0.47638888888888886,
    "below": 0,
    "above": 0,
    "turn_on_times": 0,
    "turn_on_ratio": 0
  },
  "9": {
    "validity_ratio": 0.47638888888888886,
    "below": 0,
    "above": 0,
    "turn_on_times": 0,
    "turn_on_ratio": 0
  },
  "10": {
    "validity_ratio": 0.4798611111111111,
    "below": 0,
    "above": 0,
    "turn_on_times": 0,
    "turn_on_ratio": 0
  },
  "12": {
    "validity_ratio": 0.47847222222222224,
    "below": 0,
    "above": 18.67981440031239,
    "turn_on_times": 0,
    "turn_on_ratio": 0.0
  },
  "13": {
    "validity_ratio": 0.48125,
    "below": 0,
    "above": 48.44932818144741,
    "turn_on_times": 0,
    "turn_on_ratio": 0.0
  }
}