{
  "1": {
    "validity_ratio": 0.7708333333333334,
    "below": -5.206026557573098,
    "above": 6.882335378372041,
    "turn_on_times": 2,
    "turn_on_ratio": 0.2857142857142857
  },
  "2": {
    "validity_ratio": 0.7680555555555556,
    "below": 0,
    "above": 4.515290917138049,
    "turn_on_times": 3,
    "turn_on_ratio": 0.42857142857142855
  },
  "3": {
    "validity_ratio": 0.76875,
    "below": -3.338206364063681,
    "above": 22.243311238571284,
    "turn_on_times": 0,
    "turn_on_ratio": 0.0
  },
  "4": {
    "validity_ratio": 0.7673611111111112,
    "below": -0.9067187594841257,
    "above": 2.166666666666666,
    "turn_on_times": 2,
    "turn_on_ratio": 1.0
  },
  "5": {
    "validity_ratio": 0.7708333333333334,
    "below": -5.016517968717939,
    "above": 47.25369626867925,
    "turn_on_times": 0,
    "turn_on_ratio": 0.0
  },
  "6": {
    "validity_ratio": 0.7708333333333334,
    "below": -0.34031129172047503,
    "above": 15.1782035397125,
    "turn_on_times": 0,
    "turn_on_ratio": 0.0
  },
  "7": {
    "validity_ratio": 0.7701388888888889,
    "below": -5.305178891942421,
    "above": 12.162024116736008,
    "turn_on_times": 2,
    "turn_on_ratio": 0.2857142857142857
  },
  "8": {
    "validity_ratio": 0.7673611111111112,
    "below": -0.027987667779672758,
    "above": 0.3000919234709068,
    "turn_on_times": 2,
    "turn_on_ratio": 0.5
  },
  "9": {
    "validity_ratio": 0.7673611111111112,
    "below": -0.08085654038600866,
    "above": 0.008471016218820833,
    "turn_on_times": 2,
    "turn_on_ratio": 0.5
  },
  "10": {
    "validity_ratio": 0.7645833333333333,
    "below": -2.1231894630901804,
    "above": 0,
    "turn_on_times": 1,
    "turn_on_ratio": 1.0
  },
  "12": {
    "validity_ratio": 0.7708333333333334,
    "below": 0,
    "above": 44.35677498626687,
    "turn_on_times": 0,
    "turn_on_ratio": 0.0
  },
  "13": {
    "validity_ratio": 0.7729166666666667,
    "below": 0,
    "above": 86.58746341362186,
    "turn_on_times": 0,
    "turn_on_ratio": 0.0
  }
}