{
  "1": {
    "validity_ratio": 0.3159722222222222,
    "below": -1.027405382601852,
    "above": 6.5872807167641305,
    "turn_on_times": 1,
    "turn_on_ratio": 0.5
  },
  "2": {
    "validity_ratio": 0.31666666666666665,
    "below": 0,
    "above": 2.6530272984579253,
    "turn_on_times": 1,
    "turn_on_ratio": 0.5
  },
  "3": {
    "validity_ratio": 0.31805555555555554,
    "below": 0,
    "above": 4.528249194830533,
    "turn_on_times": 0,
    "turn_on_ratio": 0.0
  },
  "4": {
    "validity_ratio": 0.3159722222222222,
    "below": -0.36178573158333377,
    "above": 0,
    "turn_on_times": 2,
    "turn_on_ratio": 1.0
  },
  "5": {
    "validity_ratio": 0.31805555555555554,
    "below": 0,
    "above": 8.063950262100759,
    "turn_on_times": 0,
    "turn_on_ratio": 0.0
  },
  "6": {
    "validity_ratio": 0.3125,
    "below": -0.3403349732717526,
    "above": 3.89708094428777,
    "turn_on_times": 0,
    "turn_on_ratio": 0.0
  },
  "7": {
    "validity_ratio": 0.3159722222222222,
    "below": 0,
    "above": 10.765752812047609,
    "turn_on_times": 0,
    "turn_on_ratio": 0.0
  },
  "8": {
    "validity_ratio": 0.31666666666666665,
    "below": 0,
    "above": 0,
    "turn_on_times": 0,
    "turn_on_ratio": 0
  },
  "9": {
    "validity_ratio": 0.31666666666666665,
    "below": 0,
    "above": 0,
    "turn_on_times": 0,
    "turn_on_ratio": 0
  },
  "10": {
    "validity_ratio": 0.31319444444444444,
    "below": 0,
    "above": 0,
    "turn_on_times": 0,
    "turn_on_ratio": 0
  },
  "12": {
    "validity_ratio": 0.31805555555555554,
    "below": 0,
    "above": 6.0553515381765415,
    "turn_on_times": 0,
    "turn_on_ratio": 0.0
  },
  "13": {
    "validity_ratio": 0.31527777777777777,
    "below": 0,
    "above": 29.136463213787824,
    "turn_on_times": 0,
    "turn_on_ratio": 0.0
  }
}