{
  "1": {
    "validity_ratio": 0.6270833333333333,
    "below": -2.3319173192963727,
    "above": 6.882139067674446,
    "turn_on_times": 2,
    "turn_on_ratio": 0.2857142857142857
  },
  "2": {
    "validity_ratio": 0.6222222222222222,
    "below": 0,
    "above": 4.019275400779857,
    "turn_on_times": 3,
    "turn_on_ratio": 0.42857142857142855
  },
  "3": {
    "validity_ratio": 0.6236111111111111,
    "below": 0,
    "above": 22.22308800816949,
    "turn_on_times": 0,
    "turn_on_ratio": 0.0
  },
  "4": {
    "validity_ratio": 0.6215277777777778,
    "below": -0.9067815031349195,
    "above": 0,
    "turn_on_times": 2,
    "turn_on_ratio": 1.0
  },
  "5": {
    "validity_ratio": 0.6256944444444444,
    "below": 0,
    "above": 37.994915954624794,
    "turn_on_times": 0,
    "turn_on_ratio": 0.0
  },
  "6": {
    "validity_ratio": 0.625,
    "below": -0.34035637356980025,
    "above": 5.881695366038755,
    "turn_on_times": 0,
    "turn_on_ratio": 0.0
  },
  "7": {
    "validity_ratio": 0.6222222222222222,
    "below": 0,
    "above": 10.76556428288482,
    "turn_on_times": 2,
    "turn_on_ratio": 0.2857142857142857
  },
  "8": {
    "validity_ratio": 0.6222222222222222,
    "below": 0,
    "above": 0,
    "turn_on_times": 0,
    "turn_on_ratio": 0
  },
  "9": {
    "validity_ratio": 0.6222222222222222,
    "below": 0,
    "above": 0,
    "turn_on_times": 0,
    "turn_on_ratio": 0
  },
  "10": {
    "validity_ratio": 0.6256944444444444,
    "below": 0,
    "above": 0,
    "turn_on_times": 0,
    "turn_on_ratio": 0
  },
  "12": {
    "validity_ratio": 0.625,
    "below": 0,
    "above": 30.68528812414307,
    "turn_on_times": 0,
    "turn_on_ratio": 0.0
  },
  "13": {
    "validity_ratio": 0.6270833333333333,
    "below": 0,
    "above": 67.58840219324271,
    "turn_on_times": 0,
    "turn_on_ratio": 0.0
  }
}