{
  "1": {
    "validity_ratio": 0.2965277777777778,
    "below": 0,
    "above": 22.46769900567986,
    "turn_on_times": 0,
    "turn_on_ratio": 0.0
  },
  "2": {
    "validity_ratio": 0.2965277777777778,
    "below": -1.6907239880904907,
    "above": 0,
    "turn_on_times": 3,
    "turn_on_ratio": 0.75
  },
  "3": {
    "validity_ratio": 0.2951388888888889,
    "below": 0,
    "above": 1.5443389234153038,
    "turn_on_times": 0,
    "turn_on_ratio": 0.0
  },
  "4": {
    "validity_ratio": 0.2951388888888889,
    "below": -0.05833333333333328,
    "above": 0,
    "turn_on_times": 1,
    "turn_on_ratio": 1.0
  },
  "5": {
    "validity_ratio": 0.29305555555555557,
    "below": 0,
    "above": 1.6356569392067428,
    "turn_on_times": 0,
    "turn_on_ratio": 0.0
  },
  "6": {
    "validity_ratio": 0.2923611111111111,
    "below": 0,
    "above": 9.997579329908326,
    "turn_on_times": 1,
    "turn_on_ratio": 0.25
  },
  "7": {
    "validity_ratio": 0.29305555555555557,
    "below": 0,
    "above": 4.690609532970999,
    "turn_on_times": 0,
    "turn_on_ratio": 0.0
  },
  "8": {
    "validity_ratio": 0.2951388888888889,
    "below": 0,
    "above": 0,
    "turn_on_times": 0,
    "turn_on_ratio": 0
  },
  "9": {
    "validity_ratio": 0.2951388888888889,
    "below": 0,
    "above": 0,
    "turn_on_times": 0,
    "turn_on_ratio": 0
  },
  "10": {
    "validity_ratio": 0.2923611111111111,
    "below": 0,
    "above": 0,
    "turn_on_times": 0,
    "turn_on_ratio": 0
  },
  "12": {
    "validity_ratio": 0.2916666666666667,
    "below": 0,
    "above": 1.1985260611232078,
    "turn_on_times": 0,
    "turn_on_ratio": 0.0
  },
  "13": {
    "validity_ratio": 0.29444444444444445,
    "below": 0,
    "above": 22.64993480357848,
    "turn_on_times": 0,
    "turn_on_ratio": 0.0
  }
}