{
  "1": {
    "validity_ratio": 0.6631944444444444,
    "below": 0,
    "above": 54.164706242428345,
    "turn_on_times": 0,
    "turn_on_ratio": 0.0
  },
  "2": {
    "validity_ratio": 0.6645833333333333,
    "below": -7.476891250975522,
    "above": 0,
    "turn_on_times": 3,
    "turn_on_ratio": 0.75
  },
  "3": {
    "validity_ratio": 0.6611111111111111,
    "below": -6.393840554447581,
    "above": 5.619052437303797,
    "turn_on_times": 0,
    "turn_on_ratio": 0.0
  },
  "4": {
    "validity_ratio": 0.6631944444444444,
    "below": -6.316081441499345,
    "above": 0,
    "turn_on_times": 2,
    "turn_on_ratio": 0.5
  },
  "5": {
    "validity_ratio": 0.6618055555555555,
    "below": -10.598920031674611,
    "above": 7.998771778056452,
    "turn_on_times": 1,
    "turn_on_ratio": 0.25
  },
  "6": {
    "validity_ratio": 0.6604166666666667,
    "below": -0.14831036357111083,
    "above": 17.395209746473814,
    "turn_on_times": 1,
    "turn_on_ratio": 0.25
  },
  "7": {
    "validity_ratio": 0.6597222222222222,
    "below": -6.38228464433384,
    "above": 4.69058950955053,
    "turn_on_times": 0,
    "turn_on_ratio": 0.0
  },
  "8": {
    "validity_ratio": 0.6597222222222222,
    "below": 0,
    "above": 0,
    "turn_on_times": 3,
    "turn_on_ratio": 0.75
  },
  "9": {
    "validity_ratio": 0.6659722222222222,
    "below": 0,
    "above": 2.3236822137400934,
    "turn_on_times": 1,
    "turn_on_ratio": 0.25
  },
  "10": {
    "validity_ratio": 0.6659722222222222,
    "below": 0,
    "above": 0,
    "turn_on_times": 0,
    "turn_on_ratio": 0
  },
  "12": {
    "validity_ratio": 0.6659722222222222,
    "below": -2.1449743209392333,
    "above": 6.634882315184535,
    "turn_on_times": 1,
    "turn_on_ratio": 0.25
  },
  "13": {
    "validity_ratio": 0.6631944444444444,
    "below": -0.017248313584444536,
    "above": 25.946884901157507,
    "turn_on_times": 0,
    "turn_on_ratio": 0.0
  }
}