{
  "1": {
    "validity_ratio": 0.26875,
    "below": 0,
    "above": 20.067764125081766,
    "turn_on_times": 0,
    "turn_on_ratio": 0.0
  },
  "2": {
    "validity_ratio": 0.26875,
    "below": -1.3809810514307181,
    "above": 0,
    "turn_on_times": 3,
    "turn_on_ratio": 0.75
  },
  "3": {
    "validity_ratio": 0.2673611111111111,
    "below": 0,
    "above": 1.2602094114754117,
    "turn_on_times": 0,
    "turn_on_ratio": 0
  },
  "4": {
    "validity_ratio": 0.2673611111111111,
    "below": 0,
    "above": 0,
    "turn_on_times": 0,
    "turn_on_ratio": 0
  },
  "5": {
    "validity_ratio": 0.2652777777777778,
    "below": 0,
    "above": 1.2952443133879799,
    "turn_on_times": 0,
    "turn_on_ratio": 0
  },
  "6": {
    "validity_ratio": 0.26458333333333334,
    "below": 0,
    "above": 8.90572409293977,
    "turn_on_times": 1,
    "turn_on_ratio": 0.25
  },
  "7": {
    "validity_ratio": 0.2652777777777778,
    "below": 0,
    "above": 4.682469763663524,
    "turn_on_times": 0,
    "turn_on_ratio": 0.0
  },
  "8": {
    "validity_ratio": 0.2673611111111111,
    "below": 0,
    "above": 0,
    "turn_on_times": 0,
    "turn_on_ratio": 0
  },
  "9": {
    "validity_ratio": 0.2673611111111111,
    "below": 0,
    "above": 0,
    "turn_on_times": 0,
    "turn_on_ratio": 0
  },
  "10": {
    "validity_ratio": 0.26458333333333334,
    "below": 0,
    "above": 0,
    "turn_on_times": 0,
    "turn_on_ratio": 0
  },
  "12": {
    "validity_ratio": 0.2638888888888889,
    "below": 0,
    "above": 0.9295747409043729,
    "turn_on_times": 0,
    "turn_on_ratio": 0
  },
  "13": {
    "validity_ratio": 0.26666666666666666,
    "below": 0,
    "above": 21.787108716567246,
    "turn_on_times": 0,
    "turn_on_ratio": 0.0
  }
}