{
  "1": {
    "validity_ratio": 0.8423611111111111,
    "below": 0,
    "above": 67.99509415224819,
    "turn_on_times": 0,
    "turn_on_ratio": 0.0
  },
  "2": {
    "validity_ratio": 0.8381944444444445,
    "below": -7.476879766801927,
    "above": 9.598878256477468,
    "turn_on_times": 3,
    "turn_on_ratio": 0.75
  },
  "3": {
    "validity_ratio": 0.8416666666666667,
    "below": -7.773517471402022,
    "above": 5.619278581476498,
    "turn_on_times": 0,
    "turn_on_ratio": 0.0
  },
  "4": {
    "validity_ratio": 0.8368055555555556,
    "below": -6.542028125996923,
    "above": 0.6892233080057882,
    "turn_on_times": 2,
    "turn_on_ratio": 0.5
  },
  "5": {
    "validity_ratio": 0.8423611111111111,
    "below": -11.003754266295145,
    "above": 10.66334273061397,
    "turn_on_times": 1,
    "turn_on_ratio": 0.25
  },
  "6": {
    "validity_ratio": 0.8409722222222222,
    "below": -0.24194738804433957,
    "above": 17.395042153514957,
    "turn_on_times": 1,
    "turn_on_ratio": 0.25
  },
  "7": {
    "validity_ratio": 0.8402777777777778,
    "below": -6.599631013970024,
    "above": 8.943536798162283,
    "turn_on_times": 0,
    "turn_on_ratio": 0.0
  },
  "8": {
    "validity_ratio": 0.8402777777777778,
    "below": 0,
    "above": 0,
    "turn_on_times": 3,
    "turn_on_ratio": 0.75
  },
  "9": {
    "validity_ratio": 0.8395833333333333,
    "below": 0,
    "above": 2.3236849850772336,
    "turn_on_times": 1,
    "turn_on_ratio": 0.25
  },
  "10": {
    "validity_ratio": 0.8395833333333333,
    "below": -2.2927851342174232,
    "above": 0,
    "turn_on_times": 1,
    "turn_on_ratio": 1.0
  },
  "12": {
    "validity_ratio": 0.8395833333333333,
    "below": -2.145001145439082,
    "above": 15.316918264637177,
    "turn_on_times": 1,
    "turn_on_ratio": 0.25
  },
  "13": {
    "validity_ratio": 0.8388888888888889,
    "below": -0.017245682090555606,
    "above": 35.426060416318805,
    "turn_on_times": 0,
    "turn_on_ratio": 0.0
  }
}