{
  "1": {
    "validity_ratio": 0.7465277777777778,
    "below": 0,
    "above": 60.71453351172485,
    "turn_on_times": 0,
    "turn_on_ratio": 0.0
  },
  "2": {
    "validity_ratio": 0.7479166666666667,
    "below": -7.476892488096428,
    "above": 0.590868376453254,
    "turn_on_times": 3,
    "turn_on_ratio": 0.75
  },
  "3": {
    "validity_ratio": 0.7444444444444445,
    "below": -7.773419278861504,
    "above": 5.619028076153035,
    "turn_on_times": 0,
    "turn_on_ratio": 0.0
  },
  "4": {
    "validity_ratio": 0.7465277777777778,
    "below": -6.541972083843286,
    "above": 0.5996628846333343,
    "turn_on_times": 2,
    "turn_on_ratio": 0.5
  },
  "5": {
    "validity_ratio": 0.7451388888888889,
    "below": -11.00365932277389,
    "above": 7.998750189101541,
    "turn_on_times": 1,
    "turn_on_ratio": 0.25
  },
  "6": {
    "validity_ratio": 0.74375,
    "below": -0.24196145509416034,
    "above": 17.395227723387936,
    "turn_on_times": 1,
    "turn_on_ratio": 0.25
  },
  "7": {
    "validity_ratio": 0.7430555555555556,
    "below": -6.599566137600433,
    "above": 4.70098417988222,
    "turn_on_times": 0,
    "turn_on_ratio": 0.0
  },
  "8": {
    "validity_ratio": 0.7430555555555556,
    "below": 0,
    "above": 0,
    "turn_on_times": 3,
    "turn_on_ratio": 0.75
  },
  "9": {
    "validity_ratio": 0.7493055555555556,
    "below": 0,
    "above": 2.3236819126134685,
    "turn_on_times": 1,
    "turn_on_ratio": 0.25
  },
  "10": {
    "validity_ratio": 0.7493055555555556,
    "below": 0,
    "above": 0,
    "turn_on_times": 0,
    "turn_on_ratio": 0
  },
  "12": {
    "validity_ratio": 0.7493055555555556,
    "below": -2.1449714311332784,
    "above": 8.92277585281278,
    "turn_on_times": 1,
    "turn_on_ratio": 0.25
  },
  "13": {
    "validity_ratio": 0.7451388888888889,
    "below": -0.017248597059444454,
    "above": 30.682117311805335,
    "turn_on_times": 0,
    "turn_on_ratio": 0.0
  }
}