{
  "1": {
    "validity_ratio": 0.525,
    "below": 0,
    "above": 42.224519406871764,
    "turn_on_times": 0,
    "turn_on_ratio": 0.0
  },
  "2": {
    "validity_ratio": 0.5256944444444445,
    "below": -6.9595886120009895,
    "above": 0,
    "turn_on_times": 3,
    "turn_on_ratio": 0.75
  },
  "3": {
    "validity_ratio": 0.5298611111111111,
    "below": -3.5552174932898195,
    "above": 5.619302837210517,
    "turn_on_times": 0,
    "turn_on_ratio": 0.0
  },
  "4": {
    "validity_ratio": 0.5243055555555556,
    "below": -3.7827236998480283,
    "above": 0,
    "turn_on_times": 2,
    "turn_on_ratio": 0.5
  },
  "5": {
    "validity_ratio": 0.5298611111111111,
    "below": -5.882534448773943,
    "above": 7.998993683513652,
    "turn_on_times": 1,
    "turn_on_ratio": 0.25
  },
  "6": {
    "validity_ratio": 0.5284722222222222,
    "below": 0,
    "above": 17.072097486842033,
    "turn_on_times": 1,
    "turn_on_ratio": 0.25
  },
  "7": {
    "validity_ratio": 0.5298611111111111,
    "below": -1.1516908457229995,
    "above": 4.69045181701375,
    "turn_on_times": 0,
    "turn_on_ratio": 0.0
  },
  "8": {
    "validity_ratio": 0.5277777777777778,
    "below": 0,
    "above": 0,
    "turn_on_times": 2,
    "turn_on_ratio": 1.0
  },
  "9": {
    "validity_ratio": 0.5284722222222222,
    "below": 0,
    "above": 2.323685279749979,
    "turn_on_times": 0,
    "turn_on_ratio": 0.0
  },
  "10": {
    "validity_ratio": 0.5270833333333333,
    "below": 0,
    "above": 0,
    "turn_on_times": 0,
    "turn_on_ratio": 0
  },
  "12": {
    "validity_ratio": 0.5256944444444445,
    "below": -2.145004022413584,
    "above": 4.597002949926919,
    "turn_on_times": 1,
    "turn_on_ratio": 0.25
  },
  "13": {
    "validity_ratio": 0.5298611111111111,
    "below": -0.01724539984222228,
    "above": 25.946603220851312,
    "turn_on_times": 0,
    "turn_on_ratio": 0.0
  }
}