{
  "1": {
    "validity_ratio": 0.3590277777777778,
    "below": 0,
    "above": 27.86762530788602,
    "turn_on_times": 0,
    "turn_on_ratio": 0.0
  },
  "2": {
    "validity_ratio": 0.3590277777777778,
    "below": -3.286051062038094,
    "above": 0,
    "turn_on_times": 3,
    "turn_on_ratio": 0.75
  },
  "3": {
    "validity_ratio": 0.3576388888888889,
    "below": 0,
    "above": 4.812814646039599,
    "turn_on_times": 0,
    "turn_on_ratio": 0.0
  },
  "4": {
    "validity_ratio": 0.3576388888888889,
    "below": -0.611167472555556,
    "above": 0,
    "turn_on_times": 1,
    "turn_on_ratio": 1.0
  },
  "5": {
    "validity_ratio": 0.35555555555555557,
    "below": 0,
    "above": 7.186222859143433,
    "turn_on_times": 0,
    "turn_on_ratio": 0.0
  },
  "6": {
    "validity_ratio": 0.3548611111111111,
    "below": 0,
    "above": 12.223232891144946,
    "turn_on_times": 1,
    "turn_on_ratio": 0.25
  },
  "7": {
    "validity_ratio": 0.35555555555555557,
    "below": 0,
    "above": 4.69043730099706,
    "turn_on_times": 0,
    "turn_on_ratio": 0.0
  },
  "8": {
    "validity_ratio": 0.3597222222222222,
    "below": 0,
    "above": 0,
    "turn_on_times": 1,
    "turn_on_ratio": 1.0
  },
  "9": {
    "validity_ratio": 0.3597222222222222,
    "below": 0,
    "above": 1.5821911111687237,
    "turn_on_times": 0,
    "turn_on_ratio": 0.0
  },
  "10": {
    "validity_ratio": 0.3597222222222222,
    "below": 0,
    "above": 0,
    "turn_on_times": 0,
    "turn_on_ratio": 0
  },
  "12": {
    "validity_ratio": 0.3541666666666667,
    "below": 0,
    "above": 4.172198882200377,
    "turn_on_times": 0,
    "turn_on_ratio": 0.0
  },
  "13": {
    "validity_ratio": 0.35694444444444445,
    "below": 0,
    "above": 23.843456063007775,
    "turn_on_times": 0,
    "turn_on_ratio": 0.0
  }
}