{
  "1": {
    "validity_ratio": 0.9881944444444445,
    "below": 0,
    "above": 74.50516225726217,
    "turn_on_times": 0,
    "turn_on_ratio": 0.0
  },
  "2": {
    "validity_ratio": 0.9909722222222223,
    "below": -7.4768808127643664,
    "above": 16.829545187014897,
    "turn_on_times": 3,
    "turn_on_ratio": 0.75
  },
  "3": {
    "validity_ratio": 0.9868055555555556,
    "below": -7.773509369184773,
    "above": 7.477448366185466,
    "turn_on_times": 0,
    "turn_on_ratio": 0.0
  },
  "4": {
    "validity_ratio": 0.9888888888888889,
    "below": -6.542023518133459,
    "above": 0.6892238217470916,
    "turn_on_times": 3,
    "turn_on_ratio": 0.6
  },
  "5": {
    "validity_ratio": 0.9881944444444445,
    "below": -11.003746429672614,
    "above": 12.877049608780556,
    "turn_on_times": 1,
    "turn_on_ratio": 0.2
  },
  "6": {
    "validity_ratio": 0.9868055555555556,
    "below": -1.295748488029294,
    "above": 17.406488514707295,
    "turn_on_times": 1,
    "turn_on_ratio": 0.25
  },
  "7": {
    "validity_ratio": 0.9868055555555556,
    "below": -6.599625679745095,
    "above": 14.814234141518112,
    "turn_on_times": 0,
    "turn_on_ratio": 0.0
  },
  "8": {
    "validity_ratio": 0.9902777777777778,
    "below": 0,
    "above": 0,
    "turn_on_times": 4,
    "turn_on_ratio": 0.6666666666666666
  },
  "9": {
    "validity_ratio": 0.9909722222222223,
    "below": 0,
    "above": 2.3236847344625535,
    "turn_on_times": 2,
    "turn_on_ratio": 0.3333333333333333
  },
  "10": {
    "validity_ratio": 0.9916666666666667,
    "below": -2.292769743948297,
    "above": 0.04192659263012685,
    "turn_on_times": 2,
    "turn_on_ratio": 1.0
  },
  "12": {
    "validity_ratio": 0.9854166666666667,
    "below": -2.144998702414992,
    "above": 17.643823108697365,
    "turn_on_times": 1,
    "turn_on_ratio": 0.2
  },
  "13": {
    "validity_ratio": 0.9916666666666667,
    "below": -0.01724592176333347,
    "above": 43.19458509091175,
    "turn_on_times": 0,
    "turn_on_ratio": 0.0
  }
}