{
  "1": {
    "validity_ratio": 0.8222222222222222,
    "below": 0,
    "above": 66.52799189882352,
    "turn_on_times": 0,
    "turn_on_ratio": 0.0
  },
  "2": {
    "validity_ratio": 0.8243055555555555,
    "below": -7.476911328190388,
    "above": 8.391328165019921,
    "turn_on_times": 3,
    "turn_on_ratio": 0.75
  },
  "3": {
    "validity_ratio": 0.8208333333333333,
    "below": -7.773275253805765,
    "above": 5.618657080588885,
    "turn_on_times": 0,
    "turn_on_ratio": 0.0
  },
  "4": {
    "validity_ratio": 0.8229166666666666,
    "below": -6.541889086044614,
    "above": 0.6892387807261996,
    "turn_on_times": 2,
    "turn_on_ratio": 0.5
  },
  "5": {
    "validity_ratio": 0.8215277777777777,
    "below": -11.00352018466601,
    "above": 10.28116981229445,
    "turn_on_times": 1,
    "turn_on_ratio": 0.25
  },
  "6": {
    "validity_ratio": 0.8201388888888889,
    "below": -0.24198228823659412,
    "above": 17.39549964602948,
    "turn_on_times": 1,
    "turn_on_ratio": 0.25
  },
  "7": {
    "validity_ratio": 0.8194444444444444,
    "below": -6.599470056427381,
    "above": 6.8798845597422815,
    "turn_on_times": 0,
    "turn_on_ratio": 0.0
  },
  "8": {
    "validity_ratio": 0.8194444444444444,
    "below": 0,
    "above": 0,
    "turn_on_times": 3,
    "turn_on_ratio": 0.75
  },
  "9": {
    "validity_ratio": 0.8256944444444444,
    "below": 0,
    "above": 2.3236772645786803,
    "turn_on_times": 1,
    "turn_on_ratio": 0.25
  },
  "10": {
    "validity_ratio": 0.8256944444444444,
    "below": -2.2923246085926996,
    "above": 0,
    "turn_on_times": 1,
    "turn_on_ratio": 1.0
  },
  "12": {
    "validity_ratio": 0.8256944444444444,
    "below": -2.1449274183839244,
    "above": 15.325854517716706,
    "turn_on_times": 1,
    "turn_on_ratio": 0.25
  },
  "13": {
    "validity_ratio": 0.825,
    "below": -0.017252914095555558,
    "above": 35.089894712672375,
    "turn_on_times": 0,
    "turn_on_ratio": 0.0
  }
}