{
  "1": {
    "validity_ratio": 0.4486111111111111,
    "below": 0,
    "above": 35.60765290260466,
    "turn_on_times": 0,
    "turn_on_ratio": 0.0
  },
  "2": {
    "validity_ratio": 0.44930555555555557,
    "below": -5.4668647753850275,
    "above": 0,
    "turn_on_times": 3,
    "turn_on_ratio": 0.75
  },
  "3": {
    "validity_ratio": 0.4479166666666667,
    "below": -0.6414090197489363,
    "above": 5.619211958094074,
    "turn_on_times": 0,
    "turn_on_ratio": 0.0
  },
  "4": {
    "validity_ratio": 0.4479166666666667,
    "below": -1.7622094721407553,
    "above": 0,
    "turn_on_times": 2,
    "turn_on_ratio": 0.5
  },
  "5": {
    "validity_ratio": 0.44583333333333336,
    "below": -1.4866364153605718,
    "above": 7.9989131460559975,
    "turn_on_times": 1,
    "turn_on_ratio": 0.25
  },
  "6": {
    "validity_ratio": 0.44513888888888886,
    "below": 0,
    "above": 15.047824262643205,
    "turn_on_times": 1,
    "turn_on_ratio": 0.25
  },
  "7": {
    "validity_ratio": 0.4465277777777778,
    "below": 0,
    "above": 4.690501791670356,
    "turn_on_times": 0,
    "turn_on_ratio": 0.0
  },
  "8": {
    "validity_ratio": 0.45,
    "below": 0,
    "above": 0,
    "turn_on_times": 1,
    "turn_on_ratio": 1.0
  },
  "9": {
    "validity_ratio": 0.45,
    "below": 0,
    "above": 1.5821902607734852,
    "turn_on_times": 0,
    "turn_on_ratio": 0.0
  },
  "10": {
    "validity_ratio": 0.45,
    "below": 0,
    "above": 0,
    "turn_on_times": 0,
    "turn_on_ratio": 0
  },
  "12": {
    "validity_ratio": 0.45,
    "below": -1.9353414464334695,
    "above": 4.172117732788509,
    "turn_on_times": 1,
    "turn_on_ratio": 0.25
  },
  "13": {
    "validity_ratio": 0.44722222222222224,
    "below": 0,
    "above": 25.462236212553837,
    "turn_on_times": 0,
    "turn_on_ratio": 0.0
  }
}