{
  "1": {
    "validity_ratio": 0.79375,
    "below": 0,
    "above": 64.34110530031766,
    "turn_on_times": 0,
    "turn_on_ratio": 0.0
  },
  "2": {
    "validity_ratio": 0.7895833333333333,
    "below": -7.4768781941499585,
    "above": 5.128100828470061,
    "turn_on_times": 3,
    "turn_on_ratio": 0.75
  },
  "3": {
    "validity_ratio": 0.7930555555555555,
    "below": -7.773529663128202,
    "above": 5.61930954984133,
    "turn_on_times": 0,
    "turn_on_ratio": 0.0
  },
  "4": {
    "validity_ratio": 0.7881944444444444,
    "below": -6.542035054128568,
    "above": 0.6892225354477416,
    "turn_on_times": 2,
    "turn_on_ratio": 0.5
  },
  "5": {
    "validity_ratio": 0.79375,
    "below": -11.003766059208354,
    "above": 7.9989996322754875,
    "turn_on_times": 1,
    "turn_on_ratio": 0.25
  },
  "6": {
    "validity_ratio": 0.7923611111111111,
    "below": -0.2419456490252844,
    "above": 17.39501910290865,
    "turn_on_times": 1,
    "turn_on_ratio": 0.25
  },
  "7": {
    "validity_ratio": 0.7916666666666666,
    "below": -6.599639034219067,
    "above": 4.7751997730081985,
    "turn_on_times": 0,
    "turn_on_ratio": 0.0
  },
  "8": {
    "validity_ratio": 0.7916666666666666,
    "below": 0,
    "above": 0,
    "turn_on_times": 3,
    "turn_on_ratio": 0.75
  },
  "9": {
    "validity_ratio": 0.7909722222222222,
    "below": 0,
    "above": 2.323685361210784,
    "turn_on_times": 1,
    "turn_on_ratio": 0.25
  },
  "10": {
    "validity_ratio": 0.7909722222222222,
    "below": -1.5975842291062945,
    "above": 0,
    "turn_on_times": 1,
    "turn_on_ratio": 1.0
  },
  "12": {
    "validity_ratio": 0.7909722222222222,
    "below": -2.145004818593662,
    "above": 9.893771700425354,
    "turn_on_times": 1,
    "turn_on_ratio": 0.25
  },
  "13": {
    "validity_ratio": 0.7902777777777777,
    "below": -0.017245321731666687,
    "above": 34.33054274150317,
    "turn_on_times": 0,
    "turn_on_ratio": 0.0
  }
}