{
  "1": {
    "validity_ratio": 0.7256944444444444,
    "below": 0,
    "above": 59.114708129503,
    "turn_on_times": 0,
    "turn_on_ratio": 0.0
  },
  "2": {
    "validity_ratio": 0.7270833333333333,
    "below": -7.4769187953038605,
    "above": 0.019013716772222782,
    "turn_on_times": 3,
    "turn_on_ratio": 0.75
  },
  "3": {
    "validity_ratio": 0.7236111111111111,
    "below": -7.610224236122676,
    "above": 5.618510039603804,
    "turn_on_times": 0,
    "turn_on_ratio": 0.0
  },
  "4": {
    "validity_ratio": 0.7256944444444444,
    "below": -6.541856190562145,
    "above": 0.11609177566666684,
    "turn_on_times": 2,
    "turn_on_ratio": 0.5
  },
  "5": {
    "validity_ratio": 0.7243055555555555,
    "below": -11.003465524791936,
    "above": 7.998291102918932,
    "turn_on_times": 1,
    "turn_on_ratio": 0.25
  },
  "6": {
    "validity_ratio": 0.7229166666666667,
    "below": -0.24199054527813843,
    "above": 17.395606460840874,
    "turn_on_times": 1,
    "turn_on_ratio": 0.25
  },
  "7": {
    "validity_ratio": 0.7222222222222222,
    "below": -6.599431975459047,
    "above": 4.6928282199411555,
    "turn_on_times": 0,
    "turn_on_ratio": 0.0
  },
  "8": {
    "validity_ratio": 0.7222222222222222,
    "below": 0,
    "above": 0,
    "turn_on_times": 3,
    "turn_on_ratio": 0.75
  },
  "9": {
    "validity_ratio": 0.7284722222222222,
    "below": 0,
    "above": 2.323675390076086,
    "turn_on_times": 1,
    "turn_on_ratio": 0.25
  },
  "10": {
    "validity_ratio": 0.7284722222222222,
    "below": 0,
    "above": 0,
    "turn_on_times": 0,
    "turn_on_ratio": 0
  },
  "12": {
    "validity_ratio": 0.7284722222222222,
    "below": -2.1449099722520564,
    "above": 8.444696710798953,
    "turn_on_times": 1,
    "turn_on_ratio": 0.25
  },
  "13": {
    "validity_ratio": 0.7243055555555555,
    "below": -0.017254625116666665,
    "above": 26.976978641224065,
    "turn_on_times": 0,
    "turn_on_ratio": 0.0
  }
}