{
  "1": {
    "validity_ratio": 0.5458333333333333,
    "below": 0,
    "above": 44.124704841040796,
    "turn_on_times": 0,
    "turn_on_ratio": 0.0
  },
  "2": {
    "validity_ratio": 0.5465277777777777,
    "below": -7.338006058507649,
    "above": 0,
    "turn_on_times": 3,
    "turn_on_ratio": 0.75
  },
  "3": {
    "validity_ratio": 0.54375,
    "below": -3.8994315019722343,
    "above": 5.618297964174104,
    "turn_on_times": 0,
    "turn_on_ratio": 0.0
  },
  "4": {
    "validity_ratio": 0.5451388888888888,
    "below": -4.282371879370974,
    "above": 0,
    "turn_on_times": 2,
    "turn_on_ratio": 0.5
  },
  "5": {
    "validity_ratio": 0.54375,
    "below": -6.51573279626106,
    "above": 7.998103160775484,
    "turn_on_times": 1,
    "turn_on_ratio": 0.25
  },
  "6": {
    "validity_ratio": 0.5423611111111111,
    "below": 0,
    "above": 17.395759559259364,
    "turn_on_times": 1,
    "turn_on_ratio": 0.25
  },
  "7": {
    "validity_ratio": 0.54375,
    "below": -1.4884540719806811,
    "above": 4.6827912760078485,
    "turn_on_times": 0,
    "turn_on_ratio": 0.0
  },
  "8": {
    "validity_ratio": 0.5416666666666666,
    "below": 0,
    "above": 0,
    "turn_on_times": 2,
    "turn_on_ratio": 1.0
  },
  "9": {
    "validity_ratio": 0.5423611111111111,
    "below": 0,
    "above": 2.3236726542162303,
    "turn_on_times": 0,
    "turn_on_ratio": 0.0
  },
  "10": {
    "validity_ratio": 0.5472222222222223,
    "below": 0,
    "above": 0,
    "turn_on_times": 0,
    "turn_on_ratio": 0
  },
  "12": {
    "validity_ratio": 0.5465277777777777,
    "below": -2.144884807860744,
    "above": 4.837722242850576,
    "turn_on_times": 1,
    "turn_on_ratio": 0.25
  },
  "13": {
    "validity_ratio": 0.5444444444444444,
    "below": -0.017257092901666778,
    "above": 25.947733659198157,
    "turn_on_times": 0,
    "turn_on_ratio": 0.0
  }
}