{
  "1": {
    "validity_ratio": 0.6145833333333334,
    "below": 0,
    "above": 50.19806383952645,
    "turn_on_times": 0,
    "turn_on_ratio": 0.0
  },
  "2": {
    "validity_ratio": 0.6159722222222223,
    "below": -7.47689555583285,
    "above": 0,
    "turn_on_times": 3,
    "turn_on_ratio": 0.75
  },
  "3": {
    "validity_ratio": 0.6131944444444445,
    "below": -5.210749929750654,
    "above": 5.618967666868072,
    "turn_on_times": 0,
    "turn_on_ratio": 0.0
  },
  "4": {
    "validity_ratio": 0.6145833333333334,
    "below": -5.549393665905565,
    "above": 0,
    "turn_on_times": 2,
    "turn_on_ratio": 0.5
  },
  "5": {
    "validity_ratio": 0.6131944444444445,
    "below": -9.265324181891913,
    "above": 7.9986966541375075,
    "turn_on_times": 1,
    "turn_on_ratio": 0.25
  },
  "6": {
    "validity_ratio": 0.6118055555555556,
    "below": -0.07165552585055543,
    "above": 17.3952722369333,
    "turn_on_times": 1,
    "turn_on_ratio": 0.25
  },
  "7": {
    "validity_ratio": 0.6118055555555556,
    "below": -4.862265428231773,
    "above": 4.682303363787017,
    "turn_on_times": 0,
    "turn_on_ratio": 0.0
  },
  "8": {
    "validity_ratio": 0.6138888888888889,
    "below": 0,
    "above": 0,
    "turn_on_times": 3,
    "turn_on_ratio": 0.75
  },
  "9": {
    "validity_ratio": 0.6166666666666667,
    "below": 0,
    "above": 2.3236811637271613,
    "turn_on_times": 1,
    "turn_on_ratio": 0.25
  },
  "10": {
    "validity_ratio": 0.6166666666666667,
    "below": 0,
    "above": 0,
    "turn_on_times": 0,
    "turn_on_ratio": 0
  },
  "12": {
    "validity_ratio": 0.6159722222222223,
    "below": -2.1449642650323963,
    "above": 5.960388121099339,
    "turn_on_times": 1,
    "turn_on_ratio": 0.25
  },
  "13": {
    "validity_ratio": 0.6145833333333334,
    "below": -0.017249300003333384,
    "above": 25.946980262569983,
    "turn_on_times": 0,
    "turn_on_ratio": 0.0
  }
}