{
  "1": {
    "validity_ratio": 0.9923611111111111,
    "below": -5.885702397158603,
    "above": 10.285107898475694,
    "turn_on_times": 0,
    "turn_on_ratio": 0.0
  },
  "2": {
    "validity_ratio": 0.9923611111111111,
    "below": -4.907856335014443,
    "above": 3.17070870308745,
    "turn_on_times": 1,
    "turn_on_ratio": 0.5
  },
  "3": {
    "validity_ratio": 0.9958333333333333,
    "below": -0.5388642697881842,
    "above": 9.82848276046354,
    "turn_on_times": 1,
    "turn_on_ratio": 0.5
  },
  "4": {
    "validity_ratio": 0.9909722222222223,
    "below": 0,
    "above": 3.559425925925936,
    "turn_on_times": 0,
    "turn_on_ratio": 0.0
  },
  "5": {
    "validity_ratio": 0.9944444444444445,
    "below": -1.4504270464487747,
    "above": 4.780712811611509,
    "turn_on_times": 1,
    "turn_on_ratio": 0.3333333333333333
  },
  "6": {
    "validity_ratio": 0.9951388888888889,
    "below": -3.899579876039934,
    "above": 0,
    "turn_on_times": 1,
    "turn_on_ratio": 0.3333333333333333
  },
  "7": {
    "validity_ratio": 0.9902777777777778,
    "below": -0.33452068381822525,
    "above": 12.918678153612612,
    "turn_on_times": 1,
    "turn_on_ratio": 0.3333333333333333
  },
  "8": {
    "validity_ratio": 0.9930555555555556,
    "below": -3.1614329518243114,
    "above": 0.11797000000000003,
    "turn_on_times": 3,
    "turn_on_ratio": 1.0
  },
  "9": {
    "validity_ratio": 0.9944444444444445,
    "below": 0,
    "above": 19.347934182371752,
    "turn_on_times": 0,
    "turn_on_ratio": 0.0
  },
  "10": {
    "validity_ratio": 0.0,
    "below": 0,
    "above": 0,
    "turn_on_times": 0,
    "turn_on_ratio": 0
  }
}