{
  "1": {
    "validity_ratio": 0.9097222222222222,
    "below": 0,
    "above": 50.54176276624569,
    "turn_on_times": 0,
    "turn_on_ratio": 0.0
  },
  "2": {
    "validity_ratio": 0.9111111111111111,
    "below": -1.2376613225743625,
    "above": 9.426541529970729,
    "turn_on_times": 1,
    "turn_on_ratio": 0.25
  },
  "3": {
    "validity_ratio": 0.9097222222222222,
    "below": -0.5160292192043182,
    "above": 1.0104239316848098,
    "turn_on_times": 2,
    "turn_on_ratio": 0.4
  },
  "4": {
    "validity_ratio": 0.9111111111111111,
    "below": -0.7646827957721184,
    "above": 19.781873719987736,
    "turn_on_times": 0,
    "turn_on_ratio": 0.0
  },
  "5": {
    "validity_ratio": 0.9097222222222222,
    "below": -5.171051064998412,
    "above": 8.81250896883549,
    "turn_on_times": 3,
    "turn_on_ratio": 0.6
  },
  "6": {
    "validity_ratio": 0.9159722222222222,
    "below": -0.15899363555416718,
    "above": 36.51418163680231,
    "turn_on_times": 3,
    "turn_on_ratio": 0.75
  },
  "7": {
    "validity_ratio": 0.9131944444444444,
    "below": -1.5861063593913953,
    "above": 23.12460208654128,
    "turn_on_times": 0,
    "turn_on_ratio": 0.0
  },
  "8": {
    "validity_ratio": 0.9125,
    "below": -2.3253244793999452,
    "above": 0,
    "turn_on_times": 4,
    "turn_on_ratio": 1.0
  },
  "9": {
    "validity_ratio": 0.9159722222222222,
    "below": 0,
    "above": 21.64637944382785,
    "turn_on_times": 0,
    "turn_on_ratio": 0.0
  },
  "10": {
    "validity_ratio": 0.9104166666666667,
    "below": 0,
    "above": 0,
    "turn_on_times": 0,
    "turn_on_ratio": 0
  },
  "12": {
    "validity_ratio": 0.9125,
    "below": 0,
    "above": 38.779565470229755,
    "turn_on_times": 0,
    "turn_on_ratio": 0.0
  },
  "13": {
    "validity_ratio": 0.0,
    "below": 0,
    "above": 0,
    "turn_on_times": 0,
    "turn_on_ratio": 0.0
  }
}