{
  "1": {
    "validity_ratio": 0.34930555555555554,
    "below": 0,
    "above": 21.338674682158718,
    "turn_on_times": 0,
    "turn_on_ratio": 0.0
  },
  "2": {
    "validity_ratio": 0.3486111111111111,
    "below": -0.49981234947305414,
    "above": 5.918072463182843,
    "turn_on_times": 1,
    "turn_on_ratio": 0.25
  },
  "3": {
    "validity_ratio": 0.34930555555555554,
    "below": 0,
    "above": 0,
    "turn_on_times": 1,
    "turn_on_ratio": 0.3333333333333333
  },
  "4": {
    "validity_ratio": 0.34930555555555554,
    "below": 0,
    "above": 1.1584540080271193,
    "turn_on_times": 0,
    "turn_on_ratio": 0.0
  },
  "5": {
    "validity_ratio": 0.3458333333333333,
    "below": -0.2500366430601092,
    "above": 0,
    "turn_on_times": 2,
    "turn_on_ratio": 0.6666666666666666
  },
  "6": {
    "validity_ratio": 0.34652777777777777,
    "below": 0,
    "above": 11.376806713436508,
    "turn_on_times": 3,
    "turn_on_ratio": 0.75
  },
  "7": {
    "validity_ratio": 0.3458333333333333,
    "below": 0,
    "above": 14.181505062623653,
    "turn_on_times": 0,
    "turn_on_ratio": 0.0
  },
  "8": {
    "validity_ratio": 0.34930555555555554,
    "below": 0,
    "above": 0,
    "turn_on_times": 2,
    "turn_on_ratio": 1.0
  },
  "9": {
    "validity_ratio": 0.34652777777777777,
    "below": 0,
    "above": 7.86525936878445,
    "turn_on_times": 0,
    "turn_on_ratio": 0.0
  },
  "10": {
    "validity_ratio": 0.3472222222222222,
    "below": 0,
    "above": 0,
    "turn_on_times": 0,
    "turn_on_ratio": 0
  },
  "12": {
    "validity_ratio": 0.34930555555555554,
    "below": 0,
    "above": 0.6571278524874516,
    "turn_on_times": 0,
    "turn_on_ratio": 0.0
  },
  "13": {
    "validity_ratio": 0.0,
    "below": 0,
    "above": 0,
    "turn_on_times": 0,
    "turn_on_ratio": 0.0
  }
}