{
  "1": {
    "validity_ratio": 0.8333333333333334,
    "below": 0,
    "above": 50.541038569133356,
    "turn_on_times": 0,
    "turn_on_ratio": 0.0
  },
  "2": {
    "validity_ratio": 0.8347222222222223,
    "below": -1.2375106879845954,
    "above": 8.766188356428433,
    "turn_on_times": 1,
    "turn_on_ratio": 0.25
  },
  "3": {
    "validity_ratio": 0.8340277777777778,
    "below": -0.5158570153178524,
    "above": 0.02654894465124656,
    "turn_on_times": 1,
    "turn_on_ratio": 0.3333333333333333
  },
  "4": {
    "validity_ratio": 0.8347222222222223,
    "below": -0.7648266176756218,
    "above": 12.441768228010211,
    "turn_on_times": 0,
    "turn_on_ratio": 0.0
  },
  "5": {
    "validity_ratio": 0.8333333333333334,
    "below": -5.0917127211727236,
    "above": 0.87283577989754,
    "turn_on_times": 2,
    "turn_on_ratio": 0.6666666666666666
  },
  "6": {
    "validity_ratio": 0.8388888888888889,
    "below": 0,
    "above": 36.057802395447396,
    "turn_on_times": 3,
    "turn_on_ratio": 0.75
  },
  "7": {
    "validity_ratio": 0.8368055555555556,
    "below": -1.5864043252518063,
    "above": 17.123762348489862,
    "turn_on_times": 0,
    "turn_on_ratio": 0.0
  },
  "8": {
    "validity_ratio": 0.8361111111111111,
    "below": -2.3253119373921427,
    "above": 0,
    "turn_on_times": 4,
    "turn_on_ratio": 1.0
  },
  "9": {
    "validity_ratio": 0.8388888888888889,
    "below": 0,
    "above": 21.645297256714862,
    "turn_on_times": 0,
    "turn_on_ratio": 0.0
  },
  "10": {
    "validity_ratio": 0.8340277777777778,
    "below": 0,
    "above": 0,
    "turn_on_times": 0,
    "turn_on_ratio": 0
  },
  "12": {
    "validity_ratio": 0.8361111111111111,
    "below": 0,
    "above": 30.438676848093635,
    "turn_on_times": 0,
    "turn_on_ratio": 0.0
  },
  "13": {
    "validity_ratio": 0.0,
    "below": 0,
    "above": 0,
    "turn_on_times": 0,
    "turn_on_ratio": 0.0
  }
}