{
  "1": {
    "validity_ratio": 0.875,
    "below": 0,
    "above": 50.54153255741625,
    "turn_on_times": 0,
    "turn_on_ratio": 0.0
  },
  "2": {
    "validity_ratio": 0.8763888888888889,
    "below": -1.237613438632277,
    "above": 9.184036386185783,
    "turn_on_times": 1,
    "turn_on_ratio": 0.25
  },
  "3": {
    "validity_ratio": 0.875,
    "below": -0.5159744787828838,
    "above": 0.04098732822206314,
    "turn_on_times": 2,
    "turn_on_ratio": 0.5
  },
  "4": {
    "validity_ratio": 0.8763888888888889,
    "below": -0.7647285140876036,
    "above": 18.42582885702337,
    "turn_on_times": 0,
    "turn_on_ratio": 0.0
  },
  "5": {
    "validity_ratio": 0.875,
    "below": -5.09126139322369,
    "above": 8.171860897905438,
    "turn_on_times": 2,
    "turn_on_ratio": 0.5
  },
  "6": {
    "validity_ratio": 0.8743055555555556,
    "below": -0.15897775004583337,
    "above": 36.453674778028706,
    "turn_on_times": 3,
    "turn_on_ratio": 0.75
  },
  "7": {
    "validity_ratio": 0.8784722222222222,
    "below": -1.586201077211688,
    "above": 21.326844982236373,
    "turn_on_times": 0,
    "turn_on_ratio": 0.0
  },
  "8": {
    "validity_ratio": 0.8777777777777778,
    "below": -2.3253204925282955,
    "above": 0,
    "turn_on_times": 4,
    "turn_on_ratio": 1.0
  },
  "9": {
    "validity_ratio": 0.8805555555555555,
    "below": 0,
    "above": 21.646035437783734,
    "turn_on_times": 0,
    "turn_on_ratio": 0.0
  },
  "10": {
    "validity_ratio": 0.8756944444444444,
    "below": 0,
    "above": 0,
    "turn_on_times": 0,
    "turn_on_ratio": 0
  },
  "12": {
    "validity_ratio": 0.8777777777777778,
    "below": 0,
    "above": 37.12589956932704,
    "turn_on_times": 0,
    "turn_on_ratio": 0.0
  },
  "13": {
    "validity_ratio": 0.0,
    "below": 0,
    "above": 0,
    "turn_on_times": 0,
    "turn_on_ratio": 0.0
  }
}