{
  "1": {
    "validity_ratio": 0.9375,
    "below": 0,
    "above": 52.76769375233522,
    "turn_on_times": 0,
    "turn_on_ratio": 0.0
  },
  "2": {
    "validity_ratio": 0.9388888888888889,
    "below": -1.2376753284555437,
    "above": 12.490451688459117,
    "turn_on_times": 1,
    "turn_on_ratio": 0.25
  },
  "3": {
    "validity_ratio": 0.9375,
    "below": -0.5160452305810959,
    "above": 5.279130961114109,
    "turn_on_times": 2,
    "turn_on_ratio": 0.4
  },
  "4": {
    "validity_ratio": 0.9388888888888889,
    "below": -0.7646694233289477,
    "above": 23.64844445488268,
    "turn_on_times": 0,
    "turn_on_ratio": 0.0
  },
  "5": {
    "validity_ratio": 0.9375,
    "below": -5.570989544747482,
    "above": 8.812495905364607,
    "turn_on_times": 3,
    "turn_on_ratio": 0.6
  },
  "6": {
    "validity_ratio": 0.9375,
    "below": -0.1589982820083329,
    "above": 36.51407698940434,
    "turn_on_times": 3,
    "turn_on_ratio": 0.75
  },
  "7": {
    "validity_ratio": 0.9340277777777778,
    "below": -1.5860786547689512,
    "above": 23.124636067388884,
    "turn_on_times": 0,
    "turn_on_ratio": 0.0
  },
  "8": {
    "validity_ratio": 0.9402777777777778,
    "below": -2.3253256455455933,
    "above": 0,
    "turn_on_times": 4,
    "turn_on_ratio": 1.0
  },
  "9": {
    "validity_ratio": 0.9368055555555556,
    "below": 0,
    "above": 21.6464800641554,
    "turn_on_times": 0,
    "turn_on_ratio": 0.0
  },
  "10": {
    "validity_ratio": 0.9381944444444444,
    "below": 0,
    "above": 0,
    "turn_on_times": 0,
    "turn_on_ratio": 0
  },
  "12": {
    "validity_ratio": 0.9402777777777778,
    "below": 0,
    "above": 43.22588312922485,
    "turn_on_times": 0,
    "turn_on_ratio": 0.0
  },
  "13": {
    "validity_ratio": 0.0,
    "below": 0,
    "above": 0,
    "turn_on_times": 0,
    "turn_on_ratio": 0.0
  }
}