{
  "1": {
    "validity_ratio": 0.9576388888888889,
    "below": 0,
    "above": 54.89446697175254,
    "turn_on_times": 0,
    "turn_on_ratio": 0.0
  },
  "2": {
    "validity_ratio": 0.9527777777777777,
    "below": -1.2375735369129774,
    "above": 14.150062067379618,
    "turn_on_times": 1,
    "turn_on_ratio": 0.25
  },
  "3": {
    "validity_ratio": 0.9513888888888888,
    "below": -0.5159288635549941,
    "above": 7.345050362573316,
    "turn_on_times": 2,
    "turn_on_ratio": 0.4
  },
  "4": {
    "validity_ratio": 0.9527777777777777,
    "below": -0.7647666111888854,
    "above": 25.58247353968348,
    "turn_on_times": 0,
    "turn_on_ratio": 0.0
  },
  "5": {
    "validity_ratio": 0.9513888888888888,
    "below": -5.617934417397619,
    "above": 8.81259084768461,
    "turn_on_times": 3,
    "turn_on_ratio": 0.6
  },
  "6": {
    "validity_ratio": 0.9513888888888888,
    "below": -0.1589645126416671,
    "above": 36.67031465626653,
    "turn_on_times": 3,
    "turn_on_ratio": 0.75
  },
  "7": {
    "validity_ratio": 0.9548611111111112,
    "below": -1.586280005631394,
    "above": 23.124389066475448,
    "turn_on_times": 0,
    "turn_on_ratio": 0.0
  },
  "8": {
    "validity_ratio": 0.9541666666666667,
    "below": -2.3253171702656243,
    "above": 0,
    "turn_on_times": 4,
    "turn_on_ratio": 1.0
  },
  "9": {
    "validity_ratio": 0.9576388888888889,
    "below": 0,
    "above": 21.645748776498607,
    "turn_on_times": 0,
    "turn_on_ratio": 0.0
  },
  "10": {
    "validity_ratio": 0.9520833333333333,
    "below": 0,
    "above": 0,
    "turn_on_times": 0,
    "turn_on_ratio": 0
  },
  "12": {
    "validity_ratio": 0.9541666666666667,
    "below": 0,
    "above": 45.224521330718765,
    "turn_on_times": 0,
    "turn_on_ratio": 0.0
  },
  "13": {
    "validity_ratio": 0.0,
    "below": 0,
    "above": 0,
    "turn_on_times": 0,
    "turn_on_ratio": 0.0
  }
}