{
  "1": {
    "validity_ratio": 0.5986111111111111,
    "below": 0,
    "above": 45.920693343071385,
    "turn_on_times": 0,
    "turn_on_ratio": 0.0
  },
  "2": {
    "validity_ratio": 0.5986111111111111,
    "below": -1.2374786358958543,
    "above": 5.947088286573539,
    "turn_on_times": 1,
    "turn_on_ratio": 0.25
  },
  "3": {
    "validity_ratio": 0.5986111111111111,
    "below": -0.5158203737054636,
    "above": 0,
    "turn_on_times": 1,
    "turn_on_ratio": 0.3333333333333333
  },
  "4": {
    "validity_ratio": 0.5986111111111111,
    "below": -0.5931905534915674,
    "above": 2.6311797770282723,
    "turn_on_times": 0,
    "turn_on_ratio": 0.0
  },
  "5": {
    "validity_ratio": 0.5965277777777778,
    "below": -5.091853508640258,
    "above": 0,
    "turn_on_times": 2,
    "turn_on_ratio": 0.6666666666666666
  },
  "6": {
    "validity_ratio": 0.5965277777777778,
    "below": 0,
    "above": 28.916780801935086,
    "turn_on_times": 3,
    "turn_on_ratio": 0.75
  },
  "7": {
    "validity_ratio": 0.5944444444444444,
    "below": -1.0175267084823532,
    "above": 15.933937096907194,
    "turn_on_times": 0,
    "turn_on_ratio": 0.0
  },
  "8": {
    "validity_ratio": 0.5986111111111111,
    "below": -0.1967835983569582,
    "above": 0,
    "turn_on_times": 4,
    "turn_on_ratio": 1.0
  },
  "9": {
    "validity_ratio": 0.5965277777777778,
    "below": 0,
    "above": 18.4347118148696,
    "turn_on_times": 0,
    "turn_on_ratio": 0.0
  },
  "10": {
    "validity_ratio": 0.5979166666666667,
    "below": 0,
    "above": 0,
    "turn_on_times": 0,
    "turn_on_ratio": 0
  },
  "12": {
    "validity_ratio": 0.5993055555555555,
    "below": 0,
    "above": 5.241777727838523,
    "turn_on_times": 0,
    "turn_on_ratio": 0.0
  },
  "13": {
    "validity_ratio": 0.0,
    "below": 0,
    "above": 0,
    "turn_on_times": 0,
    "turn_on_ratio": 0.0
  }
}