{
  "1": {
    "validity_ratio": 0.7513888888888889,
    "below": -4.78769627516827,
    "above": 33.379937768529665,
    "turn_on_times": 0,
    "turn_on_ratio": 0.0
  },
  "2": {
    "validity_ratio": 0.7548611111111111,
    "below": -2.3364491580929925,
    "above": 0.32549164064158637,
    "turn_on_times": 3,
    "turn_on_ratio": 1.0
  },
  "3": {
    "validity_ratio": 0.7527777777777778,
    "below": -2.4763514859116627,
    "above": 1.1450057657884258,
    "turn_on_times": 1,
    "turn_on_ratio": 1.0
  },
  "4": {
    "validity_ratio": 0.7555555555555555,
    "below": -2.508934394074594,
    "above": 5.822411389232581,
    "turn_on_times": 0,
    "turn_on_ratio": 0.0
  },
  "5": {
    "validity_ratio": 0.7513888888888889,
    "below": -4.943123057644959,
    "above": 1.6990313775474375,
    "turn_on_times": 0,
    "turn_on_ratio": 0.0
  },
  "6": {
    "validity_ratio": 0.7548611111111111,
    "below": -1.6874155776761242,
    "above": 14.159487466236712,
    "turn_on_times": 0,
    "turn_on_ratio": 0.0
  },
  "7": {
    "validity_ratio": 0.75,
    "below": -2.914899829843121,
    "above": 2.1868630125997295,
    "turn_on_times": 0,
    "turn_on_ratio": 0.0
  },
  "8": {
    "validity_ratio": 0.7520833333333333,
    "below": -0.0660814559277196,
    "above": 0,
    "turn_on_times": 5,
    "turn_on_ratio": 0.8333333333333334
  },
  "9": {
    "validity_ratio": 0.7534722222222222,
    "below": 0,
    "above": 10.605065594862447,
    "turn_on_times": 1,
    "turn_on_ratio": 0.16666666666666666
  },
  "10": {
    "validity_ratio": 0.7527777777777778,
    "below": -0.1573333333333333,
    "above": 0,
    "turn_on_times": 1,
    "turn_on_ratio": 1.0
  },
  "12": {
    "validity_ratio": 0.7541666666666667,
    "below": -0.05322406437194485,
    "above": 8.183842299665777,
    "turn_on_times": 0,
    "turn_on_ratio": 0.0
  },
  "13": {
    "validity_ratio": 0.0,
    "below": 0,
    "above": 0,
    "turn_on_times": 0,
    "turn_on_ratio": 0.0
  }
}