{
  "1": {
    "validity_ratio": 0.7236111111111111,
    "below": -4.1374292373049055,
    "above": 33.37977530386824,
    "turn_on_times": 0,
    "turn_on_ratio": 0.0
  },
  "2": {
    "validity_ratio": 0.7201388888888889,
    "below": -2.336428256223425,
    "above": 0.317107030947468,
    "turn_on_times": 3,
    "turn_on_ratio": 1.0
  },
  "3": {
    "validity_ratio": 0.7243055555555555,
    "below": -2.4763453336740677,
    "above": 1.1449891894789581,
    "turn_on_times": 1,
    "turn_on_ratio": 1.0
  },
  "4": {
    "validity_ratio": 0.7215277777777778,
    "below": -2.508943504985829,
    "above": 4.246287896780368,
    "turn_on_times": 0,
    "turn_on_ratio": 0.0
  },
  "5": {
    "validity_ratio": 0.7229166666666667,
    "below": -4.94309788908236,
    "above": 1.6989982577510165,
    "turn_on_times": 0,
    "turn_on_ratio": 0.0
  },
  "6": {
    "validity_ratio": 0.7201388888888889,
    "below": -0.5647158670918143,
    "above": 14.1593793899911,
    "turn_on_times": 0,
    "turn_on_ratio": 0.0
  },
  "7": {
    "validity_ratio": 0.7222222222222222,
    "below": -1.876716467185689,
    "above": 2.1868371581133683,
    "turn_on_times": 0,
    "turn_on_ratio": 0.0
  },
  "8": {
    "validity_ratio": 0.7243055555555555,
    "below": -0.06608552064911143,
    "above": 0,
    "turn_on_times": 5,
    "turn_on_ratio": 0.8333333333333334
  },
  "9": {
    "validity_ratio": 0.71875,
    "below": 0,
    "above": 10.605053405280387,
    "turn_on_times": 1,
    "turn_on_ratio": 0.16666666666666666
  },
  "10": {
    "validity_ratio": 0.7243055555555555,
    "below": 0,
    "above": 0,
    "turn_on_times": 0,
    "turn_on_ratio": 0
  },
  "12": {
    "validity_ratio": 0.7194444444444444,
    "below": -0.05322296139059807,
    "above": 7.615876817350023,
    "turn_on_times": 0,
    "turn_on_ratio": 0.0
  },
  "13": {
    "validity_ratio": 0.0,
    "below": 0,
    "above": 0,
    "turn_on_times": 0,
    "turn_on_ratio": 0.0
  }
}