{
  "1": {
    "validity_ratio": 0.4888888888888889,
    "below": 0,
    "above": 21.6684112378452,
    "turn_on_times": 0,
    "turn_on_ratio": 0.0
  },
  "2": {
    "validity_ratio": 0.4840277777777778,
    "below": -1.8035729671784615,
    "above": 0.21037927623630595,
    "turn_on_times": 3,
    "turn_on_ratio": 1.0
  },
  "3": {
    "validity_ratio": 0.4826388888888889,
    "below": -2.2847849756893934,
    "above": 0,
    "turn_on_times": 1,
    "turn_on_ratio": 1.0
  },
  "4": {
    "validity_ratio": 0.48541666666666666,
    "below": -2.5090183510800643,
    "above": 2.2721309204444418,
    "turn_on_times": 0,
    "turn_on_ratio": 0.0
  },
  "5": {
    "validity_ratio": 0.48680555555555555,
    "below": -3.082981656565891,
    "above": 1.698726178774483,
    "turn_on_times": 0,
    "turn_on_ratio": 0.0
  },
  "6": {
    "validity_ratio": 0.48333333333333334,
    "below": 0,
    "above": 14.011747986681364,
    "turn_on_times": 0,
    "turn_on_ratio": 0.0
  },
  "7": {
    "validity_ratio": 0.48680555555555555,
    "below": 0,
    "above": 2.1749504601874103,
    "turn_on_times": 0,
    "turn_on_ratio": 0.0
  },
  "8": {
    "validity_ratio": 0.4888888888888889,
    "below": -0.0661189123168043,
    "above": 0,
    "turn_on_times": 3,
    "turn_on_ratio": 1.0
  },
  "9": {
    "validity_ratio": 0.4826388888888889,
    "below": 0,
    "above": 10.200200439060254,
    "turn_on_times": 0,
    "turn_on_ratio": 0.0
  },
  "10": {
    "validity_ratio": 0.4888888888888889,
    "below": 0,
    "above": 0,
    "turn_on_times": 0,
    "turn_on_ratio": 0
  },
  "12": {
    "validity_ratio": 0.48333333333333334,
    "below": -0.05321390040386482,
    "above": 4.431208014386645,
    "turn_on_times": 0,
    "turn_on_ratio": 0.0
  },
  "13": {
    "validity_ratio": 0.0,
    "below": 0,
    "above": 0,
    "turn_on_times": 0,
    "turn_on_ratio": 0.0
  }
}