{
  "1": {
    "validity_ratio": 0.6756944444444445,
    "below": -2.7253491711517266,
    "above": 33.37902392834217,
    "turn_on_times": 0,
    "turn_on_ratio": 0.0
  },
  "2": {
    "validity_ratio": 0.6715277777777777,
    "below": -2.3363315881043176,
    "above": 0.3169240573099743,
    "turn_on_times": 3,
    "turn_on_ratio": 1.0
  },
  "3": {
    "validity_ratio": 0.6701388888888888,
    "below": -2.476316880466323,
    "above": 1.0997762934055062,
    "turn_on_times": 1,
    "turn_on_ratio": 1.0
  },
  "4": {
    "validity_ratio": 0.6729166666666667,
    "below": -2.5089856416305656,
    "above": 4.100142760636582,
    "turn_on_times": 0,
    "turn_on_ratio": 0.0
  },
  "5": {
    "validity_ratio": 0.6743055555555556,
    "below": -4.942981488126006,
    "above": 1.6988450834899946,
    "turn_on_times": 0,
    "turn_on_ratio": 0.0
  },
  "6": {
    "validity_ratio": 0.6715277777777777,
    "below": -0.39862764811431783,
    "above": 14.158879557644045,
    "turn_on_times": 0,
    "turn_on_ratio": 0.0
  },
  "7": {
    "validity_ratio": 0.6743055555555556,
    "below": -0.6345893832578998,
    "above": 2.1867176159350894,
    "turn_on_times": 0,
    "turn_on_ratio": 0.0
  },
  "8": {
    "validity_ratio": 0.6722222222222223,
    "below": -0.06610431939677006,
    "above": 0,
    "turn_on_times": 4,
    "turn_on_ratio": 1.0
  },
  "9": {
    "validity_ratio": 0.6701388888888888,
    "below": 0,
    "above": 10.604997005109826,
    "turn_on_times": 0,
    "turn_on_ratio": 0.0
  },
  "10": {
    "validity_ratio": 0.6763888888888889,
    "below": 0,
    "above": 0,
    "turn_on_times": 0,
    "turn_on_ratio": 0
  },
  "12": {
    "validity_ratio": 0.6708333333333333,
    "below": -0.05321786026163652,
    "above": 6.493554701894315,
    "turn_on_times": 0,
    "turn_on_ratio": 0.0
  },
  "13": {
    "validity_ratio": 0.0,
    "below": 0,
    "above": 0,
    "turn_on_times": 0,
    "turn_on_ratio": 0.0
  }
}