{
  "1": {
    "validity_ratio": 0.5298611111111111,
    "below": 0,
    "above": 25.405841716532333,
    "turn_on_times": 0,
    "turn_on_ratio": 0.0
  },
  "2": {
    "validity_ratio": 0.5256944444444445,
    "below": -2.3363991049720374,
    "above": 0.2108746219065809,
    "turn_on_times": 3,
    "turn_on_ratio": 1.0
  },
  "3": {
    "validity_ratio": 0.5243055555555556,
    "below": -2.4763367533207976,
    "above": 0,
    "turn_on_times": 1,
    "turn_on_ratio": 1.0
  },
  "4": {
    "validity_ratio": 0.5270833333333333,
    "below": -2.5089562117182522,
    "above": 2.2723102987285957,
    "turn_on_times": 0,
    "turn_on_ratio": 0.0
  },
  "5": {
    "validity_ratio": 0.5284722222222222,
    "below": -4.047822271496172,
    "above": 1.6989520664996478,
    "turn_on_times": 0,
    "turn_on_ratio": 0.0
  },
  "6": {
    "validity_ratio": 0.525,
    "below": -0.025719671811148006,
    "above": 14.159228659676776,
    "turn_on_times": 0,
    "turn_on_ratio": 0.0
  },
  "7": {
    "validity_ratio": 0.5277777777777778,
    "below": 0,
    "above": 2.175242263759552,
    "turn_on_times": 0,
    "turn_on_ratio": 0.0
  },
  "8": {
    "validity_ratio": 0.5298611111111111,
    "below": -0.06609118960205909,
    "above": 0,
    "turn_on_times": 3,
    "turn_on_ratio": 1.0
  },
  "9": {
    "validity_ratio": 0.5243055555555556,
    "below": 0,
    "above": 10.200215696715782,
    "turn_on_times": 0,
    "turn_on_ratio": 0.0
  },
  "10": {
    "validity_ratio": 0.5298611111111111,
    "below": 0,
    "above": 0,
    "turn_on_times": 0,
    "turn_on_ratio": 0
  },
  "12": {
    "validity_ratio": 0.525,
    "below": -0.0532214230934418,
    "above": 4.431333678987339,
    "turn_on_times": 0,
    "turn_on_ratio": 0.0
  },
  "13": {
    "validity_ratio": 0.0,
    "below": 0,
    "above": 0,
    "turn_on_times": 0,
    "turn_on_ratio": 0.0
  }
}