{
  "1": {
    "validity_ratio": 0.9868055555555556,
    "below": -8.719910494547921,
    "above": 33.73073158906941,
    "turn_on_times": 1,
    "turn_on_ratio": 0.25
  },
  "2": {
    "validity_ratio": 0.9840277777777777,
    "below": -2.3363886901113884,
    "above": 10.177624770741206,
    "turn_on_times": 3,
    "turn_on_ratio": 0.75
  },
  "3": {
    "validity_ratio": 0.9881944444444445,
    "below": -2.4763336878200275,
    "above": 7.539629187104909,
    "turn_on_times": 1,
    "turn_on_ratio": 1.0
  },
  "4": {
    "validity_ratio": 0.9854166666666667,
    "below": -2.508960751449523,
    "above": 24.107244962842053,
    "turn_on_times": 0,
    "turn_on_ratio": 0.0
  },
  "5": {
    "validity_ratio": 0.9875,
    "below": -5.43488571854252,
    "above": 1.7298558283882675,
    "turn_on_times": 0,
    "turn_on_ratio": 0.0
  },
  "6": {
    "validity_ratio": 0.9840277777777777,
    "below": -3.30516297854477,
    "above": 23.488475482309045,
    "turn_on_times": 0,
    "turn_on_ratio": 0.0
  },
  "7": {
    "validity_ratio": 0.9868055555555556,
    "below": -4.028519741702526,
    "above": 14.830135828035045,
    "turn_on_times": 0,
    "turn_on_ratio": 0.0
  },
  "8": {
    "validity_ratio": 0.9881944444444445,
    "below": -0.06609321494753063,
    "above": 0,
    "turn_on_times": 5,
    "turn_on_ratio": 0.8333333333333334
  },
  "9": {
    "validity_ratio": 0.9826388888888888,
    "below": 0,
    "above": 10.605030325771015,
    "turn_on_times": 1,
    "turn_on_ratio": 0.16666666666666666
  },
  "10": {
    "validity_ratio": 0.9881944444444445,
    "below": -8.534712703004892,
    "above": 0.023603544010491768,
    "turn_on_times": 1,
    "turn_on_ratio": 1.0
  },
  "12": {
    "validity_ratio": 0.9833333333333333,
    "below": -0.05322087350638279,
    "above": 18.51514707418599,
    "turn_on_times": 0,
    "turn_on_ratio": 0.0
  },
  "13": {
    "validity_ratio": 0.0,
    "below": 0,
    "above": 0,
    "turn_on_times": 0,
    "turn_on_ratio": 0.0
  }
}