{
  "1": {
    "validity_ratio": 0.34305555555555556,
    "below": 0,
    "above": 10.417280688790523,
    "turn_on_times": 0,
    "turn_on_ratio": 0.0
  },
  "2": {
    "validity_ratio": 0.3451388888888889,
    "below": -0.4202900254634455,
    "above": 0.2103553484458665,
    "turn_on_times": 3,
    "turn_on_ratio": 1.0
  },
  "3": {
    "validity_ratio": 0.34652777777777777,
    "below": -0.5248868971579786,
    "above": 0,
    "turn_on_times": 1,
    "turn_on_ratio": 1.0
  },
  "4": {
    "validity_ratio": 0.3416666666666667,
    "below": 0,
    "above": 2.272122255508195,
    "turn_on_times": 0,
    "turn_on_ratio": 0.0
  },
  "5": {
    "validity_ratio": 0.3402777777777778,
    "below": 0,
    "above": 1.6987152671819965,
    "turn_on_times": 0,
    "turn_on_ratio": 0.0
  },
  "6": {
    "validity_ratio": 0.34444444444444444,
    "below": 0,
    "above": 7.672138771081474,
    "turn_on_times": 0,
    "turn_on_ratio": 0.0
  },
  "7": {
    "validity_ratio": 0.3402777777777778,
    "below": 0,
    "above": 2.1749363673187707,
    "turn_on_times": 0,
    "turn_on_ratio": 0.0
  },
  "8": {
    "validity_ratio": 0.34652777777777777,
    "below": -0.017557828987778024,
    "above": 0,
    "turn_on_times": 1,
    "turn_on_ratio": 1.0
  },
  "9": {
    "validity_ratio": 0.34375,
    "below": 0,
    "above": 2.1762302497489134,
    "turn_on_times": 0,
    "turn_on_ratio": 0.0
  },
  "10": {
    "validity_ratio": 0.34305555555555556,
    "below": 0,
    "above": 0,
    "turn_on_times": 0,
    "turn_on_ratio": 0
  },
  "12": {
    "validity_ratio": 0.34444444444444444,
    "below": 0,
    "above": 2.541049279176016,
    "turn_on_times": 0,
    "turn_on_ratio": 0.0
  },
  "13": {
    "validity_ratio": 0.0,
    "below": 0,
    "above": 0,
    "turn_on_times": 0,
    "turn_on_ratio": 0.0
  }
}