{
  "1": {
    "validity_ratio": 0.54375,
    "below": 0,
    "above": 26.85489521547641,
    "turn_on_times": 0,
    "turn_on_ratio": 0.0
  },
  "2": {
    "validity_ratio": 0.5395833333333333,
    "below": -2.3364759124757346,
    "above": 0.2111415066793457,
    "turn_on_times": 3,
    "turn_on_ratio": 1.0
  },
  "3": {
    "validity_ratio": 0.5381944444444444,
    "below": -2.4763593607727574,
    "above": 0,
    "turn_on_times": 1,
    "turn_on_ratio": 1.0
  },
  "4": {
    "validity_ratio": 0.5409722222222222,
    "below": -2.5089227321127083,
    "above": 2.272406944622947,
    "turn_on_times": 0,
    "turn_on_ratio": 0.0
  },
  "5": {
    "validity_ratio": 0.5423611111111111,
    "below": -4.297335951936437,
    "above": 1.699073770870524,
    "turn_on_times": 0,
    "turn_on_ratio": 0.0
  },
  "6": {
    "validity_ratio": 0.5388888888888889,
    "below": -0.025722895659733663,
    "above": 14.159625804297688,
    "turn_on_times": 0,
    "turn_on_ratio": 0.0
  },
  "7": {
    "validity_ratio": 0.5416666666666666,
    "below": 0,
    "above": 2.1753995285103245,
    "turn_on_times": 0,
    "turn_on_ratio": 0.0
  },
  "8": {
    "validity_ratio": 0.54375,
    "below": -0.06607625308634285,
    "above": 0,
    "turn_on_times": 4,
    "turn_on_ratio": 1.0
  },
  "9": {
    "validity_ratio": 0.5381944444444444,
    "below": 0,
    "above": 10.200223880035924,
    "turn_on_times": 0,
    "turn_on_ratio": 0.0
  },
  "10": {
    "validity_ratio": 0.54375,
    "below": 0,
    "above": 0,
    "turn_on_times": 0,
    "turn_on_ratio": 0
  },
  "12": {
    "validity_ratio": 0.5388888888888889,
    "below": -0.05322547618752485,
    "above": 4.431401384884842,
    "turn_on_times": 0,
    "turn_on_ratio": 0.0
  },
  "13": {
    "validity_ratio": 0.0,
    "below": 0,
    "above": 0,
    "turn_on_times": 0,
    "turn_on_ratio": 0.0
  }
}