{
  "1": {
    "validity_ratio": 0.5368055555555555,
    "below": 0,
    "above": 26.12119648095748,
    "turn_on_times": 0,
    "turn_on_ratio": 0.0
  },
  "2": {
    "validity_ratio": 0.5326388888888889,
    "below": -2.336340403077047,
    "above": 0.21067064964805304,
    "turn_on_times": 3,
    "turn_on_ratio": 1.0
  },
  "3": {
    "validity_ratio": 0.53125,
    "below": -2.476319475057515,
    "above": 0,
    "turn_on_times": 1,
    "turn_on_ratio": 1.0
  },
  "4": {
    "validity_ratio": 0.5340277777777778,
    "below": -2.508981799274081,
    "above": 2.272236434888885,
    "turn_on_times": 0,
    "turn_on_ratio": 0.0
  },
  "5": {
    "validity_ratio": 0.5354166666666667,
    "below": -4.181103841727112,
    "above": 1.6988590511449597,
    "turn_on_times": 0,
    "turn_on_ratio": 0.0
  },
  "6": {
    "validity_ratio": 0.5319444444444444,
    "below": -0.025717207910981622,
    "above": 14.15892513604182,
    "turn_on_times": 0,
    "turn_on_ratio": 0.0
  },
  "7": {
    "validity_ratio": 0.5347222222222222,
    "below": 0,
    "above": 2.1751220923199934,
    "turn_on_times": 0,
    "turn_on_ratio": 0.0
  },
  "8": {
    "validity_ratio": 0.5368055555555555,
    "below": -0.06610260517651323,
    "above": 0,
    "turn_on_times": 3,
    "turn_on_ratio": 1.0
  },
  "9": {
    "validity_ratio": 0.53125,
    "below": 0,
    "above": 10.200209424844704,
    "turn_on_times": 0,
    "turn_on_ratio": 0.0
  },
  "10": {
    "validity_ratio": 0.5368055555555555,
    "below": 0,
    "above": 0,
    "turn_on_times": 0,
    "turn_on_ratio": 0
  },
  "12": {
    "validity_ratio": 0.5319444444444444,
    "below": -0.05321832542339926,
    "above": 4.431281933203468,
    "turn_on_times": 0,
    "turn_on_ratio": 0.0
  },
  "13": {
    "validity_ratio": 0.0,
    "below": 0,
    "above": 0,
    "turn_on_times": 0,
    "turn_on_ratio": 0.0
  }
}