{
  "1": {
    "validity_ratio": 0.4152777777777778,
    "below": 0,
    "above": 7.032147982713255,
    "turn_on_times": 0,
    "turn_on_ratio": 0.0
  },
  "2": {
    "validity_ratio": 0.4152777777777778,
    "below": -1.4610438968050232,
    "above": 0,
    "turn_on_times": 2,
    "turn_on_ratio": 1.0
  },
  "3": {
    "validity_ratio": 0.41388888888888886,
    "below": 0,
    "above": 0,
    "turn_on_times": 0,
    "turn_on_ratio": 0
  },
  "4": {
    "validity_ratio": 0.41180555555555554,
    "below": 0,
    "above": 0,
    "turn_on_times": 0,
    "turn_on_ratio": 0
  },
  "5": {
    "validity_ratio": 0.41041666666666665,
    "below": 0,
    "above": 0,
    "turn_on_times": 0,
    "turn_on_ratio": 0
  },
  "6": {
    "validity_ratio": 0.4111111111111111,
    "below": 0,
    "above": 4.773178720659271,
    "turn_on_times": 0,
    "turn_on_ratio": 0.0
  },
  "7": {
    "validity_ratio": 0.41180555555555554,
    "below": 0,
    "above": 1.9141391118325384,
    "turn_on_times": 0,
    "turn_on_ratio": 0.0
  },
  "8": {
    "validity_ratio": 0.41458333333333336,
    "below": 0,
    "above": 0,
    "turn_on_times": 2,
    "turn_on_ratio": 1.0
  },
  "9": {
    "validity_ratio": 0.41041666666666665,
    "below": 0,
    "above": 12.913269047714609,
    "turn_on_times": 0,
    "turn_on_ratio": 0.0
  },
  "10": {
    "validity_ratio": 0.41388888888888886,
    "below": 0,
    "above": 0,
    "turn_on_times": 0,
    "turn_on_ratio": 0
  },
  "12": {
    "validity_ratio": 0.41041666666666665,
    "below": 0,
    "above": 0,
    "turn_on_times": 0,
    "turn_on_ratio": 0
  },
  "13": {
    "validity_ratio": 0.4111111111111111,
    "below": -1.248490568483522,
    "above": 0.5799508846483561,
    "turn_on_times": 0,
    "turn_on_ratio": 0.0
  }
}