{
  "1": {
    "validity_ratio": 0.3840277777777778,
    "below": 0,
    "above": 7.781729803900242,
    "turn_on_times": 0,
    "turn_on_ratio": 0.0
  },
  "2": {
    "validity_ratio": 0.37916666666666665,
    "below": -0.17512151073333318,
    "above": 0,
    "turn_on_times": 3,
    "turn_on_ratio": 0.6
  },
  "3": {
    "validity_ratio": 0.3798611111111111,
    "below": -0.21999999999999986,
    "above": 0,
    "turn_on_times": 3,
    "turn_on_ratio": 0.75
  },
  "4": {
    "validity_ratio": 0.3819444444444444,
    "below": 0,
    "above": 2.576396741666279,
    "turn_on_times": 0,
    "turn_on_ratio": 0.0
  },
  "5": {
    "validity_ratio": 0.3840277777777778,
    "below": -0.2621655787596897,
    "above": 0.8190498581697185,
    "turn_on_times": 1,
    "turn_on_ratio": 0.25
  },
  "6": {
    "validity_ratio": 0.3819444444444444,
    "below": 0,
    "above": 5.348691020879118,
    "turn_on_times": 0,
    "turn_on_ratio": 0.0
  },
  "7": {
    "validity_ratio": 0.38125,
    "below": -0.3900000000000003,
    "above": 1.0306344555203422,
    "turn_on_times": 2,
    "turn_on_ratio": 0.4
  },
  "8": {
    "validity_ratio": 0.3798611111111111,
    "below": 0,
    "above": 0,
    "turn_on_times": 1,
    "turn_on_ratio": 1.0
  },
  "9": {
    "validity_ratio": 0.38333333333333336,
    "below": 0,
    "above": 4.6804943372478425,
    "turn_on_times": 0,
    "turn_on_ratio": 0.0
  },
  "10": {
    "validity_ratio": 0.3784722222222222,
    "below": 0,
    "above": 0,
    "turn_on_times": 0,
    "turn_on_ratio": 0
  },
  "12": {
    "validity_ratio": 0.3798611111111111,
    "below": 0,
    "above": 2.1982814083277606,
    "turn_on_times": 0,
    "turn_on_ratio": 0.0
  },
  "13": {
    "validity_ratio": 0.38263888888888886,
    "below": 0,
    "above": 1.1034006467570199,
    "turn_on_times": 0,
    "turn_on_ratio": 0.0
  }
}