{
  "1": {
    "validity_ratio": 0.36319444444444443,
    "below": 0,
    "above": 6.57151850898817,
    "turn_on_times": 0,
    "turn_on_ratio": 0.0
  },
  "2": {
    "validity_ratio": 0.36527777777777776,
    "below": 0,
    "above": 0,
    "turn_on_times": 2,
    "turn_on_ratio": 0.6666666666666666
  },
  "3": {
    "validity_ratio": 0.36666666666666664,
    "below": 0,
    "above": 0,
    "turn_on_times": 2,
    "turn_on_ratio": 1.0
  },
  "4": {
    "validity_ratio": 0.36666666666666664,
    "below": 0,
    "above": 2.512685313452906,
    "turn_on_times": 0,
    "turn_on_ratio": 0.0
  },
  "5": {
    "validity_ratio": 0.36319444444444443,
    "below": 0,
    "above": 0.7791063609816983,
    "turn_on_times": 0,
    "turn_on_ratio": 0.0
  },
  "6": {
    "validity_ratio": 0.3611111111111111,
    "below": 0,
    "above": 4.66168048708335,
    "turn_on_times": 0,
    "turn_on_ratio": 0.0
  },
  "7": {
    "validity_ratio": 0.36666666666666664,
    "below": 0,
    "above": 1.022140972276599,
    "turn_on_times": 1,
    "turn_on_ratio": 0.3333333333333333
  },
  "8": {
    "validity_ratio": 0.3659722222222222,
    "below": 0,
    "above": 0,
    "turn_on_times": 1,
    "turn_on_ratio": 1.0
  },
  "9": {
    "validity_ratio": 0.3625,
    "below": 0,
    "above": 4.680495835530319,
    "turn_on_times": 0,
    "turn_on_ratio": 0.0
  },
  "10": {
    "validity_ratio": 0.3645833333333333,
    "below": 0,
    "above": 0,
    "turn_on_times": 0,
    "turn_on_ratio": 0
  },
  "12": {
    "validity_ratio": 0.3659722222222222,
    "below": 0,
    "above": 1.9313514464929316,
    "turn_on_times": 0,
    "turn_on_ratio": 0.0
  },
  "13": {
    "validity_ratio": 0.36180555555555555,
    "below": 0,
    "above": 1.065753549765374,
    "turn_on_times": 0,
    "turn_on_ratio": 0.0
  }
}