{
  "1": {
    "validity_ratio": 0.9722222222222222,
    "below": 0,
    "above": 38.596091830934974,
    "turn_on_times": 0,
    "turn_on_ratio": 0.0
  },
  "2": {
    "validity_ratio": 0.9701388888888889,
    "below": -1.0979561126944888,
    "above": 29.74392069437271,
    "turn_on_times": 3,
    "turn_on_ratio": 0.6
  },
  "3": {
    "validity_ratio": 0.9729166666666667,
    "below": -0.7206078746362466,
    "above": 0,
    "turn_on_times": 4,
    "turn_on_ratio": 0.5714285714285714
  },
  "4": {
    "validity_ratio": 0.9736111111111111,
    "below": -1.1413023432045506,
    "above": 2.5764705328686133,
    "turn_on_times": 1,
    "turn_on_ratio": 0.14285714285714285
  },
  "5": {
    "validity_ratio": 0.9722222222222222,
    "below": -1.5512497965938865,
    "above": 0.8190863703327796,
    "turn_on_times": 2,
    "turn_on_ratio": 0.2857142857142857
  },
  "6": {
    "validity_ratio": 0.9729166666666667,
    "below": -4.391019302696121,
    "above": 13.299423589047292,
    "turn_on_times": 0,
    "turn_on_ratio": 0.0
  },
  "7": {
    "validity_ratio": 0.9736111111111111,
    "below": -4.0988816466875795,
    "above": 12.45143389291929,
    "turn_on_times": 2,
    "turn_on_ratio": 0.4
  },
  "8": {
    "validity_ratio": 0.9701388888888889,
    "below": 0,
    "above": 0,
    "turn_on_times": 2,
    "turn_on_ratio": 1.0
  },
  "9": {
    "validity_ratio": 0.9736111111111111,
    "below": 0,
    "above": 6.007770075223666,
    "turn_on_times": 0,
    "turn_on_ratio": 0.0
  },
  "10": {
    "validity_ratio": 0.96875,
    "below": 0,
    "above": 0,
    "turn_on_times": 0,
    "turn_on_ratio": 0
  },
  "12": {
    "validity_ratio": 0.9701388888888889,
    "below": 0,
    "above": 4.599931726569343,
    "turn_on_times": 0,
    "turn_on_ratio": 0.0
  },
  "13": {
    "validity_ratio": 0.9736111111111111,
    "below": 0,
    "above": 26.8049112565049,
    "turn_on_times": 0,
    "turn_on_ratio": 0.0
  }
}