{
  "1": {
    "validity_ratio": 0.9236111111111112,
    "below": 0,
    "above": 38.59596589852011,
    "turn_on_times": 0,
    "turn_on_ratio": 0.0
  },
  "2": {
    "validity_ratio": 0.9284722222222223,
    "below": -1.0978850886129916,
    "above": 29.74380992686044,
    "turn_on_times": 3,
    "turn_on_ratio": 0.6
  },
  "3": {
    "validity_ratio": 0.9243055555555556,
    "below": -0.72051685223543,
    "above": 0,
    "turn_on_times": 4,
    "turn_on_ratio": 0.5714285714285714
  },
  "4": {
    "validity_ratio": 0.925,
    "below": -1.1411939971836231,
    "above": 2.5765786288865002,
    "turn_on_times": 1,
    "turn_on_ratio": 0.14285714285714285
  },
  "5": {
    "validity_ratio": 0.9236111111111112,
    "below": -1.5511719871819072,
    "above": 0.8191407365723805,
    "turn_on_times": 2,
    "turn_on_ratio": 0.2857142857142857
  },
  "6": {
    "validity_ratio": 0.9243055555555556,
    "below": -4.391033197121427,
    "above": 13.299008562829435,
    "turn_on_times": 0,
    "turn_on_ratio": 0.0
  },
  "7": {
    "validity_ratio": 0.925,
    "below": -4.098766409815181,
    "above": 12.442539946373284,
    "turn_on_times": 2,
    "turn_on_ratio": 0.4
  },
  "8": {
    "validity_ratio": 0.9284722222222223,
    "below": 0,
    "above": 0,
    "turn_on_times": 2,
    "turn_on_ratio": 1.0
  },
  "9": {
    "validity_ratio": 0.925,
    "below": 0,
    "above": 6.007946765516696,
    "turn_on_times": 0,
    "turn_on_ratio": 0.0
  },
  "10": {
    "validity_ratio": 0.9270833333333334,
    "below": 0,
    "above": 0,
    "turn_on_times": 0,
    "turn_on_ratio": 0
  },
  "12": {
    "validity_ratio": 0.9284722222222223,
    "below": 0,
    "above": 4.5997489884725,
    "turn_on_times": 0,
    "turn_on_ratio": 0.0
  },
  "13": {
    "validity_ratio": 0.925,
    "below": 0,
    "above": 26.80481643492853,
    "turn_on_times": 0,
    "turn_on_ratio": 0.0
  }
}