{
  "1": {
    "validity_ratio": 0.8479166666666667,
    "below": 0,
    "above": 38.58403050190912,
    "turn_on_times": 0,
    "turn_on_ratio": 0.0
  },
  "2": {
    "validity_ratio": 0.8520833333333333,
    "below": -1.0979810789206161,
    "above": 21.13461264638926,
    "turn_on_times": 3,
    "turn_on_ratio": 0.6
  },
  "3": {
    "validity_ratio": 0.8486111111111111,
    "below": -0.7206398706268107,
    "above": 0,
    "turn_on_times": 4,
    "turn_on_ratio": 0.5714285714285714
  },
  "4": {
    "validity_ratio": 0.8486111111111111,
    "below": -1.1413404287552753,
    "above": 2.5764320297806,
    "turn_on_times": 1,
    "turn_on_ratio": 0.14285714285714285
  },
  "5": {
    "validity_ratio": 0.8472222222222222,
    "below": -1.5512771479841947,
    "above": 0.8190672596339449,
    "turn_on_times": 2,
    "turn_on_ratio": 0.2857142857142857
  },
  "6": {
    "validity_ratio": 0.8479166666666667,
    "below": -4.391014418558845,
    "above": 8.59444745407999,
    "turn_on_times": 0,
    "turn_on_ratio": 0.0
  },
  "7": {
    "validity_ratio": 0.8479166666666667,
    "below": -4.098922154494985,
    "above": 7.5714892465182135,
    "turn_on_times": 2,
    "turn_on_ratio": 0.4
  },
  "8": {
    "validity_ratio": 0.8520833333333333,
    "below": 0,
    "above": 0,
    "turn_on_times": 2,
    "turn_on_ratio": 1.0
  },
  "9": {
    "validity_ratio": 0.8486111111111111,
    "below": 0,
    "above": 6.007707956963014,
    "turn_on_times": 0,
    "turn_on_ratio": 0.0
  },
  "10": {
    "validity_ratio": 0.8506944444444444,
    "below": 0,
    "above": 0,
    "turn_on_times": 0,
    "turn_on_ratio": 0
  },
  "12": {
    "validity_ratio": 0.8520833333333333,
    "below": 0,
    "above": 4.599995014322808,
    "turn_on_times": 0,
    "turn_on_ratio": 0.0
  },
  "13": {
    "validity_ratio": 0.8486111111111111,
    "below": 0,
    "above": 16.470424764031698,
    "turn_on_times": 0,
    "turn_on_ratio": 0.0
  }
}