{
  "1": {
    "validity_ratio": 0.7506944444444444,
    "below": 0,
    "above": 38.5841294107523,
    "turn_on_times": 0,
    "turn_on_ratio": 0.0
  },
  "2": {
    "validity_ratio": 0.7479166666666667,
    "below": -1.097996661148195,
    "above": 9.244129995999046,
    "turn_on_times": 3,
    "turn_on_ratio": 0.6
  },
  "3": {
    "validity_ratio": 0.7472222222222222,
    "below": -0.7206598403572804,
    "above": 0,
    "turn_on_times": 4,
    "turn_on_ratio": 0.5714285714285714
  },
  "4": {
    "validity_ratio": 0.7513888888888889,
    "below": -1.141364199176796,
    "above": 2.5764078655084686,
    "turn_on_times": 1,
    "turn_on_ratio": 0.14285714285714285
  },
  "5": {
    "validity_ratio": 0.7493055555555556,
    "below": -1.551294218869727,
    "above": 0.8190553320299508,
    "turn_on_times": 2,
    "turn_on_ratio": 0.2857142857142857
  },
  "6": {
    "validity_ratio": 0.7506944444444444,
    "below": -4.391011370211123,
    "above": 8.594536471590434,
    "turn_on_times": 0,
    "turn_on_ratio": 0.0
  },
  "7": {
    "validity_ratio": 0.7506944444444444,
    "below": -4.098947436725089,
    "above": 3.1645499084554185,
    "turn_on_times": 2,
    "turn_on_ratio": 0.4
  },
  "8": {
    "validity_ratio": 0.7479166666666667,
    "below": 0,
    "above": 0,
    "turn_on_times": 2,
    "turn_on_ratio": 1.0
  },
  "9": {
    "validity_ratio": 0.7513888888888889,
    "below": 0,
    "above": 6.0076691847146275,
    "turn_on_times": 0,
    "turn_on_ratio": 0.0
  },
  "10": {
    "validity_ratio": 0.7465277777777778,
    "below": 0,
    "above": 0,
    "turn_on_times": 0,
    "turn_on_ratio": 0
  },
  "12": {
    "validity_ratio": 0.7479166666666667,
    "below": 0,
    "above": 4.6000342643323595,
    "turn_on_times": 0,
    "turn_on_ratio": 0.0
  },
  "13": {
    "validity_ratio": 0.7506944444444444,
    "below": 0,
    "above": 6.990243605010094,
    "turn_on_times": 0,
    "turn_on_ratio": 0.0
  }
}