{
  "1": {
    "validity_ratio": 0.30833333333333335,
    "below": 0,
    "above": 3.747504582786883,
    "turn_on_times": 0,
    "turn_on_ratio": 0.0
  },
  "2": {
    "validity_ratio": 0.30972222222222223,
    "below": 0,
    "above": 0,
    "turn_on_times": 1,
    "turn_on_ratio": 1.0
  },
  "3": {
    "validity_ratio": 0.3111111111111111,
    "below": 0,
    "above": 0,
    "turn_on_times": 1,
    "turn_on_ratio": 1.0
  },
  "4": {
    "validity_ratio": 0.31180555555555556,
    "below": 0,
    "above": 0.9288856927777777,
    "turn_on_times": 0,
    "turn_on_ratio": 0.0
  },
  "5": {
    "validity_ratio": 0.30694444444444446,
    "below": 0,
    "above": 0.19000000000000053,
    "turn_on_times": 0,
    "turn_on_ratio": 0.0
  },
  "6": {
    "validity_ratio": 0.3055555555555556,
    "below": 0,
    "above": 2.693035007943304,
    "turn_on_times": 0,
    "turn_on_ratio": 0.0
  },
  "7": {
    "validity_ratio": 0.31180555555555556,
    "below": 0,
    "above": 1.0220615173234455,
    "turn_on_times": 0,
    "turn_on_ratio": 0.0
  },
  "8": {
    "validity_ratio": 0.3104166666666667,
    "below": 0,
    "above": 0,
    "turn_on_times": 1,
    "turn_on_ratio": 1.0
  },
  "9": {
    "validity_ratio": 0.30694444444444446,
    "below": 0,
    "above": 2.7819899194057416,
    "turn_on_times": 0,
    "turn_on_ratio": 0.0
  },
  "10": {
    "validity_ratio": 0.3090277777777778,
    "below": 0,
    "above": 0,
    "turn_on_times": 0,
    "turn_on_ratio": 0
  },
  "12": {
    "validity_ratio": 0.3104166666666667,
    "below": 0,
    "above": 0.47047517492777735,
    "turn_on_times": 0,
    "turn_on_ratio": 0.0
  },
  "13": {
    "validity_ratio": 0.30625,
    "below": 0,
    "above": 1.065762075934102,
    "turn_on_times": 0,
    "turn_on_ratio": 0.0
  }
}