{
  "1": {
    "validity_ratio": 0.875,
    "below": 0,
    "above": 38.583828599682676,
    "turn_on_times": 0,
    "turn_on_ratio": 0.0
  },
  "2": {
    "validity_ratio": 0.8729166666666667,
    "below": -1.0979492709817074,
    "above": 24.09947448991536,
    "turn_on_times": 3,
    "turn_on_ratio": 0.6
  },
  "3": {
    "validity_ratio": 0.8763888888888889,
    "below": -0.7205991064957806,
    "above": 0,
    "turn_on_times": 4,
    "turn_on_ratio": 0.5714285714285714
  },
  "4": {
    "validity_ratio": 0.8763888888888889,
    "below": -1.141291906288782,
    "above": 2.576481038310216,
    "turn_on_times": 1,
    "turn_on_ratio": 0.14285714285714285
  },
  "5": {
    "validity_ratio": 0.875,
    "below": -1.5512423012537535,
    "above": 0.8190916074043274,
    "turn_on_times": 2,
    "turn_on_ratio": 0.2857142857142857
  },
  "6": {
    "validity_ratio": 0.8756944444444444,
    "below": -4.391020641138878,
    "above": 8.732082045300023,
    "turn_on_times": 0,
    "turn_on_ratio": 0.0
  },
  "7": {
    "validity_ratio": 0.8763888888888889,
    "below": -4.098870545979676,
    "above": 9.664135238395394,
    "turn_on_times": 2,
    "turn_on_ratio": 0.4
  },
  "8": {
    "validity_ratio": 0.8729166666666667,
    "below": 0,
    "above": 0,
    "turn_on_times": 2,
    "turn_on_ratio": 1.0
  },
  "9": {
    "validity_ratio": 0.8763888888888889,
    "below": 0,
    "above": 6.007787097262176,
    "turn_on_times": 0,
    "turn_on_ratio": 0.0
  },
  "10": {
    "validity_ratio": 0.8715277777777778,
    "below": 0,
    "above": 0,
    "turn_on_times": 0,
    "turn_on_ratio": 0
  },
  "12": {
    "validity_ratio": 0.8729166666666667,
    "below": 0,
    "above": 4.599914297194932,
    "turn_on_times": 0,
    "turn_on_ratio": 0.0
  },
  "13": {
    "validity_ratio": 0.8763888888888889,
    "below": 0,
    "above": 20.709236679648505,
    "turn_on_times": 0,
    "turn_on_ratio": 0.0
  }
}