{
  "1": {
    "validity_ratio": 0.7027777777777777,
    "below": 0,
    "above": 38.43997440503237,
    "turn_on_times": 0,
    "turn_on_ratio": 0.0
  },
  "2": {
    "validity_ratio": 0.6854166666666667,
    "below": -1.0979851234799851,
    "above": 5.273489840545924,
    "turn_on_times": 3,
    "turn_on_ratio": 0.6
  },
  "3": {
    "validity_ratio": 0.6986111111111111,
    "below": -0.7206450540166728,
    "above": 0,
    "turn_on_times": 4,
    "turn_on_ratio": 0.5714285714285714
  },
  "4": {
    "validity_ratio": 0.7027777777777777,
    "below": -1.1413465986613789,
    "above": 2.5764257674871685,
    "turn_on_times": 1,
    "turn_on_ratio": 0.14285714285714285
  },
  "5": {
    "validity_ratio": 0.7041666666666667,
    "below": -1.551281578943097,
    "above": 0.8190641636772055,
    "turn_on_times": 2,
    "turn_on_ratio": 0.2857142857142857
  },
  "6": {
    "validity_ratio": 0.7020833333333333,
    "below": -4.391013627322593,
    "above": 8.594470559812432,
    "turn_on_times": 0,
    "turn_on_ratio": 0.0
  },
  "7": {
    "validity_ratio": 0.7020833333333333,
    "below": -4.098928716809654,
    "above": 3.1645172003509714,
    "turn_on_times": 2,
    "turn_on_ratio": 0.4
  },
  "8": {
    "validity_ratio": 0.6993055555555555,
    "below": 0,
    "above": 0,
    "turn_on_times": 2,
    "turn_on_ratio": 1.0
  },
  "9": {
    "validity_ratio": 0.7027777777777777,
    "below": 0,
    "above": 6.007697893312915,
    "turn_on_times": 0,
    "turn_on_ratio": 0.0
  },
  "10": {
    "validity_ratio": 0.6979166666666666,
    "below": 0,
    "above": 0,
    "turn_on_times": 0,
    "turn_on_ratio": 0
  },
  "12": {
    "validity_ratio": 0.6993055555555555,
    "below": 0,
    "above": 4.600005220605003,
    "turn_on_times": 0,
    "turn_on_ratio": 0.0
  },
  "13": {
    "validity_ratio": 0.7020833333333333,
    "below": 0,
    "above": 6.111902122510202,
    "turn_on_times": 0,
    "turn_on_ratio": 0.0
  }
}