{
  "1": {
    "validity_ratio": 0.9166666666666666,
    "below": 0,
    "above": 38.59609961054089,
    "turn_on_times": 0,
    "turn_on_ratio": 0.0
  },
  "2": {
    "validity_ratio": 0.9215277777777777,
    "below": -1.097960661054922,
    "above": 29.7439277885554,
    "turn_on_times": 3,
    "turn_on_ratio": 0.6
  },
  "3": {
    "validity_ratio": 0.9173611111111111,
    "below": -0.7206137036829257,
    "above": 0,
    "turn_on_times": 4,
    "turn_on_ratio": 0.5714285714285714
  },
  "4": {
    "validity_ratio": 0.9180555555555555,
    "below": -1.1413092816505583,
    "above": 2.576463537940975,
    "turn_on_times": 1,
    "turn_on_ratio": 0.14285714285714285
  },
  "5": {
    "validity_ratio": 0.9166666666666666,
    "below": -1.5512547794848062,
    "above": 0.8190828887354423,
    "turn_on_times": 2,
    "turn_on_ratio": 0.2857142857142857
  },
  "6": {
    "validity_ratio": 0.9173611111111111,
    "below": -4.391018412901385,
    "above": 13.299450166636467,
    "turn_on_times": 0,
    "turn_on_ratio": 0.0
  },
  "7": {
    "validity_ratio": 0.9180555555555555,
    "below": -4.098889026421603,
    "above": 12.451474495277449,
    "turn_on_times": 2,
    "turn_on_ratio": 0.4
  },
  "8": {
    "validity_ratio": 0.9215277777777777,
    "below": 0,
    "above": 0,
    "turn_on_times": 2,
    "turn_on_ratio": 1.0
  },
  "9": {
    "validity_ratio": 0.9180555555555555,
    "below": 0,
    "above": 6.007758758814477,
    "turn_on_times": 0,
    "turn_on_ratio": 0.0
  },
  "10": {
    "validity_ratio": 0.9201388888888888,
    "below": 0,
    "above": 0,
    "turn_on_times": 0,
    "turn_on_ratio": 0
  },
  "12": {
    "validity_ratio": 0.9215277777777777,
    "below": 0,
    "above": 4.599943293099656,
    "turn_on_times": 0,
    "turn_on_ratio": 0.0
  },
  "13": {
    "validity_ratio": 0.9180555555555555,
    "below": 0,
    "above": 26.80491728219487,
    "turn_on_times": 0,
    "turn_on_ratio": 0.0
  }
}