{
  "1": {
    "validity_ratio": 0.9097222222222222,
    "below": 0,
    "above": 38.58354810120771,
    "turn_on_times": 0,
    "turn_on_ratio": 0.0
  },
  "2": {
    "validity_ratio": 0.9145833333333333,
    "below": -1.0979050808877548,
    "above": 29.506244182041563,
    "turn_on_times": 3,
    "turn_on_ratio": 0.6
  },
  "3": {
    "validity_ratio": 0.9104166666666667,
    "below": -0.7205424737543338,
    "above": 0,
    "turn_on_times": 4,
    "turn_on_ratio": 0.5714285714285714
  },
  "4": {
    "validity_ratio": 0.9111111111111111,
    "below": -1.1412244950566586,
    "above": 2.5765484165516686,
    "turn_on_times": 1,
    "turn_on_ratio": 0.14285714285714285
  },
  "5": {
    "validity_ratio": 0.9097222222222222,
    "below": -1.5511938894312671,
    "above": 0.8191254332445934,
    "turn_on_times": 2,
    "turn_on_ratio": 0.2857142857142857
  },
  "6": {
    "validity_ratio": 0.9104166666666667,
    "below": -4.391029286037156,
    "above": 12.644371769174862,
    "turn_on_times": 0,
    "turn_on_ratio": 0.0
  },
  "7": {
    "validity_ratio": 0.9111111111111111,
    "below": -4.098798847365477,
    "above": 12.078979803646174,
    "turn_on_times": 2,
    "turn_on_ratio": 0.4
  },
  "8": {
    "validity_ratio": 0.9145833333333333,
    "below": 0,
    "above": 0,
    "turn_on_times": 2,
    "turn_on_ratio": 1.0
  },
  "9": {
    "validity_ratio": 0.9111111111111111,
    "below": 0,
    "above": 6.0078970333093125,
    "turn_on_times": 0,
    "turn_on_ratio": 0.0
  },
  "10": {
    "validity_ratio": 0.9131944444444444,
    "below": 0,
    "above": 0,
    "turn_on_times": 0,
    "turn_on_ratio": 0
  },
  "12": {
    "validity_ratio": 0.9145833333333333,
    "below": 0,
    "above": 4.599800830216148,
    "turn_on_times": 0,
    "turn_on_ratio": 0.0
  },
  "13": {
    "validity_ratio": 0.9111111111111111,
    "below": 0,
    "above": 25.982836060683034,
    "turn_on_times": 0,
    "turn_on_ratio": 0.0
  }
}