{
  "1": {
    "validity_ratio": 0.7715277777777778,
    "below": 0,
    "above": 38.58420034788446,
    "turn_on_times": 0,
    "turn_on_ratio": 0.0
  },
  "2": {
    "validity_ratio": 0.76875,
    "below": -1.0980078366761068,
    "above": 10.740905344373441,
    "turn_on_times": 3,
    "turn_on_ratio": 0.6
  },
  "3": {
    "validity_ratio": 0.7722222222222223,
    "below": -0.7206741625893943,
    "above": 0,
    "turn_on_times": 4,
    "turn_on_ratio": 0.5714285714285714
  },
  "4": {
    "validity_ratio": 0.7722222222222223,
    "below": -1.141381247253384,
    "above": 2.576390471898441,
    "turn_on_times": 1,
    "turn_on_ratio": 0.14285714285714285
  },
  "5": {
    "validity_ratio": 0.7701388888888889,
    "below": -1.5513064620587553,
    "above": 0.8190467775873557,
    "turn_on_times": 2,
    "turn_on_ratio": 0.2857142857142857
  },
  "6": {
    "validity_ratio": 0.7715277777777778,
    "below": -4.391009183945072,
    "above": 8.594600313793169,
    "turn_on_times": 0,
    "turn_on_ratio": 0.0
  },
  "7": {
    "validity_ratio": 0.7715277777777778,
    "below": -4.098965569066356,
    "above": 3.164581523053098,
    "turn_on_times": 2,
    "turn_on_ratio": 0.4
  },
  "8": {
    "validity_ratio": 0.76875,
    "below": 0,
    "above": 0,
    "turn_on_times": 2,
    "turn_on_ratio": 1.0
  },
  "9": {
    "validity_ratio": 0.7722222222222223,
    "below": 0,
    "above": 6.0076413763131455,
    "turn_on_times": 0,
    "turn_on_ratio": 0.0
  },
  "10": {
    "validity_ratio": 0.7673611111111112,
    "below": 0,
    "above": 0,
    "turn_on_times": 0,
    "turn_on_ratio": 0
  },
  "12": {
    "validity_ratio": 0.76875,
    "below": 0,
    "above": 4.600062296043015,
    "turn_on_times": 0,
    "turn_on_ratio": 0.0
  },
  "13": {
    "validity_ratio": 0.7715277777777778,
    "below": 0,
    "above": 7.376000145351824,
    "turn_on_times": 0,
    "turn_on_ratio": 0.0
  }
}