{
  "1": {
    "validity_ratio": 0.8270833333333333,
    "below": 0,
    "above": 38.58389742645306,
    "turn_on_times": 0,
    "turn_on_ratio": 0.0
  },
  "2": {
    "validity_ratio": 0.83125,
    "below": -1.0979601140404787,
    "above": 18.107517402810252,
    "turn_on_times": 3,
    "turn_on_ratio": 0.6
  },
  "3": {
    "validity_ratio": 0.8347222222222223,
    "below": -0.7206130026450958,
    "above": 0,
    "turn_on_times": 4,
    "turn_on_ratio": 0.5714285714285714
  },
  "4": {
    "validity_ratio": 0.8347222222222223,
    "below": -1.1413084471893842,
    "above": 2.576464379656596,
    "turn_on_times": 1,
    "turn_on_ratio": 0.14285714285714285
  },
  "5": {
    "validity_ratio": 0.8333333333333334,
    "below": -1.551254180210992,
    "above": 0.8190833074542438,
    "turn_on_times": 2,
    "turn_on_ratio": 0.2857142857142857
  },
  "6": {
    "validity_ratio": 0.8340277777777778,
    "below": -4.391018519913694,
    "above": 8.594327684480552,
    "turn_on_times": 0,
    "turn_on_ratio": 0.0
  },
  "7": {
    "validity_ratio": 0.8340277777777778,
    "below": -4.098888138888357,
    "above": 6.504755293234497,
    "turn_on_times": 2,
    "turn_on_ratio": 0.4
  },
  "8": {
    "validity_ratio": 0.83125,
    "below": 0,
    "above": 0,
    "turn_on_times": 2,
    "turn_on_ratio": 1.0
  },
  "9": {
    "validity_ratio": 0.8347222222222223,
    "below": 0,
    "above": 6.007760119804803,
    "turn_on_times": 0,
    "turn_on_ratio": 0.0
  },
  "10": {
    "validity_ratio": 0.8298611111111112,
    "below": 0,
    "above": 0,
    "turn_on_times": 0,
    "turn_on_ratio": 0
  },
  "12": {
    "validity_ratio": 0.83125,
    "below": 0,
    "above": 4.599941902901714,
    "turn_on_times": 0,
    "turn_on_ratio": 0.0
  },
  "13": {
    "validity_ratio": 0.8340277777777778,
    "below": 0,
    "above": 14.247966443630496,
    "turn_on_times": 0,
    "turn_on_ratio": 0.0
  }
}