{
  "1": {
    "validity_ratio": 0.5777777777777777,
    "below": 0,
    "above": 28.40253051138741,
    "turn_on_times": 0,
    "turn_on_ratio": 0.0
  },
  "2": {
    "validity_ratio": 0.5805555555555556,
    "below": -1.0979385624321902,
    "above": 1.8940859682007642,
    "turn_on_times": 3,
    "turn_on_ratio": 0.6
  },
  "3": {
    "validity_ratio": 0.58125,
    "below": -0.7205853827296188,
    "above": 0,
    "turn_on_times": 4,
    "turn_on_ratio": 0.5714285714285714
  },
  "4": {
    "validity_ratio": 0.5777777777777777,
    "below": -1.1412755705797433,
    "above": 2.576497441639376,
    "turn_on_times": 1,
    "turn_on_ratio": 0.14285714285714285
  },
  "5": {
    "validity_ratio": 0.5784722222222223,
    "below": -1.5512305696561954,
    "above": 0.8190998043926799,
    "turn_on_times": 2,
    "turn_on_ratio": 0.2857142857142857
  },
  "6": {
    "validity_ratio": 0.5770833333333333,
    "below": -1.9255701154728555,
    "above": 8.59420456023914,
    "turn_on_times": 0,
    "turn_on_ratio": 0.0
  },
  "7": {
    "validity_ratio": 0.5763888888888888,
    "below": -4.098853171312828,
    "above": 2.3054858790111417,
    "turn_on_times": 2,
    "turn_on_ratio": 0.4
  },
  "8": {
    "validity_ratio": 0.58125,
    "below": 0,
    "above": 0,
    "turn_on_times": 2,
    "turn_on_ratio": 1.0
  },
  "9": {
    "validity_ratio": 0.5777777777777777,
    "below": 0,
    "above": 5.388146789957657,
    "turn_on_times": 0,
    "turn_on_ratio": 0.0
  },
  "10": {
    "validity_ratio": 0.5798611111111112,
    "below": 0,
    "above": 0,
    "turn_on_times": 0,
    "turn_on_ratio": 0
  },
  "12": {
    "validity_ratio": 0.58125,
    "below": 0,
    "above": 4.599886942653007,
    "turn_on_times": 0,
    "turn_on_ratio": 0.0
  },
  "13": {
    "validity_ratio": 0.5770833333333333,
    "below": 0,
    "above": 3.702405088903522,
    "turn_on_times": 0,
    "turn_on_ratio": 0.0
  }
}