{
  "1": {
    "validity_ratio": 0.8201388888888889,
    "below": 0,
    "above": 38.58393496867903,
    "turn_on_times": 0,
    "turn_on_ratio": 0.0
  },
  "2": {
    "validity_ratio": 0.8173611111111111,
    "below": -1.0979660284915007,
    "above": 16.12028058064417,
    "turn_on_times": 3,
    "turn_on_ratio": 0.6
  },
  "3": {
    "validity_ratio": 0.8208333333333333,
    "below": -0.7206205824338145,
    "above": 0,
    "turn_on_times": 4,
    "turn_on_ratio": 0.5714285714285714
  },
  "4": {
    "validity_ratio": 0.8208333333333333,
    "below": -1.1413174695832098,
    "above": 2.576455272130945,
    "turn_on_times": 1,
    "turn_on_ratio": 0.14285714285714285
  },
  "5": {
    "validity_ratio": 0.8194444444444444,
    "below": -1.5512606597028293,
    "above": 0.8190787801663902,
    "turn_on_times": 2,
    "turn_on_ratio": 0.2857142857142857
  },
  "6": {
    "validity_ratio": 0.8201388888888889,
    "below": -4.391017362870952,
    "above": 8.594361473226705,
    "turn_on_times": 0,
    "turn_on_ratio": 0.0
  },
  "7": {
    "validity_ratio": 0.8201388888888889,
    "below": -4.098897735110139,
    "above": 5.438107632404096,
    "turn_on_times": 2,
    "turn_on_ratio": 0.4
  },
  "8": {
    "validity_ratio": 0.8173611111111111,
    "below": 0,
    "above": 0,
    "turn_on_times": 2,
    "turn_on_ratio": 1.0
  },
  "9": {
    "validity_ratio": 0.8208333333333333,
    "below": 0,
    "above": 6.007745404339508,
    "turn_on_times": 0,
    "turn_on_ratio": 0.0
  },
  "10": {
    "validity_ratio": 0.8159722222222222,
    "below": 0,
    "above": 0,
    "turn_on_times": 0,
    "turn_on_ratio": 0
  },
  "12": {
    "validity_ratio": 0.8173611111111111,
    "below": 0,
    "above": 4.599956921497637,
    "turn_on_times": 0,
    "turn_on_ratio": 0.0
  },
  "13": {
    "validity_ratio": 0.8201388888888889,
    "below": 0,
    "above": 12.127907670449085,
    "turn_on_times": 0,
    "turn_on_ratio": 0.0
  }
}