{
  "1": {
    "validity_ratio": 0.41875,
    "below": 0,
    "above": 11.281730371013444,
    "turn_on_times": 0,
    "turn_on_ratio": 0.0
  },
  "2": {
    "validity_ratio": 0.41388888888888886,
    "below": -0.8510726480985515,
    "above": 0,
    "turn_on_times": 3,
    "turn_on_ratio": 0.6
  },
  "3": {
    "validity_ratio": 0.41458333333333336,
    "below": -0.7205726406114226,
    "above": 0,
    "turn_on_times": 3,
    "turn_on_ratio": 0.6
  },
  "4": {
    "validity_ratio": 0.41388888888888886,
    "below": -0.6405328790892287,
    "above": 2.5765126283514763,
    "turn_on_times": 0,
    "turn_on_ratio": 0.0
  },
  "5": {
    "validity_ratio": 0.41875,
    "below": -0.9026198142025743,
    "above": 0.8191074150582375,
    "turn_on_times": 2,
    "turn_on_ratio": 0.4
  },
  "6": {
    "validity_ratio": 0.4166666666666667,
    "below": 0,
    "above": 7.753201513167688,
    "turn_on_times": 0,
    "turn_on_ratio": 0.0
  },
  "7": {
    "validity_ratio": 0.41597222222222224,
    "below": -1.6910385121816143,
    "above": 1.0221391081137279,
    "turn_on_times": 2,
    "turn_on_ratio": 0.4
  },
  "8": {
    "validity_ratio": 0.41458333333333336,
    "below": 0,
    "above": 0,
    "turn_on_times": 1,
    "turn_on_ratio": 1.0
  },
  "9": {
    "validity_ratio": 0.41805555555555557,
    "below": 0,
    "above": 4.680495863135009,
    "turn_on_times": 0,
    "turn_on_ratio": 0.0
  },
  "10": {
    "validity_ratio": 0.4131944444444444,
    "below": 0,
    "above": 0,
    "turn_on_times": 0,
    "turn_on_ratio": 0
  },
  "12": {
    "validity_ratio": 0.41458333333333336,
    "below": 0,
    "above": 3.4486741118013007,
    "turn_on_times": 0,
    "turn_on_ratio": 0.0
  },
  "13": {
    "validity_ratio": 0.4173611111111111,
    "below": 0,
    "above": 1.103384477960802,
    "turn_on_times": 0,
    "turn_on_ratio": 0.0
  }
}