{
  "1": {
    "validity_ratio": 0.7298611111111111,
    "below": 0,
    "above": 38.58339968530468,
    "turn_on_times": 0,
    "turn_on_ratio": 0.0
  },
  "2": {
    "validity_ratio": 0.7340277777777777,
    "below": -1.097881699253677,
    "above": 8.309698767451666,
    "turn_on_times": 3,
    "turn_on_ratio": 0.6
  },
  "3": {
    "validity_ratio": 0.7333333333333333,
    "below": -0.7205125085309358,
    "above": 0,
    "turn_on_times": 4,
    "turn_on_ratio": 0.5714285714285714
  },
  "4": {
    "validity_ratio": 0.7305555555555555,
    "below": -1.141188826773991,
    "above": 2.576583734174537,
    "turn_on_times": 1,
    "turn_on_ratio": 0.14285714285714285
  },
  "5": {
    "validity_ratio": 0.7354166666666667,
    "below": -1.5511682740180104,
    "above": 0.8191433309983372,
    "turn_on_times": 2,
    "turn_on_ratio": 0.2857142857142857
  },
  "6": {
    "validity_ratio": 0.7298611111111111,
    "below": -4.391033860181041,
    "above": 8.593879687815612,
    "turn_on_times": 0,
    "turn_on_ratio": 0.0
  },
  "7": {
    "validity_ratio": 0.7229166666666667,
    "below": -4.0987609105653675,
    "above": 3.1559662549256,
    "turn_on_times": 2,
    "turn_on_ratio": 0.4
  },
  "8": {
    "validity_ratio": 0.7340277777777777,
    "below": 0,
    "above": 0,
    "turn_on_times": 2,
    "turn_on_ratio": 1.0
  },
  "9": {
    "validity_ratio": 0.7305555555555555,
    "below": 0,
    "above": 6.007955196508821,
    "turn_on_times": 0,
    "turn_on_ratio": 0.0
  },
  "10": {
    "validity_ratio": 0.7326388888888888,
    "below": 0,
    "above": 0,
    "turn_on_times": 0,
    "turn_on_ratio": 0
  },
  "12": {
    "validity_ratio": 0.7340277777777777,
    "below": 0,
    "above": 4.599740168216279,
    "turn_on_times": 0,
    "turn_on_ratio": 0.0
  },
  "13": {
    "validity_ratio": 0.7298611111111111,
    "below": 0,
    "above": 6.6009563930199455,
    "turn_on_times": 0,
    "turn_on_ratio": 0.0
  }
}