{
  "1": {
    "validity_ratio": 0.7319444444444444,
    "below": 0,
    "above": 35.146373813205734,
    "turn_on_times": 0,
    "turn_on_ratio": 0.0
  },
  "2": {
    "validity_ratio": 0.7284722222222222,
    "below": -9.150874533794095,
    "above": 0.06346096572277761,
    "turn_on_times": 2,
    "turn_on_ratio": 1.0
  },
  "3": {
    "validity_ratio": 0.7319444444444444,
    "below": 0,
    "above": 8.11939054151386,
    "turn_on_times": 0,
    "turn_on_ratio": 0.0
  },
  "4": {
    "validity_ratio": 0.7256944444444444,
    "below": 0,
    "above": 7.469292478264807,
    "turn_on_times": 0,
    "turn_on_ratio": 0.0
  },
  "5": {
    "validity_ratio": 0.7284722222222222,
    "below": 0,
    "above": 20.981333515137077,
    "turn_on_times": 0,
    "turn_on_ratio": 0.0
  },
  "6": {
    "validity_ratio": 0.7291666666666666,
    "below": 0,
    "above": 7.308922479469198,
    "turn_on_times": 0,
    "turn_on_ratio": 0.0
  },
  "7": {
    "validity_ratio": 0.7305555555555555,
    "below": -5.126253761778585,
    "above": 0,
    "turn_on_times": 1,
    "turn_on_ratio": 1.0
  },
  "8": {
    "validity_ratio": 0.7305555555555555,
    "below": -0.44454334728405226,
    "above": 0.10439477745944442,
    "turn_on_times": 4,
    "turn_on_ratio": 0.8
  },
  "9": {
    "validity_ratio": 0.7277777777777777,
    "below": -0.6041159615158704,
    "above": 16.135800867575185,
    "turn_on_times": 1,
    "turn_on_ratio": 0.2
  },
  "10": {
    "validity_ratio": 0.7305555555555555,
    "below": -20.31657821847334,
    "above": 0,
    "turn_on_times": 1,
    "turn_on_ratio": 1.0
  }
}