{
  "1": {
    "validity_ratio": 0.98125,
    "below": 0,
    "above": 41.187205617642,
    "turn_on_times": 0,
    "turn_on_ratio": 0.0
  },
  "2": {
    "validity_ratio": 0.9784722222222222,
    "below": -9.150627606964765,
    "above": 0.13205350835999966,
    "turn_on_times": 2,
    "turn_on_ratio": 1.0
  },
  "3": {
    "validity_ratio": 0.98125,
    "below": 0,
    "above": 13.04280765851112,
    "turn_on_times": 0,
    "turn_on_ratio": 0.0
  },
  "4": {
    "validity_ratio": 0.9756944444444444,
    "below": 0,
    "above": 9.536869088207279,
    "turn_on_times": 0,
    "turn_on_ratio": 0.0
  },
  "5": {
    "validity_ratio": 0.9791666666666666,
    "below": 0,
    "above": 25.223855911877433,
    "turn_on_times": 0,
    "turn_on_ratio": 0.0
  },
  "6": {
    "validity_ratio": 0.9791666666666666,
    "below": 0,
    "above": 10.659802332164308,
    "turn_on_times": 0,
    "turn_on_ratio": 0.0
  },
  "7": {
    "validity_ratio": 0.9763888888888889,
    "below": -5.126066542777895,
    "above": 0.020407932843937004,
    "turn_on_times": 1,
    "turn_on_ratio": 1.0
  },
  "8": {
    "validity_ratio": 0.9805555555555555,
    "below": -0.4446029117053504,
    "above": 0.1043844311600001,
    "turn_on_times": 4,
    "turn_on_ratio": 0.8
  },
  "9": {
    "validity_ratio": 0.9777777777777777,
    "below": -0.604155266612125,
    "above": 16.13622208900806,
    "turn_on_times": 1,
    "turn_on_ratio": 0.2
  },
  "10": {
    "validity_ratio": 0.9805555555555555,
    "below": -48.797661522869255,
    "above": 0,
    "turn_on_times": 1,
    "turn_on_ratio": 1.0
  }
}