{
  "1": {
    "validity_ratio": 0.8840277777777777,
    "below": 0,
    "above": 41.18737551941876,
    "turn_on_times": 0,
    "turn_on_ratio": 0.0
  },
  "2": {
    "validity_ratio": 0.88125,
    "below": -9.150729680465343,
    "above": 0.1320561127333331,
    "turn_on_times": 2,
    "turn_on_ratio": 1.0
  },
  "3": {
    "validity_ratio": 0.8840277777777777,
    "below": 0,
    "above": 13.043129951314516,
    "turn_on_times": 0,
    "turn_on_ratio": 0.0
  },
  "4": {
    "validity_ratio": 0.8784722222222222,
    "below": 0,
    "above": 9.536636473694275,
    "turn_on_times": 0,
    "turn_on_ratio": 0.0
  },
  "5": {
    "validity_ratio": 0.8819444444444444,
    "below": 0,
    "above": 25.223461415656356,
    "turn_on_times": 0,
    "turn_on_ratio": 0.0
  },
  "6": {
    "validity_ratio": 0.8819444444444444,
    "below": 0,
    "above": 10.659490160956954,
    "turn_on_times": 0,
    "turn_on_ratio": 0.0
  },
  "7": {
    "validity_ratio": 0.8826388888888889,
    "below": -5.1261439345252,
    "above": 0.02033780045730536,
    "turn_on_times": 1,
    "turn_on_ratio": 1.0
  },
  "8": {
    "validity_ratio": 0.8833333333333333,
    "below": -0.44457828923314013,
    "above": 0.1043887080666666,
    "turn_on_times": 4,
    "turn_on_ratio": 0.8
  },
  "9": {
    "validity_ratio": 0.8805555555555555,
    "below": -0.604139018848458,
    "above": 16.136047974237236,
    "turn_on_times": 1,
    "turn_on_ratio": 0.2
  },
  "10": {
    "validity_ratio": 0.8833333333333333,
    "below": -39.614364916968206,
    "above": 0,
    "turn_on_times": 1,
    "turn_on_ratio": 1.0
  }
}