{
  "1": {
    "validity_ratio": 0.8222222222222222,
    "below": 0,
    "above": 41.1881249432171,
    "turn_on_times": 0,
    "turn_on_ratio": 0.0
  },
  "2": {
    "validity_ratio": 0.81875,
    "below": -9.151186192852155,
    "above": 0.13206776050361094,
    "turn_on_times": 2,
    "turn_on_ratio": 1.0
  },
  "3": {
    "validity_ratio": 0.8215277777777777,
    "below": 0,
    "above": 13.044571370057511,
    "turn_on_times": 0,
    "turn_on_ratio": 0.0
  },
  "4": {
    "validity_ratio": 0.8159722222222222,
    "below": 0,
    "above": 9.53554391606339,
    "turn_on_times": 0,
    "turn_on_ratio": 0.0
  },
  "5": {
    "validity_ratio": 0.81875,
    "below": 0,
    "above": 25.22164486007793,
    "turn_on_times": 0,
    "turn_on_ratio": 0.0
  },
  "6": {
    "validity_ratio": 0.8194444444444444,
    "below": 0,
    "above": 10.658062677923676,
    "turn_on_times": 0,
    "turn_on_ratio": 0.0
  },
  "7": {
    "validity_ratio": 0.8208333333333333,
    "below": -5.126490060513567,
    "above": 0.01998236909299556,
    "turn_on_times": 1,
    "turn_on_ratio": 1.0
  },
  "8": {
    "validity_ratio": 0.8208333333333333,
    "below": -0.44446816796277683,
    "above": 0.10440783605638894,
    "turn_on_times": 4,
    "turn_on_ratio": 0.8
  },
  "9": {
    "validity_ratio": 0.8180555555555555,
    "below": -0.6040663525312673,
    "above": 16.143874655111443,
    "turn_on_times": 1,
    "turn_on_ratio": 0.2
  },
  "10": {
    "validity_ratio": 0.8208333333333333,
    "below": -32.53381615761369,
    "above": 0,
    "turn_on_times": 1,
    "turn_on_ratio": 1.0
  }
}