{
  "1": {
    "validity_ratio": 0.5805555555555556,
    "below": 0,
    "above": 30.731509633345816,
    "turn_on_times": 0,
    "turn_on_ratio": 0.0
  },
  "2": {
    "validity_ratio": 0.5826388888888889,
    "below": -8.70994894059637,
    "above": 0.07180821292666663,
    "turn_on_times": 1,
    "turn_on_ratio": 1.0
  },
  "3": {
    "validity_ratio": 0.5798611111111112,
    "below": 0,
    "above": 6.713865973513881,
    "turn_on_times": 0,
    "turn_on_ratio": 0.0
  },
  "4": {
    "validity_ratio": 0.5798611111111112,
    "below": 0,
    "above": 2.9203457049361017,
    "turn_on_times": 0,
    "turn_on_ratio": 0.0
  },
  "5": {
    "validity_ratio": 0.5826388888888889,
    "below": 0,
    "above": 12.494040093329652,
    "turn_on_times": 0,
    "turn_on_ratio": 0.0
  },
  "6": {
    "validity_ratio": 0.5770833333333333,
    "below": 0,
    "above": 3.451790015771874,
    "turn_on_times": 0,
    "turn_on_ratio": 0.0
  },
  "7": {
    "validity_ratio": 0.5770833333333333,
    "below": -5.12679587200205,
    "above": 0,
    "turn_on_times": 1,
    "turn_on_ratio": 1.0
  },
  "8": {
    "validity_ratio": 0.58125,
    "below": -0.41739113012963763,
    "above": 0.09599877097777801,
    "turn_on_times": 2,
    "turn_on_ratio": 1.0
  },
  "9": {
    "validity_ratio": 0.5784722222222223,
    "below": 0,
    "above": 14.559713278429761,
    "turn_on_times": 0,
    "turn_on_ratio": 0.0
  },
  "10": {
    "validity_ratio": 0.5826388888888889,
    "below": 0,
    "above": 0,
    "turn_on_times": 0,
    "turn_on_ratio": 0
  }
}