{
  "1": {
    "validity_ratio": 0.8013888888888889,
    "below": 0,
    "above": 40.897085962201594,
    "turn_on_times": 0,
    "turn_on_ratio": 0.0
  },
  "2": {
    "validity_ratio": 0.7979166666666667,
    "below": -9.15157680294336,
    "above": 0.07180795068666636,
    "turn_on_times": 2,
    "turn_on_ratio": 1.0
  },
  "3": {
    "validity_ratio": 0.8013888888888889,
    "below": 0,
    "above": 12.517375541712036,
    "turn_on_times": 0,
    "turn_on_ratio": 0.0
  },
  "4": {
    "validity_ratio": 0.7951388888888888,
    "below": 0,
    "above": 9.534541325188624,
    "turn_on_times": 0,
    "turn_on_ratio": 0.0
  },
  "5": {
    "validity_ratio": 0.7979166666666667,
    "below": 0,
    "above": 25.22002278786487,
    "turn_on_times": 0,
    "turn_on_ratio": 0.0
  },
  "6": {
    "validity_ratio": 0.7986111111111112,
    "below": 0,
    "above": 10.656800609866643,
    "turn_on_times": 0,
    "turn_on_ratio": 0.0
  },
  "7": {
    "validity_ratio": 0.8,
    "below": -5.126786219627317,
    "above": 0.019624043719458705,
    "turn_on_times": 1,
    "turn_on_ratio": 1.0
  },
  "8": {
    "validity_ratio": 0.8,
    "below": -0.44437394383938783,
    "above": 0.1044242027224999,
    "turn_on_times": 4,
    "turn_on_ratio": 0.8
  },
  "9": {
    "validity_ratio": 0.7972222222222223,
    "below": -0.6040041763502754,
    "above": 16.143988237675515,
    "turn_on_times": 1,
    "turn_on_ratio": 0.2
  },
  "10": {
    "validity_ratio": 0.8,
    "below": -29.922677648085003,
    "above": 0,
    "turn_on_times": 1,
    "turn_on_ratio": 1.0
  }
}