{
  "1": {
    "validity_ratio": 0.9048611111111111,
    "below": 0,
    "above": 41.1881653040424,
    "turn_on_times": 0,
    "turn_on_ratio": 0.0
  },
  "2": {
    "validity_ratio": 0.9020833333333333,
    "below": -9.151211077539969,
    "above": 0.1404017808999997,
    "turn_on_times": 2,
    "turn_on_ratio": 1.0
  },
  "3": {
    "validity_ratio": 0.9048611111111111,
    "below": 0,
    "above": 13.044649942417115,
    "turn_on_times": 0,
    "turn_on_ratio": 0.0
  },
  "4": {
    "validity_ratio": 0.8993055555555556,
    "below": 0,
    "above": 9.535481907322149,
    "turn_on_times": 0,
    "turn_on_ratio": 0.0
  },
  "5": {
    "validity_ratio": 0.9027777777777778,
    "below": 0,
    "above": 25.22154338589518,
    "turn_on_times": 0,
    "turn_on_ratio": 0.0
  },
  "6": {
    "validity_ratio": 0.9027777777777778,
    "below": 0,
    "above": 10.657983393295506,
    "turn_on_times": 0,
    "turn_on_ratio": 0.0
  },
  "7": {
    "validity_ratio": 0.9034722222222222,
    "below": -5.126508927991027,
    "above": 0.01996103201400087,
    "turn_on_times": 1,
    "turn_on_ratio": 1.0
  },
  "8": {
    "validity_ratio": 0.9041666666666667,
    "below": -0.4444621652046607,
    "above": 0.10440887873138872,
    "turn_on_times": 4,
    "turn_on_ratio": 0.8
  },
  "9": {
    "validity_ratio": 0.9013888888888889,
    "below": -0.6040623914588613,
    "above": 16.14388189417766,
    "turn_on_times": 1,
    "turn_on_ratio": 0.2
  },
  "10": {
    "validity_ratio": 0.9041666666666667,
    "below": -41.76301651091492,
    "above": 0,
    "turn_on_times": 1,
    "turn_on_ratio": 1.0
  }
}