{
  "1": {
    "validity_ratio": 0.9944444444444445,
    "below": -7.913801194832277,
    "above": 39.000566801887835,
    "turn_on_times": 0,
    "turn_on_ratio": 0.0
  },
  "2": {
    "validity_ratio": 0.9923611111111111,
    "below": -26.61790546652631,
    "above": 14.325417768291185,
    "turn_on_times": 3,
    "turn_on_ratio": 0.42857142857142855
  },
  "3": {
    "validity_ratio": 0.9923611111111111,
    "below": 0,
    "above": 49.86965948936566,
    "turn_on_times": 0,
    "turn_on_ratio": 0.0
  },
  "4": {
    "validity_ratio": 0.9916666666666667,
    "below": -9.654379486847034,
    "above": 0,
    "turn_on_times": 2,
    "turn_on_ratio": 1.0
  },
  "5": {
    "validity_ratio": 0.9944444444444445,
    "below": 0,
    "above": 68.47072824169916,
    "turn_on_times": 0,
    "turn_on_ratio": 0.0
  },
  "6": {
    "validity_ratio": 0.9923611111111111,
    "below": -9.393822477223255,
    "above": 24.254779516253937,
    "turn_on_times": 1,
    "turn_on_ratio": 0.14285714285714285
  },
  "7": {
    "validity_ratio": 0.9916666666666667,
    "below": 0,
    "above": 5.088975688630335,
    "turn_on_times": 3,
    "turn_on_ratio": 0.42857142857142855
  },
  "8": {
    "validity_ratio": 0.9895833333333334,
    "below": -0.1178558247973317,
    "above": 0.723734982440268,
    "turn_on_times": 2,
    "turn_on_ratio": 0.3333333333333333
  },
  "9": {
    "validity_ratio": 0.99375,
    "below": -0.042851534741920355,
    "above": 0,
    "turn_on_times": 4,
    "turn_on_ratio": 0.6666666666666666
  },
  "10": {
    "validity_ratio": 0.9923611111111111,
    "below": -5.936441585958608,
    "above": 0,
    "turn_on_times": 1,
    "turn_on_ratio": 1.0
  },
  "12": {
    "validity_ratio": 0.9895833333333334,
    "below": 0,
    "above": 56.38340056325681,
    "turn_on_times": 0,
    "turn_on_ratio": 0.0
  },
  "13": {
    "validity_ratio": 0.9916666666666667,
    "below": 0,
    "above": 85.2871938001823,
    "turn_on_times": 0,
    "turn_on_ratio": 0.0
  }
}