{
  "1": {
    "validity_ratio": 0.975,
    "below": -0.5681301696799431,
    "above": 11.666068313786251,
    "turn_on_times": 6,
    "turn_on_ratio": 0.8571428571428571
  },
  "2": {
    "validity_ratio": 0.9722222222222222,
    "below": -8.786492391698731,
    "above": 14.124027454091804,
    "turn_on_times": 0,
    "turn_on_ratio": 0.0
  },
  "3": {
    "validity_ratio": 0.9694444444444444,
    "below": 0,
    "above": 39.17307556513272,
    "turn_on_times": 0,
    "turn_on_ratio": 0.0
  },
  "4": {
    "validity_ratio": 0.9722222222222222,
    "below": 0,
    "above": 11.651652998722724,
    "turn_on_times": 5,
    "turn_on_ratio": 0.35714285714285715
  },
  "5": {
    "validity_ratio": 0.975,
    "below": 0,
    "above": 17.717867639199167,
    "turn_on_times": 7,
    "turn_on_ratio": 0.5
  },
  "6": {
    "validity_ratio": 0.9722222222222222,
    "below": 0,
    "above": 49.04718420135215,
    "turn_on_times": 0,
    "turn_on_ratio": 0.0
  },
  "7": {
    "validity_ratio": 0.9756944444444444,
    "below": 0,
    "above": 30.3820789813361,
    "turn_on_times": 0,
    "turn_on_ratio": 0.0
  },
  "8": {
    "validity_ratio": 0.9708333333333333,
    "below": 0,
    "above": 0,
    "turn_on_times": 1,
    "turn_on_ratio": 1.0
  },
  "9": {
    "validity_ratio": 0.9715277777777778,
    "below": 0,
    "above": 0.07226151989119159,
    "turn_on_times": 0,
    "turn_on_ratio": 0.0
  },
  "10": {
    "validity_ratio": 0.9763888888888889,
    "below": -7.728764221922067,
    "above": 0,
    "turn_on_times": 1,
    "turn_on_ratio": 1.0
  },
  "12": {
    "validity_ratio": 0.9652777777777778,
    "below": -9.937035841250069,
    "above": 13.722710744769254,
    "turn_on_times": 2,
    "turn_on_ratio": 0.14285714285714285
  },
  "13": {
    "validity_ratio": 0.9784722222222222,
    "below": 0,
    "above": 89.6883618460471,
    "turn_on_times": 1,
    "turn_on_ratio": 0.14285714285714285
  }
}