{
  "1": {
    "validity_ratio": 0.9909722222222223,
    "below": -11.829944769303657,
    "above": 12.29284723302445,
    "turn_on_times": 0,
    "turn_on_ratio": 0.0
  },
  "2": {
    "validity_ratio": 0.9958333333333333,
    "below": 0,
    "above": 5.279904701392948,
    "turn_on_times": 1,
    "turn_on_ratio": 0.25
  },
  "3": {
    "validity_ratio": 0.9944444444444445,
    "below": -9.348727242099294,
    "above": 0,
    "turn_on_times": 1,
    "turn_on_ratio": 1.0
  },
  "4": {
    "validity_ratio": 0.9916666666666667,
    "below": -11.135075560662834,
    "above": 2.424503489180474,
    "turn_on_times": 0,
    "turn_on_ratio": 0.0
  },
  "5": {
    "validity_ratio": 0.9895833333333334,
    "below": -15.95064965269727,
    "above": 24.954431844011,
    "turn_on_times": 0,
    "turn_on_ratio": 0.0
  },
  "6": {
    "validity_ratio": 0.0,
    "below": 0,
    "above": 0,
    "turn_on_times": 0,
    "turn_on_ratio": 0.0
  },
  "7": {
    "validity_ratio": 0.9930555555555556,
    "below": -18.894062676454165,
    "above": 15.894608197259984,
    "turn_on_times": 2,
    "turn_on_ratio": 0.5
  },
  "8": {
    "validity_ratio": 0.9902777777777778,
    "below": -0.4508943271362755,
    "above": 0.6410359581336864,
    "turn_on_times": 6,
    "turn_on_ratio": 0.8571428571428571
  },
  "9": {
    "validity_ratio": 0.99375,
    "below": -11.521800834415588,
    "above": 13.478217037880718,
    "turn_on_times": 1,
    "turn_on_ratio": 0.14285714285714285
  },
  "10": {
    "validity_ratio": 0.9923611111111111,
    "below": 0,
    "above": 0,
    "turn_on_times": 0,
    "turn_on_ratio": 0
  },
  "12": {
    "validity_ratio": 0.9944444444444445,
    "below": -14.263573160346592,
    "above": 21.973766801087926,
    "turn_on_times": 0,
    "turn_on_ratio": 0.0
  },
  "13": {
    "validity_ratio": 0.9909722222222223,
    "below": -4.969109745717312,
    "above": 37.7008022475168,
    "turn_on_times": 1,
    "turn_on_ratio": 0.25
  }
}