{
  "1": {
    "validity_ratio": 0.5875,
    "below": 0,
    "above": 15.768550252850616,
    "turn_on_times": 0,
    "turn_on_ratio": 0.0
  },
  "2": {
    "validity_ratio": 0.5875,
    "below": -4.666695516672144,
    "above": 3.174048210749137,
    "turn_on_times": 2,
    "turn_on_ratio": 0.2857142857142857
  },
  "3": {
    "validity_ratio": 0.5847222222222223,
    "below": 0,
    "above": 44.17739459727456,
    "turn_on_times": 0,
    "turn_on_ratio": 0.0
  },
  "4": {
    "validity_ratio": 0.5840277777777778,
    "below": 0,
    "above": 22.983455428736043,
    "turn_on_times": 1,
    "turn_on_ratio": 0.25
  },
  "5": {
    "validity_ratio": 0.5847222222222223,
    "below": -3.878395169273296,
    "above": 38.68807283144018,
    "turn_on_times": 2,
    "turn_on_ratio": 0.5
  },
  "6": {
    "validity_ratio": 0.5881944444444445,
    "below": 0,
    "above": 11.32578403533455,
    "turn_on_times": 0,
    "turn_on_ratio": 0.0
  },
  "7": {
    "validity_ratio": 0.5840277777777778,
    "below": -8.841783788997882,
    "above": 4.749617693906189,
    "turn_on_times": 2,
    "turn_on_ratio": 0.2857142857142857
  },
  "8": {
    "validity_ratio": 0.5840277777777778,
    "below": 0,
    "above": 0,
    "turn_on_times": 0,
    "turn_on_ratio": 0
  },
  "9": {
    "validity_ratio": 0.5888888888888889,
    "below": 0,
    "above": 0,
    "turn_on_times": 0,
    "turn_on_ratio": 0
  },
  "10": {
    "validity_ratio": 0.5888888888888889,
    "below": 0,
    "above": 0,
    "turn_on_times": 0,
    "turn_on_ratio": 0
  },
  "12": {
    "validity_ratio": 0.5888888888888889,
    "below": -1.4034615656679357,
    "above": 41.1868462437521,
    "turn_on_times": 1,
    "turn_on_ratio": 0.25
  },
  "13": {
    "validity_ratio": 0.5881944444444445,
    "below": -1.1950164134585415,
    "above": 11.486138856360673,
    "turn_on_times": 3,
    "turn_on_ratio": 0.42857142857142855
  }
}