{
  "1": {
    "validity_ratio": 0.3798611111111111,
    "below": 0,
    "above": 8.866185610282303,
    "turn_on_times": 0,
    "turn_on_ratio": 0.0
  },
  "2": {
    "validity_ratio": 0.38055555555555554,
    "below": 0,
    "above": 3.1740843104943894,
    "turn_on_times": 0,
    "turn_on_ratio": 0.0
  },
  "3": {
    "validity_ratio": 0.3770833333333333,
    "below": 0,
    "above": 28.510410652766033,
    "turn_on_times": 0,
    "turn_on_ratio": 0.0
  },
  "4": {
    "validity_ratio": 0.37569444444444444,
    "below": 0,
    "above": 22.983623781694465,
    "turn_on_times": 1,
    "turn_on_ratio": 0.25
  },
  "5": {
    "validity_ratio": 0.37569444444444444,
    "below": -3.8784348906527253,
    "above": 8.301284505713413,
    "turn_on_times": 2,
    "turn_on_ratio": 0.5
  },
  "6": {
    "validity_ratio": 0.3798611111111111,
    "below": 0,
    "above": 8.176932461164425,
    "turn_on_times": 0,
    "turn_on_ratio": 0.0
  },
  "7": {
    "validity_ratio": 0.38055555555555554,
    "below": -4.725774361179467,
    "above": 3.3297260598193894,
    "turn_on_times": 1,
    "turn_on_ratio": 0.3333333333333333
  },
  "8": {
    "validity_ratio": 0.37569444444444444,
    "below": 0,
    "above": 0,
    "turn_on_times": 0,
    "turn_on_ratio": 0
  },
  "9": {
    "validity_ratio": 0.38055555555555554,
    "below": 0,
    "above": 0,
    "turn_on_times": 0,
    "turn_on_ratio": 0
  },
  "10": {
    "validity_ratio": 0.38055555555555554,
    "below": 0,
    "above": 0,
    "turn_on_times": 0,
    "turn_on_ratio": 0
  },
  "12": {
    "validity_ratio": 0.38055555555555554,
    "below": -1.3951428343411771,
    "above": 14.699567369932986,
    "turn_on_times": 1,
    "turn_on_ratio": 0.25
  },
  "13": {
    "validity_ratio": 0.3770833333333333,
    "below": -0.641603795903517,
    "above": 5.578856127330042,
    "turn_on_times": 2,
    "turn_on_ratio": 0.6666666666666666
  }
}