{
  "1": {
    "validity_ratio": 0.6291666666666667,
    "below": 0,
    "above": 18.168684896087864,
    "turn_on_times": 0,
    "turn_on_ratio": 0.0
  },
  "2": {
    "validity_ratio": 0.6291666666666667,
    "below": -5.442442099437536,
    "above": 4.978231389535477,
    "turn_on_times": 2,
    "turn_on_ratio": 0.2857142857142857
  },
  "3": {
    "validity_ratio": 0.6333333333333333,
    "below": 0,
    "above": 48.14398353536339,
    "turn_on_times": 0,
    "turn_on_ratio": 0.0
  },
  "4": {
    "validity_ratio": 0.6326388888888889,
    "below": 0,
    "above": 22.98320558963999,
    "turn_on_times": 1,
    "turn_on_ratio": 0.25
  },
  "5": {
    "validity_ratio": 0.6340277777777777,
    "below": -3.878336223192624,
    "above": 45.31272215984669,
    "turn_on_times": 2,
    "turn_on_ratio": 0.5
  },
  "6": {
    "validity_ratio": 0.6298611111111111,
    "below": 0,
    "above": 12.186670211608462,
    "turn_on_times": 0,
    "turn_on_ratio": 0.0
  },
  "7": {
    "validity_ratio": 0.6326388888888889,
    "below": -10.258219076477548,
    "above": 4.749621767749052,
    "turn_on_times": 2,
    "turn_on_ratio": 0.2857142857142857
  },
  "8": {
    "validity_ratio": 0.6340277777777777,
    "below": -0.008624508008333306,
    "above": 0,
    "turn_on_times": 1,
    "turn_on_ratio": 0.5
  },
  "9": {
    "validity_ratio": 0.63125,
    "below": 0,
    "above": 0,
    "turn_on_times": 1,
    "turn_on_ratio": 0.5
  },
  "10": {
    "validity_ratio": 0.6305555555555555,
    "below": 0,
    "above": 0,
    "turn_on_times": 0,
    "turn_on_ratio": 0
  },
  "12": {
    "validity_ratio": 0.63125,
    "below": -1.4034858005611268,
    "above": 46.2303587238986,
    "turn_on_times": 1,
    "turn_on_ratio": 0.25
  },
  "13": {
    "validity_ratio": 0.6298611111111111,
    "below": -1.1951196415962633,
    "above": 18.35415184413668,
    "turn_on_times": 3,
    "turn_on_ratio": 0.42857142857142855
  }
}