{
  "1": {
    "validity_ratio": 0.9708333333333333,
    "below": -3.532549759312772,
    "above": 21.420229301524298,
    "turn_on_times": 0,
    "turn_on_ratio": 0.0
  },
  "2": {
    "validity_ratio": 0.9694444444444444,
    "below": -5.442367539788921,
    "above": 11.688864117408189,
    "turn_on_times": 2,
    "turn_on_ratio": 0.25
  },
  "3": {
    "validity_ratio": 0.9652777777777778,
    "below": 0,
    "above": 62.43718838658783,
    "turn_on_times": 0,
    "turn_on_ratio": 0.0
  },
  "4": {
    "validity_ratio": 0.9659722222222222,
    "below": 0,
    "above": 22.99138586030577,
    "turn_on_times": 1,
    "turn_on_ratio": 0.25
  },
  "5": {
    "validity_ratio": 0.9680555555555556,
    "below": -3.8783183409014237,
    "above": 70.44511457687777,
    "turn_on_times": 2,
    "turn_on_ratio": 0.5
  },
  "6": {
    "validity_ratio": 0.9659722222222222,
    "below": -7.129671701306182,
    "above": 13.533154678449305,
    "turn_on_times": 0,
    "turn_on_ratio": 0.0
  },
  "7": {
    "validity_ratio": 0.9673611111111111,
    "below": -13.663079779457332,
    "above": 6.965854197152728,
    "turn_on_times": 3,
    "turn_on_ratio": 0.375
  },
  "8": {
    "validity_ratio": 0.9694444444444444,
    "below": -0.008624600678333335,
    "above": 0.445180165624001,
    "turn_on_times": 3,
    "turn_on_ratio": 0.5
  },
  "9": {
    "validity_ratio": 0.9694444444444444,
    "below": 0,
    "above": 0,
    "turn_on_times": 3,
    "turn_on_ratio": 0.5
  },
  "10": {
    "validity_ratio": 0.9666666666666667,
    "below": -3.8967153368213157,
    "above": 0,
    "turn_on_times": 1,
    "turn_on_ratio": 1.0
  },
  "12": {
    "validity_ratio": 0.9708333333333333,
    "below": -1.4034931514577702,
    "above": 68.54282735515623,
    "turn_on_times": 1,
    "turn_on_ratio": 0.25
  },
  "13": {
    "validity_ratio": 0.9680555555555556,
    "below": -1.4347351980835825,
    "above": 50.809920804824,
    "turn_on_times": 3,
    "turn_on_ratio": 0.375
  }
}