{
  "1": {
    "validity_ratio": 0.7465277777777778,
    "below": 0,
    "above": 20.16054757327747,
    "turn_on_times": 0,
    "turn_on_ratio": 0.0
  },
  "2": {
    "validity_ratio": 0.7472222222222222,
    "below": -5.442806673831316,
    "above": 6.245754968115214,
    "turn_on_times": 2,
    "turn_on_ratio": 0.25
  },
  "3": {
    "validity_ratio": 0.74375,
    "below": 0,
    "above": 56.04241146912367,
    "turn_on_times": 0,
    "turn_on_ratio": 0.0
  },
  "4": {
    "validity_ratio": 0.74375,
    "below": 0,
    "above": 22.983574133629237,
    "turn_on_times": 1,
    "turn_on_ratio": 0.25
  },
  "5": {
    "validity_ratio": 0.7451388888888889,
    "below": -3.8784231765652413,
    "above": 59.629309237412194,
    "turn_on_times": 2,
    "turn_on_ratio": 0.5
  },
  "6": {
    "validity_ratio": 0.7479166666666667,
    "below": 0,
    "above": 12.842580137173403,
    "turn_on_times": 0,
    "turn_on_ratio": 0.0
  },
  "7": {
    "validity_ratio": 0.7472222222222222,
    "below": -12.21262804343858,
    "above": 4.749615758284603,
    "turn_on_times": 3,
    "turn_on_ratio": 0.375
  },
  "8": {
    "validity_ratio": 0.7479166666666667,
    "below": -0.00862405739666663,
    "above": 0.34239408936106136,
    "turn_on_times": 2,
    "turn_on_ratio": 0.5
  },
  "9": {
    "validity_ratio": 0.7458333333333333,
    "below": 0,
    "above": 0,
    "turn_on_times": 2,
    "turn_on_ratio": 0.5
  },
  "10": {
    "validity_ratio": 0.7486111111111111,
    "below": 0,
    "above": 0,
    "turn_on_times": 0,
    "turn_on_ratio": 0
  },
  "12": {
    "validity_ratio": 0.7493055555555556,
    "below": -1.395131274296798,
    "above": 59.60892644818835,
    "turn_on_times": 1,
    "turn_on_ratio": 0.25
  },
  "13": {
    "validity_ratio": 0.7479166666666667,
    "below": -1.1949677040522366,
    "above": 23.973154698567615,
    "turn_on_times": 3,
    "turn_on_ratio": 0.375
  }
}