{
  "1": {
    "validity_ratio": 0.12361111111111112,
    "below": 0,
    "above": 5.59182651326047,
    "turn_on_times": 0,
    "turn_on_ratio": 0.0
  },
  "2": {
    "validity_ratio": 0.12361111111111112,
    "below": 0,
    "above": 2.0593749928929896,
    "turn_on_times": 0,
    "turn_on_ratio": 0.0
  },
  "3": {
    "validity_ratio": 0.12083333333333333,
    "below": 0,
    "above": 11.084639155460014,
    "turn_on_times": 0,
    "turn_on_ratio": 0.0
  },
  "4": {
    "validity_ratio": 0.11875,
    "below": 0,
    "above": 12.141285594587721,
    "turn_on_times": 0,
    "turn_on_ratio": 0.0
  },
  "5": {
    "validity_ratio": 0.11805555555555555,
    "below": -2.7847898427272435,
    "above": 0.020002246624495446,
    "turn_on_times": 1,
    "turn_on_ratio": 0.5
  },
  "6": {
    "validity_ratio": 0.12291666666666666,
    "below": 0,
    "above": 5.62684660912736,
    "turn_on_times": 0,
    "turn_on_ratio": 0.0
  },
  "7": {
    "validity_ratio": 0.12361111111111112,
    "below": -2.3633259092437866,
    "above": 3.038031653679477,
    "turn_on_times": 0,
    "turn_on_ratio": 0.0
  },
  "8": {
    "validity_ratio": 0.11875,
    "below": 0,
    "above": 0,
    "turn_on_times": 0,
    "turn_on_ratio": 0
  },
  "9": {
    "validity_ratio": 0.12361111111111112,
    "below": 0,
    "above": 0,
    "turn_on_times": 0,
    "turn_on_ratio": 0
  },
  "10": {
    "validity_ratio": 0.11736111111111111,
    "below": 0,
    "above": 0,
    "turn_on_times": 0,
    "turn_on_ratio": 0
  },
  "12": {
    "validity_ratio": 0.12361111111111112,
    "below": -1.395231941231318,
    "above": 0.049093552320419655,
    "turn_on_times": 1,
    "turn_on_ratio": 0.5
  },
  "13": {
    "validity_ratio": 0.12361111111111112,
    "below": -0.6416349662485668,
    "above": 1.4566118548779752,
    "turn_on_times": 2,
    "turn_on_ratio": 1.0
  }
}