{
  "1": {
    "validity_ratio": 0.02638888888888889,
    "below": 0,
    "above": 0.5745390495000001,
    "turn_on_times": 0,
    "turn_on_ratio": 0.0
  },
  "2": {
    "validity_ratio": 0.02638888888888889,
    "below": 0,
    "above": 0.23172722671749996,
    "turn_on_times": 0,
    "turn_on_ratio": 0.0
  },
  "3": {
    "validity_ratio": 0.02361111111111111,
    "below": 0,
    "above": 1.285769802037589,
    "turn_on_times": 0,
    "turn_on_ratio": 0.0
  },
  "4": {
    "validity_ratio": 0.021527777777777778,
    "below": 0,
    "above": 1.1591164648521373,
    "turn_on_times": 0,
    "turn_on_ratio": 0.0
  },
  "5": {
    "validity_ratio": 0.020833333333333332,
    "below": -0.29926373872646733,
    "above": 0.020253004000329713,
    "turn_on_times": 1,
    "turn_on_ratio": 0.5
  },
  "6": {
    "validity_ratio": 0.025694444444444443,
    "below": 0,
    "above": 0.6256279989671638,
    "turn_on_times": 0,
    "turn_on_ratio": 0.0
  },
  "7": {
    "validity_ratio": 0.02638888888888889,
    "below": 0,
    "above": 0.55244139375,
    "turn_on_times": 0,
    "turn_on_ratio": 0.0
  },
  "8": {
    "validity_ratio": 0.021527777777777778,
    "below": 0,
    "above": 0,
    "turn_on_times": 0,
    "turn_on_ratio": 0
  },
  "9": {
    "validity_ratio": 0.02638888888888889,
    "below": 0,
    "above": 0,
    "turn_on_times": 0,
    "turn_on_ratio": 0
  },
  "10": {
    "validity_ratio": 0.02638888888888889,
    "below": 0,
    "above": 0,
    "turn_on_times": 0,
    "turn_on_ratio": 0
  },
  "12": {
    "validity_ratio": 0.02638888888888889,
    "below": -0.4508983014333786,
    "above": 0.04851680961825441,
    "turn_on_times": 1,
    "turn_on_ratio": 0.5
  },
  "13": {
    "validity_ratio": 0.02638888888888889,
    "below": -0.2031378901749997,
    "above": 0,
    "turn_on_times": 1,
    "turn_on_ratio": 1.0
  }
}