{
  "1": {
    "validity_ratio": 0.6708333333333333,
    "below": 0,
    "above": 18.24484078680545,
    "turn_on_times": 0,
    "turn_on_ratio": 0.0
  },
  "2": {
    "validity_ratio": 0.6708333333333333,
    "below": -5.443258417738895,
    "above": 5.068584020735816,
    "turn_on_times": 2,
    "turn_on_ratio": 0.2857142857142857
  },
  "3": {
    "validity_ratio": 0.6673611111111111,
    "below": 0,
    "above": 50.824495496324246,
    "turn_on_times": 0,
    "turn_on_ratio": 0.0
  },
  "4": {
    "validity_ratio": 0.6673611111111111,
    "below": 0,
    "above": 22.984026141023882,
    "turn_on_times": 1,
    "turn_on_ratio": 0.25
  },
  "5": {
    "validity_ratio": 0.66875,
    "below": -3.8785298264444563,
    "above": 49.89536347189226,
    "turn_on_times": 2,
    "turn_on_ratio": 0.5
  },
  "6": {
    "validity_ratio": 0.6715277777777777,
    "below": 0,
    "above": 12.199921198932852,
    "turn_on_times": 0,
    "turn_on_ratio": 0.0
  },
  "7": {
    "validity_ratio": 0.6673611111111111,
    "below": -10.259684786561113,
    "above": 4.749608387568107,
    "turn_on_times": 2,
    "turn_on_ratio": 0.2857142857142857
  },
  "8": {
    "validity_ratio": 0.6715277777777777,
    "below": -0.008623504713333337,
    "above": 0,
    "turn_on_times": 1,
    "turn_on_ratio": 0.5
  },
  "9": {
    "validity_ratio": 0.6701388888888888,
    "below": 0,
    "above": 0,
    "turn_on_times": 1,
    "turn_on_ratio": 0.5
  },
  "10": {
    "validity_ratio": 0.6722222222222223,
    "below": 0,
    "above": 0,
    "turn_on_times": 0,
    "turn_on_ratio": 0
  },
  "12": {
    "validity_ratio": 0.6729166666666667,
    "below": -1.39523652170411,
    "above": 51.0696122501991,
    "turn_on_times": 1,
    "turn_on_ratio": 0.25
  },
  "13": {
    "validity_ratio": 0.6715277777777777,
    "below": -1.1947842139305316,
    "above": 18.451185448784962,
    "turn_on_times": 3,
    "turn_on_ratio": 0.42857142857142855
  }
}