{
  "1": {
    "validity_ratio": 0.4909722222222222,
    "below": 0,
    "above": 11.29559499087907,
    "turn_on_times": 0,
    "turn_on_ratio": 0.0
  },
  "2": {
    "validity_ratio": 0.49166666666666664,
    "below": 0,
    "above": 3.1740762880845153,
    "turn_on_times": 1,
    "turn_on_ratio": 0.2
  },
  "3": {
    "validity_ratio": 0.4875,
    "below": 0,
    "above": 36.494133920859994,
    "turn_on_times": 0,
    "turn_on_ratio": 0.0
  },
  "4": {
    "validity_ratio": 0.48680555555555555,
    "below": 0,
    "above": 22.983586368806534,
    "turn_on_times": 1,
    "turn_on_ratio": 0.25
  },
  "5": {
    "validity_ratio": 0.4875,
    "below": -3.878426063357908,
    "above": 25.105921799803994,
    "turn_on_times": 2,
    "turn_on_ratio": 0.5
  },
  "6": {
    "validity_ratio": 0.4909722222222222,
    "below": 0,
    "above": 9.477941213993399,
    "turn_on_times": 0,
    "turn_on_ratio": 0.0
  },
  "7": {
    "validity_ratio": 0.4861111111111111,
    "below": -4.725783184635473,
    "above": 4.749615558774479,
    "turn_on_times": 1,
    "turn_on_ratio": 0.2
  },
  "8": {
    "validity_ratio": 0.48680555555555555,
    "below": 0,
    "above": 0,
    "turn_on_times": 0,
    "turn_on_ratio": 0
  },
  "9": {
    "validity_ratio": 0.49166666666666664,
    "below": 0,
    "above": 0,
    "turn_on_times": 0,
    "turn_on_ratio": 0
  },
  "10": {
    "validity_ratio": 0.49166666666666664,
    "below": 0,
    "above": 0,
    "turn_on_times": 0,
    "turn_on_ratio": 0
  },
  "12": {
    "validity_ratio": 0.49166666666666664,
    "below": -1.395134123127437,
    "above": 29.15880158736354,
    "turn_on_times": 1,
    "turn_on_ratio": 0.25
  },
  "13": {
    "validity_ratio": 0.49166666666666664,
    "below": -1.1432366838860892,
    "above": 5.587710278462546,
    "turn_on_times": 3,
    "turn_on_ratio": 0.6
  }
}