{
  "1": {
    "validity_ratio": 0.2,
    "below": 0,
    "above": 8.866483934519099,
    "turn_on_times": 0,
    "turn_on_ratio": 0.0
  },
  "2": {
    "validity_ratio": 0.2,
    "below": 0,
    "above": 3.173965521540615,
    "turn_on_times": 0,
    "turn_on_ratio": 0.0
  },
  "3": {
    "validity_ratio": 0.19652777777777777,
    "below": 0,
    "above": 18.102921276764594,
    "turn_on_times": 0,
    "turn_on_ratio": 0.0
  },
  "4": {
    "validity_ratio": 0.1951388888888889,
    "below": 0,
    "above": 19.570635702849827,
    "turn_on_times": 0,
    "turn_on_ratio": 0.0
  },
  "5": {
    "validity_ratio": 0.1951388888888889,
    "below": -3.61526505290836,
    "above": 1.1998720230529163,
    "turn_on_times": 1,
    "turn_on_ratio": 0.5
  },
  "6": {
    "validity_ratio": 0.19930555555555557,
    "below": 0,
    "above": 8.176921959088324,
    "turn_on_times": 0,
    "turn_on_ratio": 0.0
  },
  "7": {
    "validity_ratio": 0.2,
    "below": -4.725905022324004,
    "above": 3.3297350929424123,
    "turn_on_times": 1,
    "turn_on_ratio": 0.3333333333333333
  },
  "8": {
    "validity_ratio": 0.1951388888888889,
    "below": 0,
    "above": 0,
    "turn_on_times": 0,
    "turn_on_ratio": 0
  },
  "9": {
    "validity_ratio": 0.2,
    "below": 0,
    "above": 0,
    "turn_on_times": 0,
    "turn_on_ratio": 0
  },
  "10": {
    "validity_ratio": 0.2,
    "below": 0,
    "above": 0,
    "turn_on_times": 0,
    "turn_on_ratio": 0
  },
  "12": {
    "validity_ratio": 0.2,
    "below": -1.4034989694412934,
    "above": 0.048098652529629776,
    "turn_on_times": 1,
    "turn_on_ratio": 0.5
  },
  "13": {
    "validity_ratio": 0.19652777777777777,
    "below": -0.6415586758145819,
    "above": 5.578885888194363,
    "turn_on_times": 2,
    "turn_on_ratio": 0.6666666666666666
  }
}