{
  "1": {
    "validity_ratio": 0.7326388888888888,
    "below": 0,
    "above": 19.427209054529524,
    "turn_on_times": 0,
    "turn_on_ratio": 0.0
  },
  "2": {
    "validity_ratio": 0.7333333333333333,
    "below": -5.44286341724162,
    "above": 5.839146965372091,
    "turn_on_times": 2,
    "turn_on_ratio": 0.25
  },
  "3": {
    "validity_ratio": 0.7368055555555556,
    "below": 0,
    "above": 55.5757693203854,
    "turn_on_times": 0,
    "turn_on_ratio": 0.0
  },
  "4": {
    "validity_ratio": 0.7368055555555556,
    "below": 0,
    "above": 22.983631190103125,
    "turn_on_times": 1,
    "turn_on_ratio": 0.25
  },
  "5": {
    "validity_ratio": 0.7381944444444445,
    "below": -3.878436638615976,
    "above": 58.745930157429875,
    "turn_on_times": 2,
    "turn_on_ratio": 0.5
  },
  "6": {
    "validity_ratio": 0.7340277777777777,
    "below": 0,
    "above": 12.624778910196778,
    "turn_on_times": 0,
    "turn_on_ratio": 0.0
  },
  "7": {
    "validity_ratio": 0.7333333333333333,
    "below": -11.714482568931022,
    "above": 4.749614827904181,
    "turn_on_times": 3,
    "turn_on_ratio": 0.375
  },
  "8": {
    "validity_ratio": 0.7340277777777777,
    "below": -0.008623987633333326,
    "above": 0.342399496651458,
    "turn_on_times": 2,
    "turn_on_ratio": 0.5
  },
  "9": {
    "validity_ratio": 0.7381944444444445,
    "below": 0,
    "above": 0,
    "turn_on_times": 2,
    "turn_on_ratio": 0.5
  },
  "10": {
    "validity_ratio": 0.7347222222222223,
    "below": 0,
    "above": 0,
    "turn_on_times": 0,
    "turn_on_ratio": 0
  },
  "12": {
    "validity_ratio": 0.7354166666666667,
    "below": -1.395144559318286,
    "above": 58.07305670860185,
    "turn_on_times": 1,
    "turn_on_ratio": 0.25
  },
  "13": {
    "validity_ratio": 0.7340277777777777,
    "below": -1.194944368710194,
    "above": 22.009343199068176,
    "turn_on_times": 3,
    "turn_on_ratio": 0.375
  }
}