{
  "1": {
    "validity_ratio": 0.44930555555555557,
    "below": 0,
    "above": 11.29577613597394,
    "turn_on_times": 0,
    "turn_on_ratio": 0.0
  },
  "2": {
    "validity_ratio": 0.45,
    "below": 0,
    "above": 3.174004195356542,
    "turn_on_times": 1,
    "turn_on_ratio": 0.2
  },
  "3": {
    "validity_ratio": 0.44583333333333336,
    "below": 0,
    "above": 33.29401561807099,
    "turn_on_times": 0,
    "turn_on_ratio": 0.0
  },
  "4": {
    "validity_ratio": 0.44513888888888886,
    "below": 0,
    "above": 22.983250160453114,
    "turn_on_times": 1,
    "turn_on_ratio": 0.25
  },
  "5": {
    "validity_ratio": 0.44583333333333336,
    "below": -3.878346738952403,
    "above": 19.02401298316295,
    "turn_on_times": 2,
    "turn_on_ratio": 0.5
  },
  "6": {
    "validity_ratio": 0.44930555555555557,
    "below": 0,
    "above": 9.477934749097617,
    "turn_on_times": 0,
    "turn_on_ratio": 0.0
  },
  "7": {
    "validity_ratio": 0.45,
    "below": -4.725862480722007,
    "above": 4.749621040990757,
    "turn_on_times": 1,
    "turn_on_ratio": 0.2
  },
  "8": {
    "validity_ratio": 0.44513888888888886,
    "below": 0,
    "above": 0,
    "turn_on_times": 0,
    "turn_on_ratio": 0
  },
  "9": {
    "validity_ratio": 0.45,
    "below": 0,
    "above": 0,
    "turn_on_times": 0,
    "turn_on_ratio": 0
  },
  "10": {
    "validity_ratio": 0.45,
    "below": 0,
    "above": 0,
    "turn_on_times": 0,
    "turn_on_ratio": 0
  },
  "12": {
    "validity_ratio": 0.45,
    "below": -1.4034814775801523,
    "above": 23.882062351814067,
    "turn_on_times": 1,
    "turn_on_ratio": 0.25
  },
  "13": {
    "validity_ratio": 0.45,
    "below": -1.1433776087306968,
    "above": 5.587787574192595,
    "turn_on_times": 3,
    "turn_on_ratio": 0.6
  }
}