{
  "1": {
    "validity_ratio": 0.3451388888888889,
    "below": 0,
    "above": 8.866186368568279,
    "turn_on_times": 0,
    "turn_on_ratio": 0.0
  },
  "2": {
    "validity_ratio": 0.3458333333333333,
    "below": 0,
    "above": 3.174084008562094,
    "turn_on_times": 0,
    "turn_on_ratio": 0.0
  },
  "3": {
    "validity_ratio": 0.3423611111111111,
    "below": 0,
    "above": 26.02826952112471,
    "turn_on_times": 0,
    "turn_on_ratio": 0.0
  },
  "4": {
    "validity_ratio": 0.34097222222222223,
    "below": 0,
    "above": 22.983622373619124,
    "turn_on_times": 1,
    "turn_on_ratio": 0.25
  },
  "5": {
    "validity_ratio": 0.34097222222222223,
    "below": -3.878434558427145,
    "above": 2.6165282710884656,
    "turn_on_times": 2,
    "turn_on_ratio": 0.5
  },
  "6": {
    "validity_ratio": 0.3451388888888889,
    "below": 0,
    "above": 8.176932434510817,
    "turn_on_times": 0,
    "turn_on_ratio": 0.0
  },
  "7": {
    "validity_ratio": 0.3458333333333333,
    "below": -4.725774693258077,
    "above": 3.3297260827799477,
    "turn_on_times": 1,
    "turn_on_ratio": 0.3333333333333333
  },
  "8": {
    "validity_ratio": 0.34097222222222223,
    "below": 0,
    "above": 0,
    "turn_on_times": 0,
    "turn_on_ratio": 0
  },
  "9": {
    "validity_ratio": 0.3458333333333333,
    "below": 0,
    "above": 0,
    "turn_on_times": 0,
    "turn_on_ratio": 0
  },
  "10": {
    "validity_ratio": 0.3458333333333333,
    "below": 0,
    "above": 0,
    "turn_on_times": 0,
    "turn_on_ratio": 0
  },
  "12": {
    "validity_ratio": 0.3458333333333333,
    "below": -1.3951425064844427,
    "above": 9.836916009701877,
    "turn_on_times": 1,
    "turn_on_ratio": 0.25
  },
  "13": {
    "validity_ratio": 0.3423611111111111,
    "below": -0.6416036812164535,
    "above": 5.578856202969123,
    "turn_on_times": 2,
    "turn_on_ratio": 0.6666666666666666
  }
}