{
  "1": {
    "validity_ratio": 0.65,
    "below": 0,
    "above": 18.244863880590934,
    "turn_on_times": 0,
    "turn_on_ratio": 0.0
  },
  "2": {
    "validity_ratio": 0.65,
    "below": -5.442795511679511,
    "above": 5.0681955383138675,
    "turn_on_times": 2,
    "turn_on_ratio": 0.2857142857142857
  },
  "3": {
    "validity_ratio": 0.6472222222222223,
    "below": 0,
    "above": 49.277428033847485,
    "turn_on_times": 0,
    "turn_on_ratio": 0.0
  },
  "4": {
    "validity_ratio": 0.6465277777777778,
    "below": 0,
    "above": 22.983562900316638,
    "turn_on_times": 1,
    "turn_on_ratio": 0.25
  },
  "5": {
    "validity_ratio": 0.6479166666666667,
    "below": -3.8784205261576687,
    "above": 47.14576059554548,
    "turn_on_times": 2,
    "turn_on_ratio": 0.5
  },
  "6": {
    "validity_ratio": 0.6506944444444445,
    "below": 0,
    "above": 12.199818630236987,
    "turn_on_times": 0,
    "turn_on_ratio": 0.0
  },
  "7": {
    "validity_ratio": 0.6465277777777778,
    "below": -10.258853229921291,
    "above": 4.74961594145783,
    "turn_on_times": 2,
    "turn_on_ratio": 0.2857142857142857
  },
  "8": {
    "validity_ratio": 0.65,
    "below": -0.00862407113166667,
    "above": 0,
    "turn_on_times": 1,
    "turn_on_ratio": 0.5
  },
  "9": {
    "validity_ratio": 0.6493055555555556,
    "below": 0,
    "above": 0,
    "turn_on_times": 1,
    "turn_on_ratio": 0.5
  },
  "10": {
    "validity_ratio": 0.6513888888888889,
    "below": 0,
    "above": 0,
    "turn_on_times": 0,
    "turn_on_ratio": 0
  },
  "12": {
    "validity_ratio": 0.6520833333333333,
    "below": -1.3951286587427327,
    "above": 48.66538468902935,
    "turn_on_times": 1,
    "turn_on_ratio": 0.25
  },
  "13": {
    "validity_ratio": 0.6506944444444445,
    "below": -1.1949723042361644,
    "above": 18.452254825739125,
    "turn_on_times": 3,
    "turn_on_ratio": 0.42857142857142855
  }
}