{
  "1": {
    "validity_ratio": 0.17916666666666667,
    "below": 0,
    "above": 8.141312051438957,
    "turn_on_times": 0,
    "turn_on_ratio": 0.0
  },
  "2": {
    "validity_ratio": 0.17916666666666667,
    "below": 0,
    "above": 2.9258875034706557,
    "turn_on_times": 0,
    "turn_on_ratio": 0.0
  },
  "3": {
    "validity_ratio": 0.17569444444444443,
    "below": 0,
    "above": 16.202865649701565,
    "turn_on_times": 0,
    "turn_on_ratio": 0.0
  },
  "4": {
    "validity_ratio": 0.17430555555555555,
    "below": 0,
    "above": 17.856171917371,
    "turn_on_times": 0,
    "turn_on_ratio": 0.0
  },
  "5": {
    "validity_ratio": 0.17430555555555555,
    "below": -3.615215745298637,
    "above": 1.1999808078869816,
    "turn_on_times": 1,
    "turn_on_ratio": 0.5
  },
  "6": {
    "validity_ratio": 0.17847222222222223,
    "below": 0,
    "above": 7.621030675396358,
    "turn_on_times": 0,
    "turn_on_ratio": 0.0
  },
  "7": {
    "validity_ratio": 0.17916666666666667,
    "below": -4.278411650424154,
    "above": 3.329739210794857,
    "turn_on_times": 1,
    "turn_on_ratio": 0.3333333333333333
  },
  "8": {
    "validity_ratio": 0.17430555555555555,
    "below": 0,
    "above": 0,
    "turn_on_times": 0,
    "turn_on_ratio": 0
  },
  "9": {
    "validity_ratio": 0.1798611111111111,
    "below": 0,
    "above": 0,
    "turn_on_times": 0,
    "turn_on_ratio": 0
  },
  "10": {
    "validity_ratio": 0.17916666666666667,
    "below": 0,
    "above": 0,
    "turn_on_times": 0,
    "turn_on_ratio": 0
  },
  "12": {
    "validity_ratio": 0.1798611111111111,
    "below": -1.4035234568906683,
    "above": 0.047830414384326315,
    "turn_on_times": 1,
    "turn_on_ratio": 0.5
  },
  "13": {
    "validity_ratio": 0.17708333333333334,
    "below": -0.6415381073059713,
    "above": 5.561182937664375,
    "turn_on_times": 2,
    "turn_on_ratio": 0.6666666666666666
  }
}