{
  "1": {
    "validity_ratio": 0.8458333333333333,
    "below": -1.2868837184630295,
    "above": 20.319578799487612,
    "turn_on_times": 0,
    "turn_on_ratio": 0.0
  },
  "2": {
    "validity_ratio": 0.8444444444444444,
    "below": -5.443396652707287,
    "above": 8.812968384395527,
    "turn_on_times": 2,
    "turn_on_ratio": 0.25
  },
  "3": {
    "validity_ratio": 0.8409722222222222,
    "below": 0,
    "above": 62.43820177050721,
    "turn_on_times": 0,
    "turn_on_ratio": 0.0
  },
  "4": {
    "validity_ratio": 0.8409722222222222,
    "below": 0,
    "above": 23.001283067268258,
    "turn_on_times": 1,
    "turn_on_ratio": 0.25
  },
  "5": {
    "validity_ratio": 0.8430555555555556,
    "below": -3.8785622253533636,
    "above": 70.44536389305216,
    "turn_on_times": 2,
    "turn_on_ratio": 0.5
  },
  "6": {
    "validity_ratio": 0.8430555555555556,
    "below": -3.3740289563354864,
    "above": 13.533375966839808,
    "turn_on_times": 0,
    "turn_on_ratio": 0.0
  },
  "7": {
    "validity_ratio": 0.8423611111111111,
    "below": -13.656915445305142,
    "above": 5.573568828879107,
    "turn_on_times": 3,
    "turn_on_ratio": 0.375
  },
  "8": {
    "validity_ratio": 0.8444444444444444,
    "below": -0.008623336814999997,
    "above": 0.44537284317072184,
    "turn_on_times": 3,
    "turn_on_ratio": 0.5
  },
  "9": {
    "validity_ratio": 0.8444444444444444,
    "below": 0,
    "above": 0,
    "turn_on_times": 3,
    "turn_on_ratio": 0.5
  },
  "10": {
    "validity_ratio": 0.8458333333333333,
    "below": -3.810869599371824,
    "above": 0,
    "turn_on_times": 1,
    "turn_on_ratio": 1.0
  },
  "12": {
    "validity_ratio": 0.8458333333333333,
    "below": -1.3952684945594676,
    "above": 68.5438730751046,
    "turn_on_times": 1,
    "turn_on_ratio": 0.25
  },
  "13": {
    "validity_ratio": 0.8430555555555556,
    "below": -1.434429578969257,
    "above": 34.75741747807025,
    "turn_on_times": 3,
    "turn_on_ratio": 0.375
  }
}