{
  "1": {
    "validity_ratio": 0.4840277777777778,
    "below": 0,
    "above": 11.295934078844425,
    "turn_on_times": 0,
    "turn_on_ratio": 0.0
  },
  "2": {
    "validity_ratio": 0.4847222222222222,
    "below": 0,
    "above": 3.173941334918512,
    "turn_on_times": 1,
    "turn_on_ratio": 0.2
  },
  "3": {
    "validity_ratio": 0.48055555555555557,
    "below": 0,
    "above": 35.96057913495869,
    "turn_on_times": 0,
    "turn_on_ratio": 0.0
  },
  "4": {
    "validity_ratio": 0.4798611111111111,
    "below": 0,
    "above": 22.97469862522075,
    "turn_on_times": 1,
    "turn_on_ratio": 0.25
  },
  "5": {
    "validity_ratio": 0.48055555555555557,
    "below": -3.8782775749250065,
    "above": 24.107617620659084,
    "turn_on_times": 2,
    "turn_on_ratio": 0.5
  },
  "6": {
    "validity_ratio": 0.4840277777777778,
    "below": 0,
    "above": 9.47792910214164,
    "turn_on_times": 0,
    "turn_on_ratio": 0.0
  },
  "7": {
    "validity_ratio": 0.4791666666666667,
    "below": -4.7259316291307965,
    "above": 4.749625821009654,
    "turn_on_times": 1,
    "turn_on_ratio": 0.2
  },
  "8": {
    "validity_ratio": 0.4798611111111111,
    "below": 0,
    "above": 0,
    "turn_on_times": 0,
    "turn_on_ratio": 0
  },
  "9": {
    "validity_ratio": 0.4847222222222222,
    "below": 0,
    "above": 0,
    "turn_on_times": 0,
    "turn_on_ratio": 0
  },
  "10": {
    "validity_ratio": 0.4847222222222222,
    "below": 0,
    "above": 0,
    "turn_on_times": 0,
    "turn_on_ratio": 0
  },
  "12": {
    "validity_ratio": 0.4847222222222222,
    "below": -1.403509907147351,
    "above": 28.28364614953758,
    "turn_on_times": 1,
    "turn_on_ratio": 0.25
  },
  "13": {
    "validity_ratio": 0.4847222222222222,
    "below": -1.143501907560165,
    "above": 5.587853955310646,
    "turn_on_times": 3,
    "turn_on_ratio": 0.6
  }
}