{
  "1": {
    "validity_ratio": 0.3875,
    "below": 0,
    "above": 14.31902965066062,
    "turn_on_times": 0,
    "turn_on_ratio": 0.0
  },
  "2": {
    "validity_ratio": 0.38680555555555557,
    "below": -0.9431716377610226,
    "above": 0.39950472760079253,
    "turn_on_times": 2,
    "turn_on_ratio": 1.0
  },
  "3": {
    "validity_ratio": 0.38333333333333336,
    "below": 0,
    "above": 9.639503257422165,
    "turn_on_times": 0,
    "turn_on_ratio": 0.0
  },
  "4": {
    "validity_ratio": 0.38680555555555557,
    "below": 0,
    "above": 0,
    "turn_on_times": 2,
    "turn_on_ratio": 0.6666666666666666
  },
  "5": {
    "validity_ratio": 0.38472222222222224,
    "below": -0.8489321143964573,
    "above": 0,
    "turn_on_times": 1,
    "turn_on_ratio": 0.3333333333333333
  },
  "6": {
    "validity_ratio": 0.3875,
    "below": 0,
    "above": 7.824586683440455,
    "turn_on_times": 0,
    "turn_on_ratio": 0.0
  },
  "7": {
    "validity_ratio": 0.38333333333333336,
    "below": 0,
    "above": 3.3928551352715792,
    "turn_on_times": 0,
    "turn_on_ratio": 0.0
  },
  "8": {
    "validity_ratio": 0.3840277777777778,
    "below": -0.14890709337660837,
    "above": 0,
    "turn_on_times": 2,
    "turn_on_ratio": 1.0
  },
  "9": {
    "validity_ratio": 0.3854166666666667,
    "below": 0,
    "above": 6.349679193002234,
    "turn_on_times": 0,
    "turn_on_ratio": 0.0
  },
  "10": {
    "validity_ratio": 0.3854166666666667,
    "below": 0,
    "above": 0,
    "turn_on_times": 0,
    "turn_on_ratio": 0
  },
  "12": {
    "validity_ratio": 0.38680555555555557,
    "below": 0,
    "above": 10.16939842945943,
    "turn_on_times": 0,
    "turn_on_ratio": 0.0
  },
  "13": {
    "validity_ratio": 0.0,
    "below": 0,
    "above": 0,
    "turn_on_times": 0,
    "turn_on_ratio": 0.0
  }
}