{
  "1": {
    "validity_ratio": 0.5951388888888889,
    "below": 0,
    "above": 35.362752485615545,
    "turn_on_times": 0,
    "turn_on_ratio": 0.0
  },
  "2": {
    "validity_ratio": 0.5951388888888889,
    "below": -1.5445718130133619,
    "above": 0.537860779766281,
    "turn_on_times": 2,
    "turn_on_ratio": 1.0
  },
  "3": {
    "validity_ratio": 0.5930555555555556,
    "below": -1.4363791388513192,
    "above": 15.551218313472193,
    "turn_on_times": 0,
    "turn_on_ratio": 0.0
  },
  "4": {
    "validity_ratio": 0.5951388888888889,
    "below": -0.7836824189902681,
    "above": 0,
    "turn_on_times": 2,
    "turn_on_ratio": 0.6666666666666666
  },
  "5": {
    "validity_ratio": 0.5930555555555556,
    "below": -6.626791639994076,
    "above": 0,
    "turn_on_times": 1,
    "turn_on_ratio": 0.3333333333333333
  },
  "6": {
    "validity_ratio": 0.5958333333333333,
    "below": 0,
    "above": 14.539447502479417,
    "turn_on_times": 0,
    "turn_on_ratio": 0.0
  },
  "7": {
    "validity_ratio": 0.5923611111111111,
    "below": -2.7505158135940366,
    "above": 3.7407933921544876,
    "turn_on_times": 0,
    "turn_on_ratio": 0.0
  },
  "8": {
    "validity_ratio": 0.5909722222222222,
    "below": -0.14886651592973793,
    "above": 0,
    "turn_on_times": 4,
    "turn_on_ratio": 1.0
  },
  "9": {
    "validity_ratio": 0.5944444444444444,
    "below": 0,
    "above": 10.694063254404778,
    "turn_on_times": 0,
    "turn_on_ratio": 0.0
  },
  "10": {
    "validity_ratio": 0.59375,
    "below": 0,
    "above": 0,
    "turn_on_times": 0,
    "turn_on_ratio": 0
  },
  "12": {
    "validity_ratio": 0.5951388888888889,
    "below": 0,
    "above": 17.350412807887132,
    "turn_on_times": 0,
    "turn_on_ratio": 0.0
  },
  "13": {
    "validity_ratio": 0.0,
    "below": 0,
    "above": 0,
    "turn_on_times": 0,
    "turn_on_ratio": 0.0
  }
}