{
  "1": {
    "validity_ratio": 0.9826388888888888,
    "below": 0,
    "above": 50.704078956193165,
    "turn_on_times": 0,
    "turn_on_ratio": 0.0
  },
  "2": {
    "validity_ratio": 0.9847222222222223,
    "below": -1.5445718704659408,
    "above": 14.431161347128326,
    "turn_on_times": 2,
    "turn_on_ratio": 1.0
  },
  "3": {
    "validity_ratio": 0.9847222222222223,
    "below": -1.4363791702796076,
    "above": 31.752344101018966,
    "turn_on_times": 1,
    "turn_on_ratio": 0.2
  },
  "4": {
    "validity_ratio": 0.9826388888888888,
    "below": -0.7836824497878931,
    "above": 1.0041412522887,
    "turn_on_times": 3,
    "turn_on_ratio": 0.6
  },
  "5": {
    "validity_ratio": 0.9833333333333333,
    "below": -9.456752911406985,
    "above": 5.829870267545891,
    "turn_on_times": 1,
    "turn_on_ratio": 0.2
  },
  "6": {
    "validity_ratio": 0.9854166666666667,
    "below": -3.4991949674655536,
    "above": 14.539447517428323,
    "turn_on_times": 0,
    "turn_on_ratio": 0.0
  },
  "7": {
    "validity_ratio": 0.9861111111111112,
    "below": -6.528928322854517,
    "above": 8.933391082769605,
    "turn_on_times": 0,
    "turn_on_ratio": 0.0
  },
  "8": {
    "validity_ratio": 0.9854166666666667,
    "below": -0.14886650303163038,
    "above": 0,
    "turn_on_times": 7,
    "turn_on_ratio": 0.7
  },
  "9": {
    "validity_ratio": 0.9833333333333333,
    "below": 0,
    "above": 10.74573755148713,
    "turn_on_times": 3,
    "turn_on_ratio": 0.3
  },
  "10": {
    "validity_ratio": 0.9826388888888888,
    "below": 0,
    "above": 0,
    "turn_on_times": 0,
    "turn_on_ratio": 0
  },
  "12": {
    "validity_ratio": 0.9840277777777777,
    "below": 0,
    "above": 39.86799287446578,
    "turn_on_times": 0,
    "turn_on_ratio": 0.0
  },
  "13": {
    "validity_ratio": 0.0,
    "below": 0,
    "above": 0,
    "turn_on_times": 0,
    "turn_on_ratio": 0.0
  }
}