{
  "1": {
    "validity_ratio": 0.7472222222222222,
    "below": 0,
    "above": 40.14913478284548,
    "turn_on_times": 0,
    "turn_on_ratio": 0.0
  },
  "2": {
    "validity_ratio": 0.7479166666666667,
    "below": -1.5445370639699836,
    "above": 3.244399761450799,
    "turn_on_times": 2,
    "turn_on_ratio": 1.0
  },
  "3": {
    "validity_ratio": 0.7513888888888889,
    "below": -1.4363601300818232,
    "above": 16.014565946093864,
    "turn_on_times": 0,
    "turn_on_ratio": 0.0
  },
  "4": {
    "validity_ratio": 0.7465277777777778,
    "below": -0.7836637916642684,
    "above": 0.9749262794990254,
    "turn_on_times": 2,
    "turn_on_ratio": 0.6666666666666666
  },
  "5": {
    "validity_ratio": 0.7465277777777778,
    "below": -7.8389869902555755,
    "above": 0,
    "turn_on_times": 1,
    "turn_on_ratio": 0.3333333333333333
  },
  "6": {
    "validity_ratio": 0.7493055555555556,
    "below": -2.1384157416931364,
    "above": 14.539438460878207,
    "turn_on_times": 0,
    "turn_on_ratio": 0.0
  },
  "7": {
    "validity_ratio": 0.7479166666666667,
    "below": -3.6510124948641325,
    "above": 3.9236204831534462,
    "turn_on_times": 0,
    "turn_on_ratio": 0.0
  },
  "8": {
    "validity_ratio": 0.7506944444444444,
    "below": -0.14887431709222715,
    "above": 0,
    "turn_on_times": 4,
    "turn_on_ratio": 1.0
  },
  "9": {
    "validity_ratio": 0.7472222222222222,
    "below": 0,
    "above": 10.694062061872378,
    "turn_on_times": 0,
    "turn_on_ratio": 0.0
  },
  "10": {
    "validity_ratio": 0.7465277777777778,
    "below": 0,
    "above": 0,
    "turn_on_times": 0,
    "turn_on_ratio": 0
  },
  "12": {
    "validity_ratio": 0.7479166666666667,
    "below": 0,
    "above": 20.282636973257908,
    "turn_on_times": 0,
    "turn_on_ratio": 0.0
  },
  "13": {
    "validity_ratio": 0.0,
    "below": 0,
    "above": 0,
    "turn_on_times": 0,
    "turn_on_ratio": 0.0
  }
}