{
  "1": {
    "validity_ratio": 0.8444444444444444,
    "below": 0,
    "above": 40.15736055251169,
    "turn_on_times": 0,
    "turn_on_ratio": 0.0
  },
  "2": {
    "validity_ratio": 0.8451388888888889,
    "below": -1.544345145640557,
    "above": 5.087269564637048,
    "turn_on_times": 2,
    "turn_on_ratio": 1.0
  },
  "3": {
    "validity_ratio": 0.8465277777777778,
    "below": -1.436255144996423,
    "above": 20.55298718580475,
    "turn_on_times": 1,
    "turn_on_ratio": 0.2
  },
  "4": {
    "validity_ratio": 0.84375,
    "below": -0.7835609132843215,
    "above": 0.9665984766359992,
    "turn_on_times": 3,
    "turn_on_ratio": 0.6
  },
  "5": {
    "validity_ratio": 0.84375,
    "below": -8.7300953802821,
    "above": 1.6446608625873802,
    "turn_on_times": 1,
    "turn_on_ratio": 0.2
  },
  "6": {
    "validity_ratio": 0.8465277777777778,
    "below": -3.4991532313939318,
    "above": 14.539388522320547,
    "turn_on_times": 0,
    "turn_on_ratio": 0.0
  },
  "7": {
    "validity_ratio": 0.8465277777777778,
    "below": -3.6509500842498204,
    "above": 6.424963411764079,
    "turn_on_times": 0,
    "turn_on_ratio": 0.0
  },
  "8": {
    "validity_ratio": 0.8479166666666667,
    "below": -0.14891740276961418,
    "above": 0,
    "turn_on_times": 5,
    "turn_on_ratio": 0.8333333333333334
  },
  "9": {
    "validity_ratio": 0.8444444444444444,
    "below": 0,
    "above": 10.69405534486281,
    "turn_on_times": 1,
    "turn_on_ratio": 0.16666666666666666
  },
  "10": {
    "validity_ratio": 0.84375,
    "below": 0,
    "above": 0,
    "turn_on_times": 0,
    "turn_on_ratio": 0
  },
  "12": {
    "validity_ratio": 0.8451388888888889,
    "below": 0,
    "above": 34.67863455605269,
    "turn_on_times": 0,
    "turn_on_ratio": 0.0
  },
  "13": {
    "validity_ratio": 0.0,
    "below": 0,
    "above": 0,
    "turn_on_times": 0,
    "turn_on_ratio": 0.0
  }
}