{
  "1": {
    "validity_ratio": 0.45,
    "below": 0,
    "above": 20.01957636403296,
    "turn_on_times": 0,
    "turn_on_ratio": 0.0
  },
  "2": {
    "validity_ratio": 0.44930555555555557,
    "below": -0.9433307520668667,
    "above": 0.399492105363747,
    "turn_on_times": 2,
    "turn_on_ratio": 1.0
  },
  "3": {
    "validity_ratio": 0.44513888888888886,
    "below": 0,
    "above": 14.981176650117606,
    "turn_on_times": 0,
    "turn_on_ratio": 0.0
  },
  "4": {
    "validity_ratio": 0.44930555555555557,
    "below": 0,
    "above": 0,
    "turn_on_times": 2,
    "turn_on_ratio": 0.6666666666666666
  },
  "5": {
    "validity_ratio": 0.44722222222222224,
    "below": -2.9810344338316725,
    "above": 0,
    "turn_on_times": 1,
    "turn_on_ratio": 0.3333333333333333
  },
  "6": {
    "validity_ratio": 0.45,
    "below": 0,
    "above": 10.70868496459202,
    "turn_on_times": 0,
    "turn_on_ratio": 0.0
  },
  "7": {
    "validity_ratio": 0.4465277777777778,
    "below": 0,
    "above": 3.740782382503706,
    "turn_on_times": 0,
    "turn_on_ratio": 0.0
  },
  "8": {
    "validity_ratio": 0.44583333333333336,
    "below": -0.14887140682769306,
    "above": 0,
    "turn_on_times": 3,
    "turn_on_ratio": 1.0
  },
  "9": {
    "validity_ratio": 0.4479166666666667,
    "below": 0,
    "above": 9.528802201095445,
    "turn_on_times": 0,
    "turn_on_ratio": 0.0
  },
  "10": {
    "validity_ratio": 0.4479166666666667,
    "below": 0,
    "above": 0,
    "turn_on_times": 0,
    "turn_on_ratio": 0
  },
  "12": {
    "validity_ratio": 0.44930555555555557,
    "below": 0,
    "above": 12.81792689550809,
    "turn_on_times": 0,
    "turn_on_ratio": 0.0
  },
  "13": {
    "validity_ratio": 0.0,
    "below": 0,
    "above": 0,
    "turn_on_times": 0,
    "turn_on_ratio": 0.0
  }
}