{
  "1": {
    "validity_ratio": 0.8791666666666667,
    "below": 0,
    "above": 40.51555687196034,
    "turn_on_times": 0,
    "turn_on_ratio": 0.0
  },
  "2": {
    "validity_ratio": 0.8805555555555555,
    "below": -1.544379911057921,
    "above": 5.917556552021417,
    "turn_on_times": 2,
    "turn_on_ratio": 1.0
  },
  "3": {
    "validity_ratio": 0.8805555555555555,
    "below": -1.4362741627229845,
    "above": 25.869748618353334,
    "turn_on_times": 1,
    "turn_on_ratio": 0.2
  },
  "4": {
    "validity_ratio": 0.8784722222222222,
    "below": -0.7835795493876428,
    "above": 0.987774648785636,
    "turn_on_times": 3,
    "turn_on_ratio": 0.6
  },
  "5": {
    "validity_ratio": 0.8784722222222222,
    "below": -9.210101273894978,
    "above": 1.6578111384141587,
    "turn_on_times": 1,
    "turn_on_ratio": 0.2
  },
  "6": {
    "validity_ratio": 0.8805555555555555,
    "below": -3.4991596310987108,
    "above": 14.53939756878341,
    "turn_on_times": 0,
    "turn_on_ratio": 0.0
  },
  "7": {
    "validity_ratio": 0.8805555555555555,
    "below": -3.802585854069251,
    "above": 8.932264239164539,
    "turn_on_times": 0,
    "turn_on_ratio": 0.0
  },
  "8": {
    "validity_ratio": 0.8756944444444444,
    "below": -0.14890959793116443,
    "above": 0,
    "turn_on_times": 5,
    "turn_on_ratio": 0.7142857142857143
  },
  "9": {
    "validity_ratio": 0.8791666666666667,
    "below": 0,
    "above": 10.694056578040358,
    "turn_on_times": 2,
    "turn_on_ratio": 0.2857142857142857
  },
  "10": {
    "validity_ratio": 0.8784722222222222,
    "below": 0,
    "above": 0,
    "turn_on_times": 0,
    "turn_on_ratio": 0
  },
  "12": {
    "validity_ratio": 0.8798611111111111,
    "below": 0,
    "above": 35.39887544891787,
    "turn_on_times": 0,
    "turn_on_ratio": 0.0
  },
  "13": {
    "validity_ratio": 0.0,
    "below": 0,
    "above": 0,
    "turn_on_times": 0,
    "turn_on_ratio": 0.0
  }
}