{
  "1": {
    "validity_ratio": 0.7541666666666667,
    "below": 0,
    "above": 40.1491483421521,
    "turn_on_times": 0,
    "turn_on_ratio": 0.0
  },
  "2": {
    "validity_ratio": 0.7548611111111111,
    "below": -1.5445458674286694,
    "above": 3.2783103926364086,
    "turn_on_times": 2,
    "turn_on_ratio": 1.0
  },
  "3": {
    "validity_ratio": 0.7583333333333333,
    "below": -1.4363649458379022,
    "above": 16.147918671972583,
    "turn_on_times": 0,
    "turn_on_ratio": 0.0
  },
  "4": {
    "validity_ratio": 0.7534722222222222,
    "below": -0.783668510783962,
    "above": 0.9749261215602961,
    "turn_on_times": 2,
    "turn_on_ratio": 0.6666666666666666
  },
  "5": {
    "validity_ratio": 0.7534722222222222,
    "below": -7.838989164246454,
    "above": 0,
    "turn_on_times": 1,
    "turn_on_ratio": 0.3333333333333333
  },
  "6": {
    "validity_ratio": 0.75625,
    "below": -2.271895578414042,
    "above": 14.539440751523133,
    "turn_on_times": 0,
    "turn_on_ratio": 0.0
  },
  "7": {
    "validity_ratio": 0.7548611111111111,
    "below": -3.6510153576926423,
    "above": 3.9236364144263702,
    "turn_on_times": 0,
    "turn_on_ratio": 0.0
  },
  "8": {
    "validity_ratio": 0.7576388888888889,
    "below": -0.14887234071518185,
    "above": 0,
    "turn_on_times": 4,
    "turn_on_ratio": 1.0
  },
  "9": {
    "validity_ratio": 0.7541666666666667,
    "below": 0,
    "above": 10.694062364679334,
    "turn_on_times": 0,
    "turn_on_ratio": 0.0
  },
  "10": {
    "validity_ratio": 0.7534722222222222,
    "below": 0,
    "above": 0,
    "turn_on_times": 0,
    "turn_on_ratio": 0
  },
  "12": {
    "validity_ratio": 0.7548611111111111,
    "below": 0,
    "above": 21.578201867540333,
    "turn_on_times": 0,
    "turn_on_ratio": 0.0
  },
  "13": {
    "validity_ratio": 0.0,
    "below": 0,
    "above": 0,
    "turn_on_times": 0,
    "turn_on_ratio": 0.0
  }
}