{
  "1": {
    "validity_ratio": 0.9340277777777778,
    "below": 0,
    "above": 46.04478555825339,
    "turn_on_times": 0,
    "turn_on_ratio": 0.0
  },
  "2": {
    "validity_ratio": 0.9361111111111111,
    "below": -1.5443726556589756,
    "above": 8.237088213110264,
    "turn_on_times": 2,
    "turn_on_ratio": 1.0
  },
  "3": {
    "validity_ratio": 0.9361111111111111,
    "below": -1.4362701938020375,
    "above": 31.75180440454226,
    "turn_on_times": 1,
    "turn_on_ratio": 0.2
  },
  "4": {
    "validity_ratio": 0.9340277777777778,
    "below": -0.7835756601098871,
    "above": 1.0050450396759913,
    "turn_on_times": 3,
    "turn_on_ratio": 0.6
  },
  "5": {
    "validity_ratio": 0.9347222222222222,
    "below": -9.456738371126976,
    "above": 5.8306349546393195,
    "turn_on_times": 1,
    "turn_on_ratio": 0.2
  },
  "6": {
    "validity_ratio": 0.9368055555555556,
    "below": -3.4991582955067724,
    "above": 14.539395680832971,
    "turn_on_times": 0,
    "turn_on_ratio": 0.0
  },
  "7": {
    "validity_ratio": 0.9375,
    "below": -5.476708385321757,
    "above": 8.932221648389818,
    "turn_on_times": 0,
    "turn_on_ratio": 0.0
  },
  "8": {
    "validity_ratio": 0.9368055555555556,
    "below": -0.1489112267686972,
    "above": 0,
    "turn_on_times": 6,
    "turn_on_ratio": 0.75
  },
  "9": {
    "validity_ratio": 0.9347222222222222,
    "below": 0,
    "above": 10.69405632128086,
    "turn_on_times": 2,
    "turn_on_ratio": 0.25
  },
  "10": {
    "validity_ratio": 0.9340277777777778,
    "below": 0,
    "above": 0,
    "turn_on_times": 0,
    "turn_on_ratio": 0
  },
  "12": {
    "validity_ratio": 0.9354166666666667,
    "below": 0,
    "above": 39.87223277808223,
    "turn_on_times": 0,
    "turn_on_ratio": 0.0
  },
  "13": {
    "validity_ratio": 0.0,
    "below": 0,
    "above": 0,
    "turn_on_times": 0,
    "turn_on_ratio": 0.0
  }
}