{
  "1": {
    "validity_ratio": 0.35555555555555557,
    "below": 0,
    "above": 8.85901845702964,
    "turn_on_times": 0,
    "turn_on_ratio": 0.0
  },
  "2": {
    "validity_ratio": 0.3541666666666667,
    "below": -0.6886917687915698,
    "above": 7.3410810150108965,
    "turn_on_times": 3,
    "turn_on_ratio": 0.375
  },
  "3": {
    "validity_ratio": 0.35833333333333334,
    "below": 0,
    "above": 20.42108701696269,
    "turn_on_times": 0,
    "turn_on_ratio": 0.0
  },
  "4": {
    "validity_ratio": 0.3597222222222222,
    "below": -0.12766733511111142,
    "above": 16.040860878872397,
    "turn_on_times": 3,
    "turn_on_ratio": 0.75
  },
  "5": {
    "validity_ratio": 0.3548611111111111,
    "below": 0,
    "above": 13.034237253156219,
    "turn_on_times": 0,
    "turn_on_ratio": 0.0
  },
  "6": {
    "validity_ratio": 0.3590277777777778,
    "below": 0,
    "above": 3.5191955961284753,
    "turn_on_times": 5,
    "turn_on_ratio": 0.625
  },
  "7": {
    "validity_ratio": 0.35555555555555557,
    "below": -1.1285548172757451,
    "above": 14.41083683617022,
    "turn_on_times": 0,
    "turn_on_ratio": 0.0
  },
  "8": {
    "validity_ratio": 0.3576388888888889,
    "below": -0.20337004231912134,
    "above": 0,
    "turn_on_times": 1,
    "turn_on_ratio": 1.0
  },
  "9": {
    "validity_ratio": 0.35625,
    "below": 0,
    "above": 1.8650824613709864,
    "turn_on_times": 0,
    "turn_on_ratio": 0.0
  },
  "10": {
    "validity_ratio": 0.3548611111111111,
    "below": 0,
    "above": 0,
    "turn_on_times": 0,
    "turn_on_ratio": 0
  },
  "12": {
    "validity_ratio": 0.35625,
    "below": -11.834930207434013,
    "above": 5.812857927804085,
    "turn_on_times": 1,
    "turn_on_ratio": 0.25
  },
  "13": {
    "validity_ratio": 0.35555555555555557,
    "below": 0,
    "above": 30.772520126388205,
    "turn_on_times": 0,
    "turn_on_ratio": 0.0
  }
}