{
  "1": {
    "validity_ratio": 0.4875,
    "below": 0,
    "above": 12.025383287940068,
    "turn_on_times": 0,
    "turn_on_ratio": 0.0
  },
  "2": {
    "validity_ratio": 0.4861111111111111,
    "below": -2.399384525653227,
    "above": 7.340792139345183,
    "turn_on_times": 3,
    "turn_on_ratio": 0.375
  },
  "3": {
    "validity_ratio": 0.4875,
    "below": -1.0126517348690665,
    "above": 21.72154375019835,
    "turn_on_times": 1,
    "turn_on_ratio": 0.16666666666666666
  },
  "4": {
    "validity_ratio": 0.48680555555555555,
    "below": -0.2907492174735453,
    "above": 16.04058383805995,
    "turn_on_times": 4,
    "turn_on_ratio": 0.6666666666666666
  },
  "5": {
    "validity_ratio": 0.48680555555555555,
    "below": 0,
    "above": 18.26831406778174,
    "turn_on_times": 0,
    "turn_on_ratio": 0.0
  },
  "6": {
    "validity_ratio": 0.4909722222222222,
    "below": 0,
    "above": 6.37914468268661,
    "turn_on_times": 5,
    "turn_on_ratio": 0.625
  },
  "7": {
    "validity_ratio": 0.48819444444444443,
    "below": -2.4969661534383008,
    "above": 16.349011987058947,
    "turn_on_times": 0,
    "turn_on_ratio": 0.0
  },
  "8": {
    "validity_ratio": 0.4895833333333333,
    "below": -0.20350199153021709,
    "above": 0.008554375473766139,
    "turn_on_times": 3,
    "turn_on_ratio": 1.0
  },
  "9": {
    "validity_ratio": 0.48819444444444443,
    "below": 0,
    "above": 4.3819980663148765,
    "turn_on_times": 0,
    "turn_on_ratio": 0.0
  },
  "10": {
    "validity_ratio": 0.48680555555555555,
    "below": 0,
    "above": 0,
    "turn_on_times": 0,
    "turn_on_ratio": 0
  },
  "12": {
    "validity_ratio": 0.4875,
    "below": -11.833223208313091,
    "above": 15.313776863473826,
    "turn_on_times": 1,
    "turn_on_ratio": 0.16666666666666666
  },
  "13": {
    "validity_ratio": 0.49166666666666664,
    "below": -0.1845500612861112,
    "above": 34.89055598744753,
    "turn_on_times": 0,
    "turn_on_ratio": 0.0
  }
}