{
  "1": {
    "validity_ratio": 0.02361111111111111,
    "below": 0,
    "above": 1.0090443860643243,
    "turn_on_times": 0,
    "turn_on_ratio": 0
  },
  "2": {
    "validity_ratio": 0.025694444444444443,
    "below": 0,
    "above": 1.5275929020379406,
    "turn_on_times": 0,
    "turn_on_ratio": 0
  },
  "3": {
    "validity_ratio": 0.025694444444444443,
    "below": 0,
    "above": 1.18407838677466,
    "turn_on_times": 0,
    "turn_on_ratio": 0.0
  },
  "4": {
    "validity_ratio": 0.022916666666666665,
    "below": -0.12767352180555586,
    "above": 0.048694505898050425,
    "turn_on_times": 1,
    "turn_on_ratio": 1.0
  },
  "5": {
    "validity_ratio": 0.025,
    "below": 0,
    "above": 1.974989998581268,
    "turn_on_times": 0,
    "turn_on_ratio": 0.0
  },
  "6": {
    "validity_ratio": 0.025694444444444443,
    "below": 0,
    "above": 0.020608590071589956,
    "turn_on_times": 0,
    "turn_on_ratio": 0
  },
  "7": {
    "validity_ratio": 0.020833333333333332,
    "below": -0.19833333333333317,
    "above": 0.8354662541652702,
    "turn_on_times": 0,
    "turn_on_ratio": 0
  },
  "8": {
    "validity_ratio": 0.020833333333333332,
    "below": 0,
    "above": 0,
    "turn_on_times": 0,
    "turn_on_ratio": 0
  },
  "9": {
    "validity_ratio": 0.025694444444444443,
    "below": 0,
    "above": 0,
    "turn_on_times": 0,
    "turn_on_ratio": 0
  },
  "10": {
    "validity_ratio": 0.021527777777777778,
    "below": 0,
    "above": 0,
    "turn_on_times": 0,
    "turn_on_ratio": 0
  },
  "12": {
    "validity_ratio": 0.022222222222222223,
    "below": 0,
    "above": 1.5864306074617123,
    "turn_on_times": 0,
    "turn_on_ratio": 0.0
  },
  "13": {
    "validity_ratio": 0.022222222222222223,
    "below": 0,
    "above": 3.0290192817264243,
    "turn_on_times": 0,
    "turn_on_ratio": 0
  }
}