{
  "1": {
    "validity_ratio": 0.8034722222222223,
    "below": -10.789458564976744,
    "above": 15.610272510554262,
    "turn_on_times": 1,
    "turn_on_ratio": 0.1
  },
  "2": {
    "validity_ratio": 0.8055555555555556,
    "below": -2.939026553291971,
    "above": 8.495446359769588,
    "turn_on_times": 4,
    "turn_on_ratio": 0.4
  },
  "3": {
    "validity_ratio": 0.8020833333333334,
    "below": -1.2136581327116713,
    "above": 21.722022261245137,
    "turn_on_times": 1,
    "turn_on_ratio": 0.16666666666666666
  },
  "4": {
    "validity_ratio": 0.8048611111111111,
    "below": -0.29087483218782284,
    "above": 16.076813624758547,
    "turn_on_times": 4,
    "turn_on_ratio": 0.6666666666666666
  },
  "5": {
    "validity_ratio": 0.8069444444444445,
    "below": 0,
    "above": 22.569953474148544,
    "turn_on_times": 0,
    "turn_on_ratio": 0.0
  },
  "6": {
    "validity_ratio": 0.8034722222222223,
    "below": 0,
    "above": 17.93499708279283,
    "turn_on_times": 5,
    "turn_on_ratio": 0.5
  },
  "7": {
    "validity_ratio": 0.8076388888888889,
    "below": -7.831560714917839,
    "above": 16.47702828308634,
    "turn_on_times": 0,
    "turn_on_ratio": 0.0
  },
  "8": {
    "validity_ratio": 0.80625,
    "below": -0.20338445166600813,
    "above": 4.4225456270049515,
    "turn_on_times": 5,
    "turn_on_ratio": 0.7142857142857143
  },
  "9": {
    "validity_ratio": 0.8048611111111111,
    "below": -0.20714148169062177,
    "above": 4.563060604794372,
    "turn_on_times": 2,
    "turn_on_ratio": 0.2857142857142857
  },
  "10": {
    "validity_ratio": 0.8,
    "below": -2.93996426357414,
    "above": 0,
    "turn_on_times": 0,
    "turn_on_ratio": 0
  },
  "12": {
    "validity_ratio": 0.8048611111111111,
    "below": -11.834740658285773,
    "above": 21.495592498329536,
    "turn_on_times": 1,
    "turn_on_ratio": 0.16666666666666666
  },
  "13": {
    "validity_ratio": 0.8048611111111111,
    "below": -0.18448787456388915,
    "above": 46.681128427775974,
    "turn_on_times": 0,
    "turn_on_ratio": 0.0
  }
}