{
  "1": {
    "validity_ratio": 0.4388888888888889,
    "below": 0,
    "above": 10.858855830981383,
    "turn_on_times": 0,
    "turn_on_ratio": 0.0
  },
  "2": {
    "validity_ratio": 0.4375,
    "below": -1.6829884425387331,
    "above": 7.340925368888301,
    "turn_on_times": 3,
    "turn_on_ratio": 0.375
  },
  "3": {
    "validity_ratio": 0.4388888888888889,
    "below": -1.012693341644187,
    "above": 21.168057876164752,
    "turn_on_times": 1,
    "turn_on_ratio": 0.16666666666666666
  },
  "4": {
    "validity_ratio": 0.43819444444444444,
    "below": -0.29081425307702125,
    "above": 16.040721398561473,
    "turn_on_times": 4,
    "turn_on_ratio": 0.6666666666666666
  },
  "5": {
    "validity_ratio": 0.43819444444444444,
    "below": 0,
    "above": 16.236335842207726,
    "turn_on_times": 0,
    "turn_on_ratio": 0.0
  },
  "6": {
    "validity_ratio": 0.4423611111111111,
    "below": 0,
    "above": 5.5427600094582825,
    "turn_on_times": 5,
    "turn_on_ratio": 0.625
  },
  "7": {
    "validity_ratio": 0.4388888888888889,
    "below": -1.1285548172757451,
    "above": 16.348931876577744,
    "turn_on_times": 0,
    "turn_on_ratio": 0.0
  },
  "8": {
    "validity_ratio": 0.44166666666666665,
    "below": -0.20344113658941537,
    "above": 0,
    "turn_on_times": 2,
    "turn_on_ratio": 1.0
  },
  "9": {
    "validity_ratio": 0.44305555555555554,
    "below": 0,
    "above": 3.0074123253443292,
    "turn_on_times": 0,
    "turn_on_ratio": 0.0
  },
  "10": {
    "validity_ratio": 0.43819444444444444,
    "below": 0,
    "above": 0,
    "turn_on_times": 0,
    "turn_on_ratio": 0
  },
  "12": {
    "validity_ratio": 0.4388888888888889,
    "below": -11.834002458730291,
    "above": 12.657210249855193,
    "turn_on_times": 1,
    "turn_on_ratio": 0.16666666666666666
  },
  "13": {
    "validity_ratio": 0.4388888888888889,
    "below": 0,
    "above": 33.62340805899353,
    "turn_on_times": 0,
    "turn_on_ratio": 0.0
  }
}