{
  "1": {
    "validity_ratio": 0.22430555555555556,
    "below": 0,
    "above": 6.102529227388426,
    "turn_on_times": 0,
    "turn_on_ratio": 0.0
  },
  "2": {
    "validity_ratio": 0.22708333333333333,
    "below": 0,
    "above": 7.340723681869265,
    "turn_on_times": 2,
    "turn_on_ratio": 0.3333333333333333
  },
  "3": {
    "validity_ratio": 0.2263888888888889,
    "below": 0,
    "above": 17.313302135273855,
    "turn_on_times": 0,
    "turn_on_ratio": 0.0
  },
  "4": {
    "validity_ratio": 0.22430555555555556,
    "below": -0.12769067397222253,
    "above": 15.425808168907317,
    "turn_on_times": 1,
    "turn_on_ratio": 0.5
  },
  "5": {
    "validity_ratio": 0.22291666666666668,
    "below": 0,
    "above": 9.929431652659888,
    "turn_on_times": 0,
    "turn_on_ratio": 0.0
  },
  "6": {
    "validity_ratio": 0.22708333333333333,
    "below": 0,
    "above": 0.3872951353500633,
    "turn_on_times": 4,
    "turn_on_ratio": 0.6666666666666666
  },
  "7": {
    "validity_ratio": 0.22291666666666668,
    "below": -1.1285548172757451,
    "above": 8.674228580737177,
    "turn_on_times": 0,
    "turn_on_ratio": 0.0
  },
  "8": {
    "validity_ratio": 0.2222222222222222,
    "below": 0,
    "above": 0,
    "turn_on_times": 0,
    "turn_on_ratio": 0
  },
  "9": {
    "validity_ratio": 0.22708333333333333,
    "below": 0,
    "above": 0,
    "turn_on_times": 0,
    "turn_on_ratio": 0
  },
  "10": {
    "validity_ratio": 0.22291666666666668,
    "below": 0,
    "above": 0,
    "turn_on_times": 0,
    "turn_on_ratio": 0
  },
  "12": {
    "validity_ratio": 0.22291666666666668,
    "below": -9.790768891698905,
    "above": 1.586133356566242,
    "turn_on_times": 1,
    "turn_on_ratio": 0.5
  },
  "13": {
    "validity_ratio": 0.22361111111111112,
    "below": 0,
    "above": 23.43098257328403,
    "turn_on_times": 0,
    "turn_on_ratio": 0.0
  }
}