{
  "1": {
    "validity_ratio": 0.9381944444444444,
    "below": -14.007155186959196,
    "above": 15.609972205822698,
    "turn_on_times": 2,
    "turn_on_ratio": 0.15384615384615385
  },
  "2": {
    "validity_ratio": 0.9375,
    "below": -2.9392015738682953,
    "above": 13.891922693714552,
    "turn_on_times": 5,
    "turn_on_ratio": 0.38461538461538464
  },
  "3": {
    "validity_ratio": 0.9409722222222222,
    "below": -1.2134079316372683,
    "above": 21.721553351884694,
    "turn_on_times": 1,
    "turn_on_ratio": 0.16666666666666666
  },
  "4": {
    "validity_ratio": 0.9430555555555555,
    "below": -0.2907517286882762,
    "above": 16.0763407845568,
    "turn_on_times": 4,
    "turn_on_ratio": 0.6666666666666666
  },
  "5": {
    "validity_ratio": 0.9395833333333333,
    "below": 0,
    "above": 22.571384966237947,
    "turn_on_times": 0,
    "turn_on_ratio": 0.0
  },
  "6": {
    "validity_ratio": 0.9423611111111111,
    "below": -0.07693842011249963,
    "above": 18.52081570387015,
    "turn_on_times": 6,
    "turn_on_ratio": 0.46153846153846156
  },
  "7": {
    "validity_ratio": 0.9395833333333333,
    "below": -7.966781502787965,
    "above": 24.55795193233445,
    "turn_on_times": 0,
    "turn_on_ratio": 0.0
  },
  "8": {
    "validity_ratio": 0.9381944444444444,
    "below": -0.20349964174309249,
    "above": 4.422527169503459,
    "turn_on_times": 5,
    "turn_on_ratio": 0.7142857142857143
  },
  "9": {
    "validity_ratio": 0.9430555555555555,
    "below": -0.20720566920610228,
    "above": 4.562280832559838,
    "turn_on_times": 2,
    "turn_on_ratio": 0.2857142857142857
  },
  "10": {
    "validity_ratio": 0.9388888888888889,
    "below": -17.252196280085393,
    "above": 0,
    "turn_on_times": 0,
    "turn_on_ratio": 0
  },
  "12": {
    "validity_ratio": 0.9430555555555555,
    "below": -11.833253042701324,
    "above": 21.49521618880232,
    "turn_on_times": 1,
    "turn_on_ratio": 0.16666666666666666
  },
  "13": {
    "validity_ratio": 0.9430555555555555,
    "below": -1.2201205037094986,
    "above": 58.27412350631343,
    "turn_on_times": 0,
    "turn_on_ratio": 0.0
  }
}