{
  "1": {
    "validity_ratio": 0.4111111111111111,
    "below": 0,
    "above": 10.192100122411683,
    "turn_on_times": 0,
    "turn_on_ratio": 0.0
  },
  "2": {
    "validity_ratio": 0.4097222222222222,
    "below": -1.2988288843367723,
    "above": 7.340840151483405,
    "turn_on_times": 3,
    "turn_on_ratio": 0.375
  },
  "3": {
    "validity_ratio": 0.4111111111111111,
    "below": -0.9238000315938535,
    "above": 20.420800984511708,
    "turn_on_times": 1,
    "turn_on_ratio": 0.16666666666666666
  },
  "4": {
    "validity_ratio": 0.41041666666666665,
    "below": -0.2907726544396465,
    "above": 16.04063534241319,
    "turn_on_times": 4,
    "turn_on_ratio": 0.6666666666666666
  },
  "5": {
    "validity_ratio": 0.41041666666666665,
    "below": 0,
    "above": 14.721642128153707,
    "turn_on_times": 0,
    "turn_on_ratio": 0.0
  },
  "6": {
    "validity_ratio": 0.41458333333333336,
    "below": 0,
    "above": 4.976121484092897,
    "turn_on_times": 5,
    "turn_on_ratio": 0.625
  },
  "7": {
    "validity_ratio": 0.4111111111111111,
    "below": -1.1285548172757451,
    "above": 16.181105676518218,
    "turn_on_times": 0,
    "turn_on_ratio": 0.0
  },
  "8": {
    "validity_ratio": 0.41388888888888886,
    "below": -0.20348006115503064,
    "above": 0,
    "turn_on_times": 2,
    "turn_on_ratio": 1.0
  },
  "9": {
    "validity_ratio": 0.4152777777777778,
    "below": 0,
    "above": 3.0070997653364735,
    "turn_on_times": 0,
    "turn_on_ratio": 0.0
  },
  "10": {
    "validity_ratio": 0.41041666666666665,
    "below": 0,
    "above": 0,
    "turn_on_times": 0,
    "turn_on_ratio": 0
  },
  "12": {
    "validity_ratio": 0.4111111111111111,
    "below": -11.833502445989929,
    "above": 10.860326102424304,
    "turn_on_times": 1,
    "turn_on_ratio": 0.16666666666666666
  },
  "13": {
    "validity_ratio": 0.4111111111111111,
    "below": 0,
    "above": 32.170690652189705,
    "turn_on_times": 0,
    "turn_on_ratio": 0.0
  }
}