{
  "1": {
    "validity_ratio": 0.20347222222222222,
    "below": 0,
    "above": 5.7468160912298005,
    "turn_on_times": 0,
    "turn_on_ratio": 0.0
  },
  "2": {
    "validity_ratio": 0.20625,
    "below": 0,
    "above": 7.340776013372645,
    "turn_on_times": 1,
    "turn_on_ratio": 0.2
  },
  "3": {
    "validity_ratio": 0.20555555555555555,
    "below": 0,
    "above": 15.474468432198547,
    "turn_on_times": 0,
    "turn_on_ratio": 0.0
  },
  "4": {
    "validity_ratio": 0.20347222222222222,
    "below": -0.12768725600000028,
    "above": 14.664617001959709,
    "turn_on_times": 1,
    "turn_on_ratio": 0.5
  },
  "5": {
    "validity_ratio": 0.2013888888888889,
    "below": 0,
    "above": 9.485768588687334,
    "turn_on_times": 0,
    "turn_on_ratio": 0.0
  },
  "6": {
    "validity_ratio": 0.20625,
    "below": 0,
    "above": 0.04004931708758893,
    "turn_on_times": 4,
    "turn_on_ratio": 0.8
  },
  "7": {
    "validity_ratio": 0.20208333333333334,
    "below": -1.1285548172757451,
    "above": 7.919010637794051,
    "turn_on_times": 0,
    "turn_on_ratio": 0.0
  },
  "8": {
    "validity_ratio": 0.2013888888888889,
    "below": 0,
    "above": 0,
    "turn_on_times": 0,
    "turn_on_ratio": 0
  },
  "9": {
    "validity_ratio": 0.20625,
    "below": 0,
    "above": 0,
    "turn_on_times": 0,
    "turn_on_ratio": 0
  },
  "10": {
    "validity_ratio": 0.20208333333333334,
    "below": 0,
    "above": 0,
    "turn_on_times": 0,
    "turn_on_ratio": 0
  },
  "12": {
    "validity_ratio": 0.20208333333333334,
    "below": -7.703806852364407,
    "above": 1.5861925827685408,
    "turn_on_times": 1,
    "turn_on_ratio": 0.5
  },
  "13": {
    "validity_ratio": 0.20277777777777778,
    "below": 0,
    "above": 21.713004516658064,
    "turn_on_times": 0,
    "turn_on_ratio": 0.0
  }
}