{
  "1": {
    "validity_ratio": 0.23125,
    "below": 0,
    "above": 6.102687497762455,
    "turn_on_times": 0,
    "turn_on_ratio": 0.0
  },
  "2": {
    "validity_ratio": 0.23402777777777778,
    "below": 0,
    "above": 7.340864549023945,
    "turn_on_times": 2,
    "turn_on_ratio": 0.3333333333333333
  },
  "3": {
    "validity_ratio": 0.23333333333333334,
    "below": 0,
    "above": 17.947187263920718,
    "turn_on_times": 0,
    "turn_on_ratio": 0.0
  },
  "4": {
    "validity_ratio": 0.23125,
    "below": -0.12768147338888913,
    "above": 15.676097958437323,
    "turn_on_times": 1,
    "turn_on_ratio": 0.5
  },
  "5": {
    "validity_ratio": 0.2298611111111111,
    "below": 0,
    "above": 10.097123797858313,
    "turn_on_times": 0,
    "turn_on_ratio": 0.0
  },
  "6": {
    "validity_ratio": 0.23402777777777778,
    "below": 0,
    "above": 0.3872251195823042,
    "turn_on_times": 4,
    "turn_on_ratio": 0.6666666666666666
  },
  "7": {
    "validity_ratio": 0.2298611111111111,
    "below": -1.1285548172757451,
    "above": 8.67415386313052,
    "turn_on_times": 0,
    "turn_on_ratio": 0.0
  },
  "8": {
    "validity_ratio": 0.22916666666666666,
    "below": 0,
    "above": 0,
    "turn_on_times": 0,
    "turn_on_ratio": 0
  },
  "9": {
    "validity_ratio": 0.23402777777777778,
    "below": 0,
    "above": 0,
    "turn_on_times": 0,
    "turn_on_ratio": 0
  },
  "10": {
    "validity_ratio": 0.2298611111111111,
    "below": 0,
    "above": 0,
    "turn_on_times": 0,
    "turn_on_ratio": 0
  },
  "12": {
    "validity_ratio": 0.2298611111111111,
    "below": -10.560833628776965,
    "above": 1.5862927922355652,
    "turn_on_times": 1,
    "turn_on_ratio": 0.5
  },
  "13": {
    "validity_ratio": 0.23055555555555557,
    "below": 0,
    "above": 23.43110469372213,
    "turn_on_times": 0,
    "turn_on_ratio": 0.0
  }
}