{
  "1": {
    "validity_ratio": 0.7965277777777777,
    "below": -10.422738369290407,
    "above": 15.610242098285864,
    "turn_on_times": 1,
    "turn_on_ratio": 0.1
  },
  "2": {
    "validity_ratio": 0.7916666666666666,
    "below": -2.9390442783741872,
    "above": 8.49542234226537,
    "turn_on_times": 4,
    "turn_on_ratio": 0.4
  },
  "3": {
    "validity_ratio": 0.7951388888888888,
    "below": -1.2136328005361938,
    "above": 21.72197493153121,
    "turn_on_times": 1,
    "turn_on_ratio": 0.16666666666666666
  },
  "4": {
    "validity_ratio": 0.7972222222222223,
    "below": -0.2908623649699901,
    "above": 16.07676847083409,
    "turn_on_times": 4,
    "turn_on_ratio": 0.6666666666666666
  },
  "5": {
    "validity_ratio": 0.7930555555555555,
    "below": 0,
    "above": 22.57010224564604,
    "turn_on_times": 0,
    "turn_on_ratio": 0.0
  },
  "6": {
    "validity_ratio": 0.7965277777777777,
    "below": 0,
    "above": 17.79174601483858,
    "turn_on_times": 5,
    "turn_on_ratio": 0.5
  },
  "7": {
    "validity_ratio": 0.79375,
    "below": -7.531583075049621,
    "above": 16.477045750055574,
    "turn_on_times": 0,
    "turn_on_ratio": 0.0
  },
  "8": {
    "validity_ratio": 0.7923611111111111,
    "below": -0.20339611745770747,
    "above": 4.422543783577924,
    "turn_on_times": 5,
    "turn_on_ratio": 0.7142857142857143
  },
  "9": {
    "validity_ratio": 0.7972222222222223,
    "below": -0.20714798223480274,
    "above": 4.562981657636877,
    "turn_on_times": 2,
    "turn_on_ratio": 0.2857142857142857
  },
  "10": {
    "validity_ratio": 0.7930555555555555,
    "below": -2.159476894816435,
    "above": 0,
    "turn_on_times": 0,
    "turn_on_ratio": 0
  },
  "12": {
    "validity_ratio": 0.7972222222222223,
    "below": -11.834587763174802,
    "above": 21.49555439127893,
    "turn_on_times": 1,
    "turn_on_ratio": 0.16666666666666666
  },
  "13": {
    "validity_ratio": 0.7972222222222223,
    "below": -0.18449404657500024,
    "above": 45.42149809009462,
    "turn_on_times": 0,
    "turn_on_ratio": 0.0
  }
}