{
  "1": {
    "validity_ratio": 0.3076388888888889,
    "below": 0,
    "above": 7.708742753804611,
    "turn_on_times": 0,
    "turn_on_ratio": 0.0
  },
  "2": {
    "validity_ratio": 0.3055555555555556,
    "below": 0,
    "above": 7.340817148905732,
    "turn_on_times": 3,
    "turn_on_ratio": 0.375
  },
  "3": {
    "validity_ratio": 0.30277777777777776,
    "below": 0,
    "above": 19.33238942748828,
    "turn_on_times": 0,
    "turn_on_ratio": 0.0
  },
  "4": {
    "validity_ratio": 0.30486111111111114,
    "below": -0.12768456927777805,
    "above": 16.04061093829216,
    "turn_on_times": 2,
    "turn_on_ratio": 0.6666666666666666
  },
  "5": {
    "validity_ratio": 0.30625,
    "below": 0,
    "above": 11.435125264814749,
    "turn_on_times": 0,
    "turn_on_ratio": 0.0
  },
  "6": {
    "validity_ratio": 0.3034722222222222,
    "below": 0,
    "above": 2.612209158550145,
    "turn_on_times": 5,
    "turn_on_ratio": 0.625
  },
  "7": {
    "validity_ratio": 0.30625,
    "below": -1.1285548172757454,
    "above": 12.110968700354956,
    "turn_on_times": 0,
    "turn_on_ratio": 0.0
  },
  "8": {
    "validity_ratio": 0.3055555555555556,
    "below": 0,
    "above": 0,
    "turn_on_times": 0,
    "turn_on_ratio": 0
  },
  "9": {
    "validity_ratio": 0.3034722222222222,
    "below": 0,
    "above": 0,
    "turn_on_times": 0,
    "turn_on_ratio": 0
  },
  "10": {
    "validity_ratio": 0.30625,
    "below": 0,
    "above": 0,
    "turn_on_times": 0,
    "turn_on_ratio": 0
  },
  "12": {
    "validity_ratio": 0.30625,
    "below": -11.833368440998942,
    "above": 2.5726605436872334,
    "turn_on_times": 1,
    "turn_on_ratio": 0.3333333333333333
  },
  "13": {
    "validity_ratio": 0.30694444444444446,
    "below": 0,
    "above": 28.93146780067031,
    "turn_on_times": 0,
    "turn_on_ratio": 0.0
  }
}