{
  "1": {
    "validity_ratio": 0.44583333333333336,
    "below": 0,
    "above": 11.025611009445702,
    "turn_on_times": 0,
    "turn_on_ratio": 0.0
  },
  "2": {
    "validity_ratio": 0.4444444444444444,
    "below": -1.7755465511906272,
    "above": 7.341010080928077,
    "turn_on_times": 3,
    "turn_on_ratio": 0.375
  },
  "3": {
    "validity_ratio": 0.44583333333333336,
    "below": -1.0127197751916763,
    "above": 21.3841437219619,
    "turn_on_times": 1,
    "turn_on_ratio": 0.16666666666666666
  },
  "4": {
    "validity_ratio": 0.44513888888888886,
    "below": -0.2908556050772344,
    "above": 16.040800148864466,
    "turn_on_times": 4,
    "turn_on_ratio": 0.6666666666666666
  },
  "5": {
    "validity_ratio": 0.44513888888888886,
    "below": 0,
    "above": 16.617768858255733,
    "turn_on_times": 0,
    "turn_on_ratio": 0.0
  },
  "6": {
    "validity_ratio": 0.44930555555555557,
    "below": 0,
    "above": 5.674332427014512,
    "turn_on_times": 5,
    "turn_on_ratio": 0.625
  },
  "7": {
    "validity_ratio": 0.44583333333333336,
    "below": -1.1285548172757451,
    "above": 16.348876987029946,
    "turn_on_times": 0,
    "turn_on_ratio": 0.0
  },
  "8": {
    "validity_ratio": 0.4486111111111111,
    "below": -0.20340244280646363,
    "above": 0,
    "turn_on_times": 2,
    "turn_on_ratio": 1.0
  },
  "9": {
    "validity_ratio": 0.45,
    "below": 0,
    "above": 3.007723014130904,
    "turn_on_times": 0,
    "turn_on_ratio": 0.0
  },
  "10": {
    "validity_ratio": 0.44513888888888886,
    "below": 0,
    "above": 0,
    "turn_on_times": 0,
    "turn_on_ratio": 0
  },
  "12": {
    "validity_ratio": 0.44583333333333336,
    "below": -11.834505072272465,
    "above": 13.076418031292752,
    "turn_on_times": 1,
    "turn_on_ratio": 0.16666666666666666
  },
  "13": {
    "validity_ratio": 0.44583333333333336,
    "below": 0,
    "above": 34.04863012536866,
    "turn_on_times": 0,
    "turn_on_ratio": 0.0
  }
}