{
  "1": {
    "validity_ratio": 0.5979166666666667,
    "below": 0,
    "above": 15.089973738379646,
    "turn_on_times": 0,
    "turn_on_ratio": 0.0
  },
  "2": {
    "validity_ratio": 0.5972222222222222,
    "below": -2.939200680707389,
    "above": 7.552688075658389,
    "turn_on_times": 3,
    "turn_on_ratio": 0.375
  },
  "3": {
    "validity_ratio": 0.6013888888888889,
    "below": -1.2134092088344646,
    "above": 21.721555753666895,
    "turn_on_times": 1,
    "turn_on_ratio": 0.16666666666666666
  },
  "4": {
    "validity_ratio": 0.5979166666666667,
    "below": -0.2907523569071718,
    "above": 16.0763433499745,
    "turn_on_times": 4,
    "turn_on_ratio": 0.6666666666666666
  },
  "5": {
    "validity_ratio": 0.5986111111111111,
    "below": 0,
    "above": 22.57137787294981,
    "turn_on_times": 0,
    "turn_on_ratio": 0.0
  },
  "6": {
    "validity_ratio": 0.6020833333333333,
    "below": 0,
    "above": 12.09262658597733,
    "turn_on_times": 5,
    "turn_on_ratio": 0.625
  },
  "7": {
    "validity_ratio": 0.6,
    "below": -4.355041147621257,
    "above": 16.349008294499946,
    "turn_on_times": 0,
    "turn_on_ratio": 0.0
  },
  "8": {
    "validity_ratio": 0.6006944444444444,
    "below": -0.2034990539077886,
    "above": 0.008552504609873002,
    "turn_on_times": 4,
    "turn_on_ratio": 1.0
  },
  "9": {
    "validity_ratio": 0.6027777777777777,
    "below": 0,
    "above": 4.562284813197896,
    "turn_on_times": 0,
    "turn_on_ratio": 0.0
  },
  "10": {
    "validity_ratio": 0.5979166666666667,
    "below": 0,
    "above": 0,
    "turn_on_times": 0,
    "turn_on_ratio": 0
  },
  "12": {
    "validity_ratio": 0.5993055555555555,
    "below": -11.833260509431229,
    "above": 21.495218109367304,
    "turn_on_times": 1,
    "turn_on_ratio": 0.16666666666666666
  },
  "13": {
    "validity_ratio": 0.6027777777777777,
    "below": -0.18454850708055623,
    "above": 37.0029793013314,
    "turn_on_times": 0,
    "turn_on_ratio": 0.0
  }
}