{
  "1": {
    "validity_ratio": 0.016666666666666666,
    "below": 0,
    "above": 0.7091558970759188,
    "turn_on_times": 0,
    "turn_on_ratio": 0
  },
  "2": {
    "validity_ratio": 0.01875,
    "below": 0,
    "above": 1.1110797021025909,
    "turn_on_times": 0,
    "turn_on_ratio": 0
  },
  "3": {
    "validity_ratio": 0.01875,
    "below": 0,
    "above": 1.184141713982353,
    "turn_on_times": 0,
    "turn_on_ratio": 0.0
  },
  "4": {
    "validity_ratio": 0.01597222222222222,
    "below": -0.1276687280833336,
    "above": 0.04861088197964847,
    "turn_on_times": 1,
    "turn_on_ratio": 1.0
  },
  "5": {
    "validity_ratio": 0.018055555555555554,
    "below": 0,
    "above": 1.9750933110955307,
    "turn_on_times": 0,
    "turn_on_ratio": 0.0
  },
  "6": {
    "validity_ratio": 0.01875,
    "below": 0,
    "above": 0.020574421526228168,
    "turn_on_times": 0,
    "turn_on_ratio": 0
  },
  "7": {
    "validity_ratio": 0.013888888888888888,
    "below": -0.19833333333333317,
    "above": 0.11896531234713764,
    "turn_on_times": 0,
    "turn_on_ratio": 0
  },
  "8": {
    "validity_ratio": 0.013888888888888888,
    "below": 0,
    "above": 0,
    "turn_on_times": 0,
    "turn_on_ratio": 0
  },
  "9": {
    "validity_ratio": 0.01875,
    "below": 0,
    "above": 0,
    "turn_on_times": 0,
    "turn_on_ratio": 0
  },
  "10": {
    "validity_ratio": 0.014583333333333334,
    "below": 0,
    "above": 0,
    "turn_on_times": 0,
    "turn_on_ratio": 0
  },
  "12": {
    "validity_ratio": 0.015277777777777777,
    "below": 0,
    "above": 1.5865137017229622,
    "turn_on_times": 0,
    "turn_on_ratio": 0.0
  },
  "13": {
    "validity_ratio": 0.015277777777777777,
    "below": 0,
    "above": 2.0760369881887626,
    "turn_on_times": 0,
    "turn_on_ratio": 0
  }
}