{
  "1": {
    "validity_ratio": 0.8423611111111111,
    "below": 0,
    "above": 2.7812465386732454,
    "turn_on_times": 2,
    "turn_on_ratio": 0.5
  },
  "2": {
    "validity_ratio": 0.8395833333333333,
    "below": 0,
    "above": 5.924309218048714,
    "turn_on_times": 0,
    "turn_on_ratio": 0.0
  },
  "3": {
    "validity_ratio": 0.8409722222222222,
    "below": -1.8832969279166472,
    "above": 0.09129397670011166,
    "turn_on_times": 2,
    "turn_on_ratio": 0.5
  },
  "4": {
    "validity_ratio": 0.8430555555555556,
    "below": 0,
    "above": 0,
    "turn_on_times": 0,
    "turn_on_ratio": 0
  },
  "5": {
    "validity_ratio": 0.8430555555555556,
    "below": 0,
    "above": 0,
    "turn_on_times": 0,
    "turn_on_ratio": 0
  },
  "6": {
    "validity_ratio": 0.8388888888888889,
    "below": 0,
    "above": 0,
    "turn_on_times": 0,
    "turn_on_ratio": 0
  },
  "7": {
    "validity_ratio": 0.8402777777777778,
    "below": 0,
    "above": 0,
    "turn_on_times": 0,
    "turn_on_ratio": 0
  },
  "8": {
    "validity_ratio": 0.8381944444444445,
    "below": -8.178706669038954,
    "above": 0.03617732531333324,
    "turn_on_times": 2,
    "turn_on_ratio": 1.0
  },
  "9": {
    "validity_ratio": 0.8409722222222222,
    "below": 0,
    "above": 18.54785215110931,
    "turn_on_times": 0,
    "turn_on_ratio": 0.0
  },
  "10": {
    "validity_ratio": 0.8409722222222222,
    "below": 0,
    "above": 0,
    "turn_on_times": 0,
    "turn_on_ratio": 0
  }
}