{
  "1": {
    "validity_ratio": 0.7520833333333333,
    "below": 0,
    "above": 2.781343518953862,
    "turn_on_times": 2,
    "turn_on_ratio": 0.5
  },
  "2": {
    "validity_ratio": 0.7493055555555556,
    "below": 0,
    "above": 5.923895471089085,
    "turn_on_times": 0,
    "turn_on_ratio": 0.0
  },
  "3": {
    "validity_ratio": 0.7513888888888889,
    "below": -1.883177251840046,
    "above": 0.0913047935340023,
    "turn_on_times": 2,
    "turn_on_ratio": 0.5
  },
  "4": {
    "validity_ratio": 0.7527777777777778,
    "below": 0,
    "above": 0,
    "turn_on_times": 0,
    "turn_on_ratio": 0
  },
  "5": {
    "validity_ratio": 0.7527777777777778,
    "below": 0,
    "above": 0,
    "turn_on_times": 0,
    "turn_on_ratio": 0
  },
  "6": {
    "validity_ratio": 0.7486111111111111,
    "below": 0,
    "above": 0,
    "turn_on_times": 0,
    "turn_on_ratio": 0
  },
  "7": {
    "validity_ratio": 0.75,
    "below": 0,
    "above": 0,
    "turn_on_times": 0,
    "turn_on_ratio": 0
  },
  "8": {
    "validity_ratio": 0.7479166666666667,
    "below": -5.559746450025777,
    "above": 0.03618185323999998,
    "turn_on_times": 2,
    "turn_on_ratio": 1.0
  },
  "9": {
    "validity_ratio": 0.7506944444444444,
    "below": 0,
    "above": 13.8209506658116,
    "turn_on_times": 0,
    "turn_on_ratio": 0.0
  },
  "10": {
    "validity_ratio": 0.7506944444444444,
    "below": 0,
    "above": 0,
    "turn_on_times": 0,
    "turn_on_ratio": 0
  }
}