{
  "1": {
    "validity_ratio": 0.7895833333333333,
    "below": -1.332320609967946,
    "above": 29.401955892994454,
    "turn_on_times": 0,
    "turn_on_ratio": 0.0
  },
  "2": {
    "validity_ratio": 0.7881944444444444,
    "below": -2.171220987476106,
    "above": 30.752840831058762,
    "turn_on_times": 0,
    "turn_on_ratio": 0.0
  },
  "3": {
    "validity_ratio": 0.7875,
    "below": -1.2595671234943064,
    "above": 11.58705505874489,
    "turn_on_times": 2,
    "turn_on_ratio": 0.3333333333333333
  },
  "4": {
    "validity_ratio": 0.7895833333333333,
    "below": -2.176698748750003,
    "above": 18.690270979362076,
    "turn_on_times": 1,
    "turn_on_ratio": 0.16666666666666666
  },
  "5": {
    "validity_ratio": 0.7854166666666667,
    "below": -0.8144600236489625,
    "above": 3.5212816919964025,
    "turn_on_times": 3,
    "turn_on_ratio": 0.5
  },
  "6": {
    "validity_ratio": 0.7875,
    "below": -2.1878091083253106,
    "above": 5.364813769830655,
    "turn_on_times": 0,
    "turn_on_ratio": 0.0
  },
  "7": {
    "validity_ratio": 0.7854166666666667,
    "below": -4.937265481080454,
    "above": 1.365371656754489,
    "turn_on_times": 1,
    "turn_on_ratio": 1.0
  },
  "8": {
    "validity_ratio": 0.7881944444444444,
    "below": -0.01701988578583329,
    "above": 0,
    "turn_on_times": 4,
    "turn_on_ratio": 0.8
  },
  "9": {
    "validity_ratio": 0.7875,
    "below": 0,
    "above": 11.101603704031671,
    "turn_on_times": 1,
    "turn_on_ratio": 0.2
  },
  "10": {
    "validity_ratio": 0.7868055555555555,
    "below": -1.6559407270711213,
    "above": 0.0235658455621031,
    "turn_on_times": 1,
    "turn_on_ratio": 1.0
  },
  "12": {
    "validity_ratio": 0.7875,
    "below": -0.1338623977983333,
    "above": 29.979797858721028,
    "turn_on_times": 0,
    "turn_on_ratio": 0.0
  },
  "13": {
    "validity_ratio": 0.0,
    "below": 0,
    "above": 0,
    "turn_on_times": 0,
    "turn_on_ratio": 0.0
  }
}