{
  "1": {
    "validity_ratio": 0.9416666666666667,
    "below": -1.6643223696364697,
    "above": 33.188619465487676,
    "turn_on_times": 0,
    "turn_on_ratio": 0.0
  },
  "2": {
    "validity_ratio": 0.9409722222222222,
    "below": -2.1705876227683705,
    "above": 38.54488749838095,
    "turn_on_times": 0,
    "turn_on_ratio": 0.0
  },
  "3": {
    "validity_ratio": 0.9395833333333333,
    "below": -1.259538586339413,
    "above": 12.901774155359996,
    "turn_on_times": 3,
    "turn_on_ratio": 0.375
  },
  "4": {
    "validity_ratio": 0.9423611111111111,
    "below": -2.176784388055559,
    "above": 19.943853994534006,
    "turn_on_times": 2,
    "turn_on_ratio": 0.25
  },
  "5": {
    "validity_ratio": 0.9381944444444444,
    "below": -0.8146022266465839,
    "above": 5.6032306313774916,
    "turn_on_times": 3,
    "turn_on_ratio": 0.375
  },
  "6": {
    "validity_ratio": 0.9402777777777778,
    "below": -2.187881517746294,
    "above": 5.364934395856162,
    "turn_on_times": 0,
    "turn_on_ratio": 0.0
  },
  "7": {
    "validity_ratio": 0.9388888888888889,
    "below": -4.937406042752998,
    "above": 9.165274633684307,
    "turn_on_times": 1,
    "turn_on_ratio": 1.0
  },
  "8": {
    "validity_ratio": 0.9409722222222222,
    "below": -0.01702314007944447,
    "above": 0,
    "turn_on_times": 5,
    "turn_on_ratio": 0.8333333333333334
  },
  "9": {
    "validity_ratio": 0.9402777777777778,
    "below": 0,
    "above": 11.991347569075792,
    "turn_on_times": 1,
    "turn_on_ratio": 0.16666666666666666
  },
  "10": {
    "validity_ratio": 0.9395833333333333,
    "below": -5.213589598525465,
    "above": 0.024041215947894847,
    "turn_on_times": 2,
    "turn_on_ratio": 1.0
  },
  "12": {
    "validity_ratio": 0.9409722222222222,
    "below": -0.1338990514211112,
    "above": 46.04190229340185,
    "turn_on_times": 0,
    "turn_on_ratio": 0.0
  },
  "13": {
    "validity_ratio": 0.0,
    "below": 0,
    "above": 0,
    "turn_on_times": 0,
    "turn_on_ratio": 0.0
  }
}