{
  "1": {
    "validity_ratio": 0.9833333333333333,
    "below": -1.6643504454743683,
    "above": 33.18849629505298,
    "turn_on_times": 0,
    "turn_on_ratio": 0.0
  },
  "2": {
    "validity_ratio": 0.9826388888888888,
    "below": -2.1702923977737227,
    "above": 38.536328992329324,
    "turn_on_times": 0,
    "turn_on_ratio": 0.0
  },
  "3": {
    "validity_ratio": 0.9881944444444445,
    "below": -1.2595252845540472,
    "above": 12.901654568577188,
    "turn_on_times": 3,
    "turn_on_ratio": 0.375
  },
  "4": {
    "validity_ratio": 0.9840277777777777,
    "below": -2.1768243063888915,
    "above": 19.94369040234683,
    "turn_on_times": 2,
    "turn_on_ratio": 0.25
  },
  "5": {
    "validity_ratio": 0.9868055555555556,
    "below": -0.8146685105406816,
    "above": 5.60534714943491,
    "turn_on_times": 3,
    "turn_on_ratio": 0.375
  },
  "6": {
    "validity_ratio": 0.9881944444444445,
    "below": -2.1879152693441664,
    "above": 5.364990622256695,
    "turn_on_times": 0,
    "turn_on_ratio": 0.0
  },
  "7": {
    "validity_ratio": 0.9875,
    "below": -4.937471561589967,
    "above": 9.165151224342745,
    "turn_on_times": 1,
    "turn_on_ratio": 1.0
  },
  "8": {
    "validity_ratio": 0.9826388888888888,
    "below": -0.017024656976111115,
    "above": 0,
    "turn_on_times": 5,
    "turn_on_ratio": 0.8333333333333334
  },
  "9": {
    "validity_ratio": 0.9881944444444445,
    "below": 0,
    "above": 11.991343960542546,
    "turn_on_times": 1,
    "turn_on_ratio": 0.16666666666666666
  },
  "10": {
    "validity_ratio": 0.9881944444444445,
    "below": -7.253967161465748,
    "above": 0.024251885781807765,
    "turn_on_times": 2,
    "turn_on_ratio": 1.0
  },
  "12": {
    "validity_ratio": 0.9826388888888888,
    "below": -0.13391613646777764,
    "above": 46.04216151053861,
    "turn_on_times": 0,
    "turn_on_ratio": 0.0
  },
  "13": {
    "validity_ratio": 0.0,
    "below": 0,
    "above": 0,
    "turn_on_times": 0,
    "turn_on_ratio": 0.0
  }
}