{
  "1": {
    "validity_ratio": 0.4930555555555556,
    "below": 0,
    "above": 16.362911404825063,
    "turn_on_times": 0,
    "turn_on_ratio": 0.0
  },
  "2": {
    "validity_ratio": 0.4895833333333333,
    "below": 0,
    "above": 15.635732887125007,
    "turn_on_times": 0,
    "turn_on_ratio": 0.0
  },
  "3": {
    "validity_ratio": 0.49027777777777776,
    "below": -1.1136255303301066,
    "above": 11.040390016513733,
    "turn_on_times": 1,
    "turn_on_ratio": 0.3333333333333333
  },
  "4": {
    "validity_ratio": 0.4909722222222222,
    "below": -2.1767171956944473,
    "above": 14.389401317263987,
    "turn_on_times": 0,
    "turn_on_ratio": 0.0
  },
  "5": {
    "validity_ratio": 0.4895833333333333,
    "below": -0.8144906545698927,
    "above": 2.8659169829082636,
    "turn_on_times": 2,
    "turn_on_ratio": 0.6666666666666666
  },
  "6": {
    "validity_ratio": 0.4951388888888889,
    "below": -0.342457038599167,
    "above": 5.364839753011822,
    "turn_on_times": 0,
    "turn_on_ratio": 0.0
  },
  "7": {
    "validity_ratio": 0.4930555555555556,
    "below": -4.9372957584554005,
    "above": 0,
    "turn_on_times": 1,
    "turn_on_ratio": 1.0
  },
  "8": {
    "validity_ratio": 0.4895833333333333,
    "below": -0.017020586769722238,
    "above": 0,
    "turn_on_times": 3,
    "turn_on_ratio": 1.0
  },
  "9": {
    "validity_ratio": 0.4951388888888889,
    "below": 0,
    "above": 10.346420227497783,
    "turn_on_times": 0,
    "turn_on_ratio": 0.0
  },
  "10": {
    "validity_ratio": 0.49444444444444446,
    "below": -1.655935194829414,
    "above": 0.023670939882150143,
    "turn_on_times": 1,
    "turn_on_ratio": 1.0
  },
  "12": {
    "validity_ratio": 0.4895833333333333,
    "below": -0.13387029309055554,
    "above": 17.18385877318993,
    "turn_on_times": 0,
    "turn_on_ratio": 0.0
  },
  "13": {
    "validity_ratio": 0.0,
    "below": 0,
    "above": 0,
    "turn_on_times": 0,
    "turn_on_ratio": 0.0
  }
}