{
  "1": {
    "validity_ratio": 0.9555555555555556,
    "below": -1.6642695155128278,
    "above": 33.18885133979214,
    "turn_on_times": 0,
    "turn_on_ratio": 0.0
  },
  "2": {
    "validity_ratio": 0.9548611111111112,
    "below": -2.171143398108937,
    "above": 38.54541002412912,
    "turn_on_times": 0,
    "turn_on_ratio": 0.0
  },
  "3": {
    "validity_ratio": 0.9604166666666667,
    "below": -1.2595636275941386,
    "above": 12.901988283987114,
    "turn_on_times": 3,
    "turn_on_ratio": 0.375
  },
  "4": {
    "validity_ratio": 0.95625,
    "below": -2.1767092398611148,
    "above": 19.944147756117086,
    "turn_on_times": 2,
    "turn_on_ratio": 0.25
  },
  "5": {
    "validity_ratio": 0.9590277777777778,
    "below": -0.8144774440079748,
    "above": 5.599139450749018,
    "turn_on_times": 3,
    "turn_on_ratio": 0.375
  },
  "6": {
    "validity_ratio": 0.9611111111111111,
    "below": -2.187817978729807,
    "above": 5.364828546935962,
    "turn_on_times": 0,
    "turn_on_ratio": 0.0
  },
  "7": {
    "validity_ratio": 0.9597222222222223,
    "below": -4.937282700371467,
    "above": 9.157521474043053,
    "turn_on_times": 1,
    "turn_on_ratio": 1.0
  },
  "8": {
    "validity_ratio": 0.9548611111111112,
    "below": -0.017020284448055513,
    "above": 0,
    "turn_on_times": 5,
    "turn_on_ratio": 0.8333333333333334
  },
  "9": {
    "validity_ratio": 0.9611111111111111,
    "below": 0,
    "above": 11.991354342034342,
    "turn_on_times": 1,
    "turn_on_ratio": 0.16666666666666666
  },
  "10": {
    "validity_ratio": 0.9604166666666667,
    "below": -6.203333343495533,
    "above": 0.023625796297315156,
    "turn_on_times": 2,
    "turn_on_ratio": 1.0
  },
  "12": {
    "validity_ratio": 0.9611111111111111,
    "below": -0.13386688799388888,
    "above": 46.041404900187466,
    "turn_on_times": 0,
    "turn_on_ratio": 0.0
  },
  "13": {
    "validity_ratio": 0.0,
    "below": 0,
    "above": 0,
    "turn_on_times": 0,
    "turn_on_ratio": 0.0
  }
}