{
  "1": {
    "validity_ratio": 0.8513888888888889,
    "below": -1.6642707133261565,
    "above": 31.1481552252376,
    "turn_on_times": 0,
    "turn_on_ratio": 0.0
  },
  "2": {
    "validity_ratio": 0.8506944444444444,
    "below": -2.1711308027792953,
    "above": 36.499152082998165,
    "turn_on_times": 0,
    "turn_on_ratio": 0.0
  },
  "3": {
    "validity_ratio": 0.85,
    "below": -1.2595630600935028,
    "above": 12.885399427871528,
    "turn_on_times": 2,
    "turn_on_ratio": 0.3333333333333333
  },
  "4": {
    "validity_ratio": 0.8520833333333333,
    "below": -2.1767109429166696,
    "above": 19.573931611545966,
    "turn_on_times": 1,
    "turn_on_ratio": 0.16666666666666666
  },
  "5": {
    "validity_ratio": 0.8479166666666667,
    "below": -0.8144802719104618,
    "above": 3.530013236168579,
    "turn_on_times": 3,
    "turn_on_ratio": 0.5
  },
  "6": {
    "validity_ratio": 0.85,
    "below": -2.1878194186908826,
    "above": 5.364830945750638,
    "turn_on_times": 0,
    "turn_on_ratio": 0.0
  },
  "7": {
    "validity_ratio": 0.8479166666666667,
    "below": -4.937285495633943,
    "above": 7.18578278399517,
    "turn_on_times": 1,
    "turn_on_ratio": 1.0
  },
  "8": {
    "validity_ratio": 0.8506944444444444,
    "below": -0.017020349164166622,
    "above": 0,
    "turn_on_times": 5,
    "turn_on_ratio": 0.8333333333333334
  },
  "9": {
    "validity_ratio": 0.85,
    "below": 0,
    "above": 11.954530392863258,
    "turn_on_times": 1,
    "turn_on_ratio": 0.16666666666666666
  },
  "10": {
    "validity_ratio": 0.8493055555555555,
    "below": -1.655937070038509,
    "above": 0.023635483083710513,
    "turn_on_times": 1,
    "turn_on_ratio": 1.0
  },
  "12": {
    "validity_ratio": 0.85,
    "below": -0.13386761690166663,
    "above": 40.654990799197506,
    "turn_on_times": 0,
    "turn_on_ratio": 0.0
  },
  "13": {
    "validity_ratio": 0.0,
    "below": 0,
    "above": 0,
    "turn_on_times": 0,
    "turn_on_ratio": 0.0
  }
}