{
  "1": {
    "validity_ratio": 0.7965277777777777,
    "below": -1.4490131929314753,
    "above": 29.40178389886297,
    "turn_on_times": 0,
    "turn_on_ratio": 0.0
  },
  "2": {
    "validity_ratio": 0.7951388888888888,
    "below": -2.170586306945735,
    "above": 31.416684652817967,
    "turn_on_times": 0,
    "turn_on_ratio": 0.0
  },
  "3": {
    "validity_ratio": 0.7944444444444444,
    "below": -1.2595385270531383,
    "above": 11.770567826550653,
    "turn_on_times": 2,
    "turn_on_ratio": 0.3333333333333333
  },
  "4": {
    "validity_ratio": 0.7965277777777777,
    "below": -2.1767845659722256,
    "above": 18.80707800707254,
    "turn_on_times": 1,
    "turn_on_ratio": 0.16666666666666666
  },
  "5": {
    "validity_ratio": 0.7923611111111111,
    "below": -0.814602522074988,
    "above": 3.5331306332833687,
    "turn_on_times": 3,
    "turn_on_ratio": 0.5
  },
  "6": {
    "validity_ratio": 0.7944444444444444,
    "below": -2.1878816681777202,
    "above": 5.364934646458153,
    "turn_on_times": 0,
    "turn_on_ratio": 0.0
  },
  "7": {
    "validity_ratio": 0.7923611111111111,
    "below": -4.9374063347715325,
    "above": 2.0979412860793927,
    "turn_on_times": 1,
    "turn_on_ratio": 1.0
  },
  "8": {
    "validity_ratio": 0.7951388888888888,
    "below": -0.017023146840277784,
    "above": 0,
    "turn_on_times": 4,
    "turn_on_ratio": 0.8
  },
  "9": {
    "validity_ratio": 0.7944444444444444,
    "below": 0,
    "above": 11.101594597084649,
    "turn_on_times": 1,
    "turn_on_ratio": 0.2
  },
  "10": {
    "validity_ratio": 0.79375,
    "below": -1.6559149904718977,
    "above": 0.02404217029832771,
    "turn_on_times": 1,
    "turn_on_ratio": 1.0
  },
  "12": {
    "validity_ratio": 0.7944444444444444,
    "below": -0.1338991275694443,
    "above": 31.199973684120607,
    "turn_on_times": 0,
    "turn_on_ratio": 0.0
  },
  "13": {
    "validity_ratio": 0.0,
    "below": 0,
    "above": 0,
    "turn_on_times": 0,
    "turn_on_ratio": 0.0
  }
}