{
  "1": {
    "validity_ratio": 0.6027777777777777,
    "below": 0,
    "above": 26.569180072067645,
    "turn_on_times": 0,
    "turn_on_ratio": 0.0
  },
  "2": {
    "validity_ratio": 0.6006944444444444,
    "below": -2.1708040442644267,
    "above": 19.231113140969033,
    "turn_on_times": 0,
    "turn_on_ratio": 0.0
  },
  "3": {
    "validity_ratio": 0.6013888888888889,
    "below": -1.2595483375201761,
    "above": 11.040454123408256,
    "turn_on_times": 1,
    "turn_on_ratio": 0.3333333333333333
  },
  "4": {
    "validity_ratio": 0.6020833333333333,
    "below": -2.1767551250000032,
    "above": 15.499562205426566,
    "turn_on_times": 0,
    "turn_on_ratio": 0.0
  },
  "5": {
    "validity_ratio": 0.60625,
    "below": -0.8145536357081989,
    "above": 3.4759654650014613,
    "turn_on_times": 2,
    "turn_on_ratio": 0.6666666666666666
  },
  "6": {
    "validity_ratio": 0.6,
    "below": -1.4733177583000394,
    "above": 5.364893177795565,
    "turn_on_times": 0,
    "turn_on_ratio": 0.0
  },
  "7": {
    "validity_ratio": 0.6041666666666666,
    "below": -4.937358012657401,
    "above": 0.02270954423427257,
    "turn_on_times": 1,
    "turn_on_ratio": 1.0
  },
  "8": {
    "validity_ratio": 0.6006944444444444,
    "below": -0.017022028083333335,
    "above": 0,
    "turn_on_times": 3,
    "turn_on_ratio": 1.0
  },
  "9": {
    "validity_ratio": 0.60625,
    "below": 0,
    "above": 10.46710391003955,
    "turn_on_times": 0,
    "turn_on_ratio": 0.0
  },
  "10": {
    "validity_ratio": 0.60625,
    "below": -1.655923819824366,
    "above": 0.023882372578735267,
    "turn_on_times": 1,
    "turn_on_ratio": 1.0
  },
  "12": {
    "validity_ratio": 0.60625,
    "below": -0.13388652683333352,
    "above": 19.597307211479748,
    "turn_on_times": 0,
    "turn_on_ratio": 0.0
  },
  "13": {
    "validity_ratio": 0.0,
    "below": 0,
    "above": 0,
    "turn_on_times": 0,
    "turn_on_ratio": 0.0
  }
}