{
  "1": {
    "validity_ratio": 0.4861111111111111,
    "below": 0,
    "above": 15.879786794972734,
    "turn_on_times": 0,
    "turn_on_ratio": 0.0
  },
  "2": {
    "validity_ratio": 0.4895833333333333,
    "below": 0,
    "above": 15.6351706485779,
    "turn_on_times": 0,
    "turn_on_ratio": 0.0
  },
  "3": {
    "validity_ratio": 0.49027777777777776,
    "below": -1.1135746391961592,
    "above": 11.040551152107088,
    "turn_on_times": 1,
    "turn_on_ratio": 0.3333333333333333
  },
  "4": {
    "validity_ratio": 0.4909722222222222,
    "below": -2.176812516388891,
    "above": 14.389597240736935,
    "turn_on_times": 0,
    "turn_on_ratio": 0.0
  },
  "5": {
    "validity_ratio": 0.4895833333333333,
    "below": -0.8146489333928862,
    "above": 2.868579074487133,
    "turn_on_times": 2,
    "turn_on_ratio": 0.6666666666666666
  },
  "6": {
    "validity_ratio": 0.4888888888888889,
    "below": -0.34249001955944514,
    "above": 5.36497401561992,
    "turn_on_times": 0,
    "turn_on_ratio": 0.0
  },
  "7": {
    "validity_ratio": 0.4861111111111111,
    "below": -4.838401816273423,
    "above": 0,
    "turn_on_times": 1,
    "turn_on_ratio": 1.0
  },
  "8": {
    "validity_ratio": 0.4895833333333333,
    "below": -0.017024208956111054,
    "above": 0,
    "turn_on_times": 3,
    "turn_on_ratio": 1.0
  },
  "9": {
    "validity_ratio": 0.4888888888888889,
    "below": 0,
    "above": 9.919710297827484,
    "turn_on_times": 0,
    "turn_on_ratio": 0.0
  },
  "10": {
    "validity_ratio": 0.4875,
    "below": -1.6559066081372897,
    "above": 0.02419038573402519,
    "turn_on_times": 1,
    "turn_on_ratio": 1.0
  },
  "12": {
    "validity_ratio": 0.4895833333333333,
    "below": -0.1339110903477776,
    "above": 17.184304232287108,
    "turn_on_times": 0,
    "turn_on_ratio": 0.0
  },
  "13": {
    "validity_ratio": 0.0,
    "below": 0,
    "above": 0,
    "turn_on_times": 0,
    "turn_on_ratio": 0.0
  }
}