{
  "1": {
    "validity_ratio": 0.7618055555555555,
    "below": -0.8656560928283447,
    "above": 29.40194162760605,
    "turn_on_times": 0,
    "turn_on_ratio": 0.0
  },
  "2": {
    "validity_ratio": 0.7604166666666666,
    "below": -2.1711683463528244,
    "above": 27.99399692996316,
    "turn_on_times": 0,
    "turn_on_ratio": 0.0
  },
  "3": {
    "validity_ratio": 0.7597222222222222,
    "below": -1.259564751673031,
    "above": 11.040370871137071,
    "turn_on_times": 2,
    "turn_on_ratio": 0.3333333333333333
  },
  "4": {
    "validity_ratio": 0.7618055555555555,
    "below": -2.176705866527781,
    "above": 18.14155603244342,
    "turn_on_times": 1,
    "turn_on_ratio": 0.16666666666666666
  },
  "5": {
    "validity_ratio": 0.7569444444444444,
    "below": -0.814471842630093,
    "above": 3.521492888168812,
    "turn_on_times": 3,
    "turn_on_ratio": 0.5
  },
  "6": {
    "validity_ratio": 0.7597222222222222,
    "below": -2.1878151265217958,
    "above": 5.364823795475283,
    "turn_on_times": 0,
    "turn_on_ratio": 0.0
  },
  "7": {
    "validity_ratio": 0.7576388888888889,
    "below": -4.937277163645401,
    "above": 0.10306366715405907,
    "turn_on_times": 1,
    "turn_on_ratio": 1.0
  },
  "8": {
    "validity_ratio": 0.7604166666666666,
    "below": -0.017020156261388843,
    "above": 0,
    "turn_on_times": 4,
    "turn_on_ratio": 0.8
  },
  "9": {
    "validity_ratio": 0.7597222222222222,
    "below": 0,
    "above": 10.76825622768335,
    "turn_on_times": 1,
    "turn_on_ratio": 0.2
  },
  "10": {
    "validity_ratio": 0.7590277777777777,
    "below": -1.6559385924483825,
    "above": 0.02360657188329881,
    "turn_on_times": 1,
    "turn_on_ratio": 1.0
  },
  "12": {
    "validity_ratio": 0.7597222222222222,
    "below": -0.13386544420722218,
    "above": 25.031224091362972,
    "turn_on_times": 0,
    "turn_on_ratio": 0.0
  },
  "13": {
    "validity_ratio": 0.0,
    "below": 0,
    "above": 0,
    "turn_on_times": 0,
    "turn_on_ratio": 0.0
  }
}