{
  "1": {
    "validity_ratio": 0.35625,
    "below": 0,
    "above": 26.126944232047435,
    "turn_on_times": 0,
    "turn_on_ratio": 0.0
  },
  "2": {
    "validity_ratio": 0.3597222222222222,
    "below": 0,
    "above": 17.071706604564476,
    "turn_on_times": 0,
    "turn_on_ratio": 0.0
  },
  "3": {
    "validity_ratio": 0.35833333333333334,
    "below": 0,
    "above": 1.408547559645711,
    "turn_on_times": 0,
    "turn_on_ratio": 0.0
  },
  "4": {
    "validity_ratio": 0.35833333333333334,
    "below": 0,
    "above": 0,
    "turn_on_times": 1,
    "turn_on_ratio": 1.0
  },
  "5": {
    "validity_ratio": 0.3590277777777778,
    "below": 0,
    "above": 2.639344262295078,
    "turn_on_times": 0,
    "turn_on_ratio": 0.0
  },
  "6": {
    "validity_ratio": 0.36041666666666666,
    "below": 0,
    "above": 13.47749454709696,
    "turn_on_times": 3,
    "turn_on_ratio": 0.75
  },
  "7": {
    "validity_ratio": 0.35555555555555557,
    "below": -2.1918756710627534,
    "above": 12.89639528836352,
    "turn_on_times": 1,
    "turn_on_ratio": 0.25
  },
  "8": {
    "validity_ratio": 0.36041666666666666,
    "below": 0,
    "above": 0,
    "turn_on_times": 3,
    "turn_on_ratio": 1.0
  },
  "9": {
    "validity_ratio": 0.35833333333333334,
    "below": 0,
    "above": 4.1531334178151935,
    "turn_on_times": 0,
    "turn_on_ratio": 0.0
  },
  "10": {
    "validity_ratio": 0.3576388888888889,
    "below": 0,
    "above": 0,
    "turn_on_times": 0,
    "turn_on_ratio": 0
  },
  "12": {
    "validity_ratio": 0.3590277777777778,
    "below": 0,
    "above": 2.492239205535215,
    "turn_on_times": 0,
    "turn_on_ratio": 0.0
  },
  "13": {
    "validity_ratio": 0.0,
    "below": 0,
    "above": 0,
    "turn_on_times": 0,
    "turn_on_ratio": 0.0
  }
}