{
  "1": {
    "validity_ratio": 0.3701388888888889,
    "below": 0,
    "above": 27.326629627304698,
    "turn_on_times": 0,
    "turn_on_ratio": 0.0
  },
  "2": {
    "validity_ratio": 0.3736111111111111,
    "below": 0,
    "above": 17.071221636483394,
    "turn_on_times": 0,
    "turn_on_ratio": 0.0
  },
  "3": {
    "validity_ratio": 0.37222222222222223,
    "below": 0,
    "above": 1.8983210499289636,
    "turn_on_times": 0,
    "turn_on_ratio": 0.0
  },
  "4": {
    "validity_ratio": 0.37222222222222223,
    "below": 0,
    "above": 0,
    "turn_on_times": 2,
    "turn_on_ratio": 0.6666666666666666
  },
  "5": {
    "validity_ratio": 0.3729166666666667,
    "below": -0.4153749368770764,
    "above": 2.639344262295079,
    "turn_on_times": 1,
    "turn_on_ratio": 0.3333333333333333
  },
  "6": {
    "validity_ratio": 0.37430555555555556,
    "below": 0,
    "above": 14.549294711169328,
    "turn_on_times": 3,
    "turn_on_ratio": 0.75
  },
  "7": {
    "validity_ratio": 0.36944444444444446,
    "below": -2.19187734477667,
    "above": 13.312856502009748,
    "turn_on_times": 1,
    "turn_on_ratio": 0.25
  },
  "8": {
    "validity_ratio": 0.37222222222222223,
    "below": 0,
    "above": 0,
    "turn_on_times": 3,
    "turn_on_ratio": 1.0
  },
  "9": {
    "validity_ratio": 0.37222222222222223,
    "below": 0,
    "above": 6.382888423390871,
    "turn_on_times": 0,
    "turn_on_ratio": 0.0
  },
  "10": {
    "validity_ratio": 0.3715277777777778,
    "below": 0,
    "above": 0,
    "turn_on_times": 0,
    "turn_on_ratio": 0
  },
  "12": {
    "validity_ratio": 0.3729166666666667,
    "below": 0,
    "above": 3.455932234559385,
    "turn_on_times": 0,
    "turn_on_ratio": 0.0
  },
  "13": {
    "validity_ratio": 0.0,
    "below": 0,
    "above": 0,
    "turn_on_times": 0,
    "turn_on_ratio": 0.0
  }
}