{
  "1": {
    "validity_ratio": 0.4388888888888889,
    "below": 0,
    "above": 33.26690818804607,
    "turn_on_times": 0,
    "turn_on_ratio": 0.0
  },
  "2": {
    "validity_ratio": 0.44305555555555554,
    "below": 0,
    "above": 17.071651042187007,
    "turn_on_times": 0,
    "turn_on_ratio": 0.0
  },
  "3": {
    "validity_ratio": 0.44166666666666665,
    "below": 0,
    "above": 3.8860396080312056,
    "turn_on_times": 0,
    "turn_on_ratio": 0.0
  },
  "4": {
    "validity_ratio": 0.44166666666666665,
    "below": -0.9145959734222227,
    "above": 0.28138319344262197,
    "turn_on_times": 2,
    "turn_on_ratio": 0.6666666666666666
  },
  "5": {
    "validity_ratio": 0.4423611111111111,
    "below": -3.2516407780277374,
    "above": 2.639344262295083,
    "turn_on_times": 1,
    "turn_on_ratio": 0.3333333333333333
  },
  "6": {
    "validity_ratio": 0.44375,
    "below": -1.2420776215662999,
    "above": 17.485744275001096,
    "turn_on_times": 3,
    "turn_on_ratio": 0.75
  },
  "7": {
    "validity_ratio": 0.4388888888888889,
    "below": -4.104121829525346,
    "above": 13.436104171271687,
    "turn_on_times": 1,
    "turn_on_ratio": 0.25
  },
  "8": {
    "validity_ratio": 0.44166666666666665,
    "below": 0,
    "above": 0,
    "turn_on_times": 4,
    "turn_on_ratio": 1.0
  },
  "9": {
    "validity_ratio": 0.44166666666666665,
    "below": 0,
    "above": 7.08595376582408,
    "turn_on_times": 0,
    "turn_on_ratio": 0.0
  },
  "10": {
    "validity_ratio": 0.4409722222222222,
    "below": 0,
    "above": 0,
    "turn_on_times": 0,
    "turn_on_ratio": 0
  },
  "12": {
    "validity_ratio": 0.4423611111111111,
    "below": 0,
    "above": 13.02033882381362,
    "turn_on_times": 0,
    "turn_on_ratio": 0.0
  },
  "13": {
    "validity_ratio": 0.0,
    "below": 0,
    "above": 0,
    "turn_on_times": 0,
    "turn_on_ratio": 0.0
  }
}