{
  "1": {
    "validity_ratio": 0.9444444444444444,
    "below": -4.223493578213844,
    "above": 47.67247035963607,
    "turn_on_times": 1,
    "turn_on_ratio": 0.14285714285714285
  },
  "2": {
    "validity_ratio": 0.95,
    "below": 0,
    "above": 33.731121546451725,
    "turn_on_times": 0,
    "turn_on_ratio": 0.0
  },
  "3": {
    "validity_ratio": 0.9458333333333333,
    "below": -0.5721848865111552,
    "above": 20.40818360874766,
    "turn_on_times": 0,
    "turn_on_ratio": 0.0
  },
  "4": {
    "validity_ratio": 0.9486111111111111,
    "below": -1.7860944004319599,
    "above": 6.0706373469757,
    "turn_on_times": 2,
    "turn_on_ratio": 0.5
  },
  "5": {
    "validity_ratio": 0.9451388888888889,
    "below": -6.161749228905324,
    "above": 2.69031967422657,
    "turn_on_times": 2,
    "turn_on_ratio": 0.5
  },
  "6": {
    "validity_ratio": 0.9444444444444444,
    "below": -1.7522992795114958,
    "above": 33.90972662274048,
    "turn_on_times": 4,
    "turn_on_ratio": 0.5714285714285714
  },
  "7": {
    "validity_ratio": 0.9486111111111111,
    "below": -5.884974513643041,
    "above": 17.68030762441119,
    "turn_on_times": 2,
    "turn_on_ratio": 0.2857142857142857
  },
  "8": {
    "validity_ratio": 0.9486111111111111,
    "below": 0,
    "above": 1.257328213262755,
    "turn_on_times": 6,
    "turn_on_ratio": 0.8571428571428571
  },
  "9": {
    "validity_ratio": 0.9486111111111111,
    "below": 0,
    "above": 9.369148736400367,
    "turn_on_times": 1,
    "turn_on_ratio": 0.14285714285714285
  },
  "10": {
    "validity_ratio": 0.95,
    "below": -4.107229452461395,
    "above": 0.16011419936719373,
    "turn_on_times": 1,
    "turn_on_ratio": 1.0
  },
  "12": {
    "validity_ratio": 0.9493055555555555,
    "below": 0,
    "above": 36.86403226879268,
    "turn_on_times": 0,
    "turn_on_ratio": 0.0
  },
  "13": {
    "validity_ratio": 0.0,
    "below": 0,
    "above": 0,
    "turn_on_times": 0,
    "turn_on_ratio": 0.0
  }
}