{
  "1": {
    "validity_ratio": 0.8479166666666667,
    "below": -4.223635008860998,
    "above": 46.5893391122412,
    "turn_on_times": 1,
    "turn_on_ratio": 0.14285714285714285
  },
  "2": {
    "validity_ratio": 0.8458333333333333,
    "below": 0,
    "above": 24.790796549969006,
    "turn_on_times": 0,
    "turn_on_ratio": 0.0
  },
  "3": {
    "validity_ratio": 0.8493055555555555,
    "below": -0.23455557457248546,
    "above": 14.947708118436962,
    "turn_on_times": 0,
    "turn_on_ratio": 0.0
  },
  "4": {
    "validity_ratio": 0.8444444444444444,
    "below": -1.786044835123042,
    "above": 1.2357688712879928,
    "turn_on_times": 2,
    "turn_on_ratio": 0.6666666666666666
  },
  "5": {
    "validity_ratio": 0.84375,
    "below": -6.161711330225687,
    "above": 2.6909272415115613,
    "turn_on_times": 1,
    "turn_on_ratio": 0.3333333333333333
  },
  "6": {
    "validity_ratio": 0.8465277777777778,
    "below": -1.7523473333850759,
    "above": 27.0838062494433,
    "turn_on_times": 4,
    "turn_on_ratio": 0.5714285714285714
  },
  "7": {
    "validity_ratio": 0.8444444444444444,
    "below": -5.884513568851665,
    "above": 16.22864702492665,
    "turn_on_times": 2,
    "turn_on_ratio": 0.2857142857142857
  },
  "8": {
    "validity_ratio": 0.8444444444444444,
    "below": 0,
    "above": 1.2573643619412325,
    "turn_on_times": 6,
    "turn_on_ratio": 0.8571428571428571
  },
  "9": {
    "validity_ratio": 0.8444444444444444,
    "below": 0,
    "above": 9.369082426566953,
    "turn_on_times": 1,
    "turn_on_ratio": 0.14285714285714285
  },
  "10": {
    "validity_ratio": 0.84375,
    "below": -2.359062788878717,
    "above": 0,
    "turn_on_times": 1,
    "turn_on_ratio": 1.0
  },
  "12": {
    "validity_ratio": 0.8451388888888889,
    "below": 0,
    "above": 33.20312729467915,
    "turn_on_times": 0,
    "turn_on_ratio": 0.0
  },
  "13": {
    "validity_ratio": 0.0,
    "below": 0,
    "above": 0,
    "turn_on_times": 0,
    "turn_on_ratio": 0.0
  }
}