{
  "1": {
    "validity_ratio": 0.7222222222222222,
    "below": -3.770687754144197,
    "above": 46.35784733351834,
    "turn_on_times": 0,
    "turn_on_ratio": 0.0
  },
  "2": {
    "validity_ratio": 0.7277777777777777,
    "below": 0,
    "above": 19.61761077541096,
    "turn_on_times": 0,
    "turn_on_ratio": 0.0
  },
  "3": {
    "validity_ratio": 0.7256944444444444,
    "below": -0.20114546104514666,
    "above": 5.36071268697944,
    "turn_on_times": 0,
    "turn_on_ratio": 0.0
  },
  "4": {
    "validity_ratio": 0.7263888888888889,
    "below": -1.7861907045140903,
    "above": 1.1936618175036384,
    "turn_on_times": 2,
    "turn_on_ratio": 0.6666666666666666
  },
  "5": {
    "validity_ratio": 0.7277777777777777,
    "below": -6.170162400440519,
    "above": 2.6393442622950842,
    "turn_on_times": 1,
    "turn_on_ratio": 0.3333333333333333
  },
  "6": {
    "validity_ratio": 0.7277777777777777,
    "below": -1.7522059121081877,
    "above": 24.87236579534332,
    "turn_on_times": 3,
    "turn_on_ratio": 0.75
  },
  "7": {
    "validity_ratio": 0.7256944444444444,
    "below": -5.885870117161222,
    "above": 16.138878826456537,
    "turn_on_times": 1,
    "turn_on_ratio": 0.25
  },
  "8": {
    "validity_ratio": 0.7263888888888889,
    "below": 0,
    "above": 1.257257957645642,
    "turn_on_times": 6,
    "turn_on_ratio": 0.8571428571428571
  },
  "9": {
    "validity_ratio": 0.7263888888888889,
    "below": 0,
    "above": 9.369277505666224,
    "turn_on_times": 1,
    "turn_on_ratio": 0.14285714285714285
  },
  "10": {
    "validity_ratio": 0.7256944444444444,
    "below": 0,
    "above": 0,
    "turn_on_times": 0,
    "turn_on_ratio": 0
  },
  "12": {
    "validity_ratio": 0.7270833333333333,
    "below": 0,
    "above": 26.636778070147752,
    "turn_on_times": 0,
    "turn_on_ratio": 0.0
  },
  "13": {
    "validity_ratio": 0.0,
    "below": 0,
    "above": 0,
    "turn_on_times": 0,
    "turn_on_ratio": 0.0
  }
}