{
  "1": {
    "validity_ratio": 0.9236111111111112,
    "below": -4.2235830974311375,
    "above": 47.39784491879961,
    "turn_on_times": 1,
    "turn_on_ratio": 0.14285714285714285
  },
  "2": {
    "validity_ratio": 0.9222222222222223,
    "below": 0,
    "above": 33.31360204556916,
    "turn_on_times": 0,
    "turn_on_ratio": 0.0
  },
  "3": {
    "validity_ratio": 0.925,
    "below": -0.5722245268774608,
    "above": 17.21645523978283,
    "turn_on_times": 0,
    "turn_on_ratio": 0.0
  },
  "4": {
    "validity_ratio": 0.9208333333333333,
    "below": -1.7860630278281522,
    "above": 1.9211513676227565,
    "turn_on_times": 2,
    "turn_on_ratio": 0.5
  },
  "5": {
    "validity_ratio": 0.9243055555555556,
    "below": -6.161725240751372,
    "above": 2.6907053856084735,
    "turn_on_times": 2,
    "turn_on_ratio": 0.5
  },
  "6": {
    "validity_ratio": 0.9229166666666667,
    "below": -1.7523296954449405,
    "above": 33.65919377671675,
    "turn_on_times": 4,
    "turn_on_ratio": 0.5714285714285714
  },
  "7": {
    "validity_ratio": 0.9208333333333333,
    "below": -5.884682756391189,
    "above": 17.659225775090608,
    "turn_on_times": 2,
    "turn_on_ratio": 0.2857142857142857
  },
  "8": {
    "validity_ratio": 0.9208333333333333,
    "below": 0,
    "above": 1.2573510945450344,
    "turn_on_times": 6,
    "turn_on_ratio": 0.8571428571428571
  },
  "9": {
    "validity_ratio": 0.9208333333333333,
    "below": 0,
    "above": 9.369106768070953,
    "turn_on_times": 1,
    "turn_on_ratio": 0.14285714285714285
  },
  "10": {
    "validity_ratio": 0.9256944444444445,
    "below": -4.107318311181762,
    "above": 0.16013770662211368,
    "turn_on_times": 1,
    "turn_on_ratio": 1.0
  },
  "12": {
    "validity_ratio": 0.9215277777777777,
    "below": 0,
    "above": 35.81696769390256,
    "turn_on_times": 0,
    "turn_on_ratio": 0.0
  },
  "13": {
    "validity_ratio": 0.0,
    "below": 0,
    "above": 0,
    "turn_on_times": 0,
    "turn_on_ratio": 0.0
  }
}