{
  "1": {
    "validity_ratio": 0.7979166666666667,
    "below": -4.2233775340594715,
    "above": 46.588163864621144,
    "turn_on_times": 0,
    "turn_on_ratio": 0.0
  },
  "2": {
    "validity_ratio": 0.7972222222222223,
    "below": 0,
    "above": 19.617978687915098,
    "turn_on_times": 0,
    "turn_on_ratio": 0.0
  },
  "3": {
    "validity_ratio": 0.8006944444444445,
    "below": -0.20117474556505385,
    "above": 8.326169895339598,
    "turn_on_times": 0,
    "turn_on_ratio": 0.0
  },
  "4": {
    "validity_ratio": 0.7958333333333333,
    "below": -1.7861350688760014,
    "above": 1.1935583179954448,
    "turn_on_times": 2,
    "turn_on_ratio": 0.6666666666666666
  },
  "5": {
    "validity_ratio": 0.7951388888888888,
    "below": -6.1617803248545995,
    "above": 2.639344262295079,
    "turn_on_times": 1,
    "turn_on_ratio": 0.3333333333333333
  },
  "6": {
    "validity_ratio": 0.7979166666666667,
    "below": -1.7522598512034455,
    "above": 25.819026417031857,
    "turn_on_times": 3,
    "turn_on_ratio": 0.75
  },
  "7": {
    "validity_ratio": 0.7951388888888888,
    "below": -5.8853527198494335,
    "above": 16.139084970706385,
    "turn_on_times": 1,
    "turn_on_ratio": 0.25
  },
  "8": {
    "validity_ratio": 0.7958333333333333,
    "below": 0,
    "above": 1.257298548049032,
    "turn_on_times": 6,
    "turn_on_ratio": 0.8571428571428571
  },
  "9": {
    "validity_ratio": 0.7958333333333333,
    "below": 0,
    "above": 9.369203125742878,
    "turn_on_times": 1,
    "turn_on_ratio": 0.14285714285714285
  },
  "10": {
    "validity_ratio": 0.7951388888888888,
    "below": -0.2031602502874999,
    "above": 0,
    "turn_on_times": 1,
    "turn_on_ratio": 1.0
  },
  "12": {
    "validity_ratio": 0.7965277777777777,
    "below": 0,
    "above": 32.098281749936994,
    "turn_on_times": 0,
    "turn_on_ratio": 0.0
  },
  "13": {
    "validity_ratio": 0.0,
    "below": 0,
    "above": 0,
    "turn_on_times": 0,
    "turn_on_ratio": 0.0
  }
}