{
  "1": {
    "validity_ratio": 0.50625,
    "below": 0,
    "above": 39.2115489657396,
    "turn_on_times": 0,
    "turn_on_ratio": 0.0
  },
  "2": {
    "validity_ratio": 0.5055555555555555,
    "below": 0,
    "above": 17.07157911481768,
    "turn_on_times": 0,
    "turn_on_ratio": 0.0
  },
  "3": {
    "validity_ratio": 0.5041666666666667,
    "below": 0,
    "above": 4.123356818332099,
    "turn_on_times": 0,
    "turn_on_ratio": 0.0
  },
  "4": {
    "validity_ratio": 0.5041666666666667,
    "below": -1.4408497155846538,
    "above": 0.9017777310136584,
    "turn_on_times": 2,
    "turn_on_ratio": 0.6666666666666666
  },
  "5": {
    "validity_ratio": 0.5055555555555555,
    "below": -5.171917030921847,
    "above": 2.639344262295083,
    "turn_on_times": 1,
    "turn_on_ratio": 0.3333333333333333
  },
  "6": {
    "validity_ratio": 0.50625,
    "below": -1.7523192211351113,
    "above": 20.522019076809446,
    "turn_on_times": 3,
    "turn_on_ratio": 0.75
  },
  "7": {
    "validity_ratio": 0.50625,
    "below": -4.307853551139875,
    "above": 13.436036485550249,
    "turn_on_times": 1,
    "turn_on_ratio": 0.25
  },
  "8": {
    "validity_ratio": 0.5041666666666667,
    "below": 0,
    "above": 0,
    "turn_on_times": 4,
    "turn_on_ratio": 1.0
  },
  "9": {
    "validity_ratio": 0.5041666666666667,
    "below": 0,
    "above": 8.990685975292704,
    "turn_on_times": 0,
    "turn_on_ratio": 0.0
  },
  "10": {
    "validity_ratio": 0.5034722222222222,
    "below": 0,
    "above": 0,
    "turn_on_times": 0,
    "turn_on_ratio": 0
  },
  "12": {
    "validity_ratio": 0.5048611111111111,
    "below": 0,
    "above": 18.387955452618858,
    "turn_on_times": 0,
    "turn_on_ratio": 0.0
  },
  "13": {
    "validity_ratio": 0.0,
    "below": 0,
    "above": 0,
    "turn_on_times": 0,
    "turn_on_ratio": 0.0
  }
}