{
  "1": {
    "validity_ratio": 0.9583333333333334,
    "below": -4.223266048029583,
    "above": 47.671409717324,
    "turn_on_times": 1,
    "turn_on_ratio": 0.14285714285714285
  },
  "2": {
    "validity_ratio": 0.9569444444444445,
    "below": 0,
    "above": 33.73086087831806,
    "turn_on_times": 0,
    "turn_on_ratio": 0.0
  },
  "3": {
    "validity_ratio": 0.9527777777777777,
    "below": -0.5720841329509458,
    "above": 20.408495833146443,
    "turn_on_times": 0,
    "turn_on_ratio": 0.0
  },
  "4": {
    "validity_ratio": 0.9555555555555556,
    "below": -1.7861741398950701,
    "above": 6.069458608342307,
    "turn_on_times": 2,
    "turn_on_ratio": 0.5
  },
  "5": {
    "validity_ratio": 0.9590277777777778,
    "below": -6.161810199379079,
    "above": 2.6893214832480443,
    "turn_on_times": 2,
    "turn_on_ratio": 0.5
  },
  "6": {
    "validity_ratio": 0.9583333333333334,
    "below": -1.7522219716087883,
    "above": 33.9080185835945,
    "turn_on_times": 4,
    "turn_on_ratio": 0.5714285714285714
  },
  "7": {
    "validity_ratio": 0.9555555555555556,
    "below": -5.885716070409055,
    "above": 17.680056560181477,
    "turn_on_times": 2,
    "turn_on_ratio": 0.2857142857142857
  },
  "8": {
    "validity_ratio": 0.9555555555555556,
    "below": 0,
    "above": 1.2572700436945647,
    "turn_on_times": 6,
    "turn_on_ratio": 0.8571428571428571
  },
  "9": {
    "validity_ratio": 0.9555555555555556,
    "below": 0,
    "above": 9.369255363415018,
    "turn_on_times": 1,
    "turn_on_ratio": 0.14285714285714285
  },
  "10": {
    "validity_ratio": 0.9576388888888889,
    "below": -4.107003601056198,
    "above": 0.16005433381764012,
    "turn_on_times": 1,
    "turn_on_ratio": 1.0
  },
  "12": {
    "validity_ratio": 0.95625,
    "below": 0,
    "above": 36.86383200380129,
    "turn_on_times": 0,
    "turn_on_ratio": 0.0
  },
  "13": {
    "validity_ratio": 0.0,
    "below": 0,
    "above": 0,
    "turn_on_times": 0,
    "turn_on_ratio": 0.0
  }
}