{
  "1": {
    "validity_ratio": 0.8326388888888889,
    "below": -4.223664721985522,
    "above": 46.58947473824675,
    "turn_on_times": 1,
    "turn_on_ratio": 0.14285714285714285
  },
  "2": {
    "validity_ratio": 0.8319444444444445,
    "below": 0,
    "above": 23.161570740243846,
    "turn_on_times": 0,
    "turn_on_ratio": 0.0
  },
  "3": {
    "validity_ratio": 0.8354166666666667,
    "below": -0.20122772233815917,
    "above": 13.239590087021117,
    "turn_on_times": 0,
    "turn_on_ratio": 0.0
  },
  "4": {
    "validity_ratio": 0.8305555555555556,
    "below": -1.7860344219613549,
    "above": 1.1933710835801448,
    "turn_on_times": 2,
    "turn_on_ratio": 0.6666666666666666
  },
  "5": {
    "validity_ratio": 0.8298611111111112,
    "below": -6.161703368102838,
    "above": 2.6393442622950833,
    "turn_on_times": 1,
    "turn_on_ratio": 0.3333333333333333
  },
  "6": {
    "validity_ratio": 0.8326388888888889,
    "below": -1.7523574290097403,
    "above": 25.821104213310996,
    "turn_on_times": 4,
    "turn_on_ratio": 0.5714285714285714
  },
  "7": {
    "validity_ratio": 0.8305555555555556,
    "below": -5.88441672909124,
    "above": 16.139439046660517,
    "turn_on_times": 2,
    "turn_on_ratio": 0.2857142857142857
  },
  "8": {
    "validity_ratio": 0.8305555555555556,
    "below": 0,
    "above": 1.257371955531308,
    "turn_on_times": 6,
    "turn_on_ratio": 0.8571428571428571
  },
  "9": {
    "validity_ratio": 0.8305555555555556,
    "below": 0,
    "above": 9.369068492485855,
    "turn_on_times": 1,
    "turn_on_ratio": 0.14285714285714285
  },
  "10": {
    "validity_ratio": 0.8298611111111112,
    "below": -1.842709040843025,
    "above": 0,
    "turn_on_times": 1,
    "turn_on_ratio": 1.0
  },
  "12": {
    "validity_ratio": 0.83125,
    "below": 0,
    "above": 32.87643837979839,
    "turn_on_times": 0,
    "turn_on_ratio": 0.0
  },
  "13": {
    "validity_ratio": 0.0,
    "below": 0,
    "above": 0,
    "turn_on_times": 0,
    "turn_on_ratio": 0.0
  }
}