{
  "1": {
    "validity_ratio": 0.49444444444444446,
    "below": 0,
    "above": 38.11668684152434,
    "turn_on_times": 0,
    "turn_on_ratio": 0.0
  },
  "2": {
    "validity_ratio": 0.4986111111111111,
    "below": 0,
    "above": 17.071728438917024,
    "turn_on_times": 0,
    "turn_on_ratio": 0.0
  },
  "3": {
    "validity_ratio": 0.49722222222222223,
    "below": 0,
    "above": 4.123264861517603,
    "turn_on_times": 0,
    "turn_on_ratio": 0.0
  },
  "4": {
    "validity_ratio": 0.49722222222222223,
    "below": -1.325448304270812,
    "above": 0.9017458213224023,
    "turn_on_times": 2,
    "turn_on_ratio": 0.6666666666666666
  },
  "5": {
    "validity_ratio": 0.4986111111111111,
    "below": -4.989949480834723,
    "above": 2.639344262295079,
    "turn_on_times": 1,
    "turn_on_ratio": 0.3333333333333333
  },
  "6": {
    "validity_ratio": 0.49930555555555556,
    "below": -1.7523358509713907,
    "above": 20.30586010394594,
    "turn_on_times": 3,
    "turn_on_ratio": 0.75
  },
  "7": {
    "validity_ratio": 0.49444444444444446,
    "below": -4.104096107016258,
    "above": 13.436176821101364,
    "turn_on_times": 1,
    "turn_on_ratio": 0.25
  },
  "8": {
    "validity_ratio": 0.49722222222222223,
    "below": 0,
    "above": 0,
    "turn_on_times": 4,
    "turn_on_ratio": 1.0
  },
  "9": {
    "validity_ratio": 0.49722222222222223,
    "below": 0,
    "above": 8.990685776209462,
    "turn_on_times": 0,
    "turn_on_ratio": 0.0
  },
  "10": {
    "validity_ratio": 0.4965277777777778,
    "below": 0,
    "above": 0,
    "turn_on_times": 0,
    "turn_on_ratio": 0
  },
  "12": {
    "validity_ratio": 0.4979166666666667,
    "below": 0,
    "above": 18.08142255864826,
    "turn_on_times": 0,
    "turn_on_ratio": 0.0
  },
  "13": {
    "validity_ratio": 0.0,
    "below": 0,
    "above": 0,
    "turn_on_times": 0,
    "turn_on_ratio": 0.0
  }
}