{
  "1": {
    "validity_ratio": 0.8395833333333333,
    "below": -4.2235319565569,
    "above": 46.58886872844284,
    "turn_on_times": 1,
    "turn_on_ratio": 0.14285714285714285
  },
  "2": {
    "validity_ratio": 0.8388888888888889,
    "below": 0,
    "above": 23.979263131895635,
    "turn_on_times": 0,
    "turn_on_ratio": 0.0
  },
  "3": {
    "validity_ratio": 0.8430555555555556,
    "below": -0.20120323146180144,
    "above": 14.313615435905886,
    "turn_on_times": 0,
    "turn_on_ratio": 0.0
  },
  "4": {
    "validity_ratio": 0.8375,
    "below": -1.786080950486933,
    "above": 1.2354509473539677,
    "turn_on_times": 2,
    "turn_on_ratio": 0.6666666666666666
  },
  "5": {
    "validity_ratio": 0.8368055555555556,
    "below": -6.16173894479394,
    "above": 2.690485520123254,
    "turn_on_times": 1,
    "turn_on_ratio": 0.3333333333333333
  },
  "6": {
    "validity_ratio": 0.8395833333333333,
    "below": -1.7523123193163934,
    "above": 26.446276140349706,
    "turn_on_times": 4,
    "turn_on_ratio": 0.5714285714285714
  },
  "7": {
    "validity_ratio": 0.8375,
    "below": -5.884849432568402,
    "above": 16.22851100175473,
    "turn_on_times": 2,
    "turn_on_ratio": 0.2857142857142857
  },
  "8": {
    "validity_ratio": 0.8375,
    "below": 0,
    "above": 1.2573380231781863,
    "turn_on_times": 6,
    "turn_on_ratio": 0.8571428571428571
  },
  "9": {
    "validity_ratio": 0.8375,
    "below": 0,
    "above": 9.369130745079348,
    "turn_on_times": 1,
    "turn_on_ratio": 0.14285714285714285
  },
  "10": {
    "validity_ratio": 0.8368055555555556,
    "below": -2.108840999309572,
    "above": 0,
    "turn_on_times": 1,
    "turn_on_ratio": 1.0
  },
  "12": {
    "validity_ratio": 0.8381944444444445,
    "below": 0,
    "above": 33.03935418753616,
    "turn_on_times": 0,
    "turn_on_ratio": 0.0
  },
  "13": {
    "validity_ratio": 0.0,
    "below": 0,
    "above": 0,
    "turn_on_times": 0,
    "turn_on_ratio": 0.0
  }
}