{
  "1": {
    "validity_ratio": 0.2465277777777778,
    "below": 0,
    "above": 5.489743723517008,
    "turn_on_times": 0,
    "turn_on_ratio": 0.0
  },
  "2": {
    "validity_ratio": 0.24444444444444444,
    "below": 0,
    "above": 3.379949969630478,
    "turn_on_times": 0,
    "turn_on_ratio": 0.0
  },
  "3": {
    "validity_ratio": 0.24375,
    "below": 0,
    "above": 14.680785993764204,
    "turn_on_times": 0,
    "turn_on_ratio": 0.0
  },
  "4": {
    "validity_ratio": 0.24861111111111112,
    "below": 0,
    "above": 17.83977503939929,
    "turn_on_times": 0,
    "turn_on_ratio": 0.0
  },
  "5": {
    "validity_ratio": 0.24861111111111112,
    "below": -0.40399890609541544,
    "above": 0.06744838945784028,
    "turn_on_times": 2,
    "turn_on_ratio": 1.0
  },
  "6": {
    "validity_ratio": 0.24861111111111112,
    "below": -0.41301731418397114,
    "above": 0.04730508006481634,
    "turn_on_times": 2,
    "turn_on_ratio": 1.0
  },
  "7": {
    "validity_ratio": 0.2465277777777778,
    "below": 0,
    "above": 3.3245140830623656,
    "turn_on_times": 0,
    "turn_on_ratio": 0.0
  },
  "8": {
    "validity_ratio": 0.24722222222222223,
    "below": 0,
    "above": 0,
    "turn_on_times": 0,
    "turn_on_ratio": 0
  },
  "9": {
    "validity_ratio": 0.24861111111111112,
    "below": 0,
    "above": 0,
    "turn_on_times": 0,
    "turn_on_ratio": 0
  },
  "10": {
    "validity_ratio": 0.24722222222222223,
    "below": 0,
    "above": 0,
    "turn_on_times": 0,
    "turn_on_ratio": 0
  },
  "12": {
    "validity_ratio": 0.24444444444444444,
    "below": 0,
    "above": 3.389245321756254,
    "turn_on_times": 0,
    "turn_on_ratio": 0.0
  },
  "13": {
    "validity_ratio": 0.0,
    "below": 0,
    "above": 0,
    "turn_on_times": 0,
    "turn_on_ratio": 0.0
  }
}