{
  "1": {
    "validity_ratio": 0.39166666666666666,
    "below": 0,
    "above": 13.553539742720822,
    "turn_on_times": 0,
    "turn_on_ratio": 0.0
  },
  "2": {
    "validity_ratio": 0.3909722222222222,
    "below": 0,
    "above": 8.503855182980743,
    "turn_on_times": 0,
    "turn_on_ratio": 0.0
  },
  "3": {
    "validity_ratio": 0.3888888888888889,
    "below": 0,
    "above": 20.773392928235847,
    "turn_on_times": 0,
    "turn_on_ratio": 0.0
  },
  "4": {
    "validity_ratio": 0.39444444444444443,
    "below": 0,
    "above": 21.223104165520194,
    "turn_on_times": 1,
    "turn_on_ratio": 0.3333333333333333
  },
  "5": {
    "validity_ratio": 0.39444444444444443,
    "below": -0.40399972490478253,
    "above": 3.5380109411103504,
    "turn_on_times": 2,
    "turn_on_ratio": 0.6666666666666666
  },
  "6": {
    "validity_ratio": 0.39444444444444443,
    "below": -0.41301873257321653,
    "above": 1.2750876121802206,
    "turn_on_times": 2,
    "turn_on_ratio": 1.0
  },
  "7": {
    "validity_ratio": 0.39305555555555555,
    "below": 0,
    "above": 8.268722471680302,
    "turn_on_times": 0,
    "turn_on_ratio": 0.0
  },
  "8": {
    "validity_ratio": 0.39305555555555555,
    "below": 0,
    "above": 0,
    "turn_on_times": 0,
    "turn_on_ratio": 0
  },
  "9": {
    "validity_ratio": 0.39444444444444443,
    "below": 0,
    "above": 0,
    "turn_on_times": 0,
    "turn_on_ratio": 0
  },
  "10": {
    "validity_ratio": 0.39305555555555555,
    "below": 0,
    "above": 0,
    "turn_on_times": 0,
    "turn_on_ratio": 0
  },
  "12": {
    "validity_ratio": 0.3902777777777778,
    "below": 0,
    "above": 7.980364328250167,
    "turn_on_times": 0,
    "turn_on_ratio": 0.0
  },
  "13": {
    "validity_ratio": 0.0,
    "below": 0,
    "above": 0,
    "turn_on_times": 0,
    "turn_on_ratio": 0.0
  }
}