{
  "1": {
    "validity_ratio": 0.5229166666666667,
    "below": 0,
    "above": 25.523557977466183,
    "turn_on_times": 0,
    "turn_on_ratio": 0.0
  },
  "2": {
    "validity_ratio": 0.5229166666666667,
    "below": 0,
    "above": 16.679535729131256,
    "turn_on_times": 0,
    "turn_on_ratio": 0.0
  },
  "3": {
    "validity_ratio": 0.5208333333333334,
    "below": 0,
    "above": 31.539019191692425,
    "turn_on_times": 0,
    "turn_on_ratio": 0.0
  },
  "4": {
    "validity_ratio": 0.5208333333333334,
    "below": 0,
    "above": 21.22312217507411,
    "turn_on_times": 3,
    "turn_on_ratio": 0.6
  },
  "5": {
    "validity_ratio": 0.5208333333333334,
    "below": -0.4039903309100929,
    "above": 19.431281542504355,
    "turn_on_times": 2,
    "turn_on_ratio": 0.4
  },
  "6": {
    "validity_ratio": 0.5263888888888889,
    "below": -0.4130024597488268,
    "above": 10.967397734204024,
    "turn_on_times": 2,
    "turn_on_ratio": 1.0
  },
  "7": {
    "validity_ratio": 0.5256944444444445,
    "below": 0,
    "above": 17.620232300115784,
    "turn_on_times": 0,
    "turn_on_ratio": 0.0
  },
  "8": {
    "validity_ratio": 0.5243055555555556,
    "below": -0.43744499478041565,
    "above": 0,
    "turn_on_times": 1,
    "turn_on_ratio": 1.0
  },
  "9": {
    "validity_ratio": 0.5263888888888889,
    "below": 0,
    "above": 0.8990940929992997,
    "turn_on_times": 0,
    "turn_on_ratio": 0.0
  },
  "10": {
    "validity_ratio": 0.525,
    "below": 0,
    "above": 0,
    "turn_on_times": 0,
    "turn_on_ratio": 0
  },
  "12": {
    "validity_ratio": 0.5222222222222223,
    "below": 0,
    "above": 24.483766866951402,
    "turn_on_times": 0,
    "turn_on_ratio": 0.0
  },
  "13": {
    "validity_ratio": 0.0,
    "below": 0,
    "above": 0,
    "turn_on_times": 0,
    "turn_on_ratio": 0.0
  }
}