{
  "1": {
    "validity_ratio": 0.80625,
    "below": -3.412397909689537,
    "above": 27.5623906138438,
    "turn_on_times": 0,
    "turn_on_ratio": 0.0
  },
  "2": {
    "validity_ratio": 0.8076388888888889,
    "below": 0,
    "above": 26.15663825398152,
    "turn_on_times": 0,
    "turn_on_ratio": 0.0
  },
  "3": {
    "validity_ratio": 0.8069444444444445,
    "below": 0,
    "above": 61.94299879166539,
    "turn_on_times": 0,
    "turn_on_ratio": 0.0
  },
  "4": {
    "validity_ratio": 0.8055555555555556,
    "below": 0,
    "above": 21.223154208982024,
    "turn_on_times": 3,
    "turn_on_ratio": 0.6
  },
  "5": {
    "validity_ratio": 0.80625,
    "below": -0.9648806298520275,
    "above": 62.98094440843182,
    "turn_on_times": 2,
    "turn_on_ratio": 0.4
  },
  "6": {
    "validity_ratio": 0.8111111111111111,
    "below": -0.4129735149920186,
    "above": 12.670566989390707,
    "turn_on_times": 3,
    "turn_on_ratio": 1.0
  },
  "7": {
    "validity_ratio": 0.8111111111111111,
    "below": 0,
    "above": 28.686756675450006,
    "turn_on_times": 0,
    "turn_on_ratio": 0.0
  },
  "8": {
    "validity_ratio": 0.8069444444444445,
    "below": -0.5354205688886693,
    "above": 0.008812488676540298,
    "turn_on_times": 4,
    "turn_on_ratio": 0.6666666666666666
  },
  "9": {
    "validity_ratio": 0.8111111111111111,
    "below": 0,
    "above": 1.2895816358143548,
    "turn_on_times": 2,
    "turn_on_ratio": 0.3333333333333333
  },
  "10": {
    "validity_ratio": 0.8097222222222222,
    "below": 0,
    "above": 0,
    "turn_on_times": 0,
    "turn_on_ratio": 0
  },
  "12": {
    "validity_ratio": 0.8069444444444445,
    "below": 0,
    "above": 68.76880031618525,
    "turn_on_times": 0,
    "turn_on_ratio": 0.0
  },
  "13": {
    "validity_ratio": 0.0,
    "below": 0,
    "above": 0,
    "turn_on_times": 0,
    "turn_on_ratio": 0.0
  }
}