{
  "1": {
    "validity_ratio": 0.6958333333333333,
    "below": -3.412340503688629,
    "above": 27.562161789896642,
    "turn_on_times": 0,
    "turn_on_ratio": 0.0
  },
  "2": {
    "validity_ratio": 0.6965277777777777,
    "below": 0,
    "above": 26.15720226316289,
    "turn_on_times": 0,
    "turn_on_ratio": 0.0
  },
  "3": {
    "validity_ratio": 0.7,
    "below": 0,
    "above": 51.20596185405335,
    "turn_on_times": 0,
    "turn_on_ratio": 0.0
  },
  "4": {
    "validity_ratio": 0.6944444444444444,
    "below": 0,
    "above": 21.223182961401097,
    "turn_on_times": 3,
    "turn_on_ratio": 0.6
  },
  "5": {
    "validity_ratio": 0.6944444444444444,
    "below": -0.4039586240485131,
    "above": 47.83135469293237,
    "turn_on_times": 2,
    "turn_on_ratio": 0.4
  },
  "6": {
    "validity_ratio": 0.7,
    "below": -0.41294753527766337,
    "above": 12.669574999627683,
    "turn_on_times": 3,
    "turn_on_ratio": 1.0
  },
  "7": {
    "validity_ratio": 0.6993055555555555,
    "below": 0,
    "above": 28.687271017798235,
    "turn_on_times": 0,
    "turn_on_ratio": 0.0
  },
  "8": {
    "validity_ratio": 0.6972222222222222,
    "below": -0.535392737417826,
    "above": 0.008814698234597174,
    "turn_on_times": 3,
    "turn_on_ratio": 0.75
  },
  "9": {
    "validity_ratio": 0.7,
    "below": 0,
    "above": 1.2896598762158724,
    "turn_on_times": 1,
    "turn_on_ratio": 0.25
  },
  "10": {
    "validity_ratio": 0.6986111111111111,
    "below": 0,
    "above": 0,
    "turn_on_times": 0,
    "turn_on_ratio": 0
  },
  "12": {
    "validity_ratio": 0.6958333333333333,
    "below": 0,
    "above": 51.9679653949985,
    "turn_on_times": 0,
    "turn_on_ratio": 0.0
  },
  "13": {
    "validity_ratio": 0.0,
    "below": 0,
    "above": 0,
    "turn_on_times": 0,
    "turn_on_ratio": 0.0
  }
}