{
  "1": {
    "validity_ratio": 0.8479166666666667,
    "below": -3.412421739711889,
    "above": 27.56248467960311,
    "turn_on_times": 1,
    "turn_on_ratio": 0.16666666666666666
  },
  "2": {
    "validity_ratio": 0.8493055555555555,
    "below": 0,
    "above": 27.585917661144094,
    "turn_on_times": 0,
    "turn_on_ratio": 0.0
  },
  "3": {
    "validity_ratio": 0.8486111111111111,
    "below": 0,
    "above": 65.94290349959083,
    "turn_on_times": 0,
    "turn_on_ratio": 0.0
  },
  "4": {
    "validity_ratio": 0.8472222222222222,
    "below": 0,
    "above": 23.07037852649884,
    "turn_on_times": 3,
    "turn_on_ratio": 0.6
  },
  "5": {
    "validity_ratio": 0.8479166666666667,
    "below": -2.1629101013843557,
    "above": 62.98107998404655,
    "turn_on_times": 2,
    "turn_on_ratio": 0.4
  },
  "6": {
    "validity_ratio": 0.8527777777777777,
    "below": -0.42138437836597714,
    "above": 12.67097613016576,
    "turn_on_times": 4,
    "turn_on_ratio": 0.6666666666666666
  },
  "7": {
    "validity_ratio": 0.8513888888888889,
    "below": -1.6330654531206557,
    "above": 28.68654316494057,
    "turn_on_times": 1,
    "turn_on_ratio": 0.16666666666666666
  },
  "8": {
    "validity_ratio": 0.8486111111111111,
    "below": -0.5354321221158899,
    "above": 0.008811571458530842,
    "turn_on_times": 4,
    "turn_on_ratio": 0.6666666666666666
  },
  "9": {
    "validity_ratio": 0.8527777777777777,
    "below": 0,
    "above": 1.2895490588249332,
    "turn_on_times": 2,
    "turn_on_ratio": 0.3333333333333333
  },
  "10": {
    "validity_ratio": 0.8513888888888889,
    "below": 0,
    "above": 0,
    "turn_on_times": 0,
    "turn_on_ratio": 0
  },
  "12": {
    "validity_ratio": 0.8486111111111111,
    "below": 0,
    "above": 75.1964294595619,
    "turn_on_times": 0,
    "turn_on_ratio": 0.0
  },
  "13": {
    "validity_ratio": 0.0,
    "below": 0,
    "above": 0,
    "turn_on_times": 0,
    "turn_on_ratio": 0.0
  }
}