{
  "1": {
    "validity_ratio": 0.8618055555555556,
    "below": -3.4124194221089357,
    "above": 27.562475554933233,
    "turn_on_times": 1,
    "turn_on_ratio": 0.16666666666666666
  },
  "2": {
    "validity_ratio": 0.8631944444444445,
    "below": 0,
    "above": 28.31778501153977,
    "turn_on_times": 0,
    "turn_on_ratio": 0.0
  },
  "3": {
    "validity_ratio": 0.8618055555555556,
    "below": 0,
    "above": 67.20957943394464,
    "turn_on_times": 0,
    "turn_on_ratio": 0.0
  },
  "4": {
    "validity_ratio": 0.8611111111111112,
    "below": 0,
    "above": 24.870390288618186,
    "turn_on_times": 3,
    "turn_on_ratio": 0.6
  },
  "5": {
    "validity_ratio": 0.8618055555555556,
    "below": -2.4962417386209106,
    "above": 62.98106687167664,
    "turn_on_times": 2,
    "turn_on_ratio": 0.4
  },
  "6": {
    "validity_ratio": 0.8597222222222223,
    "below": -0.42138330526312445,
    "above": 12.670936407131487,
    "turn_on_times": 4,
    "turn_on_ratio": 0.6666666666666666
  },
  "7": {
    "validity_ratio": 0.8583333333333333,
    "below": -1.8999228887466908,
    "above": 28.68656393002945,
    "turn_on_times": 1,
    "turn_on_ratio": 0.16666666666666666
  },
  "8": {
    "validity_ratio": 0.8625,
    "below": -0.5354309984999257,
    "above": 0.008811660663112224,
    "turn_on_times": 4,
    "turn_on_ratio": 0.6666666666666666
  },
  "9": {
    "validity_ratio": 0.8597222222222223,
    "below": 0,
    "above": 1.2895522296515542,
    "turn_on_times": 2,
    "turn_on_ratio": 0.3333333333333333
  },
  "10": {
    "validity_ratio": 0.8583333333333333,
    "below": 0,
    "above": 0,
    "turn_on_times": 0,
    "turn_on_ratio": 0
  },
  "12": {
    "validity_ratio": 0.8625,
    "below": 0,
    "above": 77.38692074035963,
    "turn_on_times": 0,
    "turn_on_ratio": 0.0
  },
  "13": {
    "validity_ratio": 0.0,
    "below": 0,
    "above": 0,
    "turn_on_times": 0,
    "turn_on_ratio": 0.0
  }
}