{
  "1": {
    "validity_ratio": 0.8729166666666667,
    "below": -3.412336312854302,
    "above": 27.562144961990793,
    "turn_on_times": 1,
    "turn_on_ratio": 0.16666666666666666
  },
  "2": {
    "validity_ratio": 0.8729166666666667,
    "below": 0,
    "above": 28.8375139106933,
    "turn_on_times": 0,
    "turn_on_ratio": 0.0
  },
  "3": {
    "validity_ratio": 0.8729166666666667,
    "below": 0,
    "above": 68.31176364888489,
    "turn_on_times": 0,
    "turn_on_ratio": 0.0
  },
  "4": {
    "validity_ratio": 0.8729166666666667,
    "below": 0,
    "above": 26.359707733560906,
    "turn_on_times": 3,
    "turn_on_ratio": 0.6
  },
  "5": {
    "validity_ratio": 0.8729166666666667,
    "below": -2.7565393372344973,
    "above": 62.98058625004711,
    "turn_on_times": 2,
    "turn_on_ratio": 0.4
  },
  "6": {
    "validity_ratio": 0.8729166666666667,
    "below": -0.42134482378894084,
    "above": 13.186572473623524,
    "turn_on_times": 4,
    "turn_on_ratio": 0.6666666666666666
  },
  "7": {
    "validity_ratio": 0.8729166666666667,
    "below": -2.4053051578036087,
    "above": 28.687308566560084,
    "turn_on_times": 1,
    "turn_on_ratio": 0.16666666666666666
  },
  "8": {
    "validity_ratio": 0.8729166666666667,
    "below": -0.5353907056253031,
    "above": 0.008814859539889438,
    "turn_on_times": 4,
    "turn_on_ratio": 0.6666666666666666
  },
  "9": {
    "validity_ratio": 0.8729166666666667,
    "below": 0,
    "above": 1.2896655749218966,
    "turn_on_times": 2,
    "turn_on_ratio": 0.3333333333333333
  },
  "10": {
    "validity_ratio": 0.8729166666666667,
    "below": 0,
    "above": 0,
    "turn_on_times": 0,
    "turn_on_ratio": 0
  },
  "12": {
    "validity_ratio": 0.8729166666666667,
    "below": 0,
    "above": 79.04867045889542,
    "turn_on_times": 0,
    "turn_on_ratio": 0.0
  },
  "13": {
    "validity_ratio": 0.0,
    "below": 0,
    "above": 0,
    "turn_on_times": 0,
    "turn_on_ratio": 0.0
  }
}