{
  "1": {
    "validity_ratio": 0.9708333333333333,
    "below": -2.019470413716096,
    "above": 3.7451155158456917,
    "turn_on_times": 2,
    "turn_on_ratio": 0.25
  },
  "2": {
    "validity_ratio": 0.9694444444444444,
    "below": 0,
    "above": 51.33893712628525,
    "turn_on_times": 0,
    "turn_on_ratio": 0.0
  },
  "3": {
    "validity_ratio": 0.9694444444444444,
    "below": -0.9655701949300682,
    "above": 31.972277495663736,
    "turn_on_times": 1,
    "turn_on_ratio": 0.14285714285714285
  },
  "4": {
    "validity_ratio": 0.9673611111111111,
    "below": 0,
    "above": 25.99476790452578,
    "turn_on_times": 5,
    "turn_on_ratio": 0.7142857142857143
  },
  "5": {
    "validity_ratio": 0.9666666666666667,
    "below": -2.5131630815052755,
    "above": 23.1843722802631,
    "turn_on_times": 1,
    "turn_on_ratio": 0.14285714285714285
  },
  "6": {
    "validity_ratio": 0.9694444444444444,
    "below": -6.217525287969761,
    "above": 7.530647300905593,
    "turn_on_times": 4,
    "turn_on_ratio": 0.5
  },
  "7": {
    "validity_ratio": 0.9701388888888889,
    "below": -3.115053308950514,
    "above": 15.684918632789046,
    "turn_on_times": 2,
    "turn_on_ratio": 0.25
  },
  "8": {
    "validity_ratio": 0.96875,
    "below": 0,
    "above": 0,
    "turn_on_times": 3,
    "turn_on_ratio": 0.6
  },
  "9": {
    "validity_ratio": 0.96875,
    "below": 0,
    "above": 0.35333544646413806,
    "turn_on_times": 2,
    "turn_on_ratio": 0.4
  },
  "10": {
    "validity_ratio": 0.9520833333333333,
    "below": -2.9023020170965843,
    "above": 0.024553743990292278,
    "turn_on_times": 2,
    "turn_on_ratio": 1.0
  },
  "12": {
    "validity_ratio": 0.9694444444444444,
    "below": 0,
    "above": 25.12681347773626,
    "turn_on_times": 0,
    "turn_on_ratio": 0.0
  },
  "13": {
    "validity_ratio": 0.0,
    "below": 0,
    "above": 0,
    "turn_on_times": 0,
    "turn_on_ratio": 0.0
  }
}