{
  "1": {
    "validity_ratio": 0.7986111111111112,
    "below": -2.019409002056671,
    "above": 2.3993481084003827,
    "turn_on_times": 2,
    "turn_on_ratio": 0.25
  },
  "2": {
    "validity_ratio": 0.8027777777777778,
    "below": 0,
    "above": 41.08978480855018,
    "turn_on_times": 0,
    "turn_on_ratio": 0.0
  },
  "3": {
    "validity_ratio": 0.8034722222222223,
    "below": -0.39267058747303585,
    "above": 31.961270782313136,
    "turn_on_times": 1,
    "turn_on_ratio": 0.14285714285714285
  },
  "4": {
    "validity_ratio": 0.8006944444444445,
    "below": 0,
    "above": 21.738737466636366,
    "turn_on_times": 5,
    "turn_on_ratio": 0.7142857142857143
  },
  "5": {
    "validity_ratio": 0.7993055555555556,
    "below": -2.5131992704282684,
    "above": 18.8068603566722,
    "turn_on_times": 1,
    "turn_on_ratio": 0.14285714285714285
  },
  "6": {
    "validity_ratio": 0.8020833333333334,
    "below": -6.217297927117931,
    "above": 7.522289902526614,
    "turn_on_times": 4,
    "turn_on_ratio": 0.5
  },
  "7": {
    "validity_ratio": 0.8027777777777778,
    "below": -3.1138675605000383,
    "above": 14.487953320309199,
    "turn_on_times": 2,
    "turn_on_ratio": 0.25
  },
  "8": {
    "validity_ratio": 0.8048611111111111,
    "below": 0,
    "above": 0,
    "turn_on_times": 2,
    "turn_on_ratio": 0.6666666666666666
  },
  "9": {
    "validity_ratio": 0.8013888888888889,
    "below": 0,
    "above": 0.2388591946809399,
    "turn_on_times": 1,
    "turn_on_ratio": 0.3333333333333333
  },
  "10": {
    "validity_ratio": 0.7854166666666667,
    "below": -2.3934676991434074,
    "above": 0,
    "turn_on_times": 2,
    "turn_on_ratio": 1.0
  },
  "12": {
    "validity_ratio": 0.8020833333333334,
    "below": 0,
    "above": 21.15639101672702,
    "turn_on_times": 0,
    "turn_on_ratio": 0.0
  },
  "13": {
    "validity_ratio": 0.0,
    "below": 0,
    "above": 0,
    "turn_on_times": 0,
    "turn_on_ratio": 0.0
  }
}