{
  "1": {
    "validity_ratio": 0.6604166666666667,
    "below": -2.019400593476445,
    "above": 1.7719712105733745,
    "turn_on_times": 1,
    "turn_on_ratio": 0.25
  },
  "2": {
    "validity_ratio": 0.6638888888888889,
    "below": 0,
    "above": 32.768698432416585,
    "turn_on_times": 0,
    "turn_on_ratio": 0.0
  },
  "3": {
    "validity_ratio": 0.6652777777777777,
    "below": 0,
    "above": 30.14771290215712,
    "turn_on_times": 0,
    "turn_on_ratio": 0.0
  },
  "4": {
    "validity_ratio": 0.6618055555555555,
    "below": 0,
    "above": 14.743610929650696,
    "turn_on_times": 4,
    "turn_on_ratio": 0.8
  },
  "5": {
    "validity_ratio": 0.6604166666666667,
    "below": -2.5132042254720677,
    "above": 8.480764449977176,
    "turn_on_times": 1,
    "turn_on_ratio": 0.2
  },
  "6": {
    "validity_ratio": 0.6631944444444444,
    "below": -6.217267029904432,
    "above": 5.425887819107813,
    "turn_on_times": 2,
    "turn_on_ratio": 0.5
  },
  "7": {
    "validity_ratio": 0.6631944444444444,
    "below": -3.11370614549245,
    "above": 12.931549923665955,
    "turn_on_times": 1,
    "turn_on_ratio": 0.25
  },
  "8": {
    "validity_ratio": 0.6652777777777777,
    "below": 0,
    "above": 0,
    "turn_on_times": 1,
    "turn_on_ratio": 1.0
  },
  "9": {
    "validity_ratio": 0.6625,
    "below": 0,
    "above": 0.23884885415217672,
    "turn_on_times": 0,
    "turn_on_ratio": 0.0
  },
  "10": {
    "validity_ratio": 0.6645833333333333,
    "below": 0,
    "above": 0,
    "turn_on_times": 0,
    "turn_on_ratio": 0
  },
  "12": {
    "validity_ratio": 0.6631944444444444,
    "below": 0,
    "above": 10.479825570020877,
    "turn_on_times": 0,
    "turn_on_ratio": 0.0
  },
  "13": {
    "validity_ratio": 0.0,
    "below": 0,
    "above": 0,
    "turn_on_times": 0,
    "turn_on_ratio": 0.0
  }
}