{
  "1": {
    "validity_ratio": 0.6395833333333333,
    "below": -2.019363660987218,
    "above": 1.7724157515533714,
    "turn_on_times": 1,
    "turn_on_ratio": 0.25
  },
  "2": {
    "validity_ratio": 0.6361111111111111,
    "below": 0,
    "above": 30.39460657965157,
    "turn_on_times": 0,
    "turn_on_ratio": 0.0
  },
  "3": {
    "validity_ratio": 0.6375,
    "below": 0,
    "above": 30.147341559617505,
    "turn_on_times": 0,
    "turn_on_ratio": 0.0
  },
  "4": {
    "validity_ratio": 0.6409722222222223,
    "below": 0,
    "above": 14.743597585627304,
    "turn_on_times": 4,
    "turn_on_ratio": 0.8
  },
  "5": {
    "validity_ratio": 0.6395833333333333,
    "below": -2.513225989205878,
    "above": 8.480736098242105,
    "turn_on_times": 1,
    "turn_on_ratio": 0.2
  },
  "6": {
    "validity_ratio": 0.6354166666666666,
    "below": -6.21713198767322,
    "above": 3.748401980546911,
    "turn_on_times": 2,
    "turn_on_ratio": 0.5
  },
  "7": {
    "validity_ratio": 0.6354166666666666,
    "below": -3.1129998520932305,
    "above": 12.331132730331664,
    "turn_on_times": 1,
    "turn_on_ratio": 0.25
  },
  "8": {
    "validity_ratio": 0.6375,
    "below": 0,
    "above": 0,
    "turn_on_times": 1,
    "turn_on_ratio": 1.0
  },
  "9": {
    "validity_ratio": 0.6409722222222223,
    "below": 0,
    "above": 0.238803197262354,
    "turn_on_times": 0,
    "turn_on_ratio": 0.0
  },
  "10": {
    "validity_ratio": 0.6368055555555555,
    "below": 0,
    "above": 0,
    "turn_on_times": 0,
    "turn_on_ratio": 0
  },
  "12": {
    "validity_ratio": 0.6354166666666666,
    "below": 0,
    "above": 10.480193106157344,
    "turn_on_times": 0,
    "turn_on_ratio": 0.0
  },
  "13": {
    "validity_ratio": 0.0,
    "below": 0,
    "above": 0,
    "turn_on_times": 0,
    "turn_on_ratio": 0.0
  }
}