{
  "1": {
    "validity_ratio": 0.9229166666666667,
    "below": -2.019451790427496,
    "above": 2.3988110151951765,
    "turn_on_times": 2,
    "turn_on_ratio": 0.25
  },
  "2": {
    "validity_ratio": 0.9208333333333333,
    "below": 0,
    "above": 48.454735167924376,
    "turn_on_times": 0,
    "turn_on_ratio": 0.0
  },
  "3": {
    "validity_ratio": 0.9215277777777777,
    "below": -0.9655726980330108,
    "above": 31.971923883659905,
    "turn_on_times": 1,
    "turn_on_ratio": 0.14285714285714285
  },
  "4": {
    "validity_ratio": 0.9256944444444445,
    "below": 0,
    "above": 25.994774139029058,
    "turn_on_times": 5,
    "turn_on_ratio": 0.7142857142857143
  },
  "5": {
    "validity_ratio": 0.925,
    "below": -2.5131740559157265,
    "above": 23.192648343828978,
    "turn_on_times": 1,
    "turn_on_ratio": 0.14285714285714285
  },
  "6": {
    "validity_ratio": 0.9201388888888888,
    "below": -6.217456023259703,
    "above": 7.530574009447641,
    "turn_on_times": 4,
    "turn_on_ratio": 0.5
  },
  "7": {
    "validity_ratio": 0.9208333333333333,
    "below": -3.114692451598128,
    "above": 14.704291207579118,
    "turn_on_times": 2,
    "turn_on_ratio": 0.25
  },
  "8": {
    "validity_ratio": 0.9201388888888888,
    "below": 0,
    "above": 0,
    "turn_on_times": 3,
    "turn_on_ratio": 0.6
  },
  "9": {
    "validity_ratio": 0.9263888888888889,
    "below": 0,
    "above": 0.35333385831222597,
    "turn_on_times": 2,
    "turn_on_ratio": 0.4
  },
  "10": {
    "validity_ratio": 0.9104166666666667,
    "below": -2.9022124039879142,
    "above": 0.02434248750337974,
    "turn_on_times": 2,
    "turn_on_ratio": 1.0
  },
  "12": {
    "validity_ratio": 0.9201388888888888,
    "below": 0,
    "above": 25.13511749530572,
    "turn_on_times": 0,
    "turn_on_ratio": 0.0
  },
  "13": {
    "validity_ratio": 0.0,
    "below": 0,
    "above": 0,
    "turn_on_times": 0,
    "turn_on_ratio": 0.0
  }
}