{
  "1": {
    "validity_ratio": 0.6534722222222222,
    "below": -2.0194012298470523,
    "above": 1.7719635359891008,
    "turn_on_times": 1,
    "turn_on_ratio": 0.25
  },
  "2": {
    "validity_ratio": 0.65,
    "below": 0,
    "above": 31.594047245140906,
    "turn_on_times": 0,
    "turn_on_ratio": 0.0
  },
  "3": {
    "validity_ratio": 0.6513888888888889,
    "below": 0,
    "above": 30.147719300628562,
    "turn_on_times": 0,
    "turn_on_ratio": 0.0
  },
  "4": {
    "validity_ratio": 0.6548611111111111,
    "below": 0,
    "above": 14.743611159576822,
    "turn_on_times": 4,
    "turn_on_ratio": 0.8
  },
  "5": {
    "validity_ratio": 0.6534722222222222,
    "below": -2.5132038504688983,
    "above": 8.480764938353126,
    "turn_on_times": 1,
    "turn_on_ratio": 0.2
  },
  "6": {
    "validity_ratio": 0.6493055555555556,
    "below": -6.217269366273348,
    "above": 4.6184647362224736,
    "turn_on_times": 2,
    "turn_on_ratio": 0.5
  },
  "7": {
    "validity_ratio": 0.6493055555555556,
    "below": -3.113718353642807,
    "above": 12.631557112033416,
    "turn_on_times": 1,
    "turn_on_ratio": 0.25
  },
  "8": {
    "validity_ratio": 0.6513888888888889,
    "below": 0,
    "above": 0,
    "turn_on_times": 1,
    "turn_on_ratio": 1.0
  },
  "9": {
    "validity_ratio": 0.6548611111111111,
    "below": 0,
    "above": 0.23884963744016494,
    "turn_on_times": 0,
    "turn_on_ratio": 0.0
  },
  "10": {
    "validity_ratio": 0.6506944444444445,
    "below": 0,
    "above": 0,
    "turn_on_times": 0,
    "turn_on_ratio": 0
  },
  "12": {
    "validity_ratio": 0.6493055555555556,
    "below": 0,
    "above": 10.479819132713589,
    "turn_on_times": 0,
    "turn_on_ratio": 0.0
  },
  "13": {
    "validity_ratio": 0.0,
    "below": 0,
    "above": 0,
    "turn_on_times": 0,
    "turn_on_ratio": 0.0
  }
}