{
  "1": {
    "validity_ratio": 0.9368055555555556,
    "below": -2.0194685148781795,
    "above": 2.3986004660829354,
    "turn_on_times": 2,
    "turn_on_ratio": 0.25
  },
  "2": {
    "validity_ratio": 0.9347222222222222,
    "below": 0,
    "above": 49.28896088404722,
    "turn_on_times": 0,
    "turn_on_ratio": 0.0
  },
  "3": {
    "validity_ratio": 0.9354166666666667,
    "below": -0.9655704501474397,
    "above": 31.972241492890863,
    "turn_on_times": 1,
    "turn_on_ratio": 0.14285714285714285
  },
  "4": {
    "validity_ratio": 0.9395833333333333,
    "below": 0,
    "above": 25.994768486128166,
    "turn_on_times": 5,
    "turn_on_ratio": 0.7142857142857143
  },
  "5": {
    "validity_ratio": 0.9388888888888889,
    "below": -2.5131642004605323,
    "above": 23.1843449891267,
    "turn_on_times": 1,
    "turn_on_ratio": 0.14285714285714285
  },
  "6": {
    "validity_ratio": 0.9340277777777778,
    "below": -6.217518213087799,
    "above": 7.530639828058692,
    "turn_on_times": 4,
    "turn_on_ratio": 0.5
  },
  "7": {
    "validity_ratio": 0.9347222222222222,
    "below": -3.115016464970399,
    "above": 14.937811175080116,
    "turn_on_times": 2,
    "turn_on_ratio": 0.25
  },
  "8": {
    "validity_ratio": 0.9340277777777778,
    "below": 0,
    "above": 0,
    "turn_on_times": 3,
    "turn_on_ratio": 0.6
  },
  "9": {
    "validity_ratio": 0.9333333333333333,
    "below": 0,
    "above": 0.3533352890936573,
    "turn_on_times": 2,
    "turn_on_ratio": 0.4
  },
  "10": {
    "validity_ratio": 0.9243055555555556,
    "below": -2.9022928516950706,
    "above": 0.024532297573101564,
    "turn_on_times": 2,
    "turn_on_ratio": 1.0
  },
  "12": {
    "validity_ratio": 0.9340277777777778,
    "below": 0,
    "above": 25.12680857330839,
    "turn_on_times": 0,
    "turn_on_ratio": 0.0
  },
  "13": {
    "validity_ratio": 0.0,
    "below": 0,
    "above": 0,
    "turn_on_times": 0,
    "turn_on_ratio": 0.0
  }
}