{
  "1": {
    "validity_ratio": 0.5909722222222222,
    "below": -2.0194282573127755,
    "above": 1.7716371220564868,
    "turn_on_times": 1,
    "turn_on_ratio": 0.25
  },
  "2": {
    "validity_ratio": 0.5875,
    "below": 0,
    "above": 26.616181601979473,
    "turn_on_times": 0,
    "turn_on_ratio": 0.0
  },
  "3": {
    "validity_ratio": 0.5888888888888889,
    "below": 0,
    "above": 30.147991051814873,
    "turn_on_times": 0,
    "turn_on_ratio": 0.0
  },
  "4": {
    "validity_ratio": 0.5923611111111111,
    "below": 0,
    "above": 14.743620924830735,
    "turn_on_times": 4,
    "turn_on_ratio": 0.8
  },
  "5": {
    "validity_ratio": 0.5909722222222222,
    "below": -2.5131879236093266,
    "above": 8.480785675834564,
    "turn_on_times": 1,
    "turn_on_ratio": 0.2
  },
  "6": {
    "validity_ratio": 0.5868055555555556,
    "below": -5.677480980332513,
    "above": 3.048797622237519,
    "turn_on_times": 2,
    "turn_on_ratio": 0.5
  },
  "7": {
    "validity_ratio": 0.5868055555555556,
    "below": -3.1142380457707777,
    "above": 11.281862406640887,
    "turn_on_times": 1,
    "turn_on_ratio": 0.25
  },
  "8": {
    "validity_ratio": 0.5930555555555556,
    "below": 0,
    "above": 0,
    "turn_on_times": 1,
    "turn_on_ratio": 1.0
  },
  "9": {
    "validity_ratio": 0.5930555555555556,
    "below": 0,
    "above": 0.17925619942346055,
    "turn_on_times": 0,
    "turn_on_ratio": 0.0
  },
  "10": {
    "validity_ratio": 0.5881944444444445,
    "below": 0,
    "above": 0,
    "turn_on_times": 0,
    "turn_on_ratio": 0
  },
  "12": {
    "validity_ratio": 0.5868055555555556,
    "below": 0,
    "above": 10.479542466435099,
    "turn_on_times": 0,
    "turn_on_ratio": 0.0
  },
  "13": {
    "validity_ratio": 0.0,
    "below": 0,
    "above": 0,
    "turn_on_times": 0,
    "turn_on_ratio": 0.0
  }
}