{
  "1": {
    "validity_ratio": 0.4666666666666667,
    "below": -1.686186979060742,
    "above": 1.7720736680958373,
    "turn_on_times": 1,
    "turn_on_ratio": 0.25
  },
  "2": {
    "validity_ratio": 0.4625,
    "below": 0,
    "above": 18.57727316892341,
    "turn_on_times": 0,
    "turn_on_ratio": 0.0
  },
  "3": {
    "validity_ratio": 0.46458333333333335,
    "below": 0,
    "above": 27.92563002158641,
    "turn_on_times": 0,
    "turn_on_ratio": 0.0
  },
  "4": {
    "validity_ratio": 0.4673611111111111,
    "below": 0,
    "above": 14.743607858636588,
    "turn_on_times": 3,
    "turn_on_ratio": 0.75
  },
  "5": {
    "validity_ratio": 0.46458333333333335,
    "below": -2.5132092342113044,
    "above": 5.446331696999768,
    "turn_on_times": 1,
    "turn_on_ratio": 0.25
  },
  "6": {
    "validity_ratio": 0.4618055555555556,
    "below": -2.955443070572452,
    "above": 3.048794696920551,
    "turn_on_times": 2,
    "turn_on_ratio": 0.5
  },
  "7": {
    "validity_ratio": 0.4673611111111111,
    "below": -3.113543211295708,
    "above": 8.213020923884283,
    "turn_on_times": 1,
    "turn_on_ratio": 0.25
  },
  "8": {
    "validity_ratio": 0.4638888888888889,
    "below": 0,
    "above": 0,
    "turn_on_times": 0,
    "turn_on_ratio": 0
  },
  "9": {
    "validity_ratio": 0.4673611111111111,
    "below": 0,
    "above": 0,
    "turn_on_times": 0,
    "turn_on_ratio": 0
  },
  "10": {
    "validity_ratio": 0.46319444444444446,
    "below": 0,
    "above": 0,
    "turn_on_times": 0,
    "turn_on_ratio": 0
  },
  "12": {
    "validity_ratio": 0.4618055555555556,
    "below": 0,
    "above": 7.525673719453802,
    "turn_on_times": 0,
    "turn_on_ratio": 0.0
  },
  "13": {
    "validity_ratio": 0.0,
    "below": 0,
    "above": 0,
    "turn_on_times": 0,
    "turn_on_ratio": 0.0
  }
}