{
  "1": {
    "validity_ratio": 0.9527777777777777,
    "below": 0,
    "above": 21.85530833028643,
    "turn_on_times": 0,
    "turn_on_ratio": 0.0
  },
  "2": {
    "validity_ratio": 0.9506944444444444,
    "below": -4.841574465588858,
    "above": 0.7345639169913518,
    "turn_on_times": 2,
    "turn_on_ratio": 1.0
  },
  "3": {
    "validity_ratio": 0.95,
    "below": -5.926547544784475,
    "above": 5.1652544274447765,
    "turn_on_times": 0,
    "turn_on_ratio": 0.0
  },
  "4": {
    "validity_ratio": 0.9493055555555555,
    "below": -0.9715766269999968,
    "above": 3.5907246492322114,
    "turn_on_times": 2,
    "turn_on_ratio": 0.3333333333333333
  },
  "5": {
    "validity_ratio": 0.9520833333333333,
    "below": -0.13595645155296743,
    "above": 4.582270126368279,
    "turn_on_times": 1,
    "turn_on_ratio": 0.16666666666666666
  },
  "6": {
    "validity_ratio": 0.95,
    "below": -1.4336681658713728,
    "above": 3.8008411753258287,
    "turn_on_times": 1,
    "turn_on_ratio": 0.16666666666666666
  },
  "7": {
    "validity_ratio": 0.9506944444444444,
    "below": -2.1253704712379653,
    "above": 4.291855304645995,
    "turn_on_times": 2,
    "turn_on_ratio": 0.3333333333333333
  },
  "8": {
    "validity_ratio": 0.9486111111111111,
    "below": -13.701502316838843,
    "above": 0.04538970182467619,
    "turn_on_times": 3,
    "turn_on_ratio": 1.0
  },
  "9": {
    "validity_ratio": 0.95,
    "below": 0,
    "above": 31.94240164031491,
    "turn_on_times": 0,
    "turn_on_ratio": 0.0
  },
  "10": {
    "validity_ratio": 0.95,
    "below": 0,
    "above": 0,
    "turn_on_times": 0,
    "turn_on_ratio": 0
  }
}