{
  "1": {
    "validity_ratio": 0.8486111111111111,
    "below": 0,
    "above": 21.857240404579557,
    "turn_on_times": 0,
    "turn_on_ratio": 0.0
  },
  "2": {
    "validity_ratio": 0.8465277777777778,
    "below": -4.841318533021798,
    "above": 0.7345302057681201,
    "turn_on_times": 1,
    "turn_on_ratio": 1.0
  },
  "3": {
    "validity_ratio": 0.8458333333333333,
    "below": -5.926040461667902,
    "above": 5.157386209728692,
    "turn_on_times": 0,
    "turn_on_ratio": 0.0
  },
  "4": {
    "validity_ratio": 0.8458333333333333,
    "below": -0.9716427382222191,
    "above": 3.590639044704403,
    "turn_on_times": 2,
    "turn_on_ratio": 0.3333333333333333
  },
  "5": {
    "validity_ratio": 0.8479166666666667,
    "below": -0.13597295185801475,
    "above": 4.5831916318175,
    "turn_on_times": 1,
    "turn_on_ratio": 0.16666666666666666
  },
  "6": {
    "validity_ratio": 0.8458333333333333,
    "below": -1.4331609394896816,
    "above": 3.8019800287228356,
    "turn_on_times": 1,
    "turn_on_ratio": 0.16666666666666666
  },
  "7": {
    "validity_ratio": 0.8465277777777778,
    "below": -2.1236833761691565,
    "above": 4.291436696736201,
    "turn_on_times": 2,
    "turn_on_ratio": 0.3333333333333333
  },
  "8": {
    "validity_ratio": 0.85,
    "below": -13.700306806035776,
    "above": 0.017779038343042154,
    "turn_on_times": 2,
    "turn_on_ratio": 1.0
  },
  "9": {
    "validity_ratio": 0.8458333333333333,
    "below": 0,
    "above": 31.184991658137033,
    "turn_on_times": 0,
    "turn_on_ratio": 0.0
  },
  "10": {
    "validity_ratio": 0.8458333333333333,
    "below": 0,
    "above": 0,
    "turn_on_times": 0,
    "turn_on_ratio": 0
  }
}