{
  "1": {
    "validity_ratio": 0.5930555555555556,
    "below": 0,
    "above": 10.202011421183098,
    "turn_on_times": 0,
    "turn_on_ratio": 0.0
  },
  "2": {
    "validity_ratio": 0.5888888888888889,
    "below": -4.841476661660406,
    "above": 0.6986878002920899,
    "turn_on_times": 1,
    "turn_on_ratio": 1.0
  },
  "3": {
    "validity_ratio": 0.5895833333333333,
    "below": -5.780439131670153,
    "above": 4.666042556199726,
    "turn_on_times": 0,
    "turn_on_ratio": 0.0
  },
  "4": {
    "validity_ratio": 0.5888888888888889,
    "below": -0.9716018912222196,
    "above": 2.186839784891914,
    "turn_on_times": 1,
    "turn_on_ratio": 0.5
  },
  "5": {
    "validity_ratio": 0.5902777777777778,
    "below": -0.1359627570992794,
    "above": 2.5485465682142117,
    "turn_on_times": 0,
    "turn_on_ratio": 0.0
  },
  "6": {
    "validity_ratio": 0.5888888888888889,
    "below": -1.248451610851819,
    "above": 2.571391736615746,
    "turn_on_times": 0,
    "turn_on_ratio": 0.0
  },
  "7": {
    "validity_ratio": 0.5930555555555556,
    "below": -2.1247171527545885,
    "above": 2.804611794491288,
    "turn_on_times": 1,
    "turn_on_ratio": 0.5
  },
  "8": {
    "validity_ratio": 0.5888888888888889,
    "below": -13.599903304381536,
    "above": 0,
    "turn_on_times": 1,
    "turn_on_ratio": 1.0
  },
  "9": {
    "validity_ratio": 0.5909722222222222,
    "below": 0,
    "above": 24.786391370215284,
    "turn_on_times": 0,
    "turn_on_ratio": 0.0
  },
  "10": {
    "validity_ratio": 0.5888888888888889,
    "below": 0,
    "above": 0,
    "turn_on_times": 0,
    "turn_on_ratio": 0
  }
}