{
  "1": {
    "validity_ratio": 0.40625,
    "below": 0,
    "above": 10.202089155058772,
    "turn_on_times": 0,
    "turn_on_ratio": 0.0
  },
  "2": {
    "validity_ratio": 0.4083333333333333,
    "below": -4.386463838951438,
    "above": 0,
    "turn_on_times": 1,
    "turn_on_ratio": 1.0
  },
  "3": {
    "validity_ratio": 0.4027777777777778,
    "below": -2.0109883000000015,
    "above": 4.66659002503032,
    "turn_on_times": 0,
    "turn_on_ratio": 0.0
  },
  "4": {
    "validity_ratio": 0.4083333333333333,
    "below": -0.6374806239999985,
    "above": 1.3719010297151082,
    "turn_on_times": 1,
    "turn_on_ratio": 0.5
  },
  "5": {
    "validity_ratio": 0.40902777777777777,
    "below": -0.1359692521353303,
    "above": 1.7671902715760988,
    "turn_on_times": 0,
    "turn_on_ratio": 0.0
  },
  "6": {
    "validity_ratio": 0.4083333333333333,
    "below": 0,
    "above": 2.5717174682054376,
    "turn_on_times": 0,
    "turn_on_ratio": 0.0
  },
  "7": {
    "validity_ratio": 0.4048611111111111,
    "below": -2.1240553235622466,
    "above": 0,
    "turn_on_times": 1,
    "turn_on_ratio": 0.5
  },
  "8": {
    "validity_ratio": 0.4027777777777778,
    "below": -1.5862067542783393,
    "above": 0,
    "turn_on_times": 1,
    "turn_on_ratio": 1.0
  },
  "9": {
    "validity_ratio": 0.40347222222222223,
    "below": 0,
    "above": 6.343604837537481,
    "turn_on_times": 0,
    "turn_on_ratio": 0.0
  },
  "10": {
    "validity_ratio": 0.4083333333333333,
    "below": 0,
    "above": 0,
    "turn_on_times": 0,
    "turn_on_ratio": 0
  }
}