{
  "1": {
    "validity_ratio": 0.40625,
    "below": 0,
    "above": 10.202051776318928,
    "turn_on_times": 0,
    "turn_on_ratio": 0.0
  },
  "2": {
    "validity_ratio": 0.4083333333333333,
    "below": -4.386519842101445,
    "above": 0,
    "turn_on_times": 1,
    "turn_on_ratio": 1.0
  },
  "3": {
    "validity_ratio": 0.4097222222222222,
    "below": -2.211108415625002,
    "above": 4.666320485263503,
    "turn_on_times": 0,
    "turn_on_ratio": 0.0
  },
  "4": {
    "validity_ratio": 0.4083333333333333,
    "below": -0.637474217833332,
    "above": 1.3718389851352981,
    "turn_on_times": 1,
    "turn_on_ratio": 0.5
  },
  "5": {
    "validity_ratio": 0.40902777777777777,
    "below": -0.13596605438158657,
    "above": 1.7669567519434508,
    "turn_on_times": 0,
    "turn_on_ratio": 0.0
  },
  "6": {
    "validity_ratio": 0.4083333333333333,
    "below": 0,
    "above": 2.571557804249527,
    "turn_on_times": 0,
    "turn_on_ratio": 0.0
  },
  "7": {
    "validity_ratio": 0.41180555555555554,
    "below": -2.124379756749897,
    "above": 0,
    "turn_on_times": 1,
    "turn_on_ratio": 0.5
  },
  "8": {
    "validity_ratio": 0.4097222222222222,
    "below": -1.9288029246338259,
    "above": 0,
    "turn_on_times": 1,
    "turn_on_ratio": 1.0
  },
  "9": {
    "validity_ratio": 0.41041666666666665,
    "below": 0,
    "above": 7.008306698440482,
    "turn_on_times": 0,
    "turn_on_ratio": 0.0
  },
  "10": {
    "validity_ratio": 0.4083333333333333,
    "below": 0,
    "above": 0,
    "turn_on_times": 0,
    "turn_on_ratio": 0
  }
}