{
  "1": {
    "validity_ratio": 0.3506944444444444,
    "below": 0,
    "above": 10.20198500518599,
    "turn_on_times": 0,
    "turn_on_ratio": 0.0
  },
  "2": {
    "validity_ratio": 0.3527777777777778,
    "below": -3.29171723610315,
    "above": 0,
    "turn_on_times": 1,
    "turn_on_ratio": 1.0
  },
  "3": {
    "validity_ratio": 0.3472222222222222,
    "below": -0.4113104354166639,
    "above": 4.665867152339199,
    "turn_on_times": 0,
    "turn_on_ratio": 0.0
  },
  "4": {
    "validity_ratio": 0.3527777777777778,
    "below": 0,
    "above": 1.3717346337398229,
    "turn_on_times": 1,
    "turn_on_ratio": 0.5
  },
  "5": {
    "validity_ratio": 0.35347222222222224,
    "below": 0,
    "above": 1.7665578301468143,
    "turn_on_times": 0,
    "turn_on_ratio": 0.0
  },
  "6": {
    "validity_ratio": 0.3527777777777778,
    "below": 0,
    "above": 2.2075338518615197,
    "turn_on_times": 0,
    "turn_on_ratio": 0.0
  },
  "7": {
    "validity_ratio": 0.34930555555555554,
    "below": -1.5415603789336143,
    "above": 0,
    "turn_on_times": 1,
    "turn_on_ratio": 0.5
  },
  "8": {
    "validity_ratio": 0.3472222222222222,
    "below": -0.27815467656603776,
    "above": 0,
    "turn_on_times": 1,
    "turn_on_ratio": 1.0
  },
  "9": {
    "validity_ratio": 0.34791666666666665,
    "below": 0,
    "above": 1.2190638786822408,
    "turn_on_times": 0,
    "turn_on_ratio": 0.0
  },
  "10": {
    "validity_ratio": 0.3527777777777778,
    "below": 0,
    "above": 0,
    "turn_on_times": 0,
    "turn_on_ratio": 0
  }
}