{
  "1": {
    "validity_ratio": 0.3993055555555556,
    "below": 0,
    "above": 10.202056559544198,
    "turn_on_times": 0,
    "turn_on_ratio": 0.0
  },
  "2": {
    "validity_ratio": 0.4013888888888889,
    "below": -4.265394062515801,
    "above": 0,
    "turn_on_times": 1,
    "turn_on_ratio": 1.0
  },
  "3": {
    "validity_ratio": 0.3958333333333333,
    "below": -1.8110933500000033,
    "above": 4.666354292564172,
    "turn_on_times": 0,
    "turn_on_ratio": 0.0
  },
  "4": {
    "validity_ratio": 0.4013888888888889,
    "below": -0.520808354666666,
    "above": 1.3718467671401173,
    "turn_on_times": 1,
    "turn_on_ratio": 0.5
  },
  "5": {
    "validity_ratio": 0.40208333333333335,
    "below": -0.13596645546311747,
    "above": 1.7669861914400722,
    "turn_on_times": 0,
    "turn_on_ratio": 0.0
  },
  "6": {
    "validity_ratio": 0.4013888888888889,
    "below": 0,
    "above": 2.571577905383419,
    "turn_on_times": 0,
    "turn_on_ratio": 0.0
  },
  "7": {
    "validity_ratio": 0.39791666666666664,
    "below": -2.124338914327747,
    "above": 0,
    "turn_on_times": 1,
    "turn_on_ratio": 0.5
  },
  "8": {
    "validity_ratio": 0.3958333333333333,
    "below": -1.250723203176772,
    "above": 0,
    "turn_on_times": 1,
    "turn_on_ratio": 1.0
  },
  "9": {
    "validity_ratio": 0.39652777777777776,
    "below": 0,
    "above": 5.681494095403361,
    "turn_on_times": 0,
    "turn_on_ratio": 0.0
  },
  "10": {
    "validity_ratio": 0.4013888888888889,
    "below": 0,
    "above": 0,
    "turn_on_times": 0,
    "turn_on_ratio": 0
  }
}