{
  "1": {
    "validity_ratio": 0.4409722222222222,
    "below": 0,
    "above": 10.202105397334776,
    "turn_on_times": 0,
    "turn_on_ratio": 0.0
  },
  "2": {
    "validity_ratio": 0.44305555555555554,
    "below": -4.841353617231464,
    "above": 0,
    "turn_on_times": 1,
    "turn_on_ratio": 1.0
  },
  "3": {
    "validity_ratio": 0.4444444444444444,
    "below": -3.0605275524073297,
    "above": 4.666711217529647,
    "turn_on_times": 0,
    "turn_on_ratio": 0.0
  },
  "4": {
    "validity_ratio": 0.44305555555555554,
    "below": -0.9716336754444412,
    "above": 1.371928926666218,
    "turn_on_times": 1,
    "turn_on_ratio": 0.5
  },
  "5": {
    "validity_ratio": 0.44375,
    "below": -0.13597068993344444,
    "above": 1.7672943768017908,
    "turn_on_times": 0,
    "turn_on_ratio": 0.0
  },
  "6": {
    "validity_ratio": 0.44305555555555554,
    "below": -0.5255977514698799,
    "above": 2.571788811165576,
    "turn_on_times": 0,
    "turn_on_ratio": 0.0
  },
  "7": {
    "validity_ratio": 0.4465277777777778,
    "below": -2.1239103410994633,
    "above": 0,
    "turn_on_times": 1,
    "turn_on_ratio": 0.5
  },
  "8": {
    "validity_ratio": 0.4444444444444444,
    "below": -4.3929018839059815,
    "above": 0,
    "turn_on_times": 1,
    "turn_on_ratio": 1.0
  },
  "9": {
    "validity_ratio": 0.44513888888888886,
    "below": 0,
    "above": 10.33343750309306,
    "turn_on_times": 0,
    "turn_on_ratio": 0.0
  },
  "10": {
    "validity_ratio": 0.44305555555555554,
    "below": 0,
    "above": 0,
    "turn_on_times": 0,
    "turn_on_ratio": 0
  }
}