{
  "1": {
    "validity_ratio": 0.49583333333333335,
    "below": 0,
    "above": 10.202055844275353,
    "turn_on_times": 0,
    "turn_on_ratio": 0.0
  },
  "2": {
    "validity_ratio": 0.49166666666666664,
    "below": -4.841420229699563,
    "above": 0,
    "turn_on_times": 1,
    "turn_on_ratio": 1.0
  },
  "3": {
    "validity_ratio": 0.4930555555555556,
    "below": -4.2273469024247445,
    "above": 4.666349224858453,
    "turn_on_times": 0,
    "turn_on_ratio": 0.0
  },
  "4": {
    "validity_ratio": 0.49166666666666664,
    "below": -0.971616468444442,
    "above": 1.371845600619586,
    "turn_on_times": 1,
    "turn_on_ratio": 0.5
  },
  "5": {
    "validity_ratio": 0.49236111111111114,
    "below": -0.13596639534109864,
    "above": 1.7669817812094033,
    "turn_on_times": 0,
    "turn_on_ratio": 0.0
  },
  "6": {
    "validity_ratio": 0.49166666666666664,
    "below": -1.2483355059163268,
    "above": 2.5715748936014076,
    "turn_on_times": 0,
    "turn_on_ratio": 0.0
  },
  "7": {
    "validity_ratio": 0.49583333333333335,
    "below": -2.1243450338540364,
    "above": 0.10140929036544814,
    "turn_on_times": 1,
    "turn_on_ratio": 0.5
  },
  "8": {
    "validity_ratio": 0.4930555555555556,
    "below": -8.245194619105815,
    "above": 0,
    "turn_on_times": 1,
    "turn_on_ratio": 1.0
  },
  "9": {
    "validity_ratio": 0.49375,
    "below": 0,
    "above": 15.016159943691749,
    "turn_on_times": 0,
    "turn_on_ratio": 0.0
  },
  "10": {
    "validity_ratio": 0.49166666666666664,
    "below": 0,
    "above": 0,
    "turn_on_times": 0,
    "turn_on_ratio": 0
  }
}