{
  "1": {
    "validity_ratio": 0.9805555555555555,
    "below": 0,
    "above": 21.85637371918287,
    "turn_on_times": 0,
    "turn_on_ratio": 0.0
  },
  "2": {
    "validity_ratio": 0.9784722222222222,
    "below": -4.841434094769309,
    "above": 0.7345454274646482,
    "turn_on_times": 2,
    "turn_on_ratio": 1.0
  },
  "3": {
    "validity_ratio": 0.9770833333333333,
    "below": -5.9262694259289095,
    "above": 5.156727116455787,
    "turn_on_times": 0,
    "turn_on_ratio": 0.0
  },
  "4": {
    "validity_ratio": 0.9770833333333333,
    "below": -0.9716128868888861,
    "above": 3.5907029789989666,
    "turn_on_times": 2,
    "turn_on_ratio": 0.3333333333333333
  },
  "5": {
    "validity_ratio": 0.9798611111111111,
    "below": -0.13596550144204117,
    "above": 4.5828098437658324,
    "turn_on_times": 1,
    "turn_on_ratio": 0.16666666666666666
  },
  "6": {
    "validity_ratio": 0.9777777777777777,
    "below": -1.4333899684394804,
    "above": 3.801485489787924,
    "turn_on_times": 1,
    "turn_on_ratio": 0.16666666666666666
  },
  "7": {
    "validity_ratio": 0.9791666666666666,
    "below": -2.1244361335535276,
    "above": 4.291645936496641,
    "turn_on_times": 2,
    "turn_on_ratio": 0.3333333333333333
  },
  "8": {
    "validity_ratio": 0.9763888888888889,
    "below": -13.700846617436728,
    "above": 0.04537309444352769,
    "turn_on_times": 3,
    "turn_on_ratio": 1.0
  },
  "9": {
    "validity_ratio": 0.9777777777777777,
    "below": 0,
    "above": 31.94365253834624,
    "turn_on_times": 0,
    "turn_on_ratio": 0.0
  },
  "10": {
    "validity_ratio": 0.9777777777777777,
    "below": 0,
    "above": 0,
    "turn_on_times": 0,
    "turn_on_ratio": 0
  }
}