{
  "1": {
    "validity_ratio": 0.7451388888888889,
    "below": 0,
    "above": 20.123932908406786,
    "turn_on_times": 0,
    "turn_on_ratio": 0.0
  },
  "2": {
    "validity_ratio": 0.7416666666666667,
    "below": -4.841317884803763,
    "above": 0.698673858793162,
    "turn_on_times": 1,
    "turn_on_ratio": 1.0
  },
  "3": {
    "validity_ratio": 0.7416666666666667,
    "below": -5.9260391773435765,
    "above": 4.666905398548882,
    "turn_on_times": 0,
    "turn_on_ratio": 0.0
  },
  "4": {
    "validity_ratio": 0.7416666666666667,
    "below": -0.9716429056666641,
    "above": 3.4528981550226523,
    "turn_on_times": 2,
    "turn_on_ratio": 0.3333333333333333
  },
  "5": {
    "validity_ratio": 0.7430555555555556,
    "below": -0.1359729936494734,
    "above": 3.826585272455942,
    "turn_on_times": 1,
    "turn_on_ratio": 0.16666666666666666
  },
  "6": {
    "validity_ratio": 0.7416666666666667,
    "below": -1.433159654802503,
    "above": 2.656814842548451,
    "turn_on_times": 1,
    "turn_on_ratio": 0.16666666666666666
  },
  "7": {
    "validity_ratio": 0.7416666666666667,
    "below": -2.123679195630601,
    "above": 4.270687082077499,
    "turn_on_times": 2,
    "turn_on_ratio": 0.3333333333333333
  },
  "8": {
    "validity_ratio": 0.7451388888888889,
    "below": -13.700303778083256,
    "above": 0,
    "turn_on_times": 2,
    "turn_on_ratio": 1.0
  },
  "9": {
    "validity_ratio": 0.74375,
    "below": 0,
    "above": 30.85323166593582,
    "turn_on_times": 0,
    "turn_on_ratio": 0.0
  },
  "10": {
    "validity_ratio": 0.7416666666666667,
    "below": 0,
    "above": 0,
    "turn_on_times": 0,
    "turn_on_ratio": 0
  }
}