{
  "1": {
    "validity_ratio": 0.9847222222222223,
    "below": 0,
    "above": 40.64338734315937,
    "turn_on_times": 0,
    "turn_on_ratio": 0.0
  },
  "2": {
    "validity_ratio": 0.9840277777777777,
    "below": -2.8862668472172124,
    "above": 4.923292836458263,
    "turn_on_times": 2,
    "turn_on_ratio": 1.0
  },
  "3": {
    "validity_ratio": 0.9861111111111112,
    "below": -2.6107871937012437,
    "above": 7.093307823693437,
    "turn_on_times": 0,
    "turn_on_ratio": 0.0
  },
  "4": {
    "validity_ratio": 0.9888888888888889,
    "below": -0.433333333333333,
    "above": 6.391102595504216,
    "turn_on_times": 0,
    "turn_on_ratio": 0.0
  },
  "5": {
    "validity_ratio": 0.9854166666666667,
    "below": 0,
    "above": 13.75070521892219,
    "turn_on_times": 0,
    "turn_on_ratio": 0.0
  },
  "6": {
    "validity_ratio": 0.9833333333333333,
    "below": 0,
    "above": 12.66212292206178,
    "turn_on_times": 0,
    "turn_on_ratio": 0.0
  },
  "7": {
    "validity_ratio": 0.9840277777777777,
    "below": -1.7494477136747228,
    "above": 0.1006861073089699,
    "turn_on_times": 1,
    "turn_on_ratio": 1.0
  },
  "8": {
    "validity_ratio": 0.9847222222222223,
    "below": -1.7571000947308204,
    "above": 0.1046962710458193,
    "turn_on_times": 4,
    "turn_on_ratio": 0.8
  },
  "9": {
    "validity_ratio": 0.9854166666666667,
    "below": 0,
    "above": 27.014166242308093,
    "turn_on_times": 1,
    "turn_on_ratio": 0.2
  },
  "10": {
    "validity_ratio": 0.9826388888888888,
    "below": 0,
    "above": 0,
    "turn_on_times": 0,
    "turn_on_ratio": 0
  }
}