{
  "1": {
    "validity_ratio": 0.8270833333333333,
    "below": 0,
    "above": 39.50033311061238,
    "turn_on_times": 0,
    "turn_on_ratio": 0.0
  },
  "2": {
    "validity_ratio": 0.8243055555555555,
    "below": -2.492293511055443,
    "above": 4.9232136806754045,
    "turn_on_times": 1,
    "turn_on_ratio": 1.0
  },
  "3": {
    "validity_ratio": 0.8291666666666667,
    "below": -2.610748354097008,
    "above": 5.238376556510043,
    "turn_on_times": 0,
    "turn_on_ratio": 0.0
  },
  "4": {
    "validity_ratio": 0.8291666666666667,
    "below": -0.43333333333333307,
    "above": 6.390964253714103,
    "turn_on_times": 0,
    "turn_on_ratio": 0.0
  },
  "5": {
    "validity_ratio": 0.8256944444444444,
    "below": 0,
    "above": 13.750721351956168,
    "turn_on_times": 0,
    "turn_on_ratio": 0.0
  },
  "6": {
    "validity_ratio": 0.8236111111111111,
    "below": 0,
    "above": 12.66216843056089,
    "turn_on_times": 0,
    "turn_on_ratio": 0.0
  },
  "7": {
    "validity_ratio": 0.8236111111111111,
    "below": -1.7492848945178905,
    "above": 0.10070153992248035,
    "turn_on_times": 1,
    "turn_on_ratio": 1.0
  },
  "8": {
    "validity_ratio": 0.8236111111111111,
    "below": -1.7492854160094284,
    "above": 0.06662693097963039,
    "turn_on_times": 3,
    "turn_on_ratio": 0.75
  },
  "9": {
    "validity_ratio": 0.8263888888888888,
    "below": 0,
    "above": 26.395766759779523,
    "turn_on_times": 1,
    "turn_on_ratio": 0.25
  },
  "10": {
    "validity_ratio": 0.8256944444444444,
    "below": 0,
    "above": 0,
    "turn_on_times": 0,
    "turn_on_ratio": 0
  }
}