{
  "1": {
    "validity_ratio": 0.5569444444444445,
    "below": 0,
    "above": 25.933333400991565,
    "turn_on_times": 0,
    "turn_on_ratio": 0.0
  },
  "2": {
    "validity_ratio": 0.5534722222222223,
    "below": -2.4923006546690467,
    "above": 0.23874818007777796,
    "turn_on_times": 1,
    "turn_on_ratio": 1.0
  },
  "3": {
    "validity_ratio": 0.5520833333333334,
    "below": -2.6107517196209753,
    "above": 4.7553408408754745,
    "turn_on_times": 0,
    "turn_on_ratio": 0.0
  },
  "4": {
    "validity_ratio": 0.5583333333333333,
    "below": -0.433333333333333,
    "above": 1.8527412468731645,
    "turn_on_times": 0,
    "turn_on_ratio": 0.0
  },
  "5": {
    "validity_ratio": 0.5541666666666667,
    "below": 0,
    "above": 5.347236545821489,
    "turn_on_times": 0,
    "turn_on_ratio": 0.0
  },
  "6": {
    "validity_ratio": 0.5527777777777778,
    "below": 0,
    "above": 5.964766537066381,
    "turn_on_times": 0,
    "turn_on_ratio": 0.0
  },
  "7": {
    "validity_ratio": 0.5520833333333334,
    "below": -1.749299003100759,
    "above": 0,
    "turn_on_times": 1,
    "turn_on_ratio": 1.0
  },
  "8": {
    "validity_ratio": 0.5548611111111111,
    "below": -1.7406059229287434,
    "above": 0.02855461250957845,
    "turn_on_times": 2,
    "turn_on_ratio": 1.0
  },
  "9": {
    "validity_ratio": 0.5534722222222223,
    "below": 0,
    "above": 17.18604379232731,
    "turn_on_times": 0,
    "turn_on_ratio": 0.0
  },
  "10": {
    "validity_ratio": 0.5548611111111111,
    "below": 0,
    "above": 0,
    "turn_on_times": 0,
    "turn_on_ratio": 0
  }
}