{
  "1": {
    "validity_ratio": 0.9569444444444445,
    "below": 0,
    "above": 40.64307556820325,
    "turn_on_times": 0,
    "turn_on_ratio": 0.0
  },
  "2": {
    "validity_ratio": 0.95625,
    "below": -2.8859744124355338,
    "above": 4.923274202868412,
    "turn_on_times": 2,
    "turn_on_ratio": 1.0
  },
  "3": {
    "validity_ratio": 0.9583333333333334,
    "below": -2.6107780497491806,
    "above": 7.09295037434861,
    "turn_on_times": 0,
    "turn_on_ratio": 0.0
  },
  "4": {
    "validity_ratio": 0.9611111111111111,
    "below": -0.43333333333333296,
    "above": 6.391071638666401,
    "turn_on_times": 0,
    "turn_on_ratio": 0.0
  },
  "5": {
    "validity_ratio": 0.9576388888888889,
    "below": 0,
    "above": 13.750710629869632,
    "turn_on_times": 0,
    "turn_on_ratio": 0.0
  },
  "6": {
    "validity_ratio": 0.9555555555555556,
    "below": 0,
    "above": 12.662134443359784,
    "turn_on_times": 0,
    "turn_on_ratio": 0.0
  },
  "7": {
    "validity_ratio": 0.95625,
    "below": -1.7494093813952318,
    "above": 0.10068974058693207,
    "turn_on_times": 1,
    "turn_on_ratio": 1.0
  },
  "8": {
    "validity_ratio": 0.9569444444444445,
    "below": -1.7572703484419072,
    "above": 0.10470277750495126,
    "turn_on_times": 4,
    "turn_on_ratio": 0.8
  },
  "9": {
    "validity_ratio": 0.9576388888888889,
    "below": 0,
    "above": 27.014153284223294,
    "turn_on_times": 1,
    "turn_on_ratio": 0.2
  },
  "10": {
    "validity_ratio": 0.9548611111111112,
    "below": 0,
    "above": 0,
    "turn_on_times": 0,
    "turn_on_ratio": 0
  }
}