{
  "1": {
    "validity_ratio": 0.3701388888888889,
    "below": 0,
    "above": 13.779745508112951,
    "turn_on_times": 0,
    "turn_on_ratio": 0.0
  },
  "2": {
    "validity_ratio": 0.3729166666666667,
    "below": -2.4922645461588098,
    "above": 0,
    "turn_on_times": 1,
    "turn_on_ratio": 1.0
  },
  "3": {
    "validity_ratio": 0.37222222222222223,
    "below": -0.9333333333333346,
    "above": 4.755085503930941,
    "turn_on_times": 0,
    "turn_on_ratio": 0.0
  },
  "4": {
    "validity_ratio": 0.37083333333333335,
    "below": 0,
    "above": 1.7519528307829624,
    "turn_on_times": 0,
    "turn_on_ratio": 0.0
  },
  "5": {
    "validity_ratio": 0.3729166666666667,
    "below": 0,
    "above": 3.0659872620610833,
    "turn_on_times": 0,
    "turn_on_ratio": 0.0
  },
  "6": {
    "validity_ratio": 0.37222222222222223,
    "below": 0,
    "above": 4.186404091456296,
    "turn_on_times": 0,
    "turn_on_ratio": 0.0
  },
  "7": {
    "validity_ratio": 0.37430555555555556,
    "below": -1.7492276890659961,
    "above": 0,
    "turn_on_times": 1,
    "turn_on_ratio": 1.0
  },
  "8": {
    "validity_ratio": 0.37222222222222223,
    "below": -0.09027886577009786,
    "above": 0.02855823734195404,
    "turn_on_times": 1,
    "turn_on_ratio": 1.0
  },
  "9": {
    "validity_ratio": 0.3729166666666667,
    "below": 0,
    "above": 1.3000604332284735,
    "turn_on_times": 0,
    "turn_on_ratio": 0.0
  },
  "10": {
    "validity_ratio": 0.37430555555555556,
    "below": 0,
    "above": 0,
    "turn_on_times": 0,
    "turn_on_ratio": 0
  }
}