{
  "1": {
    "validity_ratio": 0.4951388888888889,
    "below": 0,
    "above": 21.87952268450574,
    "turn_on_times": 0,
    "turn_on_ratio": 0.0
  },
  "2": {
    "validity_ratio": 0.4909722222222222,
    "below": -2.4924067378191204,
    "above": 0,
    "turn_on_times": 1,
    "turn_on_ratio": 1.0
  },
  "3": {
    "validity_ratio": 0.4895833333333333,
    "below": -2.610801697881845,
    "above": 4.756090994986715,
    "turn_on_times": 0,
    "turn_on_ratio": 0.0
  },
  "4": {
    "validity_ratio": 0.49583333333333335,
    "below": -0.433333333333333,
    "above": 1.7522711297992435,
    "turn_on_times": 0,
    "turn_on_ratio": 0.0
  },
  "5": {
    "validity_ratio": 0.49166666666666664,
    "below": 0,
    "above": 3.930248941039265,
    "turn_on_times": 0,
    "turn_on_ratio": 0.0
  },
  "6": {
    "validity_ratio": 0.49027777777777776,
    "below": 0,
    "above": 4.893341757111681,
    "turn_on_times": 0,
    "turn_on_ratio": 0.0
  },
  "7": {
    "validity_ratio": 0.4888888888888889,
    "below": -1.7495085165202369,
    "above": 0,
    "turn_on_times": 1,
    "turn_on_ratio": 1.0
  },
  "8": {
    "validity_ratio": 0.49236111111111114,
    "below": -1.7145012000923103,
    "above": 0.02854396311877387,
    "turn_on_times": 2,
    "turn_on_ratio": 1.0
  },
  "9": {
    "validity_ratio": 0.4909722222222222,
    "below": 0,
    "above": 11.48587949289079,
    "turn_on_times": 0,
    "turn_on_ratio": 0.0
  },
  "10": {
    "validity_ratio": 0.49236111111111114,
    "below": 0,
    "above": 0,
    "turn_on_times": 0,
    "turn_on_ratio": 0
  }
}