{
  "1": {
    "validity_ratio": 0.48819444444444443,
    "below": 0,
    "above": 21.429793003497835,
    "turn_on_times": 0,
    "turn_on_ratio": 0.0
  },
  "2": {
    "validity_ratio": 0.4840277777777778,
    "below": -2.492232346803368,
    "above": 0,
    "turn_on_times": 1,
    "turn_on_ratio": 1.0
  },
  "3": {
    "validity_ratio": 0.4826388888888889,
    "below": -2.6107195381828485,
    "above": 4.754857810099748,
    "turn_on_times": 0,
    "turn_on_ratio": 0.0
  },
  "4": {
    "validity_ratio": 0.4888888888888889,
    "below": -0.43333333333333307,
    "above": 1.7518733492119136,
    "turn_on_times": 0,
    "turn_on_ratio": 0.0
  },
  "5": {
    "validity_ratio": 0.4847222222222222,
    "below": 0,
    "above": 3.7967759818288656,
    "turn_on_times": 0,
    "turn_on_ratio": 0.0
  },
  "6": {
    "validity_ratio": 0.48333333333333334,
    "below": 0,
    "above": 4.892791861444058,
    "turn_on_times": 0,
    "turn_on_ratio": 0.0
  },
  "7": {
    "validity_ratio": 0.4888888888888889,
    "below": -1.7491640955823995,
    "above": 0,
    "turn_on_times": 1,
    "turn_on_ratio": 1.0
  },
  "8": {
    "validity_ratio": 0.48541666666666666,
    "below": -1.7160584783318864,
    "above": 0.02856146974521086,
    "turn_on_times": 2,
    "turn_on_ratio": 1.0
  },
  "9": {
    "validity_ratio": 0.4840277777777778,
    "below": 0,
    "above": 10.83689751924215,
    "turn_on_times": 0,
    "turn_on_ratio": 0.0
  },
  "10": {
    "validity_ratio": 0.48541666666666666,
    "below": 0,
    "above": 0,
    "turn_on_times": 0,
    "turn_on_ratio": 0
  }
}