{
  "1": {
    "validity_ratio": 0.33611111111111114,
    "below": 0,
    "above": 11.722685892539033,
    "turn_on_times": 0,
    "turn_on_ratio": 0.0
  },
  "2": {
    "validity_ratio": 0.33819444444444446,
    "below": -2.0913696088903806,
    "above": 0,
    "turn_on_times": 1,
    "turn_on_ratio": 1.0
  },
  "3": {
    "validity_ratio": 0.3375,
    "below": -0.09999999999999999,
    "above": 4.756584224598723,
    "turn_on_times": 0,
    "turn_on_ratio": 0.0
  },
  "4": {
    "validity_ratio": 0.33611111111111114,
    "below": 0,
    "above": 1.7524077785100154,
    "turn_on_times": 0,
    "turn_on_ratio": 0.0
  },
  "5": {
    "validity_ratio": 0.33819444444444446,
    "below": 0,
    "above": 2.335489200313462,
    "turn_on_times": 0,
    "turn_on_ratio": 0.0
  },
  "6": {
    "validity_ratio": 0.3375,
    "below": 0,
    "above": 3.144388295744347,
    "turn_on_times": 0,
    "turn_on_ratio": 0.0
  },
  "7": {
    "validity_ratio": 0.3388888888888889,
    "below": -1.238015592453478,
    "above": 0,
    "turn_on_times": 1,
    "turn_on_ratio": 1.0
  },
  "8": {
    "validity_ratio": 0.33819444444444446,
    "below": -0.08117487445666675,
    "above": 0,
    "turn_on_times": 1,
    "turn_on_ratio": 1.0
  },
  "9": {
    "validity_ratio": 0.33958333333333335,
    "below": 0,
    "above": 0.41559153618,
    "turn_on_times": 0,
    "turn_on_ratio": 0.0
  },
  "10": {
    "validity_ratio": 0.33958333333333335,
    "below": 0,
    "above": 0,
    "turn_on_times": 0,
    "turn_on_ratio": 0
  }
}