{
  "1": {
    "validity_ratio": 0.9277777777777778,
    "below": 0,
    "above": 28.852186070539553,
    "turn_on_times": 0,
    "turn_on_ratio": 0.0
  },
  "2": {
    "validity_ratio": 0.9319444444444445,
    "below": -18.186057376953414,
    "above": 0.01488474111808673,
    "turn_on_times": 1,
    "turn_on_ratio": 1.0
  },
  "3": {
    "validity_ratio": 0.9298611111111111,
    "below": -5.523843881882495,
    "above": 4.071813671097533,
    "turn_on_times": 0,
    "turn_on_ratio": 0.0
  },
  "4": {
    "validity_ratio": 0.9277777777777778,
    "below": -0.437359361944444,
    "above": 6.4155905824327375,
    "turn_on_times": 0,
    "turn_on_ratio": 0.0
  },
  "5": {
    "validity_ratio": 0.9326388888888889,
    "below": 0,
    "above": 22.46259874322681,
    "turn_on_times": 0,
    "turn_on_ratio": 0.0
  },
  "6": {
    "validity_ratio": 0.9298611111111111,
    "below": 0,
    "above": 11.380340499188032,
    "turn_on_times": 0,
    "turn_on_ratio": 0.0
  },
  "7": {
    "validity_ratio": 0.9305555555555556,
    "below": -3.9732212362820927,
    "above": 0.10151939762693149,
    "turn_on_times": 1,
    "turn_on_ratio": 1.0
  },
  "8": {
    "validity_ratio": 0.9319444444444445,
    "below": -0.7923519723458905,
    "above": 4.436823809407234,
    "turn_on_times": 4,
    "turn_on_ratio": 0.6666666666666666
  },
  "9": {
    "validity_ratio": 0.9291666666666667,
    "below": -5.133965543324675,
    "above": 9.871714479101168,
    "turn_on_times": 2,
    "turn_on_ratio": 0.3333333333333333
  },
  "10": {
    "validity_ratio": 0.9291666666666667,
    "below": 0,
    "above": 0,
    "turn_on_times": 0,
    "turn_on_ratio": 0
  }
}