{
  "1": {
    "validity_ratio": 0.375,
    "below": 0,
    "above": 9.521160758604045,
    "turn_on_times": 0,
    "turn_on_ratio": 0.0
  },
  "2": {
    "validity_ratio": 0.3763888888888889,
    "below": -8.59615268651683,
    "above": 0,
    "turn_on_times": 1,
    "turn_on_ratio": 1.0
  },
  "3": {
    "validity_ratio": 0.3763888888888889,
    "below": -2.161942522017838,
    "above": 3.0523027697242773,
    "turn_on_times": 0,
    "turn_on_ratio": 0.0
  },
  "4": {
    "validity_ratio": 0.38125,
    "below": -0.10499999999999991,
    "above": 1.9611341454574935,
    "turn_on_times": 0,
    "turn_on_ratio": 0.0
  },
  "5": {
    "validity_ratio": 0.3770833333333333,
    "below": 0,
    "above": 5.696058445805322,
    "turn_on_times": 0,
    "turn_on_ratio": 0.0
  },
  "6": {
    "validity_ratio": 0.37569444444444444,
    "below": 0,
    "above": 5.800759203080437,
    "turn_on_times": 0,
    "turn_on_ratio": 0.0
  },
  "7": {
    "validity_ratio": 0.375,
    "below": -2.3059898693130907,
    "above": 0,
    "turn_on_times": 1,
    "turn_on_ratio": 1.0
  },
  "8": {
    "validity_ratio": 0.3798611111111111,
    "below": -0.19794794227232076,
    "above": 0.009029988182572642,
    "turn_on_times": 2,
    "turn_on_ratio": 1.0
  },
  "9": {
    "validity_ratio": 0.3784722222222222,
    "below": 0,
    "above": 0.9849743448360034,
    "turn_on_times": 0,
    "turn_on_ratio": 0.0
  },
  "10": {
    "validity_ratio": 0.38055555555555554,
    "below": 0,
    "above": 0,
    "turn_on_times": 0,
    "turn_on_ratio": 0
  }
}