{
  "1": {
    "validity_ratio": 0.9486111111111111,
    "below": 0,
    "above": 28.852559148482186,
    "turn_on_times": 0,
    "turn_on_ratio": 0.0
  },
  "2": {
    "validity_ratio": 0.9527777777777777,
    "below": -18.177489545806512,
    "above": 0.014987823988912127,
    "turn_on_times": 1,
    "turn_on_ratio": 1.0
  },
  "3": {
    "validity_ratio": 0.9506944444444444,
    "below": -5.5237241045279095,
    "above": 4.0723843939745885,
    "turn_on_times": 0,
    "turn_on_ratio": 0.0
  },
  "4": {
    "validity_ratio": 0.9486111111111111,
    "below": -0.4373692347777774,
    "above": 6.4159936890882125,
    "turn_on_times": 0,
    "turn_on_ratio": 0.0
  },
  "5": {
    "validity_ratio": 0.9534722222222223,
    "below": 0,
    "above": 22.462949872057347,
    "turn_on_times": 0,
    "turn_on_ratio": 0.0
  },
  "6": {
    "validity_ratio": 0.9506944444444444,
    "below": 0,
    "above": 11.380576063473312,
    "turn_on_times": 0,
    "turn_on_ratio": 0.0
  },
  "7": {
    "validity_ratio": 0.9513888888888888,
    "below": -3.972460781468749,
    "above": 0.10150959017660027,
    "turn_on_times": 1,
    "turn_on_ratio": 1.0
  },
  "8": {
    "validity_ratio": 0.9527777777777777,
    "below": -0.7924209709709668,
    "above": 4.436894978007857,
    "turn_on_times": 4,
    "turn_on_ratio": 0.6666666666666666
  },
  "9": {
    "validity_ratio": 0.95,
    "below": -5.134018036894767,
    "above": 9.870806031046742,
    "turn_on_times": 2,
    "turn_on_ratio": 0.3333333333333333
  },
  "10": {
    "validity_ratio": 0.95,
    "below": 0,
    "above": 0,
    "turn_on_times": 0,
    "turn_on_ratio": 0
  }
}