{
  "1": {
    "validity_ratio": 0.7416666666666667,
    "below": 0,
    "above": 25.8787146601775,
    "turn_on_times": 0,
    "turn_on_ratio": 0.0
  },
  "2": {
    "validity_ratio": 0.74375,
    "below": -18.035135119962405,
    "above": 0,
    "turn_on_times": 1,
    "turn_on_ratio": 1.0
  },
  "3": {
    "validity_ratio": 0.74375,
    "below": -5.5238197149101325,
    "above": 3.0526605660208213,
    "turn_on_times": 0,
    "turn_on_ratio": 0.0
  },
  "4": {
    "validity_ratio": 0.7402777777777778,
    "below": -0.43736135394444436,
    "above": 5.995672502226064,
    "turn_on_times": 0,
    "turn_on_ratio": 0.0
  },
  "5": {
    "validity_ratio": 0.7444444444444445,
    "below": 0,
    "above": 21.162670175673323,
    "turn_on_times": 0,
    "turn_on_ratio": 0.0
  },
  "6": {
    "validity_ratio": 0.74375,
    "below": 0,
    "above": 10.45492233643496,
    "turn_on_times": 0,
    "turn_on_ratio": 0.0
  },
  "7": {
    "validity_ratio": 0.74375,
    "below": -3.973067215856004,
    "above": 0,
    "turn_on_times": 1,
    "turn_on_ratio": 1.0
  },
  "8": {
    "validity_ratio": 0.74375,
    "below": -0.757013697657037,
    "above": 4.390421184230238,
    "turn_on_times": 2,
    "turn_on_ratio": 1.0
  },
  "9": {
    "validity_ratio": 0.7395833333333334,
    "below": -5.133976134731226,
    "above": 9.25733980954288,
    "turn_on_times": 0,
    "turn_on_ratio": 0.0
  },
  "10": {
    "validity_ratio": 0.7416666666666667,
    "below": 0,
    "above": 0,
    "turn_on_times": 0,
    "turn_on_ratio": 0
  }
}