{
  "1": {
    "validity_ratio": 0.9902777777777778,
    "below": 0,
    "above": 28.852953452558314,
    "turn_on_times": 0,
    "turn_on_ratio": 0.0
  },
  "2": {
    "validity_ratio": 0.9944444444444445,
    "below": -18.177260231405146,
    "above": 0.01508499942968894,
    "turn_on_times": 1,
    "turn_on_ratio": 1.0
  },
  "3": {
    "validity_ratio": 0.9923611111111111,
    "below": -5.5235962216398065,
    "above": 4.072980863555605,
    "turn_on_times": 0,
    "turn_on_ratio": 0.0
  },
  "4": {
    "validity_ratio": 0.9902777777777778,
    "below": -0.43737977572222164,
    "above": 6.416416033296602,
    "turn_on_times": 0,
    "turn_on_ratio": 0.0
  },
  "5": {
    "validity_ratio": 0.9951388888888889,
    "below": 0,
    "above": 22.46331672101462,
    "turn_on_times": 0,
    "turn_on_ratio": 0.0
  },
  "6": {
    "validity_ratio": 0.9923611111111111,
    "below": 0,
    "above": 11.380823545834927,
    "turn_on_times": 0,
    "turn_on_ratio": 0.0
  },
  "7": {
    "validity_ratio": 0.9930555555555556,
    "below": -3.97165690675617,
    "above": 0.10149911903973483,
    "turn_on_times": 1,
    "turn_on_ratio": 1.0
  },
  "8": {
    "validity_ratio": 0.9944444444444445,
    "below": -0.792494638848173,
    "above": 4.436970947951253,
    "turn_on_times": 4,
    "turn_on_ratio": 0.6666666666666666
  },
  "9": {
    "validity_ratio": 0.9916666666666667,
    "below": -5.1340740827923765,
    "above": 9.869836100671066,
    "turn_on_times": 2,
    "turn_on_ratio": 0.3333333333333333
  },
  "10": {
    "validity_ratio": 0.9916666666666667,
    "below": 0,
    "above": 0,
    "turn_on_times": 0,
    "turn_on_ratio": 0
  }
}