{
  "1": {
    "validity_ratio": 0.7965277777777777,
    "below": 0,
    "above": 28.851556539488815,
    "turn_on_times": 0,
    "turn_on_ratio": 0.0
  },
  "2": {
    "validity_ratio": 0.7993055555555556,
    "below": -18.187010737901616,
    "above": 0.014687120513732558,
    "turn_on_times": 1,
    "turn_on_ratio": 1.0
  },
  "3": {
    "validity_ratio": 0.7986111111111112,
    "below": -5.524043397574673,
    "above": 4.070837108970013,
    "turn_on_times": 0,
    "turn_on_ratio": 0.0
  },
  "4": {
    "validity_ratio": 0.7958333333333333,
    "below": -0.4373429165555551,
    "above": 6.414902944744322,
    "turn_on_times": 0,
    "turn_on_ratio": 0.0
  },
  "5": {
    "validity_ratio": 0.8,
    "below": 0,
    "above": 22.461997686109118,
    "turn_on_times": 0,
    "turn_on_ratio": 0.0
  },
  "6": {
    "validity_ratio": 0.7993055555555556,
    "below": 0,
    "above": 11.37994002298429,
    "turn_on_times": 0,
    "turn_on_ratio": 0.0
  },
  "7": {
    "validity_ratio": 0.8,
    "below": -3.974504116412725,
    "above": 0.10153573410596023,
    "turn_on_times": 1,
    "turn_on_ratio": 1.0
  },
  "8": {
    "validity_ratio": 0.7993055555555556,
    "below": -0.7568934170006315,
    "above": 4.3902734686292675,
    "turn_on_times": 2,
    "turn_on_ratio": 1.0
  },
  "9": {
    "validity_ratio": 0.7951388888888888,
    "below": -5.13387810366624,
    "above": 9.2589335161168,
    "turn_on_times": 0,
    "turn_on_ratio": 0.0
  },
  "10": {
    "validity_ratio": 0.7972222222222223,
    "below": 0,
    "above": 0,
    "turn_on_times": 0,
    "turn_on_ratio": 0
  }
}