{
  "1": {
    "validity_ratio": 0.4027777777777778,
    "below": 0,
    "above": 10.787819237897027,
    "turn_on_times": 0,
    "turn_on_ratio": 0.0
  },
  "2": {
    "validity_ratio": 0.4041666666666667,
    "below": -9.56450952930855,
    "above": 0,
    "turn_on_times": 1,
    "turn_on_ratio": 1.0
  },
  "3": {
    "validity_ratio": 0.4041666666666667,
    "below": -2.9618939326021363,
    "above": 3.052444960645472,
    "turn_on_times": 0,
    "turn_on_ratio": 0.0
  },
  "4": {
    "validity_ratio": 0.40902777777777777,
    "below": -0.4373566432777777,
    "above": 1.961266831856135,
    "turn_on_times": 0,
    "turn_on_ratio": 0.0
  },
  "5": {
    "validity_ratio": 0.4048611111111111,
    "below": 0,
    "above": 6.3628621241928665,
    "turn_on_times": 0,
    "turn_on_ratio": 0.0
  },
  "6": {
    "validity_ratio": 0.40347222222222223,
    "below": 0,
    "above": 6.481481181936825,
    "turn_on_times": 0,
    "turn_on_ratio": 0.0
  },
  "7": {
    "validity_ratio": 0.4027777777777778,
    "below": -2.7724120105520402,
    "above": 0,
    "turn_on_times": 1,
    "turn_on_ratio": 1.0
  },
  "8": {
    "validity_ratio": 0.40347222222222223,
    "below": -0.5306513242764207,
    "above": 0.009028750672199179,
    "turn_on_times": 2,
    "turn_on_ratio": 1.0
  },
  "9": {
    "validity_ratio": 0.40625,
    "below": 0,
    "above": 2.7084292006653823,
    "turn_on_times": 0,
    "turn_on_ratio": 0.0
  },
  "10": {
    "validity_ratio": 0.4083333333333333,
    "below": 0,
    "above": 0,
    "turn_on_times": 0,
    "turn_on_ratio": 0
  }
}