{
  "1": {
    "validity_ratio": 0.7,
    "below": 0,
    "above": 23.66100835435463,
    "turn_on_times": 0,
    "turn_on_ratio": 0.0
  },
  "2": {
    "validity_ratio": 0.7020833333333333,
    "below": -17.074629676710497,
    "above": 0,
    "turn_on_times": 1,
    "turn_on_ratio": 1.0
  },
  "3": {
    "validity_ratio": 0.7020833333333333,
    "below": -5.523494080863921,
    "above": 3.0538890630326256,
    "turn_on_times": 0,
    "turn_on_ratio": 0.0
  },
  "4": {
    "validity_ratio": 0.6986111111111111,
    "below": -0.4373881948333331,
    "above": 5.780580035956176,
    "turn_on_times": 0,
    "turn_on_ratio": 0.0
  },
  "5": {
    "validity_ratio": 0.7027777777777777,
    "below": 0,
    "above": 18.747545482455177,
    "turn_on_times": 0,
    "turn_on_ratio": 0.0
  },
  "6": {
    "validity_ratio": 0.7020833333333333,
    "below": 0,
    "above": 9.516316509259696,
    "turn_on_times": 0,
    "turn_on_ratio": 0.0
  },
  "7": {
    "validity_ratio": 0.7020833333333333,
    "below": -3.9710208128330082,
    "above": 0,
    "turn_on_times": 1,
    "turn_on_ratio": 1.0
  },
  "8": {
    "validity_ratio": 0.7027777777777777,
    "below": -0.7571888005283524,
    "above": 4.15243490085436,
    "turn_on_times": 2,
    "turn_on_ratio": 1.0
  },
  "9": {
    "validity_ratio": 0.6986111111111111,
    "below": -5.047707874663342,
    "above": 9.255019679553646,
    "turn_on_times": 0,
    "turn_on_ratio": 0.0
  },
  "10": {
    "validity_ratio": 0.7,
    "below": 0,
    "above": 0,
    "turn_on_times": 0,
    "turn_on_ratio": 0
  }
}