{
  "1": {
    "validity_ratio": 0.9152777777777777,
    "below": -1.7771970542330553,
    "above": 35.94037895000035,
    "turn_on_times": 0,
    "turn_on_ratio": 0.0
  },
  "2": {
    "validity_ratio": 0.9145833333333333,
    "below": -1.1263469965798039,
    "above": 20.697623775618805,
    "turn_on_times": 1,
    "turn_on_ratio": 0.25
  },
  "3": {
    "validity_ratio": 0.9152777777777777,
    "below": -4.357953132013873,
    "above": 36.50803510633803,
    "turn_on_times": 0,
    "turn_on_ratio": 0.0
  },
  "4": {
    "validity_ratio": 0.9125,
    "below": -1.2647183252067544,
    "above": 13.454440479034483,
    "turn_on_times": 2,
    "turn_on_ratio": 0.2857142857142857
  },
  "5": {
    "validity_ratio": 0.9152777777777777,
    "below": -2.32910239796835,
    "above": 10.415357282194806,
    "turn_on_times": 1,
    "turn_on_ratio": 0.14285714285714285
  },
  "6": {
    "validity_ratio": 0.9118055555555555,
    "below": -1.6645858761759125,
    "above": 20.641182613041114,
    "turn_on_times": 1,
    "turn_on_ratio": 0.25
  },
  "7": {
    "validity_ratio": 0.9138888888888889,
    "below": -2.85616233709919,
    "above": 11.576984125005886,
    "turn_on_times": 2,
    "turn_on_ratio": 0.5
  },
  "8": {
    "validity_ratio": 0.9104166666666667,
    "below": -0.2428946047238522,
    "above": 0,
    "turn_on_times": 5,
    "turn_on_ratio": 0.8333333333333334
  },
  "9": {
    "validity_ratio": 0.9118055555555555,
    "below": 0,
    "above": 14.009664032744142,
    "turn_on_times": 1,
    "turn_on_ratio": 0.16666666666666666
  },
  "10": {
    "validity_ratio": 0.9118055555555555,
    "below": -9.827092215914508,
    "above": 0,
    "turn_on_times": 1,
    "turn_on_ratio": 1.0
  },
  "12": {
    "validity_ratio": 0.9145833333333333,
    "below": 0,
    "above": 66.28251918114663,
    "turn_on_times": 4,
    "turn_on_ratio": 0.5714285714285714
  },
  "13": {
    "validity_ratio": 0.0,
    "below": 0,
    "above": 0,
    "turn_on_times": 0,
    "turn_on_ratio": 0.0
  }
}