{
  "1": {
    "validity_ratio": 0.22430555555555556,
    "below": 0,
    "above": 3.0818317239999975,
    "turn_on_times": 0,
    "turn_on_ratio": 0.0
  },
  "2": {
    "validity_ratio": 0.22708333333333333,
    "below": 0,
    "above": 2.2054005710218227,
    "turn_on_times": 0,
    "turn_on_ratio": 0.0
  },
  "3": {
    "validity_ratio": 0.22777777777777777,
    "below": 0,
    "above": 11.149573872339106,
    "turn_on_times": 0,
    "turn_on_ratio": 0.0
  },
  "4": {
    "validity_ratio": 0.225,
    "below": 0,
    "above": 13.454441857019358,
    "turn_on_times": 0,
    "turn_on_ratio": 0.0
  },
  "5": {
    "validity_ratio": 0.22777777777777777,
    "below": -0.7779980593560247,
    "above": 9.201461152439027,
    "turn_on_times": 1,
    "turn_on_ratio": 0.2
  },
  "6": {
    "validity_ratio": 0.22430555555555556,
    "below": -0.02505319310333333,
    "above": 1.328641167852817,
    "turn_on_times": 1,
    "turn_on_ratio": 0.5
  },
  "7": {
    "validity_ratio": 0.22361111111111112,
    "below": -0.9073846259579177,
    "above": 0.57973452857685,
    "turn_on_times": 1,
    "turn_on_ratio": 0.5
  },
  "8": {
    "validity_ratio": 0.22361111111111112,
    "below": 0,
    "above": 0,
    "turn_on_times": 0,
    "turn_on_ratio": 0
  },
  "9": {
    "validity_ratio": 0.22430555555555556,
    "below": 0,
    "above": 0,
    "turn_on_times": 0,
    "turn_on_ratio": 0
  },
  "10": {
    "validity_ratio": 0.225,
    "below": 0,
    "above": 0,
    "turn_on_times": 0,
    "turn_on_ratio": 0
  },
  "12": {
    "validity_ratio": 0.22708333333333333,
    "below": 0,
    "above": 0.7763162661694988,
    "turn_on_times": 4,
    "turn_on_ratio": 0.8
  },
  "13": {
    "validity_ratio": 0.0,
    "below": 0,
    "above": 0,
    "turn_on_times": 0,
    "turn_on_ratio": 0.0
  }
}