{
  "1": {
    "validity_ratio": 0.21736111111111112,
    "below": 0,
    "above": 2.5816679919999994,
    "turn_on_times": 0,
    "turn_on_ratio": 0.0
  },
  "2": {
    "validity_ratio": 0.22013888888888888,
    "below": 0,
    "above": 2.2052098872887274,
    "turn_on_times": 0,
    "turn_on_ratio": 0.0
  },
  "3": {
    "validity_ratio": 0.22083333333333333,
    "below": 0,
    "above": 11.14977919331393,
    "turn_on_times": 0,
    "turn_on_ratio": 0.0
  },
  "4": {
    "validity_ratio": 0.21805555555555556,
    "below": 0,
    "above": 13.454510687249611,
    "turn_on_times": 0,
    "turn_on_ratio": 0.0
  },
  "5": {
    "validity_ratio": 0.22083333333333333,
    "below": -0.7780335663813545,
    "above": 9.200556703109418,
    "turn_on_times": 1,
    "turn_on_ratio": 0.2
  },
  "6": {
    "validity_ratio": 0.21736111111111112,
    "below": -0.025053056660000017,
    "above": 0.9228702524691328,
    "turn_on_times": 1,
    "turn_on_ratio": 0.5
  },
  "7": {
    "validity_ratio": 0.21736111111111112,
    "below": -0.9073828127574747,
    "above": 0.325,
    "turn_on_times": 1,
    "turn_on_ratio": 0.5
  },
  "8": {
    "validity_ratio": 0.21666666666666667,
    "below": 0,
    "above": 0,
    "turn_on_times": 0,
    "turn_on_ratio": 0
  },
  "9": {
    "validity_ratio": 0.21736111111111112,
    "below": 0,
    "above": 0,
    "turn_on_times": 0,
    "turn_on_ratio": 0
  },
  "10": {
    "validity_ratio": 0.21805555555555556,
    "below": 0,
    "above": 0,
    "turn_on_times": 0,
    "turn_on_ratio": 0
  },
  "12": {
    "validity_ratio": 0.22013888888888888,
    "below": 0,
    "above": 0.7752338427968528,
    "turn_on_times": 4,
    "turn_on_ratio": 0.8
  },
  "13": {
    "validity_ratio": 0.0,
    "below": 0,
    "above": 0,
    "turn_on_times": 0,
    "turn_on_ratio": 0.0
  }
}