{
  "1": {
    "validity_ratio": 0.5493055555555556,
    "below": 0,
    "above": 25.58462030949445,
    "turn_on_times": 0,
    "turn_on_ratio": 0.0
  },
  "2": {
    "validity_ratio": 0.5534722222222223,
    "below": -1.126295872735727,
    "above": 2.3003527057331232,
    "turn_on_times": 1,
    "turn_on_ratio": 0.3333333333333333
  },
  "3": {
    "validity_ratio": 0.5493055555555556,
    "below": -4.36568599105634,
    "above": 18.23415226622001,
    "turn_on_times": 0,
    "turn_on_ratio": 0.0
  },
  "4": {
    "validity_ratio": 0.5513888888888889,
    "below": -1.2647577265625423,
    "above": 13.454570289023039,
    "turn_on_times": 2,
    "turn_on_ratio": 0.2857142857142857
  },
  "5": {
    "validity_ratio": 0.5541666666666667,
    "below": -2.3292679835461096,
    "above": 10.363791202128635,
    "turn_on_times": 1,
    "turn_on_ratio": 0.14285714285714285
  },
  "6": {
    "validity_ratio": 0.5506944444444445,
    "below": -0.025052938908333346,
    "above": 15.18243405580028,
    "turn_on_times": 1,
    "turn_on_ratio": 0.3333333333333333
  },
  "7": {
    "validity_ratio": 0.5513888888888889,
    "below": -1.9300126993816655,
    "above": 11.484155836868513,
    "turn_on_times": 1,
    "turn_on_ratio": 0.3333333333333333
  },
  "8": {
    "validity_ratio": 0.5506944444444445,
    "below": -0.24300778893854083,
    "above": 0,
    "turn_on_times": 4,
    "turn_on_ratio": 1.0
  },
  "9": {
    "validity_ratio": 0.5506944444444445,
    "below": 0,
    "above": 14.009114139382705,
    "turn_on_times": 0,
    "turn_on_ratio": 0.0
  },
  "10": {
    "validity_ratio": 0.5506944444444445,
    "below": 0,
    "above": 0,
    "turn_on_times": 0,
    "turn_on_ratio": 0
  },
  "12": {
    "validity_ratio": 0.5534722222222223,
    "below": 0,
    "above": 22.277877954097345,
    "turn_on_times": 4,
    "turn_on_ratio": 0.5714285714285714
  },
  "13": {
    "validity_ratio": 0.0,
    "below": 0,
    "above": 0,
    "turn_on_times": 0,
    "turn_on_ratio": 0.0
  }
}