{
  "1": {
    "validity_ratio": 0.8881944444444444,
    "below": -1.7772096597874747,
    "above": 34.027800091782474,
    "turn_on_times": 0,
    "turn_on_ratio": 0.0
  },
  "2": {
    "validity_ratio": 0.8868055555555555,
    "below": -1.1263152333310689,
    "above": 18.627613669162912,
    "turn_on_times": 1,
    "turn_on_ratio": 0.3333333333333333
  },
  "3": {
    "validity_ratio": 0.8881944444444444,
    "below": -4.35755106822875,
    "above": 32.817009204251555,
    "turn_on_times": 0,
    "turn_on_ratio": 0.0
  },
  "4": {
    "validity_ratio": 0.8847222222222222,
    "below": -1.2647428052725052,
    "above": 13.454521025821627,
    "turn_on_times": 2,
    "turn_on_ratio": 0.2857142857142857
  },
  "5": {
    "validity_ratio": 0.8881944444444444,
    "below": -2.329205276302099,
    "above": 10.413755953151858,
    "turn_on_times": 1,
    "turn_on_ratio": 0.14285714285714285
  },
  "6": {
    "validity_ratio": 0.8840277777777777,
    "below": -1.6646427697695736,
    "above": 19.241436148086265,
    "turn_on_times": 1,
    "turn_on_ratio": 0.3333333333333333
  },
  "7": {
    "validity_ratio": 0.8861111111111111,
    "below": -2.8560968925883117,
    "above": 11.56133358841095,
    "turn_on_times": 1,
    "turn_on_ratio": 0.3333333333333333
  },
  "8": {
    "validity_ratio": 0.8826388888888889,
    "below": -0.24296481889349505,
    "above": 0,
    "turn_on_times": 5,
    "turn_on_ratio": 0.8333333333333334
  },
  "9": {
    "validity_ratio": 0.8770833333333333,
    "below": 0,
    "above": 14.009322389365403,
    "turn_on_times": 1,
    "turn_on_ratio": 0.16666666666666666
  },
  "10": {
    "validity_ratio": 0.8770833333333333,
    "below": -8.203256147114763,
    "above": 0,
    "turn_on_times": 1,
    "turn_on_ratio": 1.0
  },
  "12": {
    "validity_ratio": 0.8868055555555555,
    "below": 0,
    "above": 61.347524395075276,
    "turn_on_times": 4,
    "turn_on_ratio": 0.5714285714285714
  },
  "13": {
    "validity_ratio": 0.0,
    "below": 0,
    "above": 0,
    "turn_on_times": 0,
    "turn_on_ratio": 0.0
  }
}