{
  "1": {
    "validity_ratio": 0.9430555555555555,
    "below": -1.7772459129797848,
    "above": 38.360769854518686,
    "turn_on_times": 0,
    "turn_on_ratio": 0.0
  },
  "2": {
    "validity_ratio": 0.9423611111111111,
    "below": -1.126223883190761,
    "above": 23.302541905279746,
    "turn_on_times": 1,
    "turn_on_ratio": 0.25
  },
  "3": {
    "validity_ratio": 0.9430555555555555,
    "below": -4.365371151453613,
    "above": 40.22909192563209,
    "turn_on_times": 0,
    "turn_on_ratio": 0.0
  },
  "4": {
    "validity_ratio": 0.9402777777777778,
    "below": -1.2648132091993733,
    "above": 13.446821592738488,
    "turn_on_times": 2,
    "turn_on_ratio": 0.2857142857142857
  },
  "5": {
    "validity_ratio": 0.9430555555555555,
    "below": -2.3295011512707102,
    "above": 13.022193491356628,
    "turn_on_times": 1,
    "turn_on_ratio": 0.14285714285714285
  },
  "6": {
    "validity_ratio": 0.9395833333333333,
    "below": -1.6648063940199371,
    "above": 22.320121238473746,
    "turn_on_times": 1,
    "turn_on_ratio": 0.25
  },
  "7": {
    "validity_ratio": 0.9416666666666667,
    "below": -2.855908676159284,
    "above": 11.57703642570466,
    "turn_on_times": 2,
    "turn_on_ratio": 0.5
  },
  "8": {
    "validity_ratio": 0.9381944444444444,
    "below": -0.24316871307783042,
    "above": 0,
    "turn_on_times": 5,
    "turn_on_ratio": 0.8333333333333334
  },
  "9": {
    "validity_ratio": 0.9395833333333333,
    "below": 0,
    "above": 14.017480771881939,
    "turn_on_times": 1,
    "turn_on_ratio": 0.16666666666666666
  },
  "10": {
    "validity_ratio": 0.9395833333333333,
    "below": -10.961765767244513,
    "above": 0,
    "turn_on_times": 1,
    "turn_on_ratio": 1.0
  },
  "12": {
    "validity_ratio": 0.9423611111111111,
    "below": 0,
    "above": 71.18755412344733,
    "turn_on_times": 4,
    "turn_on_ratio": 0.5714285714285714
  },
  "13": {
    "validity_ratio": 0.0,
    "below": 0,
    "above": 0,
    "turn_on_times": 0,
    "turn_on_ratio": 0.0
  }
}