{
  "1": {
    "validity_ratio": 0.3902777777777778,
    "below": 0,
    "above": 13.870762396956348,
    "turn_on_times": 0,
    "turn_on_ratio": 0.0
  },
  "2": {
    "validity_ratio": 0.39375,
    "below": -0.9679527971922621,
    "above": 2.299971799967817,
    "turn_on_times": 1,
    "turn_on_ratio": 0.3333333333333333
  },
  "3": {
    "validity_ratio": 0.3902777777777778,
    "below": -2.2427128080007406,
    "above": 15.288060921787494,
    "turn_on_times": 0,
    "turn_on_ratio": 0.0
  },
  "4": {
    "validity_ratio": 0.39166666666666666,
    "below": -1.2195721855454011,
    "above": 13.446641297940184,
    "turn_on_times": 2,
    "turn_on_ratio": 0.2857142857142857
  },
  "5": {
    "validity_ratio": 0.3951388888888889,
    "below": -1.879961099967802,
    "above": 10.370067120932008,
    "turn_on_times": 1,
    "turn_on_ratio": 0.14285714285714285
  },
  "6": {
    "validity_ratio": 0.3909722222222222,
    "below": -0.025052664055000014,
    "above": 8.962893364668858,
    "turn_on_times": 1,
    "turn_on_ratio": 0.3333333333333333
  },
  "7": {
    "validity_ratio": 0.3909722222222222,
    "below": -0.9073775954152821,
    "above": 10.689579958073926,
    "turn_on_times": 1,
    "turn_on_ratio": 0.3333333333333333
  },
  "8": {
    "validity_ratio": 0.3951388888888889,
    "below": -0.24312987677261438,
    "above": 0,
    "turn_on_times": 2,
    "turn_on_ratio": 1.0
  },
  "9": {
    "validity_ratio": 0.3909722222222222,
    "below": 0,
    "above": 9.941138831667422,
    "turn_on_times": 0,
    "turn_on_ratio": 0.0
  },
  "10": {
    "validity_ratio": 0.39166666666666666,
    "below": 0,
    "above": 0,
    "turn_on_times": 0,
    "turn_on_ratio": 0
  },
  "12": {
    "validity_ratio": 0.39375,
    "below": 0,
    "above": 14.694446615127525,
    "turn_on_times": 4,
    "turn_on_ratio": 0.5714285714285714
  },
  "13": {
    "validity_ratio": 0.0,
    "below": 0,
    "above": 0,
    "turn_on_times": 0,
    "turn_on_ratio": 0.0
  }
}