{
  "1": {
    "validity_ratio": 0.2590277777777778,
    "below": 0,
    "above": 4.421092381183054,
    "turn_on_times": 0,
    "turn_on_ratio": 0.0
  },
  "2": {
    "validity_ratio": 0.26180555555555557,
    "below": 0,
    "above": 2.2050403336791176,
    "turn_on_times": 1,
    "turn_on_ratio": 0.3333333333333333
  },
  "3": {
    "validity_ratio": 0.2625,
    "below": 0,
    "above": 11.149961746108724,
    "turn_on_times": 0,
    "turn_on_ratio": 0.0
  },
  "4": {
    "validity_ratio": 0.25972222222222224,
    "below": 0,
    "above": 13.454572100204437,
    "turn_on_times": 0,
    "turn_on_ratio": 0.0
  },
  "5": {
    "validity_ratio": 0.2625,
    "below": -0.7780651389042013,
    "above": 9.19973259081321,
    "turn_on_times": 1,
    "turn_on_ratio": 0.2
  },
  "6": {
    "validity_ratio": 0.2590277777777778,
    "below": -0.02505293533583336,
    "above": 2.3819711595055892,
    "turn_on_times": 1,
    "turn_on_ratio": 0.3333333333333333
  },
  "7": {
    "validity_ratio": 0.25833333333333336,
    "below": -0.9073812004761901,
    "above": 1.5875629436104006,
    "turn_on_times": 1,
    "turn_on_ratio": 0.3333333333333333
  },
  "8": {
    "validity_ratio": 0.25833333333333336,
    "below": 0,
    "above": 0,
    "turn_on_times": 0,
    "turn_on_ratio": 0
  },
  "9": {
    "validity_ratio": 0.2590277777777778,
    "below": 0,
    "above": 0,
    "turn_on_times": 0,
    "turn_on_ratio": 0
  },
  "10": {
    "validity_ratio": 0.25972222222222224,
    "below": 0,
    "above": 0,
    "turn_on_times": 0,
    "turn_on_ratio": 0
  },
  "12": {
    "validity_ratio": 0.26180555555555557,
    "below": 0,
    "above": 0.7742640655588241,
    "turn_on_times": 4,
    "turn_on_ratio": 0.8
  },
  "13": {
    "validity_ratio": 0.0,
    "below": 0,
    "above": 0,
    "turn_on_times": 0,
    "turn_on_ratio": 0.0
  }
}