{
  "1": {
    "validity_ratio": 0.7777777777777778,
    "below": -1.0945455113091958,
    "above": 32.7250189611556,
    "turn_on_times": 0,
    "turn_on_ratio": 0.0
  },
  "2": {
    "validity_ratio": 0.7826388888888889,
    "below": -1.1263419528097707,
    "above": 7.7592060808075605,
    "turn_on_times": 1,
    "turn_on_ratio": 0.3333333333333333
  },
  "3": {
    "validity_ratio": 0.7777777777777778,
    "below": -4.357889287245102,
    "above": 18.3384054805688,
    "turn_on_times": 0,
    "turn_on_ratio": 0.0
  },
  "4": {
    "validity_ratio": 0.7805555555555556,
    "below": -1.2647222124609534,
    "above": 13.454453246442487,
    "turn_on_times": 2,
    "turn_on_ratio": 0.2857142857142857
  },
  "5": {
    "validity_ratio": 0.7833333333333333,
    "below": -2.329118734290277,
    "above": 10.365482568369067,
    "turn_on_times": 1,
    "turn_on_ratio": 0.14285714285714285
  },
  "6": {
    "validity_ratio": 0.7798611111111111,
    "below": -1.3139808747596937,
    "above": 15.538063212647874,
    "turn_on_times": 1,
    "turn_on_ratio": 0.3333333333333333
  },
  "7": {
    "validity_ratio": 0.78125,
    "below": -2.8561519449927157,
    "above": 11.484237357348785,
    "turn_on_times": 1,
    "turn_on_ratio": 0.3333333333333333
  },
  "8": {
    "validity_ratio": 0.7784722222222222,
    "below": -0.24290573072583718,
    "above": 0,
    "turn_on_times": 5,
    "turn_on_ratio": 0.8333333333333334
  },
  "9": {
    "validity_ratio": 0.7798611111111111,
    "below": 0,
    "above": 14.009609783477567,
    "turn_on_times": 1,
    "turn_on_ratio": 0.16666666666666666
  },
  "10": {
    "validity_ratio": 0.7798611111111111,
    "below": -2.117342812763173,
    "above": 0,
    "turn_on_times": 1,
    "turn_on_ratio": 1.0
  },
  "12": {
    "validity_ratio": 0.7826388888888889,
    "below": 0,
    "above": 42.92602788884239,
    "turn_on_times": 4,
    "turn_on_ratio": 0.5714285714285714
  },
  "13": {
    "validity_ratio": 0.0,
    "below": 0,
    "above": 0,
    "turn_on_times": 0,
    "turn_on_ratio": 0.0
  }
}