{
  "1": {
    "validity_ratio": 0.5631944444444444,
    "below": 0,
    "above": 26.766594448752922,
    "turn_on_times": 0,
    "turn_on_ratio": 0.0
  },
  "2": {
    "validity_ratio": 0.5673611111111111,
    "below": -1.1262209858998873,
    "above": 2.299831132236411,
    "turn_on_times": 1,
    "turn_on_ratio": 0.3333333333333333
  },
  "3": {
    "validity_ratio": 0.5631944444444444,
    "below": -4.365358480420505,
    "above": 18.23431475247925,
    "turn_on_times": 0,
    "turn_on_ratio": 0.0
  },
  "4": {
    "validity_ratio": 0.5652777777777778,
    "below": -1.2648154421533,
    "above": 13.446851797808666,
    "turn_on_times": 2,
    "turn_on_ratio": 0.2857142857142857
  },
  "5": {
    "validity_ratio": 0.5680555555555555,
    "below": -2.3295105353378096,
    "above": 10.369299089313717,
    "turn_on_times": 1,
    "turn_on_ratio": 0.14285714285714285
  },
  "6": {
    "validity_ratio": 0.5645833333333333,
    "below": -0.025052562551666685,
    "above": 15.26326834528197,
    "turn_on_times": 1,
    "turn_on_ratio": 0.3333333333333333
  },
  "7": {
    "validity_ratio": 0.5652777777777778,
    "below": -1.9298584453019731,
    "above": 11.484023323801997,
    "turn_on_times": 1,
    "turn_on_ratio": 0.3333333333333333
  },
  "8": {
    "validity_ratio": 0.5645833333333333,
    "below": -0.24317522744974757,
    "above": 0,
    "turn_on_times": 4,
    "turn_on_ratio": 1.0
  },
  "9": {
    "validity_ratio": 0.5645833333333333,
    "below": 0,
    "above": 14.017482150278877,
    "turn_on_times": 0,
    "turn_on_ratio": 0.0
  },
  "10": {
    "validity_ratio": 0.5645833333333333,
    "below": 0,
    "above": 0,
    "turn_on_times": 0,
    "turn_on_ratio": 0
  },
  "12": {
    "validity_ratio": 0.5673611111111111,
    "below": 0,
    "above": 23.234446832907363,
    "turn_on_times": 4,
    "turn_on_ratio": 0.5714285714285714
  },
  "13": {
    "validity_ratio": 0.0,
    "below": 0,
    "above": 0,
    "turn_on_times": 0,
    "turn_on_ratio": 0.0
  }
}