{
  "1": {
    "validity_ratio": 0.6118055555555556,
    "below": 0,
    "above": 30.73441127132578,
    "turn_on_times": 0,
    "turn_on_ratio": 0.0
  },
  "2": {
    "validity_ratio": 0.6159722222222223,
    "below": -1.1263122660661347,
    "above": 2.833741246052252,
    "turn_on_times": 1,
    "turn_on_ratio": 0.3333333333333333
  },
  "3": {
    "validity_ratio": 0.6118055555555556,
    "below": -4.357513508161107,
    "above": 18.234116676438358,
    "turn_on_times": 0,
    "turn_on_ratio": 0.0
  },
  "4": {
    "validity_ratio": 0.6138888888888889,
    "below": -1.264745092155729,
    "above": 13.454528567812872,
    "turn_on_times": 2,
    "turn_on_ratio": 0.2857142857142857
  },
  "5": {
    "validity_ratio": 0.6166666666666667,
    "below": -2.3292148870089466,
    "above": 10.364400894710323,
    "turn_on_times": 1,
    "turn_on_ratio": 0.14285714285714285
  },
  "6": {
    "validity_ratio": 0.6131944444444445,
    "below": -0.02505302129583331,
    "above": 15.537972794879687,
    "turn_on_times": 1,
    "turn_on_ratio": 0.3333333333333333
  },
  "7": {
    "validity_ratio": 0.6138888888888889,
    "below": -2.028572183617222,
    "above": 11.484184840021529,
    "turn_on_times": 1,
    "turn_on_ratio": 0.3333333333333333
  },
  "8": {
    "validity_ratio": 0.6131944444444445,
    "below": -0.24297139613695973,
    "above": 0,
    "turn_on_times": 4,
    "turn_on_ratio": 1.0
  },
  "9": {
    "validity_ratio": 0.6131944444444445,
    "below": 0,
    "above": 14.009290472754925,
    "turn_on_times": 0,
    "turn_on_ratio": 0.0
  },
  "10": {
    "validity_ratio": 0.6131944444444445,
    "below": 0,
    "above": 0,
    "turn_on_times": 0,
    "turn_on_ratio": 0
  },
  "12": {
    "validity_ratio": 0.6159722222222223,
    "below": 0,
    "above": 26.27246016133923,
    "turn_on_times": 4,
    "turn_on_ratio": 0.5714285714285714
  },
  "13": {
    "validity_ratio": 0.0,
    "below": 0,
    "above": 0,
    "turn_on_times": 0,
    "turn_on_ratio": 0.0
  }
}