{
  "1": {
    "validity_ratio": 0.8402777777777778,
    "below": -1.7772266760158955,
    "above": 32.72436028324483,
    "turn_on_times": 0,
    "turn_on_ratio": 0.0
  },
  "2": {
    "validity_ratio": 0.8451388888888889,
    "below": -1.126272356145511,
    "above": 14.45278982364218,
    "turn_on_times": 1,
    "turn_on_ratio": 0.3333333333333333
  },
  "3": {
    "validity_ratio": 0.8402777777777778,
    "below": -4.3655831434286005,
    "above": 26.03224537401434,
    "turn_on_times": 0,
    "turn_on_ratio": 0.0
  },
  "4": {
    "validity_ratio": 0.8430555555555556,
    "below": -1.264775850894832,
    "above": 13.446316670389544,
    "turn_on_times": 2,
    "turn_on_ratio": 0.2857142857142857
  },
  "5": {
    "validity_ratio": 0.8458333333333333,
    "below": -2.32934415168738,
    "above": 10.411533215138848,
    "turn_on_times": 1,
    "turn_on_ratio": 0.14285714285714285
  },
  "6": {
    "validity_ratio": 0.8423611111111111,
    "below": -1.664719570388824,
    "above": 16.234336193285387,
    "turn_on_times": 1,
    "turn_on_ratio": 0.3333333333333333
  },
  "7": {
    "validity_ratio": 0.8444444444444444,
    "below": -2.8560085490923384,
    "above": 11.56120962724394,
    "turn_on_times": 1,
    "turn_on_ratio": 0.3333333333333333
  },
  "8": {
    "validity_ratio": 0.8409722222222222,
    "below": -0.24306015880416243,
    "above": 0,
    "turn_on_times": 5,
    "turn_on_ratio": 0.8333333333333334
  },
  "9": {
    "validity_ratio": 0.8423611111111111,
    "below": 0,
    "above": 14.017457689189014,
    "turn_on_times": 1,
    "turn_on_ratio": 0.16666666666666666
  },
  "10": {
    "validity_ratio": 0.8423611111111111,
    "below": -6.192569954057921,
    "above": 0,
    "turn_on_times": 1,
    "turn_on_ratio": 1.0
  },
  "12": {
    "validity_ratio": 0.8451388888888889,
    "below": 0,
    "above": 53.9330577432865,
    "turn_on_times": 4,
    "turn_on_ratio": 0.5714285714285714
  },
  "13": {
    "validity_ratio": 0.0,
    "below": 0,
    "above": 0,
    "turn_on_times": 0,
    "turn_on_ratio": 0.0
  }
}