{
  "1": {
    "validity_ratio": 0.8534722222222222,
    "below": -1.0740576280419531,
    "above": 44.23488967238283,
    "turn_on_times": 2,
    "turn_on_ratio": 0.6666666666666666
  },
  "2": {
    "validity_ratio": 0.8555555555555555,
    "below": 0,
    "above": 56.78241667866072,
    "turn_on_times": 0,
    "turn_on_ratio": 0.0
  },
  "3": {
    "validity_ratio": 0.8590277777777777,
    "below": -0.4589711346127794,
    "above": 12.225322194511133,
    "turn_on_times": 2,
    "turn_on_ratio": 0.4
  },
  "4": {
    "validity_ratio": 0.8569444444444444,
    "below": 0,
    "above": 12.413362923674281,
    "turn_on_times": 2,
    "turn_on_ratio": 0.4
  },
  "5": {
    "validity_ratio": 0.8513888888888889,
    "below": -0.28546715418746516,
    "above": 13.545422914465593,
    "turn_on_times": 1,
    "turn_on_ratio": 0.2
  },
  "6": {
    "validity_ratio": 0.8284722222222223,
    "below": -3.5913585698988744,
    "above": 28.82894996654474,
    "turn_on_times": 0,
    "turn_on_ratio": 0.0
  },
  "7": {
    "validity_ratio": 0.8527777777777777,
    "below": -3.175094672575651,
    "above": 18.40600911863631,
    "turn_on_times": 1,
    "turn_on_ratio": 0.3333333333333333
  },
  "8": {
    "validity_ratio": 0.6840277777777778,
    "below": 0,
    "above": 0,
    "turn_on_times": 3,
    "turn_on_ratio": 1.0
  },
  "9": {
    "validity_ratio": 0.8576388888888888,
    "below": 0,
    "above": 19.439693521687047,
    "turn_on_times": 0,
    "turn_on_ratio": 0.0
  },
  "10": {
    "validity_ratio": 0.2361111111111111,
    "below": 0,
    "above": 0,
    "turn_on_times": 0,
    "turn_on_ratio": 0
  },
  "12": {
    "validity_ratio": 0.8548611111111111,
    "below": 0,
    "above": 28.747295893161077,
    "turn_on_times": 0,
    "turn_on_ratio": 0.0
  },
  "13": {
    "validity_ratio": 0.84375,
    "below": -1.4578610097758338,
    "above": 48.43161340088433,
    "turn_on_times": 0,
    "turn_on_ratio": 0.0
  }
}