{
  "1": {
    "validity_ratio": 0.5048611111111111,
    "below": 0,
    "above": 25.99965949137839,
    "turn_on_times": 1,
    "turn_on_ratio": 0.5
  },
  "2": {
    "validity_ratio": 0.5048611111111111,
    "below": 0,
    "above": 26.517748476823016,
    "turn_on_times": 0,
    "turn_on_ratio": 0.0
  },
  "3": {
    "validity_ratio": 0.5027777777777778,
    "below": -0.45895869493841474,
    "above": 12.027634193971059,
    "turn_on_times": 1,
    "turn_on_ratio": 0.3333333333333333
  },
  "4": {
    "validity_ratio": 0.50625,
    "below": 0,
    "above": 12.375973599362375,
    "turn_on_times": 1,
    "turn_on_ratio": 0.3333333333333333
  },
  "5": {
    "validity_ratio": 0.5,
    "below": 0,
    "above": 5.6090307510281425,
    "turn_on_times": 1,
    "turn_on_ratio": 0.3333333333333333
  },
  "6": {
    "validity_ratio": 0.5055555555555555,
    "below": -0.6362022271801175,
    "above": 19.093722948308308,
    "turn_on_times": 0,
    "turn_on_ratio": 0.0
  },
  "7": {
    "validity_ratio": 0.5006944444444444,
    "below": -0.5011035344213942,
    "above": 10.667179262405345,
    "turn_on_times": 1,
    "turn_on_ratio": 0.5
  },
  "8": {
    "validity_ratio": 0.5034722222222222,
    "below": 0,
    "above": 0,
    "turn_on_times": 3,
    "turn_on_ratio": 1.0
  },
  "9": {
    "validity_ratio": 0.5,
    "below": 0,
    "above": 18.01619025659561,
    "turn_on_times": 0,
    "turn_on_ratio": 0.0
  },
  "10": {
    "validity_ratio": 0.0,
    "below": 0,
    "above": 0,
    "turn_on_times": 0,
    "turn_on_ratio": 0
  },
  "12": {
    "validity_ratio": 0.5034722222222222,
    "below": 0,
    "above": 17.334241691104932,
    "turn_on_times": 0,
    "turn_on_ratio": 0.0
  },
  "13": {
    "validity_ratio": 0.5,
    "below": -1.3970253121194285,
    "above": 21.398560409049445,
    "turn_on_times": 0,
    "turn_on_ratio": 0.0
  }
}