{
  "1": {
    "validity_ratio": 0.7847222222222222,
    "below": -0.6318969517045276,
    "above": 40.051353792857704,
    "turn_on_times": 2,
    "turn_on_ratio": 0.6666666666666666
  },
  "2": {
    "validity_ratio": 0.8,
    "below": 0,
    "above": 51.59955819675239,
    "turn_on_times": 0,
    "turn_on_ratio": 0.0
  },
  "3": {
    "validity_ratio": 0.8104166666666667,
    "below": -0.45894834017440994,
    "above": 12.202761897973247,
    "turn_on_times": 1,
    "turn_on_ratio": 0.3333333333333333
  },
  "4": {
    "validity_ratio": 0.7944444444444444,
    "below": 0,
    "above": 12.388123487239817,
    "turn_on_times": 1,
    "turn_on_ratio": 0.3333333333333333
  },
  "5": {
    "validity_ratio": 0.8027777777777778,
    "below": -0.28542179262340517,
    "above": 7.247388849565609,
    "turn_on_times": 1,
    "turn_on_ratio": 0.3333333333333333
  },
  "6": {
    "validity_ratio": 0.79375,
    "below": -3.6806831058770584,
    "above": 25.890392168470186,
    "turn_on_times": 0,
    "turn_on_ratio": 0.0
  },
  "7": {
    "validity_ratio": 0.8041666666666667,
    "below": -2.090772895675489,
    "above": 18.403111528345043,
    "turn_on_times": 1,
    "turn_on_ratio": 0.3333333333333333
  },
  "8": {
    "validity_ratio": 0.7916666666666666,
    "below": 0,
    "above": 0,
    "turn_on_times": 4,
    "turn_on_ratio": 1.0
  },
  "9": {
    "validity_ratio": 0.8090277777777778,
    "below": 0,
    "above": 19.433035392890876,
    "turn_on_times": 0,
    "turn_on_ratio": 0.0
  },
  "10": {
    "validity_ratio": 0.1875,
    "below": 0,
    "above": 0,
    "turn_on_times": 0,
    "turn_on_ratio": 0
  },
  "12": {
    "validity_ratio": 0.7986111111111112,
    "below": 0,
    "above": 22.78873798777148,
    "turn_on_times": 0,
    "turn_on_ratio": 0.0
  },
  "13": {
    "validity_ratio": 0.7770833333333333,
    "below": -1.4496792528294498,
    "above": 41.18063508838358,
    "turn_on_times": 0,
    "turn_on_ratio": 0.0
  }
}