{
  "1": {
    "validity_ratio": 0.5736111111111111,
    "below": 0,
    "above": 34.017358260065706,
    "turn_on_times": 1,
    "turn_on_ratio": 0.5
  },
  "2": {
    "validity_ratio": 0.5743055555555555,
    "below": 0,
    "above": 31.794394174190924,
    "turn_on_times": 0,
    "turn_on_ratio": 0.0
  },
  "3": {
    "validity_ratio": 0.5791666666666667,
    "below": -0.4589657899100804,
    "above": 12.028030213803834,
    "turn_on_times": 1,
    "turn_on_ratio": 0.3333333333333333
  },
  "4": {
    "validity_ratio": 0.5756944444444444,
    "below": 0,
    "above": 12.376383787982496,
    "turn_on_times": 1,
    "turn_on_ratio": 0.3333333333333333
  },
  "5": {
    "validity_ratio": 0.5763888888888888,
    "below": -0.28545651808097594,
    "above": 6.215949253251484,
    "turn_on_times": 1,
    "turn_on_ratio": 0.3333333333333333
  },
  "6": {
    "validity_ratio": 0.575,
    "below": -2.5248804466346395,
    "above": 19.093878681451507,
    "turn_on_times": 0,
    "turn_on_ratio": 0.0
  },
  "7": {
    "validity_ratio": 0.5770833333333333,
    "below": -0.501163540949761,
    "above": 10.94669475634708,
    "turn_on_times": 1,
    "turn_on_ratio": 0.5
  },
  "8": {
    "validity_ratio": 0.5729166666666666,
    "below": 0,
    "above": 0,
    "turn_on_times": 3,
    "turn_on_ratio": 1.0
  },
  "9": {
    "validity_ratio": 0.5763888888888888,
    "below": 0,
    "above": 18.837045989983764,
    "turn_on_times": 0,
    "turn_on_ratio": 0.0
  },
  "10": {
    "validity_ratio": 0.0,
    "below": 0,
    "above": 0,
    "turn_on_times": 0,
    "turn_on_ratio": 0
  },
  "12": {
    "validity_ratio": 0.5729166666666666,
    "below": 0,
    "above": 20.56642964873833,
    "turn_on_times": 0,
    "turn_on_ratio": 0.0
  },
  "13": {
    "validity_ratio": 0.5763888888888888,
    "below": -1.4494895950227324,
    "above": 21.822887080492414,
    "turn_on_times": 0,
    "turn_on_ratio": 0.0
  }
}