{
  "1": {
    "validity_ratio": 0.7986111111111112,
    "below": -0.7652674946728121,
    "above": 40.234027532596336,
    "turn_on_times": 2,
    "turn_on_ratio": 0.6666666666666666
  },
  "2": {
    "validity_ratio": 0.8,
    "below": 0,
    "above": 51.496064585448174,
    "turn_on_times": 0,
    "turn_on_ratio": 0.0
  },
  "3": {
    "validity_ratio": 0.8173611111111111,
    "below": -0.4589576887845937,
    "above": 12.203441964648052,
    "turn_on_times": 1,
    "turn_on_ratio": 0.3333333333333333
  },
  "4": {
    "validity_ratio": 0.8083333333333333,
    "below": 0,
    "above": 12.38882285539029,
    "turn_on_times": 1,
    "turn_on_ratio": 0.3333333333333333
  },
  "5": {
    "validity_ratio": 0.8166666666666667,
    "below": -0.2854403966167496,
    "above": 7.24789586464417,
    "turn_on_times": 1,
    "turn_on_ratio": 0.3333333333333333
  },
  "6": {
    "validity_ratio": 0.8076388888888889,
    "below": -3.778177030238535,
    "above": 26.261429014026486,
    "turn_on_times": 0,
    "turn_on_ratio": 0.0
  },
  "7": {
    "validity_ratio": 0.8180555555555555,
    "below": -2.1375150694028724,
    "above": 19.104302672711913,
    "turn_on_times": 1,
    "turn_on_ratio": 0.3333333333333333
  },
  "8": {
    "validity_ratio": 0.8055555555555556,
    "below": 0,
    "above": 0,
    "turn_on_times": 4,
    "turn_on_ratio": 1.0
  },
  "9": {
    "validity_ratio": 0.7840277777777778,
    "below": 0,
    "above": 19.432277210085786,
    "turn_on_times": 0,
    "turn_on_ratio": 0.0
  },
  "10": {
    "validity_ratio": 0.19444444444444445,
    "below": 0,
    "above": 0,
    "turn_on_times": 0,
    "turn_on_ratio": 0
  },
  "12": {
    "validity_ratio": 0.80625,
    "below": 0,
    "above": 22.790179978947243,
    "turn_on_times": 0,
    "turn_on_ratio": 0.0
  },
  "13": {
    "validity_ratio": 0.8090277777777778,
    "below": -1.4580052737337574,
    "above": 42.21043768433739,
    "turn_on_times": 0,
    "turn_on_ratio": 0.0
  }
}