{
  "1": {
    "validity_ratio": 0.2972222222222222,
    "below": 0,
    "above": 4.1459759538357694,
    "turn_on_times": 1,
    "turn_on_ratio": 0.5
  },
  "2": {
    "validity_ratio": 0.2965277777777778,
    "below": 0,
    "above": 11.63566029348016,
    "turn_on_times": 0,
    "turn_on_ratio": 0.0
  },
  "3": {
    "validity_ratio": 0.2951388888888889,
    "below": 0,
    "above": 12.027677585669165,
    "turn_on_times": 0,
    "turn_on_ratio": 0.0
  },
  "4": {
    "validity_ratio": 0.29791666666666666,
    "below": 0,
    "above": 12.376018542942106,
    "turn_on_times": 0,
    "turn_on_ratio": 0.0
  },
  "5": {
    "validity_ratio": 0.29791666666666666,
    "below": 0,
    "above": 0.031094949698925036,
    "turn_on_times": 1,
    "turn_on_ratio": 1.0
  },
  "6": {
    "validity_ratio": 0.2972222222222222,
    "below": 0,
    "above": 12.84947511203028,
    "turn_on_times": 0,
    "turn_on_ratio": 0.0
  },
  "7": {
    "validity_ratio": 0.29305555555555557,
    "below": 0,
    "above": 10.432288941855841,
    "turn_on_times": 1,
    "turn_on_ratio": 0.5
  },
  "8": {
    "validity_ratio": 0.2951388888888889,
    "below": 0,
    "above": 0,
    "turn_on_times": 1,
    "turn_on_ratio": 1.0
  },
  "9": {
    "validity_ratio": 0.2916666666666667,
    "below": 0,
    "above": 0.03095815900919722,
    "turn_on_times": 0,
    "turn_on_ratio": 0.0
  },
  "10": {
    "validity_ratio": 0.0,
    "below": 0,
    "above": 0,
    "turn_on_times": 0,
    "turn_on_ratio": 0
  },
  "12": {
    "validity_ratio": 0.2951388888888889,
    "below": 0,
    "above": 7.449641552244681,
    "turn_on_times": 0,
    "turn_on_ratio": 0.0
  },
  "13": {
    "validity_ratio": 0.2916666666666667,
    "below": 0,
    "above": 19.881964302145903,
    "turn_on_times": 0,
    "turn_on_ratio": 0.0
  }
}