{
  "1": {
    "validity_ratio": 0.6534722222222222,
    "below": 0,
    "above": 39.77690789712218,
    "turn_on_times": 1,
    "turn_on_ratio": 0.5
  },
  "2": {
    "validity_ratio": 0.6472222222222223,
    "below": 0,
    "above": 37.94858919529564,
    "turn_on_times": 0,
    "turn_on_ratio": 0.0
  },
  "3": {
    "validity_ratio": 0.6583333333333333,
    "below": -0.458956663762427,
    "above": 12.203367398167877,
    "turn_on_times": 1,
    "turn_on_ratio": 0.3333333333333333
  },
  "4": {
    "validity_ratio": 0.6486111111111111,
    "below": 0,
    "above": 12.388746171598994,
    "turn_on_times": 1,
    "turn_on_ratio": 0.3333333333333333
  },
  "5": {
    "validity_ratio": 0.6493055555555556,
    "below": -0.28543835679423185,
    "above": 7.247841005233413,
    "turn_on_times": 1,
    "turn_on_ratio": 0.3333333333333333
  },
  "6": {
    "validity_ratio": 0.6548611111111111,
    "below": -3.7781730777023745,
    "above": 19.093678363659052,
    "turn_on_times": 0,
    "turn_on_ratio": 0.0
  },
  "7": {
    "validity_ratio": 0.6506944444444445,
    "below": -0.50998367760321,
    "above": 14.423353901895558,
    "turn_on_times": 1,
    "turn_on_ratio": 0.5
  },
  "8": {
    "validity_ratio": 0.6388888888888888,
    "below": 0,
    "above": 0,
    "turn_on_times": 4,
    "turn_on_ratio": 1.0
  },
  "9": {
    "validity_ratio": 0.6354166666666666,
    "below": 0,
    "above": 19.432360340944925,
    "turn_on_times": 0,
    "turn_on_ratio": 0.0
  },
  "10": {
    "validity_ratio": 0.034722222222222224,
    "below": 0,
    "above": 0,
    "turn_on_times": 0,
    "turn_on_ratio": 0
  },
  "12": {
    "validity_ratio": 0.6458333333333334,
    "below": 0,
    "above": 22.790021872678945,
    "turn_on_times": 0,
    "turn_on_ratio": 0.0
  },
  "13": {
    "validity_ratio": 0.6423611111111112,
    "below": -1.4580162714761535,
    "above": 23.769966422186616,
    "turn_on_times": 0,
    "turn_on_ratio": 0.0
  }
}