{
  "1": {
    "validity_ratio": 0.2902777777777778,
    "below": 0,
    "above": 3.395595990645491,
    "turn_on_times": 1,
    "turn_on_ratio": 1.0
  },
  "2": {
    "validity_ratio": 0.28958333333333336,
    "below": 0,
    "above": 11.164067879325685,
    "turn_on_times": 0,
    "turn_on_ratio": 0.0
  },
  "3": {
    "validity_ratio": 0.2881944444444444,
    "below": 0,
    "above": 12.027965851966606,
    "turn_on_times": 0,
    "turn_on_ratio": 0.0
  },
  "4": {
    "validity_ratio": 0.29097222222222224,
    "below": 0,
    "above": 12.376317122592399,
    "turn_on_times": 0,
    "turn_on_ratio": 0.0
  },
  "5": {
    "validity_ratio": 0.29097222222222224,
    "below": 0,
    "above": 0.03117837727541104,
    "turn_on_times": 1,
    "turn_on_ratio": 1.0
  },
  "6": {
    "validity_ratio": 0.2902777777777778,
    "below": 0,
    "above": 12.409633046643068,
    "turn_on_times": 0,
    "turn_on_ratio": 0.0
  },
  "7": {
    "validity_ratio": 0.2861111111111111,
    "below": 0,
    "above": 10.432578114403832,
    "turn_on_times": 0,
    "turn_on_ratio": 0.0
  },
  "8": {
    "validity_ratio": 0.2881944444444444,
    "below": 0,
    "above": 0,
    "turn_on_times": 0,
    "turn_on_ratio": 0
  },
  "9": {
    "validity_ratio": 0.2847222222222222,
    "below": 0,
    "above": 0,
    "turn_on_times": 0,
    "turn_on_ratio": 0
  },
  "10": {
    "validity_ratio": 0.0,
    "below": 0,
    "above": 0,
    "turn_on_times": 0,
    "turn_on_ratio": 0
  },
  "12": {
    "validity_ratio": 0.2881944444444444,
    "below": 0,
    "above": 7.449989153214679,
    "turn_on_times": 0,
    "turn_on_ratio": 0.0
  },
  "13": {
    "validity_ratio": 0.2847222222222222,
    "below": 0,
    "above": 19.69082592787826,
    "turn_on_times": 0,
    "turn_on_ratio": 0.0
  }
}