{
  "1": {
    "validity_ratio": 0.9020833333333333,
    "below": -1.7840769958184237,
    "above": 44.96576869954038,
    "turn_on_times": 2,
    "turn_on_ratio": 0.6666666666666666
  },
  "2": {
    "validity_ratio": 0.8902777777777777,
    "below": 0,
    "above": 59.676397250719866,
    "turn_on_times": 0,
    "turn_on_ratio": 0.0
  },
  "3": {
    "validity_ratio": 0.8798611111111111,
    "below": -0.4589672628951948,
    "above": 12.225001905871231,
    "turn_on_times": 2,
    "turn_on_ratio": 0.4
  },
  "4": {
    "validity_ratio": 0.8708333333333333,
    "below": 0,
    "above": 12.413019926141278,
    "turn_on_times": 2,
    "turn_on_ratio": 0.4
  },
  "5": {
    "validity_ratio": 0.8791666666666667,
    "below": -0.28545944936217355,
    "above": 13.545236505158702,
    "turn_on_times": 1,
    "turn_on_ratio": 0.2
  },
  "6": {
    "validity_ratio": 0.8979166666666667,
    "below": -3.778213948482438,
    "above": 30.947531623649958,
    "turn_on_times": 0,
    "turn_on_ratio": 0.0
  },
  "7": {
    "validity_ratio": 0.9083333333333333,
    "below": -4.54111041102748,
    "above": 19.105518563989765,
    "turn_on_times": 1,
    "turn_on_ratio": 0.3333333333333333
  },
  "8": {
    "validity_ratio": 0.8958333333333334,
    "below": 0,
    "above": 0,
    "turn_on_times": 4,
    "turn_on_ratio": 1.0
  },
  "9": {
    "validity_ratio": 0.90625,
    "below": 0,
    "above": 19.431500730278373,
    "turn_on_times": 0,
    "turn_on_ratio": 0.0
  },
  "10": {
    "validity_ratio": 0.2847222222222222,
    "below": 0,
    "above": 0,
    "turn_on_times": 0,
    "turn_on_ratio": 0
  },
  "12": {
    "validity_ratio": 0.8965277777777778,
    "below": 0,
    "above": 28.74671049895517,
    "turn_on_times": 0,
    "turn_on_ratio": 0.0
  },
  "13": {
    "validity_ratio": 0.8993055555555556,
    "below": -1.4579025504898042,
    "above": 55.68127485787917,
    "turn_on_times": 0,
    "turn_on_ratio": 0.0
  }
}