{
  "1": {
    "validity_ratio": 0.17916666666666667,
    "below": 0,
    "above": 2.989194712702713,
    "turn_on_times": 1,
    "turn_on_ratio": 1.0
  },
  "2": {
    "validity_ratio": 0.17847222222222223,
    "below": 0,
    "above": 10.960199387422449,
    "turn_on_times": 0,
    "turn_on_ratio": 0.0
  },
  "3": {
    "validity_ratio": 0.17708333333333334,
    "below": 0,
    "above": 12.027743682054252,
    "turn_on_times": 0,
    "turn_on_ratio": 0.0
  },
  "4": {
    "validity_ratio": 0.17916666666666667,
    "below": 0,
    "above": 12.376087003507074,
    "turn_on_times": 0,
    "turn_on_ratio": 0.0
  },
  "5": {
    "validity_ratio": 0.17916666666666667,
    "below": 0,
    "above": 0.031114303489634162,
    "turn_on_times": 1,
    "turn_on_ratio": 1.0
  },
  "6": {
    "validity_ratio": 0.17916666666666667,
    "below": 0,
    "above": 12.17313074077087,
    "turn_on_times": 0,
    "turn_on_ratio": 0.0
  },
  "7": {
    "validity_ratio": 0.175,
    "below": 0,
    "above": 10.432355246034508,
    "turn_on_times": 0,
    "turn_on_ratio": 0.0
  },
  "8": {
    "validity_ratio": 0.17708333333333334,
    "below": 0,
    "above": 0,
    "turn_on_times": 0,
    "turn_on_ratio": 0
  },
  "9": {
    "validity_ratio": 0.1736111111111111,
    "below": 0,
    "above": 0,
    "turn_on_times": 0,
    "turn_on_ratio": 0
  },
  "10": {
    "validity_ratio": 0.0,
    "below": 0,
    "above": 0,
    "turn_on_times": 0,
    "turn_on_ratio": 0
  },
  "12": {
    "validity_ratio": 0.17708333333333334,
    "below": 0,
    "above": 7.449721253436854,
    "turn_on_times": 0,
    "turn_on_ratio": 0.0
  },
  "13": {
    "validity_ratio": 0.1736111111111111,
    "below": 0,
    "above": 19.6905841072841,
    "turn_on_times": 0,
    "turn_on_ratio": 0.0
  }
}