{
  "1": {
    "validity_ratio": 0.5875,
    "below": 0,
    "above": 35.80028591039981,
    "turn_on_times": 1,
    "turn_on_ratio": 0.5
  },
  "2": {
    "validity_ratio": 0.5881944444444445,
    "below": 0,
    "above": 32.871810447738376,
    "turn_on_times": 0,
    "turn_on_ratio": 0.0
  },
  "3": {
    "validity_ratio": 0.5923611111111111,
    "below": -0.4589497620728519,
    "above": 12.027135588466606,
    "turn_on_times": 1,
    "turn_on_ratio": 0.3333333333333333
  },
  "4": {
    "validity_ratio": 0.5895833333333333,
    "below": 0,
    "above": 12.375457171829854,
    "turn_on_times": 1,
    "turn_on_ratio": 0.3333333333333333
  },
  "5": {
    "validity_ratio": 0.5902777777777778,
    "below": -0.2854246222407101,
    "above": 6.5487068528342,
    "turn_on_times": 1,
    "turn_on_ratio": 0.3333333333333333
  },
  "6": {
    "validity_ratio": 0.5888888888888889,
    "below": -2.8312949485451933,
    "above": 19.09352686789762,
    "turn_on_times": 0,
    "turn_on_ratio": 0.0
  },
  "7": {
    "validity_ratio": 0.5909722222222222,
    "below": -0.5010279836967325,
    "above": 11.015776743149356,
    "turn_on_times": 1,
    "turn_on_ratio": 0.5
  },
  "8": {
    "validity_ratio": 0.5868055555555556,
    "below": 0,
    "above": 0,
    "turn_on_times": 4,
    "turn_on_ratio": 1.0
  },
  "9": {
    "validity_ratio": 0.5902777777777778,
    "below": 0,
    "above": 19.001854228281903,
    "turn_on_times": 0,
    "turn_on_ratio": 0.0
  },
  "10": {
    "validity_ratio": 0.0,
    "below": 0,
    "above": 0,
    "turn_on_times": 0,
    "turn_on_ratio": 0
  },
  "12": {
    "validity_ratio": 0.5868055555555556,
    "below": 0,
    "above": 21.165872172790067,
    "turn_on_times": 0,
    "turn_on_ratio": 0.0
  },
  "13": {
    "validity_ratio": 0.5902777777777778,
    "below": -1.449663798489917,
    "above": 21.867563429356007,
    "turn_on_times": 0,
    "turn_on_ratio": 0.0
  }
}