{
  "1": {
    "validity_ratio": 0.41458333333333336,
    "below": 0,
    "above": 16.539704626965193,
    "turn_on_times": 1,
    "turn_on_ratio": 0.5
  },
  "2": {
    "validity_ratio": 0.41458333333333336,
    "below": 0,
    "above": 19.85167539459859,
    "turn_on_times": 0,
    "turn_on_ratio": 0.0
  },
  "3": {
    "validity_ratio": 0.41944444444444445,
    "below": -0.45895070298177415,
    "above": 12.027188107153306,
    "turn_on_times": 1,
    "turn_on_ratio": 0.3333333333333333
  },
  "4": {
    "validity_ratio": 0.41597222222222224,
    "below": 0,
    "above": 12.375511566834739,
    "turn_on_times": 1,
    "turn_on_ratio": 0.3333333333333333
  },
  "5": {
    "validity_ratio": 0.41597222222222224,
    "below": 0,
    "above": 3.897536924342629,
    "turn_on_times": 1,
    "turn_on_ratio": 0.3333333333333333
  },
  "6": {
    "validity_ratio": 0.4152777777777778,
    "below": 0,
    "above": 19.065607670660167,
    "turn_on_times": 0,
    "turn_on_ratio": 0.0
  },
  "7": {
    "validity_ratio": 0.41597222222222224,
    "below": -0.5010359415407651,
    "above": 10.431797924519188,
    "turn_on_times": 1,
    "turn_on_ratio": 0.5
  },
  "8": {
    "validity_ratio": 0.4131944444444444,
    "below": 0,
    "above": 0,
    "turn_on_times": 2,
    "turn_on_ratio": 1.0
  },
  "9": {
    "validity_ratio": 0.4166666666666667,
    "below": 0,
    "above": 14.800232467124822,
    "turn_on_times": 0,
    "turn_on_ratio": 0.0
  },
  "10": {
    "validity_ratio": 0.0,
    "below": 0,
    "above": 0,
    "turn_on_times": 0,
    "turn_on_ratio": 0
  },
  "12": {
    "validity_ratio": 0.4131944444444444,
    "below": 0,
    "above": 11.963627417148876,
    "turn_on_times": 0,
    "turn_on_ratio": 0.0
  },
  "13": {
    "validity_ratio": 0.4166666666666667,
    "below": -0.31473390268943907,
    "above": 21.167842877984935,
    "turn_on_times": 0,
    "turn_on_ratio": 0.0
  }
}