{
  "1": {
    "validity_ratio": 0.6770833333333334,
    "below": 0,
    "above": 37.66434610206492,
    "turn_on_times": 2,
    "turn_on_ratio": 0.6666666666666666
  },
  "2": {
    "validity_ratio": 0.6868055555555556,
    "below": 0,
    "above": 39.51479755509638,
    "turn_on_times": 0,
    "turn_on_ratio": 0.0
  },
  "3": {
    "validity_ratio": 0.7277777777777777,
    "below": -0.45896399685985784,
    "above": 12.203900858763147,
    "turn_on_times": 1,
    "turn_on_ratio": 0.3333333333333333
  },
  "4": {
    "validity_ratio": 0.7180555555555556,
    "below": 0,
    "above": 12.389294785117185,
    "turn_on_times": 1,
    "turn_on_ratio": 0.3333333333333333
  },
  "5": {
    "validity_ratio": 0.7256944444444444,
    "below": -0.2854529498613421,
    "above": 7.248229505909187,
    "turn_on_times": 1,
    "turn_on_ratio": 0.3333333333333333
  },
  "6": {
    "validity_ratio": 0.7173611111111111,
    "below": -3.778201354488683,
    "above": 21.223102509685663,
    "turn_on_times": 0,
    "turn_on_ratio": 0.0
  },
  "7": {
    "validity_ratio": 0.68125,
    "below": -0.5011483760239362,
    "above": 15.088814233088325,
    "turn_on_times": 1,
    "turn_on_ratio": 0.3333333333333333
  },
  "8": {
    "validity_ratio": 0.7152777777777778,
    "below": 0,
    "above": 0,
    "turn_on_times": 4,
    "turn_on_ratio": 1.0
  },
  "9": {
    "validity_ratio": 0.7256944444444444,
    "below": 0,
    "above": 19.43176561336035,
    "turn_on_times": 0,
    "turn_on_ratio": 0.0
  },
  "10": {
    "validity_ratio": 0.10416666666666667,
    "below": 0,
    "above": 0,
    "turn_on_times": 0,
    "turn_on_ratio": 0
  },
  "12": {
    "validity_ratio": 0.7152777777777778,
    "below": 0,
    "above": 22.79115297917878,
    "turn_on_times": 0,
    "turn_on_ratio": 0.0
  },
  "13": {
    "validity_ratio": 0.7118055555555556,
    "below": -1.457937592673734,
    "above": 28.981995323443115,
    "turn_on_times": 0,
    "turn_on_ratio": 0.0
  }
}