{
  "1": {
    "validity_ratio": 0.30416666666666664,
    "below": 0,
    "above": 4.8786922954423115,
    "turn_on_times": 1,
    "turn_on_ratio": 0.5
  },
  "2": {
    "validity_ratio": 0.3034722222222222,
    "below": 0,
    "above": 12.104914685586504,
    "turn_on_times": 0,
    "turn_on_ratio": 0.0
  },
  "3": {
    "validity_ratio": 0.3020833333333333,
    "below": 0,
    "above": 12.02844149610211,
    "turn_on_times": 0,
    "turn_on_ratio": 0.0
  },
  "4": {
    "validity_ratio": 0.30486111111111114,
    "below": 0,
    "above": 12.376809797831891,
    "turn_on_times": 0,
    "turn_on_ratio": 0.0
  },
  "5": {
    "validity_ratio": 0.30486111111111114,
    "below": 0,
    "above": 0.031310473340710944,
    "turn_on_times": 1,
    "turn_on_ratio": 1.0
  },
  "6": {
    "validity_ratio": 0.30416666666666664,
    "below": 0,
    "above": 13.288025550219762,
    "turn_on_times": 0,
    "turn_on_ratio": 0.0
  },
  "7": {
    "validity_ratio": 0.3,
    "below": 0,
    "above": 10.433055253867655,
    "turn_on_times": 1,
    "turn_on_ratio": 0.5
  },
  "8": {
    "validity_ratio": 0.3020833333333333,
    "below": 0,
    "above": 0,
    "turn_on_times": 1,
    "turn_on_ratio": 1.0
  },
  "9": {
    "validity_ratio": 0.2986111111111111,
    "below": 0,
    "above": 1.2554009005365954,
    "turn_on_times": 0,
    "turn_on_ratio": 0.0
  },
  "10": {
    "validity_ratio": 0.0,
    "below": 0,
    "above": 0,
    "turn_on_times": 0,
    "turn_on_ratio": 0
  },
  "12": {
    "validity_ratio": 0.3020833333333333,
    "below": 0,
    "above": 7.450562700536514,
    "turn_on_times": 0,
    "turn_on_ratio": 0.0
  },
  "13": {
    "validity_ratio": 0.2986111111111111,
    "below": 0,
    "above": 20.04788300761891,
    "turn_on_times": 0,
    "turn_on_ratio": 0.0
  }
}