{
  "1": {
    "validity_ratio": 0.6701388888888888,
    "below": 0,
    "above": 37.6646197888311,
    "turn_on_times": 2,
    "turn_on_ratio": 0.6666666666666666
  },
  "2": {
    "validity_ratio": 0.7097222222222223,
    "below": 0,
    "above": 41.85432398091503,
    "turn_on_times": 0,
    "turn_on_ratio": 0.0
  },
  "3": {
    "validity_ratio": 0.7138888888888889,
    "below": -0.4589585627206444,
    "above": 12.203505540384057,
    "turn_on_times": 1,
    "turn_on_ratio": 0.3333333333333333
  },
  "4": {
    "validity_ratio": 0.7111111111111111,
    "below": 0,
    "above": 12.388888236547373,
    "turn_on_times": 1,
    "turn_on_ratio": 0.3333333333333333
  },
  "5": {
    "validity_ratio": 0.7048611111111112,
    "below": -0.28544213577371025,
    "above": 7.247942495523863,
    "turn_on_times": 1,
    "turn_on_ratio": 0.3333333333333333
  },
  "6": {
    "validity_ratio": 0.6895833333333333,
    "below": -3.6271249790591593,
    "above": 20.78953482693086,
    "turn_on_times": 0,
    "turn_on_ratio": 0.0
  },
  "7": {
    "validity_ratio": 0.7131944444444445,
    "below": -0.5100281278412575,
    "above": 17.027220744949457,
    "turn_on_times": 1,
    "turn_on_ratio": 0.3333333333333333
  },
  "8": {
    "validity_ratio": 0.7013888888888888,
    "below": 0,
    "above": 0,
    "turn_on_times": 4,
    "turn_on_ratio": 1.0
  },
  "9": {
    "validity_ratio": 0.7048611111111112,
    "below": 0,
    "above": 19.43220633246142,
    "turn_on_times": 0,
    "turn_on_ratio": 0.0
  },
  "10": {
    "validity_ratio": 0.09027777777777778,
    "below": 0,
    "above": 0,
    "turn_on_times": 0,
    "turn_on_ratio": 0
  },
  "12": {
    "validity_ratio": 0.7013888888888888,
    "below": 0,
    "above": 22.790314780703273,
    "turn_on_times": 0,
    "turn_on_ratio": 0.0
  },
  "13": {
    "validity_ratio": 0.6840277777777778,
    "below": -1.4495681459488376,
    "above": 26.908223088945213,
    "turn_on_times": 0,
    "turn_on_ratio": 0.0
  }
}