{
  "1": {
    "validity_ratio": 0.45625,
    "below": 0,
    "above": 20.86578166447498,
    "turn_on_times": 1,
    "turn_on_ratio": 0.5
  },
  "2": {
    "validity_ratio": 0.45625,
    "below": 0,
    "above": 22.881952960985192,
    "turn_on_times": 0,
    "turn_on_ratio": 0.0
  },
  "3": {
    "validity_ratio": 0.45416666666666666,
    "below": -0.45897022107271285,
    "above": 12.028277547883134,
    "turn_on_times": 1,
    "turn_on_ratio": 0.3333333333333333
  },
  "4": {
    "validity_ratio": 0.45694444444444443,
    "below": 0,
    "above": 12.376639977262268,
    "turn_on_times": 1,
    "turn_on_ratio": 0.3333333333333333
  },
  "5": {
    "validity_ratio": 0.45694444444444443,
    "below": 0,
    "above": 4.685306360455802,
    "turn_on_times": 1,
    "turn_on_ratio": 0.3333333333333333
  },
  "6": {
    "validity_ratio": 0.45694444444444443,
    "below": 0,
    "above": 19.093975942446004,
    "turn_on_times": 0,
    "turn_on_ratio": 0.0
  },
  "7": {
    "validity_ratio": 0.45555555555555555,
    "below": -0.5012010180108004,
    "above": 10.59697188474167,
    "turn_on_times": 1,
    "turn_on_ratio": 0.5
  },
  "8": {
    "validity_ratio": 0.4548611111111111,
    "below": 0,
    "above": 0,
    "turn_on_times": 3,
    "turn_on_ratio": 1.0
  },
  "9": {
    "validity_ratio": 0.4513888888888889,
    "below": 0,
    "above": 14.807178226982977,
    "turn_on_times": 0,
    "turn_on_ratio": 0.0
  },
  "10": {
    "validity_ratio": 0.0,
    "below": 0,
    "above": 0,
    "turn_on_times": 0,
    "turn_on_ratio": 0
  },
  "12": {
    "validity_ratio": 0.4548611111111111,
    "below": 0,
    "above": 13.434029171065148,
    "turn_on_times": 0,
    "turn_on_ratio": 0.0
  },
  "13": {
    "validity_ratio": 0.4513888888888889,
    "below": -0.8728830648734619,
    "above": 21.160825017626202,
    "turn_on_times": 0,
    "turn_on_ratio": 0.0
  }
}