{
  "1": {
    "validity_ratio": 0.20833333333333334,
    "below": 0,
    "above": 6.390865342076501,
    "turn_on_times": 0,
    "turn_on_ratio": 0.0
  },
  "2": {
    "validity_ratio": 0.21180555555555555,
    "below": -0.06382495881956321,
    "above": 0,
    "turn_on_times": 1,
    "turn_on_ratio": 1.0
  },
  "3": {
    "validity_ratio": 0.20902777777777778,
    "below": 0,
    "above": 0.4962963138518373,
    "turn_on_times": 0,
    "turn_on_ratio": 0.0
  },
  "4": {
    "validity_ratio": 0.20972222222222223,
    "below": 0,
    "above": 0.6656713667985121,
    "turn_on_times": 0,
    "turn_on_ratio": 0.0
  },
  "5": {
    "validity_ratio": 0.21388888888888888,
    "below": -0.1264223953005466,
    "above": 0.531832749955786,
    "turn_on_times": 1,
    "turn_on_ratio": 1.0
  },
  "6": {
    "validity_ratio": 0.21319444444444444,
    "below": 0,
    "above": 5.832655392125069,
    "turn_on_times": 0,
    "turn_on_ratio": 0.0
  },
  "7": {
    "validity_ratio": 0.2111111111111111,
    "below": 0,
    "above": 2.04516762204854,
    "turn_on_times": 0,
    "turn_on_ratio": 0.0
  },
  "8": {
    "validity_ratio": 0.20833333333333334,
    "below": 0,
    "above": 0,
    "turn_on_times": 0,
    "turn_on_ratio": 0
  },
  "9": {
    "validity_ratio": 0.20972222222222223,
    "below": 0,
    "above": 0,
    "turn_on_times": 0,
    "turn_on_ratio": 0
  },
  "10": {
    "validity_ratio": 0.20902777777777778,
    "below": 0,
    "above": 0,
    "turn_on_times": 0,
    "turn_on_ratio": 0
  },
  "12": {
    "validity_ratio": 0.2111111111111111,
    "below": 0,
    "above": 0.9414522892253601,
    "turn_on_times": 0,
    "turn_on_ratio": 0.0
  },
  "13": {
    "validity_ratio": 0.21388888888888888,
    "below": 0,
    "above": 10.253648525837903,
    "turn_on_times": 0,
    "turn_on_ratio": 0.0
  }
}