{
  "1": {
    "validity_ratio": 0.6645833333333333,
    "below": 0,
    "above": 48.077240967268445,
    "turn_on_times": 0,
    "turn_on_ratio": 0.0
  },
  "2": {
    "validity_ratio": 0.6631944444444444,
    "below": -8.827631605503177,
    "above": 0,
    "turn_on_times": 1,
    "turn_on_ratio": 1.0
  },
  "3": {
    "validity_ratio": 0.6659722222222222,
    "below": -4.982594814415471,
    "above": 0.5107850728835968,
    "turn_on_times": 1,
    "turn_on_ratio": 0.5
  },
  "4": {
    "validity_ratio": 0.6611111111111111,
    "below": -0.6043106550555549,
    "above": 5.132763538018628,
    "turn_on_times": 0,
    "turn_on_ratio": 0.0
  },
  "5": {
    "validity_ratio": 0.6597222222222222,
    "below": -9.244989690614725,
    "above": 6.794741596965858,
    "turn_on_times": 1,
    "turn_on_ratio": 0.5
  },
  "6": {
    "validity_ratio": 0.6645833333333333,
    "below": -2.1868439645818785,
    "above": 23.693719863009022,
    "turn_on_times": 0,
    "turn_on_ratio": 0.0
  },
  "7": {
    "validity_ratio": 0.6631944444444444,
    "below": -8.612990859551665,
    "above": 5.294759839132819,
    "turn_on_times": 0,
    "turn_on_ratio": 0.0
  },
  "8": {
    "validity_ratio": 0.6597222222222222,
    "below": -0.5697321452575672,
    "above": 0,
    "turn_on_times": 2,
    "turn_on_ratio": 0.6666666666666666
  },
  "9": {
    "validity_ratio": 0.6611111111111111,
    "below": 0,
    "above": 27.43641365814311,
    "turn_on_times": 1,
    "turn_on_ratio": 0.3333333333333333
  },
  "10": {
    "validity_ratio": 0.6604166666666667,
    "below": 0,
    "above": 0,
    "turn_on_times": 0,
    "turn_on_ratio": 0
  },
  "12": {
    "validity_ratio": 0.6625,
    "below": -0.884131643253688,
    "above": 6.624213238245489,
    "turn_on_times": 0,
    "turn_on_ratio": 0.0
  },
  "13": {
    "validity_ratio": 0.6597222222222222,
    "below": -0.643584683940507,
    "above": 23.038216419547116,
    "turn_on_times": 0,
    "turn_on_ratio": 0.0
  }
}