{
  "1": {
    "validity_ratio": 0.4222222222222222,
    "below": 0,
    "above": 26.915846994535446,
    "turn_on_times": 0,
    "turn_on_ratio": 0.0
  },
  "2": {
    "validity_ratio": 0.4201388888888889,
    "below": -5.268590387372345,
    "above": 0,
    "turn_on_times": 1,
    "turn_on_ratio": 1.0
  },
  "3": {
    "validity_ratio": 0.4166666666666667,
    "below": -4.18901559722099,
    "above": 0.49577115501441554,
    "turn_on_times": 1,
    "turn_on_ratio": 0.5
  },
  "4": {
    "validity_ratio": 0.41805555555555557,
    "below": -0.3887222222222219,
    "above": 5.132386033848987,
    "turn_on_times": 0,
    "turn_on_ratio": 0.0
  },
  "5": {
    "validity_ratio": 0.4222222222222222,
    "below": -2.7197518412863673,
    "above": 6.794994417542469,
    "turn_on_times": 1,
    "turn_on_ratio": 0.5
  },
  "6": {
    "validity_ratio": 0.4215277777777778,
    "below": 0,
    "above": 19.929723760481853,
    "turn_on_times": 0,
    "turn_on_ratio": 0.0
  },
  "7": {
    "validity_ratio": 0.4201388888888889,
    "below": -3.1755237278203663,
    "above": 5.1827516778927185,
    "turn_on_times": 0,
    "turn_on_ratio": 0.0
  },
  "8": {
    "validity_ratio": 0.4166666666666667,
    "below": -0.5697299658255593,
    "above": 0,
    "turn_on_times": 1,
    "turn_on_ratio": 1.0
  },
  "9": {
    "validity_ratio": 0.41805555555555557,
    "below": 0,
    "above": 20.662661215979124,
    "turn_on_times": 0,
    "turn_on_ratio": 0.0
  },
  "10": {
    "validity_ratio": 0.4173611111111111,
    "below": 0,
    "above": 0,
    "turn_on_times": 0,
    "turn_on_ratio": 0
  },
  "12": {
    "validity_ratio": 0.41944444444444445,
    "below": 0,
    "above": 6.624206523896773,
    "turn_on_times": 0,
    "turn_on_ratio": 0.0
  },
  "13": {
    "validity_ratio": 0.4222222222222222,
    "below": -0.6436103299739333,
    "above": 18.25820433929104,
    "turn_on_times": 0,
    "turn_on_ratio": 0.0
  }
}