{
  "1": {
    "validity_ratio": 0.7479166666666667,
    "below": 0,
    "above": 48.14767042827937,
    "turn_on_times": 0,
    "turn_on_ratio": 0.0
  },
  "2": {
    "validity_ratio": 0.7472222222222222,
    "below": -8.827517643200528,
    "above": 0.03233295835974589,
    "turn_on_times": 1,
    "turn_on_ratio": 1.0
  },
  "3": {
    "validity_ratio": 0.7486111111111111,
    "below": -4.982633585414743,
    "above": 0.5551167182643597,
    "turn_on_times": 1,
    "turn_on_ratio": 0.5
  },
  "4": {
    "validity_ratio": 0.7444444444444445,
    "below": -0.6043254319444435,
    "above": 5.132363433777339,
    "turn_on_times": 0,
    "turn_on_ratio": 0.0
  },
  "5": {
    "validity_ratio": 0.7430555555555556,
    "below": -10.459599023242276,
    "above": 6.808342756178495,
    "turn_on_times": 1,
    "turn_on_ratio": 0.5
  },
  "6": {
    "validity_ratio": 0.7479166666666667,
    "below": -3.538270030070668,
    "above": 23.693973927257304,
    "turn_on_times": 0,
    "turn_on_ratio": 0.0
  },
  "7": {
    "validity_ratio": 0.7465277777777778,
    "below": -8.612987527811056,
    "above": 5.355604606099812,
    "turn_on_times": 0,
    "turn_on_ratio": 0.0
  },
  "8": {
    "validity_ratio": 0.7430555555555556,
    "below": -0.5697298353514347,
    "above": 0,
    "turn_on_times": 2,
    "turn_on_ratio": 0.6666666666666666
  },
  "9": {
    "validity_ratio": 0.7444444444444445,
    "below": 0,
    "above": 27.436430367615774,
    "turn_on_times": 1,
    "turn_on_ratio": 0.3333333333333333
  },
  "10": {
    "validity_ratio": 0.74375,
    "below": 0,
    "above": 0,
    "turn_on_times": 0,
    "turn_on_ratio": 0
  },
  "12": {
    "validity_ratio": 0.7458333333333333,
    "below": -0.8840785282906729,
    "above": 6.669200112318765,
    "turn_on_times": 0,
    "turn_on_ratio": 0.0
  },
  "13": {
    "validity_ratio": 0.7430555555555556,
    "below": -0.9753231068664717,
    "above": 24.143913206559095,
    "turn_on_times": 0,
    "turn_on_ratio": 0.0
  }
}