{
  "1": {
    "validity_ratio": 0.7819444444444444,
    "below": -0.07448426747445934,
    "above": 48.14749132907173,
    "turn_on_times": 0,
    "turn_on_ratio": 0.0
  },
  "2": {
    "validity_ratio": 0.7819444444444444,
    "below": -8.8275935496589,
    "above": 0.6855178606893856,
    "turn_on_times": 1,
    "turn_on_ratio": 1.0
  },
  "3": {
    "validity_ratio": 0.7833333333333333,
    "below": -4.982607761355612,
    "above": 0.5554549365402888,
    "turn_on_times": 1,
    "turn_on_ratio": 0.5
  },
  "4": {
    "validity_ratio": 0.7791666666666667,
    "below": -0.6043155895555549,
    "above": 8.814694585292427,
    "turn_on_times": 0,
    "turn_on_ratio": 0.0
  },
  "5": {
    "validity_ratio": 0.7777777777777778,
    "below": -10.677449621953784,
    "above": 6.80816487859752,
    "turn_on_times": 1,
    "turn_on_ratio": 0.5
  },
  "6": {
    "validity_ratio": 0.7826388888888889,
    "below": -4.041410013807356,
    "above": 23.693804703746483,
    "turn_on_times": 0,
    "turn_on_ratio": 0.0
  },
  "7": {
    "validity_ratio": 0.7819444444444444,
    "below": -8.612989746971461,
    "above": 5.355587891273346,
    "turn_on_times": 0,
    "turn_on_ratio": 0.0
  },
  "8": {
    "validity_ratio": 0.7784722222222222,
    "below": -0.5697313739022499,
    "above": 0,
    "turn_on_times": 2,
    "turn_on_ratio": 0.6666666666666666
  },
  "9": {
    "validity_ratio": 0.7791666666666667,
    "below": 0,
    "above": 27.43641923814344,
    "turn_on_times": 1,
    "turn_on_ratio": 0.3333333333333333
  },
  "10": {
    "validity_ratio": 0.7715277777777778,
    "below": 0,
    "above": 0,
    "turn_on_times": 0,
    "turn_on_ratio": 0
  },
  "12": {
    "validity_ratio": 0.7805555555555556,
    "below": -0.8841139063818083,
    "above": 6.669277755648739,
    "turn_on_times": 0,
    "turn_on_ratio": 0.0
  },
  "13": {
    "validity_ratio": 0.7777777777777778,
    "below": -0.9752939783083672,
    "above": 24.601583894841944,
    "turn_on_times": 0,
    "turn_on_ratio": 0.0
  }
}