{
  "1": {
    "validity_ratio": 0.8791666666666667,
    "below": -0.07448399736462148,
    "above": 48.14751849475478,
    "turn_on_times": 0,
    "turn_on_ratio": 0.0
  },
  "2": {
    "validity_ratio": 0.8791666666666667,
    "below": -9.09843742180988,
    "above": 2.025317066085893,
    "turn_on_times": 1,
    "turn_on_ratio": 1.0
  },
  "3": {
    "validity_ratio": 0.8805555555555555,
    "below": -4.982611678336679,
    "above": 8.314066786899144,
    "turn_on_times": 1,
    "turn_on_ratio": 0.3333333333333333
  },
  "4": {
    "validity_ratio": 0.8833333333333333,
    "below": -0.6043170824444439,
    "above": 19.302465999020125,
    "turn_on_times": 0,
    "turn_on_ratio": 0.0
  },
  "5": {
    "validity_ratio": 0.8826388888888889,
    "below": -11.27239122166019,
    "above": 6.829261818697663,
    "turn_on_times": 2,
    "turn_on_ratio": 0.6666666666666666
  },
  "6": {
    "validity_ratio": 0.8798611111111111,
    "below": -4.66926236148984,
    "above": 24.077933734125295,
    "turn_on_times": 0,
    "turn_on_ratio": 0.0
  },
  "7": {
    "validity_ratio": 0.8652777777777778,
    "below": -9.189186365320449,
    "above": 10.987338902855411,
    "turn_on_times": 0,
    "turn_on_ratio": 0.0
  },
  "8": {
    "validity_ratio": 0.8826388888888889,
    "below": -0.5697311405355908,
    "above": 0,
    "turn_on_times": 2,
    "turn_on_ratio": 0.6666666666666666
  },
  "9": {
    "validity_ratio": 0.8833333333333333,
    "below": 0,
    "above": 27.43642092629391,
    "turn_on_times": 1,
    "turn_on_ratio": 0.3333333333333333
  },
  "10": {
    "validity_ratio": 0.8756944444444444,
    "below": 0,
    "above": 0,
    "turn_on_times": 0,
    "turn_on_ratio": 0
  },
  "12": {
    "validity_ratio": 0.8847222222222222,
    "below": -0.8841085402496863,
    "above": 17.172755387200198,
    "turn_on_times": 0,
    "turn_on_ratio": 0.0
  },
  "13": {
    "validity_ratio": 0.8819444444444444,
    "below": -0.9752983965142761,
    "above": 38.83010920876092,
    "turn_on_times": 0,
    "turn_on_ratio": 0.0
  }
}