{
  "1": {
    "validity_ratio": 0.06944444444444445,
    "below": 0,
    "above": 0,
    "turn_on_times": 0,
    "turn_on_ratio": 0
  },
  "2": {
    "validity_ratio": 0.07291666666666667,
    "below": 0,
    "above": 0,
    "turn_on_times": 0,
    "turn_on_ratio": 0
  },
  "3": {
    "validity_ratio": 0.07013888888888889,
    "below": 0,
    "above": 0.49668399598970503,
    "turn_on_times": 0,
    "turn_on_ratio": 0.0
  },
  "4": {
    "validity_ratio": 0.07013888888888889,
    "below": 0,
    "above": 0.6661830065446592,
    "turn_on_times": 0,
    "turn_on_ratio": 0.0
  },
  "5": {
    "validity_ratio": 0.075,
    "below": -0.12652989986338814,
    "above": 0.016484881273918374,
    "turn_on_times": 1,
    "turn_on_ratio": 1.0
  },
  "6": {
    "validity_ratio": 0.07361111111111111,
    "below": 0,
    "above": 0,
    "turn_on_times": 0,
    "turn_on_ratio": 0
  },
  "7": {
    "validity_ratio": 0.07222222222222222,
    "below": 0,
    "above": 0,
    "turn_on_times": 0,
    "turn_on_ratio": 0
  },
  "8": {
    "validity_ratio": 0.06944444444444445,
    "below": 0,
    "above": 0,
    "turn_on_times": 0,
    "turn_on_ratio": 0
  },
  "9": {
    "validity_ratio": 0.07013888888888889,
    "below": 0,
    "above": 0,
    "turn_on_times": 0,
    "turn_on_ratio": 0
  },
  "10": {
    "validity_ratio": 0.07013888888888889,
    "below": 0,
    "above": 0,
    "turn_on_times": 0,
    "turn_on_ratio": 0
  },
  "12": {
    "validity_ratio": 0.07222222222222222,
    "below": 0,
    "above": 0.8068577963171367,
    "turn_on_times": 0,
    "turn_on_ratio": 0.0
  },
  "13": {
    "validity_ratio": 0.07569444444444444,
    "below": 0,
    "above": 0,
    "turn_on_times": 0,
    "turn_on_ratio": 0
  }
}