{
  "1": {
    "validity_ratio": 0.4708333333333333,
    "below": 0,
    "above": 31.582513661202096,
    "turn_on_times": 0,
    "turn_on_ratio": 0.0
  },
  "2": {
    "validity_ratio": 0.46875,
    "below": -6.375493897110158,
    "above": 0,
    "turn_on_times": 1,
    "turn_on_ratio": 1.0
  },
  "3": {
    "validity_ratio": 0.4652777777777778,
    "below": -4.9825660918311625,
    "above": 0.5110804953652994,
    "turn_on_times": 1,
    "turn_on_ratio": 0.5
  },
  "4": {
    "validity_ratio": 0.4666666666666667,
    "below": -0.6042997079444439,
    "above": 5.133059937540083,
    "turn_on_times": 0,
    "turn_on_ratio": 0.0
  },
  "5": {
    "validity_ratio": 0.47152777777777777,
    "below": -4.7087027334892735,
    "above": 6.7945402144160685,
    "turn_on_times": 1,
    "turn_on_ratio": 0.5
  },
  "6": {
    "validity_ratio": 0.4701388888888889,
    "below": 0,
    "above": 22.60566004100569,
    "turn_on_times": 0,
    "turn_on_ratio": 0.0
  },
  "7": {
    "validity_ratio": 0.46944444444444444,
    "below": -5.653680657468031,
    "above": 5.182737410108849,
    "turn_on_times": 0,
    "turn_on_ratio": 0.0
  },
  "8": {
    "validity_ratio": 0.4652777777777778,
    "below": -0.5697338564972795,
    "above": 0,
    "turn_on_times": 1,
    "turn_on_ratio": 1.0
  },
  "9": {
    "validity_ratio": 0.4666666666666667,
    "below": 0,
    "above": 27.4364012784783,
    "turn_on_times": 0,
    "turn_on_ratio": 0.0
  },
  "10": {
    "validity_ratio": 0.46597222222222223,
    "below": 0,
    "above": 0,
    "turn_on_times": 0,
    "turn_on_ratio": 0
  },
  "12": {
    "validity_ratio": 0.46805555555555556,
    "below": -0.2494574408157482,
    "above": 6.6242185085842396,
    "turn_on_times": 0,
    "turn_on_ratio": 0.0
  },
  "13": {
    "validity_ratio": 0.47152777777777777,
    "below": -0.643564547266956,
    "above": 19.031193582095266,
    "turn_on_times": 0,
    "turn_on_ratio": 0.0
  }
}