{
  "1": {
    "validity_ratio": 0.8791666666666667,
    "below": -0.0744870083977558,
    "above": 48.147215666940575,
    "turn_on_times": 0,
    "turn_on_ratio": 0.0
  },
  "2": {
    "validity_ratio": 0.8791666666666667,
    "below": -9.098530320139695,
    "above": 2.025675856300243,
    "turn_on_times": 1,
    "turn_on_ratio": 1.0
  },
  "3": {
    "validity_ratio": 0.8805555555555555,
    "below": -4.982568014026362,
    "above": 8.31473441396493,
    "turn_on_times": 1,
    "turn_on_ratio": 0.3333333333333333
  },
  "4": {
    "validity_ratio": 0.8763888888888889,
    "below": -0.6043004405555552,
    "above": 18.536277905127847,
    "turn_on_times": 0,
    "turn_on_ratio": 0.0
  },
  "5": {
    "validity_ratio": 0.8756944444444444,
    "below": -11.155962525376136,
    "above": 6.82927193201005,
    "turn_on_times": 2,
    "turn_on_ratio": 0.6666666666666666
  },
  "6": {
    "validity_ratio": 0.8798611111111111,
    "below": -4.660928700230971,
    "above": 24.0779355080422,
    "turn_on_times": 0,
    "turn_on_ratio": 0.0
  },
  "7": {
    "validity_ratio": 0.8652777777777778,
    "below": -9.18919675220212,
    "above": 10.987096874070804,
    "turn_on_times": 0,
    "turn_on_ratio": 0.0
  },
  "8": {
    "validity_ratio": 0.8756944444444444,
    "below": -0.5697337419763598,
    "above": 0,
    "turn_on_times": 2,
    "turn_on_ratio": 0.6666666666666666
  },
  "9": {
    "validity_ratio": 0.8763888888888889,
    "below": 0,
    "above": 27.436402106982356,
    "turn_on_times": 1,
    "turn_on_ratio": 0.3333333333333333
  },
  "10": {
    "validity_ratio": 0.8756944444444444,
    "below": 0,
    "above": 0,
    "turn_on_times": 0,
    "turn_on_ratio": 0
  },
  "12": {
    "validity_ratio": 0.8777777777777778,
    "below": -0.8841683588840077,
    "above": 16.015723496291464,
    "turn_on_times": 0,
    "turn_on_ratio": 0.0
  },
  "13": {
    "validity_ratio": 0.875,
    "below": -0.9752491448302645,
    "above": 37.797957500743394,
    "turn_on_times": 0,
    "turn_on_ratio": 0.0
  }
}