{
  "1": {
    "validity_ratio": 0.13194444444444445,
    "below": 0,
    "above": 0.6666666666666666,
    "turn_on_times": 0,
    "turn_on_ratio": 0
  },
  "2": {
    "validity_ratio": 0.13541666666666666,
    "below": 0,
    "above": 0,
    "turn_on_times": 0,
    "turn_on_ratio": 0
  },
  "3": {
    "validity_ratio": 0.1326388888888889,
    "below": 0,
    "above": 0.4960757781442369,
    "turn_on_times": 0,
    "turn_on_ratio": 0.0
  },
  "4": {
    "validity_ratio": 0.13333333333333333,
    "below": 0,
    "above": 0.6653803071806096,
    "turn_on_times": 0,
    "turn_on_ratio": 0.0
  },
  "5": {
    "validity_ratio": 0.1375,
    "below": -0.12636124071038266,
    "above": 0.017026287185673807,
    "turn_on_times": 1,
    "turn_on_ratio": 1.0
  },
  "6": {
    "validity_ratio": 0.13680555555555557,
    "below": 0,
    "above": 1.044937508397962,
    "turn_on_times": 0,
    "turn_on_ratio": 0
  },
  "7": {
    "validity_ratio": 0.13472222222222222,
    "below": 0,
    "above": 0.18666666666666681,
    "turn_on_times": 0,
    "turn_on_ratio": 0
  },
  "8": {
    "validity_ratio": 0.13194444444444445,
    "below": 0,
    "above": 0,
    "turn_on_times": 0,
    "turn_on_ratio": 0
  },
  "9": {
    "validity_ratio": 0.13333333333333333,
    "below": 0,
    "above": 0,
    "turn_on_times": 0,
    "turn_on_ratio": 0
  },
  "10": {
    "validity_ratio": 0.1326388888888889,
    "below": 0,
    "above": 0,
    "turn_on_times": 0,
    "turn_on_ratio": 0
  },
  "12": {
    "validity_ratio": 0.13472222222222222,
    "below": 0,
    "above": 0.8068302383194841,
    "turn_on_times": 0,
    "turn_on_ratio": 0.0
  },
  "13": {
    "validity_ratio": 0.1375,
    "below": 0,
    "above": 1.8369685977851413,
    "turn_on_times": 0,
    "turn_on_ratio": 0
  }
}