{
  "1": {
    "validity_ratio": 0.6715277777777777,
    "below": 0,
    "above": 48.1555313251373,
    "turn_on_times": 0,
    "turn_on_ratio": 0.0
  },
  "2": {
    "validity_ratio": 0.6701388888888888,
    "below": -8.827806111564488,
    "above": 0.03261038690346041,
    "turn_on_times": 1,
    "turn_on_ratio": 1.0
  },
  "3": {
    "validity_ratio": 0.6729166666666667,
    "below": -4.982535445885546,
    "above": 0.5564020524269733,
    "turn_on_times": 1,
    "turn_on_ratio": 0.5
  },
  "4": {
    "validity_ratio": 0.675,
    "below": -0.6042880277777773,
    "above": 5.133376177176435,
    "turn_on_times": 0,
    "turn_on_ratio": 0.0
  },
  "5": {
    "validity_ratio": 0.6736111111111112,
    "below": -9.443666875429733,
    "above": 6.815995578298296,
    "turn_on_times": 1,
    "turn_on_ratio": 0.5
  },
  "6": {
    "validity_ratio": 0.6715277777777777,
    "below": -2.3091832214027104,
    "above": 23.693330821765826,
    "turn_on_times": 0,
    "turn_on_ratio": 0.0
  },
  "7": {
    "validity_ratio": 0.6701388888888888,
    "below": -8.612995961317047,
    "above": 5.35554108451354,
    "turn_on_times": 0,
    "turn_on_ratio": 0.0
  },
  "8": {
    "validity_ratio": 0.6736111111111112,
    "below": -0.5697356823273856,
    "above": 0,
    "turn_on_times": 2,
    "turn_on_ratio": 0.6666666666666666
  },
  "9": {
    "validity_ratio": 0.675,
    "below": 0,
    "above": 27.436388069036898,
    "turn_on_times": 1,
    "turn_on_ratio": 0.3333333333333333
  },
  "10": {
    "validity_ratio": 0.6743055555555556,
    "below": 0,
    "above": 0,
    "turn_on_times": 0,
    "turn_on_ratio": 0
  },
  "12": {
    "validity_ratio": 0.6763888888888889,
    "below": -0.8842129761398837,
    "above": 6.669495175237193,
    "turn_on_times": 0,
    "turn_on_ratio": 0.0
  },
  "13": {
    "validity_ratio": 0.6736111111111112,
    "below": -0.6435430621736918,
    "above": 23.330373405723055,
    "turn_on_times": 0,
    "turn_on_ratio": 0.0
  }
}