{
  "1": {
    "validity_ratio": 0.9618055555555556,
    "below": -0.07448529610724322,
    "above": 48.14738787666736,
    "turn_on_times": 0,
    "turn_on_ratio": 0.0
  },
  "2": {
    "validity_ratio": 0.9625,
    "below": -9.098477491452092,
    "above": 6.034513333449184,
    "turn_on_times": 1,
    "turn_on_ratio": 1.0
  },
  "3": {
    "validity_ratio": 0.9638888888888889,
    "below": -4.982592844701078,
    "above": 9.327845244596917,
    "turn_on_times": 1,
    "turn_on_ratio": 0.3333333333333333
  },
  "4": {
    "validity_ratio": 0.9597222222222223,
    "below": -0.6043099043333328,
    "above": 19.799808038398556,
    "turn_on_times": 0,
    "turn_on_ratio": 0.0
  },
  "5": {
    "validity_ratio": 0.9590277777777778,
    "below": -11.354160531594038,
    "above": 6.85636240607564,
    "turn_on_times": 2,
    "turn_on_ratio": 0.6666666666666666
  },
  "6": {
    "validity_ratio": 0.9631944444444445,
    "below": -4.660928828683883,
    "above": 26.70939683961435,
    "turn_on_times": 0,
    "turn_on_ratio": 0.0
  },
  "7": {
    "validity_ratio": 0.9486111111111111,
    "below": -9.539190845472405,
    "above": 13.129172741876292,
    "turn_on_times": 0,
    "turn_on_ratio": 0.0
  },
  "8": {
    "validity_ratio": 0.9590277777777778,
    "below": -0.5697322626095939,
    "above": 0,
    "turn_on_times": 2,
    "turn_on_ratio": 0.6666666666666666
  },
  "9": {
    "validity_ratio": 0.9597222222222223,
    "below": 0,
    "above": 27.43641280920332,
    "turn_on_times": 1,
    "turn_on_ratio": 0.3333333333333333
  },
  "10": {
    "validity_ratio": 0.9590277777777778,
    "below": 0,
    "above": 0,
    "turn_on_times": 0,
    "turn_on_ratio": 0
  },
  "12": {
    "validity_ratio": 0.9541666666666667,
    "below": -0.8841343416960586,
    "above": 17.6887834274165,
    "turn_on_times": 0,
    "turn_on_ratio": 0.0
  },
  "13": {
    "validity_ratio": 0.9583333333333334,
    "below": -0.9752771528884718,
    "above": 44.00096679472441,
    "turn_on_times": 0,
    "turn_on_ratio": 0.0
  }
}