{
  "1": {
    "validity_ratio": 0.6805555555555556,
    "below": -1.0402764965429085,
    "above": 31.891036851730362,
    "turn_on_times": 0,
    "turn_on_ratio": 0.0
  },
  "2": {
    "validity_ratio": 0.6826388888888889,
    "below": -1.374473480593666,
    "above": 24.410570851311107,
    "turn_on_times": 0,
    "turn_on_ratio": 0.0
  },
  "3": {
    "validity_ratio": 0.6798611111111111,
    "below": -3.2201204679509705,
    "above": 0.09950002440849279,
    "turn_on_times": 1,
    "turn_on_ratio": 0.5
  },
  "4": {
    "validity_ratio": 0.68125,
    "below": -1.7573951384327224,
    "above": 0.39165304092131525,
    "turn_on_times": 1,
    "turn_on_ratio": 0.5
  },
  "5": {
    "validity_ratio": 0.6819444444444445,
    "below": -10.318258724555498,
    "above": 6.785752867392746,
    "turn_on_times": 0,
    "turn_on_ratio": 0.0
  },
  "6": {
    "validity_ratio": 0.68125,
    "below": -0.4338759298327286,
    "above": 13.409619120586523,
    "turn_on_times": 1,
    "turn_on_ratio": 1.0
  },
  "7": {
    "validity_ratio": 0.6819444444444445,
    "below": -3.6184327110091847,
    "above": 2.5319363473565253,
    "turn_on_times": 0,
    "turn_on_ratio": 0.0
  },
  "8": {
    "validity_ratio": 0.68125,
    "below": -0.11935702062847771,
    "above": 0.16314466976993974,
    "turn_on_times": 3,
    "turn_on_ratio": 0.75
  },
  "9": {
    "validity_ratio": 0.6826388888888889,
    "below": 0,
    "above": 3.214352864221363,
    "turn_on_times": 1,
    "turn_on_ratio": 0.25
  },
  "10": {
    "validity_ratio": 0.68125,
    "below": -2.1124026658764534,
    "above": 0,
    "turn_on_times": 1,
    "turn_on_ratio": 1.0
  },
  "12": {
    "validity_ratio": 0.6777777777777778,
    "below": 0,
    "above": 16.477115896759496,
    "turn_on_times": 0,
    "turn_on_ratio": 0.0
  },
  "13": {
    "validity_ratio": 0.0,
    "below": 0,
    "above": 0,
    "turn_on_times": 0,
    "turn_on_ratio": 0.0
  }
}