{
  "1": {
    "validity_ratio": 0.4270833333333333,
    "below": 0,
    "above": 15.107893516886882,
    "turn_on_times": 0,
    "turn_on_ratio": 0.0
  },
  "2": {
    "validity_ratio": 0.42777777777777776,
    "below": 0,
    "above": 13.430485927521003,
    "turn_on_times": 0,
    "turn_on_ratio": 0.0
  },
  "3": {
    "validity_ratio": 0.42430555555555555,
    "below": -1.5596283751807571,
    "above": 0,
    "turn_on_times": 1,
    "turn_on_ratio": 0.5
  },
  "4": {
    "validity_ratio": 0.42986111111111114,
    "below": 0,
    "above": 0,
    "turn_on_times": 1,
    "turn_on_ratio": 0.5
  },
  "5": {
    "validity_ratio": 0.425,
    "below": -4.02089635875181,
    "above": 6.785985899224416,
    "turn_on_times": 0,
    "turn_on_ratio": 0.0
  },
  "6": {
    "validity_ratio": 0.42430555555555555,
    "below": -0.17496425782051264,
    "above": 11.517614436415643,
    "turn_on_times": 1,
    "turn_on_ratio": 1.0
  },
  "7": {
    "validity_ratio": 0.42777777777777776,
    "below": -2.333934485391287,
    "above": 2.531695522994039,
    "turn_on_times": 0,
    "turn_on_ratio": 0.0
  },
  "8": {
    "validity_ratio": 0.42916666666666664,
    "below": -0.1193084818648273,
    "above": 0,
    "turn_on_times": 2,
    "turn_on_ratio": 1.0
  },
  "9": {
    "validity_ratio": 0.4270833333333333,
    "below": 0,
    "above": 3.214356448497596,
    "turn_on_times": 0,
    "turn_on_ratio": 0.0
  },
  "10": {
    "validity_ratio": 0.42430555555555555,
    "below": -2.1109685620794343,
    "above": 0,
    "turn_on_times": 1,
    "turn_on_ratio": 1.0
  },
  "12": {
    "validity_ratio": 0.42569444444444443,
    "below": 0,
    "above": 9.0796442411916,
    "turn_on_times": 0,
    "turn_on_ratio": 0.0
  },
  "13": {
    "validity_ratio": 0.0,
    "below": 0,
    "above": 0,
    "turn_on_times": 0,
    "turn_on_ratio": 0.0
  }
}