{
  "1": {
    "validity_ratio": 0.8229166666666666,
    "below": -5.468852464770911,
    "above": 31.89056078382325,
    "turn_on_times": 0,
    "turn_on_ratio": 0.0
  },
  "2": {
    "validity_ratio": 0.8222222222222222,
    "below": -1.3740970895354114,
    "above": 36.92568927988381,
    "turn_on_times": 0,
    "turn_on_ratio": 0.0
  },
  "3": {
    "validity_ratio": 0.825,
    "below": -3.220061257541028,
    "above": 0.2448245278366855,
    "turn_on_times": 1,
    "turn_on_ratio": 0.5
  },
  "4": {
    "validity_ratio": 0.8201388888888889,
    "below": -2.129100043568924,
    "above": 0.391652589924549,
    "turn_on_times": 1,
    "turn_on_ratio": 0.5
  },
  "5": {
    "validity_ratio": 0.8215277777777777,
    "below": -12.302610705928798,
    "above": 6.804269381581697,
    "turn_on_times": 0,
    "turn_on_ratio": 0.0
  },
  "6": {
    "validity_ratio": 0.8201388888888889,
    "below": -0.4337665996888948,
    "above": 13.409680082165615,
    "turn_on_times": 1,
    "turn_on_ratio": 1.0
  },
  "7": {
    "validity_ratio": 0.8208333333333333,
    "below": -4.290050076009851,
    "above": 6.409421832758879,
    "turn_on_times": 0,
    "turn_on_ratio": 0.0
  },
  "8": {
    "validity_ratio": 0.8208333333333333,
    "below": -0.11926700999280075,
    "above": 0.21814906001263518,
    "turn_on_times": 3,
    "turn_on_ratio": 0.75
  },
  "9": {
    "validity_ratio": 0.8215277777777777,
    "below": 0,
    "above": 3.214359445595391,
    "turn_on_times": 1,
    "turn_on_ratio": 0.25
  },
  "10": {
    "validity_ratio": 0.8201388888888889,
    "below": -3.9786792892411977,
    "above": 0,
    "turn_on_times": 2,
    "turn_on_ratio": 1.0
  },
  "12": {
    "validity_ratio": 0.8236111111111111,
    "below": 0,
    "above": 41.13737756233524,
    "turn_on_times": 0,
    "turn_on_ratio": 0.0
  },
  "13": {
    "validity_ratio": 0.0,
    "below": 0,
    "above": 0,
    "turn_on_times": 0,
    "turn_on_ratio": 0.0
  }
}