{
  "1": {
    "validity_ratio": 0.7756944444444445,
    "below": -4.465230805485736,
    "above": 31.89049307382263,
    "turn_on_times": 0,
    "turn_on_ratio": 0.0
  },
  "2": {
    "validity_ratio": 0.7798611111111111,
    "below": -1.3740435563347675,
    "above": 33.427507674637994,
    "turn_on_times": 0,
    "turn_on_ratio": 0.0
  },
  "3": {
    "validity_ratio": 0.7763888888888889,
    "below": -3.2200528361859337,
    "above": 0.09950406228826647,
    "turn_on_times": 1,
    "turn_on_ratio": 0.5
  },
  "4": {
    "validity_ratio": 0.7784722222222222,
    "below": -2.129101531368112,
    "above": 0.39165252578035664,
    "turn_on_times": 1,
    "turn_on_ratio": 0.5
  },
  "5": {
    "validity_ratio": 0.7798611111111111,
    "below": -12.302739791503807,
    "above": 6.804207446176595,
    "turn_on_times": 0,
    "turn_on_ratio": 0.0
  },
  "6": {
    "validity_ratio": 0.7784722222222222,
    "below": -0.43375104992383634,
    "above": 13.409686310496745,
    "turn_on_times": 1,
    "turn_on_ratio": 1.0
  },
  "7": {
    "validity_ratio": 0.7791666666666667,
    "below": -4.278287031473881,
    "above": 2.586898085385456,
    "turn_on_times": 0,
    "turn_on_ratio": 0.0
  },
  "8": {
    "validity_ratio": 0.7791666666666667,
    "below": -0.11925420799521345,
    "above": 0.2181311401482554,
    "turn_on_times": 3,
    "turn_on_ratio": 0.75
  },
  "9": {
    "validity_ratio": 0.7798611111111111,
    "below": 0,
    "above": 3.214360358612061,
    "turn_on_times": 1,
    "turn_on_ratio": 0.25
  },
  "10": {
    "validity_ratio": 0.7784722222222222,
    "below": -2.1093853371167204,
    "above": 0,
    "turn_on_times": 2,
    "turn_on_ratio": 1.0
  },
  "12": {
    "validity_ratio": 0.775,
    "below": 0,
    "above": 32.99943958395687,
    "turn_on_times": 0,
    "turn_on_ratio": 0.0
  },
  "13": {
    "validity_ratio": 0.0,
    "below": 0,
    "above": 0,
    "turn_on_times": 0,
    "turn_on_ratio": 0.0
  }
}