{
  "1": {
    "validity_ratio": 0.5513888888888889,
    "below": 0,
    "above": 24.393508494028573,
    "turn_on_times": 0,
    "turn_on_ratio": 0.0
  },
  "2": {
    "validity_ratio": 0.5513888888888889,
    "below": -1.3385338228452484,
    "above": 18.953040125038367,
    "turn_on_times": 0,
    "turn_on_ratio": 0.0
  },
  "3": {
    "validity_ratio": 0.5486111111111112,
    "below": -3.220118264136439,
    "above": 0.03499999999999996,
    "turn_on_times": 1,
    "turn_on_ratio": 0.5
  },
  "4": {
    "validity_ratio": 0.5513888888888889,
    "below": -1.51175814169688,
    "above": 0,
    "turn_on_times": 1,
    "turn_on_ratio": 0.5
  },
  "5": {
    "validity_ratio": 0.55,
    "below": -7.551687556669272,
    "above": 6.785768952633552,
    "turn_on_times": 0,
    "turn_on_ratio": 0.0
  },
  "6": {
    "validity_ratio": 0.5493055555555556,
    "below": -0.21567494938265414,
    "above": 13.40962192825716,
    "turn_on_times": 1,
    "turn_on_ratio": 1.0
  },
  "7": {
    "validity_ratio": 0.5493055555555556,
    "below": -3.618431660871411,
    "above": 2.5319197253858206,
    "turn_on_times": 0,
    "turn_on_ratio": 0.0
  },
  "8": {
    "validity_ratio": 0.5541666666666667,
    "below": -0.11935367042794472,
    "above": 0,
    "turn_on_times": 2,
    "turn_on_ratio": 1.0
  },
  "9": {
    "validity_ratio": 0.5520833333333334,
    "below": 0,
    "above": 3.214353114261835,
    "turn_on_times": 0,
    "turn_on_ratio": 0.0
  },
  "10": {
    "validity_ratio": 0.5493055555555556,
    "below": -2.1123031309559224,
    "above": 0,
    "turn_on_times": 1,
    "turn_on_ratio": 1.0
  },
  "12": {
    "validity_ratio": 0.5541666666666667,
    "below": 0,
    "above": 10.1247528492352,
    "turn_on_times": 0,
    "turn_on_ratio": 0.0
  },
  "13": {
    "validity_ratio": 0.0,
    "below": 0,
    "above": 0,
    "turn_on_times": 0,
    "turn_on_ratio": 0.0
  }
}