{
  "1": {
    "validity_ratio": 0.4888888888888889,
    "below": 0,
    "above": 19.26120825976159,
    "turn_on_times": 0,
    "turn_on_ratio": 0.0
  },
  "2": {
    "validity_ratio": 0.49027777777777776,
    "below": 0,
    "above": 17.543283142694403,
    "turn_on_times": 0,
    "turn_on_ratio": 0.0
  },
  "3": {
    "validity_ratio": 0.4861111111111111,
    "below": -2.25714182774436,
    "above": 0,
    "turn_on_times": 1,
    "turn_on_ratio": 0.5
  },
  "4": {
    "validity_ratio": 0.4888888888888889,
    "below": -0.8534482064110914,
    "above": 0,
    "turn_on_times": 1,
    "turn_on_ratio": 0.5
  },
  "5": {
    "validity_ratio": 0.4875,
    "below": -5.735372333062168,
    "above": 6.786075263542334,
    "turn_on_times": 0,
    "turn_on_ratio": 0.0
  },
  "6": {
    "validity_ratio": 0.48680555555555555,
    "below": -0.17494741947888362,
    "above": 13.325377687090672,
    "turn_on_times": 1,
    "turn_on_ratio": 1.0
  },
  "7": {
    "validity_ratio": 0.4895833333333333,
    "below": -3.61841166105106,
    "above": 2.531603160800996,
    "turn_on_times": 0,
    "turn_on_ratio": 0.0
  },
  "8": {
    "validity_ratio": 0.49166666666666664,
    "below": -0.11928986602956822,
    "above": 0,
    "turn_on_times": 2,
    "turn_on_ratio": 1.0
  },
  "9": {
    "validity_ratio": 0.4895833333333333,
    "below": 0,
    "above": 3.2143578012774876,
    "turn_on_times": 0,
    "turn_on_ratio": 0.0
  },
  "10": {
    "validity_ratio": 0.48680555555555555,
    "below": -2.1104231009485814,
    "above": 0,
    "turn_on_times": 1,
    "turn_on_ratio": 1.0
  },
  "12": {
    "validity_ratio": 0.4888888888888889,
    "below": 0,
    "above": 9.216992619682655,
    "turn_on_times": 0,
    "turn_on_ratio": 0.0
  },
  "13": {
    "validity_ratio": 0.0,
    "below": 0,
    "above": 0,
    "turn_on_times": 0,
    "turn_on_ratio": 0.0
  }
}