{
  "1": {
    "validity_ratio": 0.3368055555555556,
    "below": 0,
    "above": 9.041233274718234,
    "turn_on_times": 0,
    "turn_on_ratio": 0.0
  },
  "2": {
    "validity_ratio": 0.3375,
    "below": 0,
    "above": 7.926800327926675,
    "turn_on_times": 0,
    "turn_on_ratio": 0.0
  },
  "3": {
    "validity_ratio": 0.33958333333333335,
    "below": -0.23863971042363416,
    "above": 0,
    "turn_on_times": 1,
    "turn_on_ratio": 0.5
  },
  "4": {
    "validity_ratio": 0.33958333333333335,
    "below": 0,
    "above": 0,
    "turn_on_times": 1,
    "turn_on_ratio": 0.5
  },
  "5": {
    "validity_ratio": 0.34097222222222223,
    "below": -0.9256314463332548,
    "above": 6.785955015476556,
    "turn_on_times": 0,
    "turn_on_ratio": 0.0
  },
  "6": {
    "validity_ratio": 0.34097222222222223,
    "below": -0.17497007682126653,
    "above": 6.625184068044897,
    "turn_on_times": 1,
    "turn_on_ratio": 1.0
  },
  "7": {
    "validity_ratio": 0.3375,
    "below": -0.46501999088778156,
    "above": 2.5317274415572104,
    "turn_on_times": 0,
    "turn_on_ratio": 0.0
  },
  "8": {
    "validity_ratio": 0.3402777777777778,
    "below": -0.11931491513253224,
    "above": 0,
    "turn_on_times": 1,
    "turn_on_ratio": 1.0
  },
  "9": {
    "validity_ratio": 0.3375,
    "below": 0,
    "above": 1.8606672899638914,
    "turn_on_times": 0,
    "turn_on_ratio": 0.0
  },
  "10": {
    "validity_ratio": 0.34097222222222223,
    "below": -2.1111576497419384,
    "above": 0,
    "turn_on_times": 1,
    "turn_on_ratio": 1.0
  },
  "12": {
    "validity_ratio": 0.3423611111111111,
    "below": 0,
    "above": 6.962773941957239,
    "turn_on_times": 0,
    "turn_on_ratio": 0.0
  },
  "13": {
    "validity_ratio": 0.0,
    "below": 0,
    "above": 0,
    "turn_on_times": 0,
    "turn_on_ratio": 0.0
  }
}