{
  "1": {
    "validity_ratio": 0.3368055555555556,
    "below": 0,
    "above": 9.041273818212142,
    "turn_on_times": 0,
    "turn_on_ratio": 0.0
  },
  "2": {
    "validity_ratio": 0.3375,
    "below": 0,
    "above": 7.926869429189305,
    "turn_on_times": 0,
    "turn_on_ratio": 0.0
  },
  "3": {
    "validity_ratio": 0.3388888888888889,
    "below": -0.23866011839464862,
    "above": 0,
    "turn_on_times": 1,
    "turn_on_ratio": 0.5
  },
  "4": {
    "validity_ratio": 0.3388888888888889,
    "below": 0,
    "above": 0,
    "turn_on_times": 1,
    "turn_on_ratio": 0.5
  },
  "5": {
    "validity_ratio": 0.3368055555555556,
    "below": -0.7155777156533781,
    "above": 6.7857601012993864,
    "turn_on_times": 0,
    "turn_on_ratio": 0.0
  },
  "6": {
    "validity_ratio": 0.33402777777777776,
    "below": -0.1750067991644038,
    "above": 6.169223055094383,
    "turn_on_times": 1,
    "turn_on_ratio": 1.0
  },
  "7": {
    "validity_ratio": 0.3375,
    "below": -0.4649690396648217,
    "above": 2.5319288720912003,
    "turn_on_times": 0,
    "turn_on_ratio": 0.0
  },
  "8": {
    "validity_ratio": 0.3333333333333333,
    "below": -0.11935551396971154,
    "above": 0,
    "turn_on_times": 1,
    "turn_on_ratio": 1.0
  },
  "9": {
    "validity_ratio": 0.3375,
    "below": 0,
    "above": 1.8606536474978084,
    "turn_on_times": 0,
    "turn_on_ratio": 0.0
  },
  "10": {
    "validity_ratio": 0.33402777777777776,
    "below": -2.1123578927189026,
    "above": 0,
    "turn_on_times": 1,
    "turn_on_ratio": 1.0
  },
  "12": {
    "validity_ratio": 0.3368055555555556,
    "below": 0,
    "above": 6.843744243164585,
    "turn_on_times": 0,
    "turn_on_ratio": 0.0
  },
  "13": {
    "validity_ratio": 0.0,
    "below": 0,
    "above": 0,
    "turn_on_times": 0,
    "turn_on_ratio": 0.0
  }
}