{
  "1": {
    "validity_ratio": 0.7201388888888889,
    "below": -2.909841218591292,
    "above": 31.890698267123856,
    "turn_on_times": 0,
    "turn_on_ratio": 0.0
  },
  "2": {
    "validity_ratio": 0.7243055555555555,
    "below": -1.3742057872321705,
    "above": 28.50956740714823,
    "turn_on_times": 0,
    "turn_on_ratio": 0.0
  },
  "3": {
    "validity_ratio": 0.7215277777777778,
    "below": -3.2200783568717473,
    "above": 0.09950253860392967,
    "turn_on_times": 1,
    "turn_on_ratio": 0.5
  },
  "4": {
    "validity_ratio": 0.7229166666666667,
    "below": -1.7574025781890033,
    "above": 0.39165272016757313,
    "turn_on_times": 1,
    "turn_on_ratio": 0.5
  },
  "5": {
    "validity_ratio": 0.7243055555555555,
    "below": -11.233968256004054,
    "above": 6.78606019977219,
    "turn_on_times": 0,
    "turn_on_ratio": 0.0
  },
  "6": {
    "validity_ratio": 0.7229166666666667,
    "below": -0.4337981730606862,
    "above": 13.409665564596292,
    "turn_on_times": 1,
    "turn_on_ratio": 1.0
  },
  "7": {
    "validity_ratio": 0.7236111111111111,
    "below": -3.6184126446949403,
    "above": 2.531618730281633,
    "turn_on_times": 0,
    "turn_on_ratio": 0.0
  },
  "8": {
    "validity_ratio": 0.7229166666666667,
    "below": -0.1192930040980468,
    "above": 0.2181854363139438,
    "turn_on_times": 3,
    "turn_on_ratio": 0.75
  },
  "9": {
    "validity_ratio": 0.7243055555555555,
    "below": 0,
    "above": 3.21435757408967,
    "turn_on_times": 1,
    "turn_on_ratio": 0.25
  },
  "10": {
    "validity_ratio": 0.7229166666666667,
    "below": -2.1105148723272027,
    "above": 0,
    "turn_on_times": 1,
    "turn_on_ratio": 1.0
  },
  "12": {
    "validity_ratio": 0.7194444444444444,
    "below": 0,
    "above": 23.80739090327663,
    "turn_on_times": 0,
    "turn_on_ratio": 0.0
  },
  "13": {
    "validity_ratio": 0.0,
    "below": 0,
    "above": 0,
    "turn_on_times": 0,
    "turn_on_ratio": 0.0
  }
}