{
  "1": {
    "validity_ratio": 0.1986111111111111,
    "below": 0,
    "above": 3.4065886716518117,
    "turn_on_times": 0,
    "turn_on_ratio": 0.0
  },
  "2": {
    "validity_ratio": 0.1986111111111111,
    "below": 0,
    "above": 3.166405174929968,
    "turn_on_times": 0,
    "turn_on_ratio": 0.0
  },
  "3": {
    "validity_ratio": 0.19583333333333333,
    "below": 0,
    "above": 0,
    "turn_on_times": 0,
    "turn_on_ratio": 0
  },
  "4": {
    "validity_ratio": 0.19444444444444445,
    "below": 0,
    "above": 0,
    "turn_on_times": 0,
    "turn_on_ratio": 0
  },
  "5": {
    "validity_ratio": 0.19722222222222222,
    "below": 0,
    "above": 0,
    "turn_on_times": 0,
    "turn_on_ratio": 0
  },
  "6": {
    "validity_ratio": 0.1951388888888889,
    "below": -0.1749858561779787,
    "above": 0.021486828724445347,
    "turn_on_times": 1,
    "turn_on_ratio": 1.0
  },
  "7": {
    "validity_ratio": 0.19791666666666666,
    "below": 0,
    "above": 2.265595480764668,
    "turn_on_times": 0,
    "turn_on_ratio": 0.0
  },
  "8": {
    "validity_ratio": 0.1951388888888889,
    "below": 0,
    "above": 0,
    "turn_on_times": 0,
    "turn_on_ratio": 0
  },
  "9": {
    "validity_ratio": 0.2,
    "below": 0,
    "above": 0,
    "turn_on_times": 0,
    "turn_on_ratio": 0
  },
  "10": {
    "validity_ratio": 0.1951388888888889,
    "below": -2.111671915198276,
    "above": 0,
    "turn_on_times": 1,
    "turn_on_ratio": 1.0
  },
  "12": {
    "validity_ratio": 0.19791666666666666,
    "below": 0,
    "above": 0,
    "turn_on_times": 0,
    "turn_on_ratio": 0
  },
  "13": {
    "validity_ratio": 0.0,
    "below": 0,
    "above": 0,
    "turn_on_times": 0,
    "turn_on_ratio": 0.0
  }
}