{
  "1": {
    "validity_ratio": 0.9055555555555556,
    "below": -7.567138689994859,
    "above": 31.89093964792722,
    "turn_on_times": 0,
    "turn_on_ratio": 0.0
  },
  "2": {
    "validity_ratio": 0.9055555555555556,
    "below": -1.3743966288635212,
    "above": 43.37011804118507,
    "turn_on_times": 0,
    "turn_on_ratio": 0.0
  },
  "3": {
    "validity_ratio": 0.9083333333333333,
    "below": -3.2201083783373976,
    "above": 1.073328997886823,
    "turn_on_times": 2,
    "turn_on_ratio": 0.6666666666666666
  },
  "4": {
    "validity_ratio": 0.9034722222222222,
    "below": -2.1290917187468783,
    "above": 0.6152392536976623,
    "turn_on_times": 1,
    "turn_on_ratio": 0.3333333333333333
  },
  "5": {
    "validity_ratio": 0.9048611111111111,
    "below": -12.301888421328956,
    "above": 19.15714789698814,
    "turn_on_times": 0,
    "turn_on_ratio": 0.0
  },
  "6": {
    "validity_ratio": 0.9034722222222222,
    "below": -0.43385360674474255,
    "above": 15.803215273100616,
    "turn_on_times": 1,
    "turn_on_ratio": 1.0
  },
  "7": {
    "validity_ratio": 0.9048611111111111,
    "below": -4.2900331842786334,
    "above": 12.460672970443985,
    "turn_on_times": 0,
    "turn_on_ratio": 0.0
  },
  "8": {
    "validity_ratio": 0.9041666666666667,
    "below": -0.11933864220813142,
    "above": 0.21824927177844736,
    "turn_on_times": 3,
    "turn_on_ratio": 0.75
  },
  "9": {
    "validity_ratio": 0.9048611111111111,
    "below": 0,
    "above": 3.2143542310511926,
    "turn_on_times": 1,
    "turn_on_ratio": 0.25
  },
  "10": {
    "validity_ratio": 0.9034722222222222,
    "below": -8.86095818088671,
    "above": 0,
    "turn_on_times": 2,
    "turn_on_ratio": 1.0
  },
  "12": {
    "validity_ratio": 0.9069444444444444,
    "below": 0,
    "above": 52.82092475712003,
    "turn_on_times": 0,
    "turn_on_ratio": 0.0
  },
  "13": {
    "validity_ratio": 0.0,
    "below": 0,
    "above": 0,
    "turn_on_times": 0,
    "turn_on_ratio": 0.0
  }
}