{
  "1": {
    "validity_ratio": 0.8506944444444444,
    "below": -6.398951775233562,
    "above": 31.890698674739845,
    "turn_on_times": 0,
    "turn_on_ratio": 0.0
  },
  "2": {
    "validity_ratio": 0.85,
    "below": -1.37420610950345,
    "above": 39.12794322904259,
    "turn_on_times": 0,
    "turn_on_ratio": 0.0
  },
  "3": {
    "validity_ratio": 0.8527777777777777,
    "below": -3.2200784075685265,
    "above": 0.6448169622048482,
    "turn_on_times": 1,
    "turn_on_ratio": 0.5
  },
  "4": {
    "validity_ratio": 0.8479166666666667,
    "below": -2.129097013676859,
    "above": 0.3916527205537229,
    "turn_on_times": 1,
    "turn_on_ratio": 0.5
  },
  "5": {
    "validity_ratio": 0.8493055555555555,
    "below": -12.30234782410796,
    "above": 11.7630417244974,
    "turn_on_times": 0,
    "turn_on_ratio": 0.0
  },
  "6": {
    "validity_ratio": 0.8479166666666667,
    "below": -0.43379826667068144,
    "above": 13.409665517826035,
    "turn_on_times": 1,
    "turn_on_ratio": 1.0
  },
  "7": {
    "validity_ratio": 0.8493055555555555,
    "below": -4.290043928115987,
    "above": 8.697226242106675,
    "turn_on_times": 0,
    "turn_on_ratio": 0.0
  },
  "8": {
    "validity_ratio": 0.8486111111111111,
    "below": -0.11929308116640891,
    "above": 0.2181855441449449,
    "turn_on_times": 3,
    "turn_on_ratio": 0.75
  },
  "9": {
    "validity_ratio": 0.8493055555555555,
    "below": 0,
    "above": 3.2143575685057906,
    "turn_on_times": 1,
    "turn_on_ratio": 0.25
  },
  "10": {
    "validity_ratio": 0.8479166666666667,
    "below": -5.675792643443771,
    "above": 0,
    "turn_on_times": 2,
    "turn_on_ratio": 1.0
  },
  "12": {
    "validity_ratio": 0.8513888888888889,
    "below": 0,
    "above": 45.75050626117235,
    "turn_on_times": 0,
    "turn_on_ratio": 0.0
  },
  "13": {
    "validity_ratio": 0.0,
    "below": 0,
    "above": 0,
    "turn_on_times": 0,
    "turn_on_ratio": 0.0
  }
}