{
  "1": {
    "validity_ratio": 0.9534722222222223,
    "below": -8.579044150222888,
    "above": 31.89048530038049,
    "turn_on_times": 0,
    "turn_on_ratio": 0.0
  },
  "2": {
    "validity_ratio": 0.9534722222222223,
    "below": -1.374037410459211,
    "above": 46.754013987726026,
    "turn_on_times": 0,
    "turn_on_ratio": 0.0
  },
  "3": {
    "validity_ratio": 0.95,
    "below": -3.2200518693728197,
    "above": 1.1172970738766266,
    "turn_on_times": 2,
    "turn_on_ratio": 0.6666666666666666
  },
  "4": {
    "validity_ratio": 0.9520833333333333,
    "below": -2.129101702174798,
    "above": 3.255785507862843,
    "turn_on_times": 1,
    "turn_on_ratio": 0.3333333333333333
  },
  "5": {
    "validity_ratio": 0.9534722222222223,
    "below": -12.302754611164701,
    "above": 23.45210649065736,
    "turn_on_times": 0,
    "turn_on_ratio": 0.0
  },
  "6": {
    "validity_ratio": 0.9486111111111111,
    "below": -1.132795156246539,
    "above": 17.65517126776807,
    "turn_on_times": 1,
    "turn_on_ratio": 1.0
  },
  "7": {
    "validity_ratio": 0.9534722222222223,
    "below": -4.290053441454119,
    "above": 15.220172756980071,
    "turn_on_times": 0,
    "turn_on_ratio": 0.0
  },
  "8": {
    "validity_ratio": 0.9527777777777777,
    "below": -0.11925273826272728,
    "above": 0.21812908266198022,
    "turn_on_times": 3,
    "turn_on_ratio": 0.75
  },
  "9": {
    "validity_ratio": 0.9534722222222223,
    "below": 0,
    "above": 3.2143604630637754,
    "turn_on_times": 1,
    "turn_on_ratio": 0.25
  },
  "10": {
    "validity_ratio": 0.9520833333333333,
    "below": -11.206329401736923,
    "above": 0,
    "turn_on_times": 2,
    "turn_on_ratio": 1.0
  },
  "12": {
    "validity_ratio": 0.9486111111111111,
    "below": 0,
    "above": 56.687146041749365,
    "turn_on_times": 0,
    "turn_on_ratio": 0.0
  },
  "13": {
    "validity_ratio": 0.0,
    "below": 0,
    "above": 0,
    "turn_on_times": 0,
    "turn_on_ratio": 0.0
  }
}