{
  "1": {
    "validity_ratio": 0.6138888888888889,
    "below": -3.247593417596692,
    "above": 33.85280980195316,
    "turn_on_times": 0,
    "turn_on_ratio": 0.0
  },
  "2": {
    "validity_ratio": 0.6125,
    "below": -4.249857872159184,
    "above": 2.338884733200409,
    "turn_on_times": 2,
    "turn_on_ratio": 0.6666666666666666
  },
  "3": {
    "validity_ratio": 0.6159722222222223,
    "below": -2.385565402147771,
    "above": 0.12906984972679,
    "turn_on_times": 1,
    "turn_on_ratio": 0.25
  },
  "4": {
    "validity_ratio": 0.6166666666666667,
    "below": -4.156494711375309,
    "above": 0.5411997583333296,
    "turn_on_times": 1,
    "turn_on_ratio": 0.25
  },
  "5": {
    "validity_ratio": 0.6145833333333334,
    "below": -13.208241141856638,
    "above": 0,
    "turn_on_times": 1,
    "turn_on_ratio": 0.25
  },
  "6": {
    "validity_ratio": 0.6125,
    "below": -7.078040851137857,
    "above": 7.925884399710592,
    "turn_on_times": 1,
    "turn_on_ratio": 0.3333333333333333
  },
  "7": {
    "validity_ratio": 0.6138888888888889,
    "below": -10.428989359411885,
    "above": 2.414717003015049,
    "turn_on_times": 0,
    "turn_on_ratio": 0.0
  },
  "8": {
    "validity_ratio": 0.6166666666666667,
    "below": -0.12099329440523121,
    "above": 0,
    "turn_on_times": 3,
    "turn_on_ratio": 0.75
  },
  "9": {
    "validity_ratio": 0.6118055555555556,
    "below": 0,
    "above": 5.127933720823677,
    "turn_on_times": 1,
    "turn_on_ratio": 0.25
  },
  "10": {
    "validity_ratio": 0.6173611111111111,
    "below": -2.4225045032697707,
    "above": 0,
    "turn_on_times": 1,
    "turn_on_ratio": 1.0
  },
  "12": {
    "validity_ratio": 0.6125,
    "below": -2.220428046304889,
    "above": 12.443412637206285,
    "turn_on_times": 1,
    "turn_on_ratio": 0.25
  },
  "13": {
    "validity_ratio": 0.0,
    "below": 0,
    "above": 0,
    "turn_on_times": 0,
    "turn_on_ratio": 0.0
  }
}