{
  "1": {
    "validity_ratio": 0.5263888888888889,
    "below": 0,
    "above": 33.56945537186546,
    "turn_on_times": 0,
    "turn_on_ratio": 0.0
  },
  "2": {
    "validity_ratio": 0.5222222222222223,
    "below": -4.249860591770524,
    "above": 2.3387470843369313,
    "turn_on_times": 2,
    "turn_on_ratio": 0.6666666666666666
  },
  "3": {
    "validity_ratio": 0.5256944444444445,
    "below": -2.3855199331823287,
    "above": 0,
    "turn_on_times": 1,
    "turn_on_ratio": 0.25
  },
  "4": {
    "validity_ratio": 0.5263888888888889,
    "below": -3.460791423144105,
    "above": 0,
    "turn_on_times": 1,
    "turn_on_ratio": 0.25
  },
  "5": {
    "validity_ratio": 0.525,
    "below": -12.793063246456667,
    "above": 0,
    "turn_on_times": 1,
    "turn_on_ratio": 0.25
  },
  "6": {
    "validity_ratio": 0.5222222222222223,
    "below": -5.334113322846792,
    "above": 7.926051668420551,
    "turn_on_times": 1,
    "turn_on_ratio": 0.3333333333333333
  },
  "7": {
    "validity_ratio": 0.5229166666666667,
    "below": -10.07743039762617,
    "above": 2.4146653124872763,
    "turn_on_times": 0,
    "turn_on_ratio": 0.0
  },
  "8": {
    "validity_ratio": 0.5263888888888889,
    "below": -0.12097815376647088,
    "above": 0,
    "turn_on_times": 2,
    "turn_on_ratio": 1.0
  },
  "9": {
    "validity_ratio": 0.5215277777777778,
    "below": 0,
    "above": 5.127546605440454,
    "turn_on_times": 0,
    "turn_on_ratio": 0.0
  },
  "10": {
    "validity_ratio": 0.5270833333333333,
    "below": 0,
    "above": 0,
    "turn_on_times": 0,
    "turn_on_ratio": 0
  },
  "12": {
    "validity_ratio": 0.5222222222222223,
    "below": -2.2203959432596974,
    "above": 2.198259805385713,
    "turn_on_times": 1,
    "turn_on_ratio": 0.25
  },
  "13": {
    "validity_ratio": 0.0,
    "below": 0,
    "above": 0,
    "turn_on_times": 0,
    "turn_on_ratio": 0.0
  }
}