{
  "1": {
    "validity_ratio": 0.6409722222222223,
    "below": -3.898055056875986,
    "above": 33.852771636536716,
    "turn_on_times": 0,
    "turn_on_ratio": 0.0
  },
  "2": {
    "validity_ratio": 0.6402777777777777,
    "below": -4.249862792115004,
    "above": 4.358279635109374,
    "turn_on_times": 2,
    "turn_on_ratio": 0.6666666666666666
  },
  "3": {
    "validity_ratio": 0.6368055555555555,
    "below": -2.3854831457982337,
    "above": 2.829635401502743,
    "turn_on_times": 1,
    "turn_on_ratio": 0.25
  },
  "4": {
    "validity_ratio": 0.6375,
    "below": -4.156557710680601,
    "above": 0.5413147538611068,
    "turn_on_times": 1,
    "turn_on_ratio": 0.25
  },
  "5": {
    "validity_ratio": 0.6354166666666666,
    "below": -13.208291484087912,
    "above": 0,
    "turn_on_times": 1,
    "turn_on_ratio": 0.25
  },
  "6": {
    "validity_ratio": 0.6402777777777777,
    "below": -7.5055944816802125,
    "above": 7.926185984705427,
    "turn_on_times": 1,
    "turn_on_ratio": 0.3333333333333333
  },
  "7": {
    "validity_ratio": 0.6416666666666667,
    "below": -10.429110813251908,
    "above": 2.864623485604219,
    "turn_on_times": 0,
    "turn_on_ratio": 0.0
  },
  "8": {
    "validity_ratio": 0.6375,
    "below": -0.12096590399373007,
    "above": 0,
    "turn_on_times": 3,
    "turn_on_ratio": 0.75
  },
  "9": {
    "validity_ratio": 0.6395833333333333,
    "below": 0,
    "above": 5.127233400168679,
    "turn_on_times": 1,
    "turn_on_ratio": 0.25
  },
  "10": {
    "validity_ratio": 0.6381944444444444,
    "below": -3.530396894932016,
    "above": 0,
    "turn_on_times": 1,
    "turn_on_ratio": 1.0
  },
  "12": {
    "validity_ratio": 0.6402777777777777,
    "below": -2.2203699688911223,
    "above": 17.40254137000069,
    "turn_on_times": 1,
    "turn_on_ratio": 0.25
  },
  "13": {
    "validity_ratio": 0.0,
    "below": 0,
    "above": 0,
    "turn_on_times": 0,
    "turn_on_ratio": 0.0
  }
}