{
  "1": {
    "validity_ratio": 0.7451388888888889,
    "below": -4.632066035342423,
    "above": 39.75238388108933,
    "turn_on_times": 0,
    "turn_on_ratio": 0.0
  },
  "2": {
    "validity_ratio": 0.7444444444444445,
    "below": -4.249857625395976,
    "above": 13.081629560622309,
    "turn_on_times": 2,
    "turn_on_ratio": 0.5
  },
  "3": {
    "validity_ratio": 0.7472222222222222,
    "below": -2.385569527762171,
    "above": 11.352422578455913,
    "turn_on_times": 1,
    "turn_on_ratio": 0.25
  },
  "4": {
    "validity_ratio": 0.7486111111111111,
    "below": -4.15649155160901,
    "above": 1.5799073943825033,
    "turn_on_times": 1,
    "turn_on_ratio": 0.25
  },
  "5": {
    "validity_ratio": 0.7465277777777778,
    "below": -13.573530519631493,
    "above": 0.13836134127703417,
    "turn_on_times": 1,
    "turn_on_ratio": 0.25
  },
  "6": {
    "validity_ratio": 0.7444444444444445,
    "below": -7.712360147392305,
    "above": 7.91753911529562,
    "turn_on_times": 2,
    "turn_on_ratio": 0.5
  },
  "7": {
    "validity_ratio": 0.7458333333333333,
    "below": -11.024801182509243,
    "above": 7.258574071110833,
    "turn_on_times": 0,
    "turn_on_ratio": 0.0
  },
  "8": {
    "validity_ratio": 0.7479166666666667,
    "below": -0.12099466818703371,
    "above": 0,
    "turn_on_times": 5,
    "turn_on_ratio": 0.7142857142857143
  },
  "9": {
    "validity_ratio": 0.74375,
    "below": 0,
    "above": 5.12796884540023,
    "turn_on_times": 2,
    "turn_on_ratio": 0.2857142857142857
  },
  "10": {
    "validity_ratio": 0.7493055555555556,
    "below": -8.48761553439114,
    "above": 0,
    "turn_on_times": 1,
    "turn_on_ratio": 1.0
  },
  "12": {
    "validity_ratio": 0.7444444444444445,
    "below": -2.2204309591056988,
    "above": 28.890612476049984,
    "turn_on_times": 1,
    "turn_on_ratio": 0.25
  },
  "13": {
    "validity_ratio": 0.0,
    "below": 0,
    "above": 0,
    "turn_on_times": 0,
    "turn_on_ratio": 0.0
  }
}