{
  "1": {
    "validity_ratio": 0.6479166666666667,
    "below": -4.049898287559518,
    "above": 33.85273517652619,
    "turn_on_times": 0,
    "turn_on_ratio": 0.0
  },
  "2": {
    "validity_ratio": 0.6472222222222223,
    "below": -4.249867492224621,
    "above": 5.105886377014295,
    "turn_on_times": 2,
    "turn_on_ratio": 0.6666666666666666
  },
  "3": {
    "validity_ratio": 0.64375,
    "below": -2.3854045650397837,
    "above": 3.7122356494448647,
    "turn_on_times": 1,
    "turn_on_ratio": 0.25
  },
  "4": {
    "validity_ratio": 0.6444444444444445,
    "below": -4.156617894887893,
    "above": 0.5414246108611088,
    "turn_on_times": 1,
    "turn_on_ratio": 0.25
  },
  "5": {
    "validity_ratio": 0.6430555555555556,
    "below": -13.208339576797323,
    "above": 0,
    "turn_on_times": 1,
    "turn_on_ratio": 0.25
  },
  "6": {
    "validity_ratio": 0.6472222222222223,
    "below": -7.597271545520613,
    "above": 7.926469853702554,
    "turn_on_times": 1,
    "turn_on_ratio": 0.3333333333333333
  },
  "7": {
    "validity_ratio": 0.6486111111111111,
    "below": -10.429226839977138,
    "above": 3.6145341225642698,
    "turn_on_times": 0,
    "turn_on_ratio": 0.0
  },
  "8": {
    "validity_ratio": 0.6444444444444445,
    "below": -0.12093973751148102,
    "above": 0,
    "turn_on_times": 4,
    "turn_on_ratio": 0.6666666666666666
  },
  "9": {
    "validity_ratio": 0.6465277777777778,
    "below": 0,
    "above": 5.126564358596069,
    "turn_on_times": 2,
    "turn_on_ratio": 0.3333333333333333
  },
  "10": {
    "validity_ratio": 0.6451388888888889,
    "below": -3.886742209028998,
    "above": 0,
    "turn_on_times": 1,
    "turn_on_ratio": 1.0
  },
  "12": {
    "validity_ratio": 0.6472222222222223,
    "below": -2.2203144829119763,
    "above": 18.644927514440983,
    "turn_on_times": 1,
    "turn_on_ratio": 0.25
  },
  "13": {
    "validity_ratio": 0.0,
    "below": 0,
    "above": 0,
    "turn_on_times": 0,
    "turn_on_ratio": 0.0
  }
}