{
  "1": {
    "validity_ratio": 0.8138888888888889,
    "below": -4.632948343194027,
    "above": 44.802593125765554,
    "turn_on_times": 0,
    "turn_on_ratio": 0.0
  },
  "2": {
    "validity_ratio": 0.8145833333333333,
    "below": -4.2498667376202235,
    "above": 17.694730562555506,
    "turn_on_times": 2,
    "turn_on_ratio": 0.5
  },
  "3": {
    "validity_ratio": 0.8166666666666667,
    "below": -2.3854171812105824,
    "above": 15.944135898774977,
    "turn_on_times": 1,
    "turn_on_ratio": 0.2
  },
  "4": {
    "validity_ratio": 0.8180555555555555,
    "below": -4.156608232290414,
    "above": 6.764532310073769,
    "turn_on_times": 1,
    "turn_on_ratio": 0.2
  },
  "5": {
    "validity_ratio": 0.8159722222222222,
    "below": -14.743088964407171,
    "above": 0.15111530023396674,
    "turn_on_times": 2,
    "turn_on_ratio": 0.4
  },
  "6": {
    "validity_ratio": 0.8138888888888889,
    "below": -7.712357403394877,
    "above": 11.454840154317562,
    "turn_on_times": 2,
    "turn_on_ratio": 0.5
  },
  "7": {
    "validity_ratio": 0.8159722222222222,
    "below": -11.025057002894108,
    "above": 10.932650907145462,
    "turn_on_times": 0,
    "turn_on_ratio": 0.0
  },
  "8": {
    "validity_ratio": 0.8173611111111111,
    "below": -0.12094393855020602,
    "above": 0,
    "turn_on_times": 5,
    "turn_on_ratio": 0.625
  },
  "9": {
    "validity_ratio": 0.8131944444444444,
    "below": 0,
    "above": 5.404528028040944,
    "turn_on_times": 3,
    "turn_on_ratio": 0.375
  },
  "10": {
    "validity_ratio": 0.81875,
    "below": -9.923682940538747,
    "above": 0,
    "turn_on_times": 1,
    "turn_on_ratio": 1.0
  },
  "12": {
    "validity_ratio": 0.8138888888888889,
    "below": -2.2203233914527845,
    "above": 35.09826538033338,
    "turn_on_times": 1,
    "turn_on_ratio": 0.2
  },
  "13": {
    "validity_ratio": 0.0,
    "below": 0,
    "above": 0,
    "turn_on_times": 0,
    "turn_on_ratio": 0.0
  }
}