{
  "1": {
    "validity_ratio": 0.5791666666666667,
    "below": -2.250400806901251,
    "above": 33.85273736200533,
    "turn_on_times": 0,
    "turn_on_ratio": 0.0
  },
  "2": {
    "validity_ratio": 0.5777777777777777,
    "below": -4.249867210491529,
    "above": 2.338412088151989,
    "turn_on_times": 2,
    "turn_on_ratio": 0.6666666666666666
  },
  "3": {
    "validity_ratio": 0.5743055555555555,
    "below": -2.3854092753129303,
    "above": 0,
    "turn_on_times": 1,
    "turn_on_ratio": 0.25
  },
  "4": {
    "validity_ratio": 0.575,
    "below": -4.106614287337382,
    "above": 0,
    "turn_on_times": 1,
    "turn_on_ratio": 0.25
  },
  "5": {
    "validity_ratio": 0.5798611111111112,
    "below": -13.208336694033118,
    "above": 0,
    "turn_on_times": 1,
    "turn_on_ratio": 0.25
  },
  "6": {
    "validity_ratio": 0.5777777777777777,
    "below": -6.539773182803673,
    "above": 7.926452954803989,
    "turn_on_times": 1,
    "turn_on_ratio": 0.3333333333333333
  },
  "7": {
    "validity_ratio": 0.5784722222222223,
    "below": -10.429219885124844,
    "above": 2.4145394798191067,
    "turn_on_times": 0,
    "turn_on_ratio": 0.0
  },
  "8": {
    "validity_ratio": 0.575,
    "below": -0.12094130597787321,
    "above": 0,
    "turn_on_times": 3,
    "turn_on_ratio": 0.75
  },
  "9": {
    "validity_ratio": 0.5770833333333333,
    "below": 0,
    "above": 5.126604462559091,
    "turn_on_times": 1,
    "turn_on_ratio": 0.25
  },
  "10": {
    "validity_ratio": 0.56875,
    "below": 0,
    "above": 0,
    "turn_on_times": 0,
    "turn_on_ratio": 0
  },
  "12": {
    "validity_ratio": 0.5777777777777777,
    "below": -2.2203178089448796,
    "above": 6.279684291793039,
    "turn_on_times": 1,
    "turn_on_ratio": 0.25
  },
  "13": {
    "validity_ratio": 0.0,
    "below": 0,
    "above": 0,
    "turn_on_times": 0,
    "turn_on_ratio": 0.0
  }
}