{
  "1": {
    "validity_ratio": 0.9916666666666667,
    "below": -0.20722890040971917,
    "above": 7.9979837883982805,
    "turn_on_times": 0,
    "turn_on_ratio": 0.0
  },
  "2": {
    "validity_ratio": 0.9958333333333333,
    "below": 0.011419802109783515,
    "above": 47.19728117835432,
    "turn_on_times": 0,
    "turn_on_ratio": 0.0
  },
  "3": {
    "validity_ratio": 0.9951388888888889,
    "below": -8.810088493477862,
    "above": 0.046098104793757186,
    "turn_on_times": 2,
    "turn_on_ratio": 1.0
  },
  "4": {
    "validity_ratio": 0.9930555555555556,
    "below": -1.0930169660353497,
    "above": 0.10049999999999996,
    "turn_on_times": 2,
    "turn_on_ratio": 0.4
  },
  "5": {
    "validity_ratio": 0.9916666666666667,
    "below": -0.5529774991477997,
    "above": 15.275343217192386,
    "turn_on_times": 1,
    "turn_on_ratio": 0.2
  },
  "6": {
    "validity_ratio": 0.9895833333333334,
    "below": -2.1387945307236715,
    "above": 10.031308465657089,
    "turn_on_times": 1,
    "turn_on_ratio": 0.2
  },
  "7": {
    "validity_ratio": 0.9902777777777778,
    "below": -0.6292249758870067,
    "above": 22.78550470609003,
    "turn_on_times": 1,
    "turn_on_ratio": 0.2
  },
  "8": {
    "validity_ratio": 0.9923611111111111,
    "below": -2.6352677267231353,
    "above": 0.03597777777777781,
    "turn_on_times": 2,
    "turn_on_ratio": 1.0
  },
  "9": {
    "validity_ratio": 0.9944444444444445,
    "below": 0.008442345265574119,
    "above": 22.63332204680449,
    "turn_on_times": 0,
    "turn_on_ratio": 0.0
  },
  "10": {
    "validity_ratio": 0.0,
    "below": 0,
    "above": 0,
    "turn_on_times": 0,
    "turn_on_ratio": 0
  }
}