{
  "1": {
    "validity_ratio": 0.3951388888888889,
    "below": 0,
    "above": 6.629805434670899,
    "turn_on_times": 2,
    "turn_on_ratio": 0.6666666666666666
  },
  "2": {
    "validity_ratio": 0.39652777777777776,
    "below": 0,
    "above": 29.717321500771625,
    "turn_on_times": 0,
    "turn_on_ratio": 0.0
  },
  "3": {
    "validity_ratio": 0.39305555555555555,
    "below": 0,
    "above": 4.6690523274444455,
    "turn_on_times": 0,
    "turn_on_ratio": 0.0
  },
  "4": {
    "validity_ratio": 0.3958333333333333,
    "below": 0,
    "above": 4.5428617240000015,
    "turn_on_times": 0,
    "turn_on_ratio": 0.0
  },
  "5": {
    "validity_ratio": 0.39375,
    "below": 0,
    "above": 0.01203698942359097,
    "turn_on_times": 1,
    "turn_on_ratio": 0.5
  },
  "6": {
    "validity_ratio": 0.39375,
    "below": -0.4941750283584993,
    "above": 9.730872203137265,
    "turn_on_times": 1,
    "turn_on_ratio": 0.3333333333333333
  },
  "7": {
    "validity_ratio": 0.39444444444444443,
    "below": -0.7368722532470801,
    "above": 11.753792369554679,
    "turn_on_times": 0,
    "turn_on_ratio": 0.0
  },
  "8": {
    "validity_ratio": 0.3923611111111111,
    "below": 0,
    "above": 0,
    "turn_on_times": 0,
    "turn_on_ratio": 0
  },
  "9": {
    "validity_ratio": 0.39791666666666664,
    "below": 0,
    "above": 0,
    "turn_on_times": 0,
    "turn_on_ratio": 0
  },
  "10": {
    "validity_ratio": 0.39791666666666664,
    "below": 0,
    "above": 0,
    "turn_on_times": 0,
    "turn_on_ratio": 0
  },
  "12": {
    "validity_ratio": 0.39791666666666664,
    "below": 0,
    "above": 0.5615943972150822,
    "turn_on_times": 1,
    "turn_on_ratio": 0.5
  },
  "13": {
    "validity_ratio": 0.0,
    "below": 0,
    "above": 0,
    "turn_on_times": 0,
    "turn_on_ratio": 0.0
  }
}