{
  "1": {
    "validity_ratio": 0.26944444444444443,
    "below": 0,
    "above": 2.9163255752692328,
    "turn_on_times": 2,
    "turn_on_ratio": 1.0
  },
  "2": {
    "validity_ratio": 0.26458333333333334,
    "below": 0,
    "above": 20.3678791583767,
    "turn_on_times": 0,
    "turn_on_ratio": 0.0
  },
  "3": {
    "validity_ratio": 0.26805555555555555,
    "below": 0,
    "above": 4.67007208238889,
    "turn_on_times": 0,
    "turn_on_ratio": 0.0
  },
  "4": {
    "validity_ratio": 0.2569444444444444,
    "below": 0,
    "above": 4.543853918000001,
    "turn_on_times": 0,
    "turn_on_ratio": 0.0
  },
  "5": {
    "validity_ratio": 0.26805555555555555,
    "below": 0,
    "above": 0.011198993009715925,
    "turn_on_times": 1,
    "turn_on_ratio": 0.5
  },
  "6": {
    "validity_ratio": 0.26875,
    "below": 0,
    "above": 9.731363937219173,
    "turn_on_times": 0,
    "turn_on_ratio": 0.0
  },
  "7": {
    "validity_ratio": 0.26944444444444443,
    "below": -0.7369684417826603,
    "above": 6.722255963140143,
    "turn_on_times": 0,
    "turn_on_ratio": 0.0
  },
  "8": {
    "validity_ratio": 0.2673611111111111,
    "below": 0,
    "above": 0,
    "turn_on_times": 0,
    "turn_on_ratio": 0
  },
  "9": {
    "validity_ratio": 0.2659722222222222,
    "below": 0,
    "above": 0,
    "turn_on_times": 0,
    "turn_on_ratio": 0
  },
  "10": {
    "validity_ratio": 0.25972222222222224,
    "below": 0,
    "above": 0,
    "turn_on_times": 0,
    "turn_on_ratio": 0
  },
  "12": {
    "validity_ratio": 0.26666666666666666,
    "below": 0,
    "above": 0.561633276351986,
    "turn_on_times": 1,
    "turn_on_ratio": 0.5
  },
  "13": {
    "validity_ratio": 0.0,
    "below": 0,
    "above": 0,
    "turn_on_times": 0,
    "turn_on_ratio": 0.0
  }
}