{"timestamp": "2026-03-21-00-00-05", "states": {"1": {"energy_kwh": 54579000.0, "volume_m3": 6779.47998046875, "power_w": 5707.0, "volume_flow_m3h": 0.4259999990463257, "flow_temperature_c": 51.0, "return_temperature_c": 40.0}, "2": {"energy_kwh": 50843000.0, "volume_m3": 7641.375, "power_w": 0.0, "volume_flow_m3h": 0.0, "flow_temperature_c": 48.0, "return_temperature_c": 38.0}, "3": {"energy_kwh": 32060000.0, "volume_m3": 4319.38818359375, "power_w": 0.0, "volume_flow_m3h": 0.0, "flow_temperature_c": 49.0, "return_temperature_c": 39.0}, "4": {"energy_kwh": 5984000.0, "volume_m3": 2102.409912109375, "power_w": 0.0, "volume_flow_m3h": 0.0, "flow_temperature_c": 48.0, "return_temperature_c": 36.0}}}
