{"timestamp": "2026-02-20-00-00-04", "states": {"1": {"energy_kwh": 50948000.0, "volume_m3": 6509.76318359375, "power_w": 10080.0, "volume_flow_m3h": 0.4580000042915344, "flow_temperature_c": 70.0, "return_temperature_c": 51.0}, "2": {"energy_kwh": 48393000.0, "volume_m3": 7475.2138671875, "power_w": 0.0, "volume_flow_m3h": 0.0, "flow_temperature_c": 58.0, "return_temperature_c": 57.0}, "3": {"energy_kwh": 30869000.0, "volume_m3": 4210.72216796875, "power_w": 0.0, "volume_flow_m3h": -0.09300000220537186, "flow_temperature_c": 29.0, "return_temperature_c": 63.0}, "4": {"energy_kwh": 4648000.0, "volume_m3": 1866.7540283203125, "power_w": 7897.0, "volume_flow_m3h": 1.9889999628067017, "flow_temperature_c": 70.0, "return_temperature_c": 67.0}}}
