{"timestamp": "2026-02-19-00-00-04", "states": {"1": {"energy_kwh": 50730000.0, "volume_m3": 6499.9130859375, "power_w": 0.0, "volume_flow_m3h": -0.024000000208616257, "flow_temperature_c": 62.0, "return_temperature_c": 68.0}, "2": {"energy_kwh": 48307000.0, "volume_m3": 7472.3427734375, "power_w": 0.0, "volume_flow_m3h": 0.0, "flow_temperature_c": 45.0, "return_temperature_c": 55.0}, "3": {"energy_kwh": 30765000.0, "volume_m3": 4205.4208984375, "power_w": 0.0, "volume_flow_m3h": -0.07599999755620956, "flow_temperature_c": 28.0, "return_temperature_c": 68.0}, "4": {"energy_kwh": 4565000.0, "volume_m3": 1850.2020263671875, "power_w": 8100.0, "volume_flow_m3h": 2.0160000324249268, "flow_temperature_c": 72.0, "return_temperature_c": 68.0}}}
