{"timestamp": "2026-04-19-00-00-07", "states": {"1": {"energy_kwh": 57074000.0, "volume_m3": 7014.10302734375, "power_w": 1567.0, "volume_flow_m3h": 0.2809999883174896, "flow_temperature_c": 40.0, "return_temperature_c": 35.0}, "2": {"energy_kwh": 52341000.0, "volume_m3": 7757.22216796875, "power_w": 1811.0, "volume_flow_m3h": 0.40700000524520874, "flow_temperature_c": 39.0, "return_temperature_c": 36.0}, "3": {"energy_kwh": 33136000.0, "volume_m3": 4469.59521484375, "power_w": 0.0, "volume_flow_m3h": 0.0, "flow_temperature_c": 40.0, "return_temperature_c": 34.0}, "4": {"energy_kwh": 5995000.0, "volume_m3": 2105.35302734375, "power_w": 0.0, "volume_flow_m3h": 0.004000000189989805, "flow_temperature_c": 40.0, "return_temperature_c": 35.0}}}
