{
  "1": {
    "validity_ratio": 0.7847222222222222,
    "below": -2.312684715172019,
    "above": 13.395861467929377,
    "turn_on_times": 0,
    "turn_on_ratio": 0.0
  },
  "2": {
    "validity_ratio": 0.7868055555555555,
    "below": -9.600309188335348,
    "above": 0.014703112139910447,
    "turn_on_times": 1,
    "turn_on_ratio": 1.0
  },
  "3": {
    "validity_ratio": 0.7861111111111111,
    "below": -3.1114720398503826,
    "above": 9.868354547089732,
    "turn_on_times": 0,
    "turn_on_ratio": 0.0
  },
  "4": {
    "validity_ratio": 0.7895833333333333,
    "below": -1.6263833333333328,
    "above": 0.356561111111111,
    "turn_on_times": 1,
    "turn_on_ratio": 0.3333333333333333
  },
  "5": {
    "validity_ratio": 0.7868055555555555,
    "below": -0.056006655574043294,
    "above": 2.5861732773644395,
    "turn_on_times": 1,
    "turn_on_ratio": 0.3333333333333333
  },
  "6": {
    "validity_ratio": 0.7895833333333333,
    "below": 0,
    "above": 14.289731878488208,
    "turn_on_times": 0,
    "turn_on_ratio": 0.0
  },
  "7": {
    "validity_ratio": 0.7854166666666667,
    "below": -1.9007865245962359,
    "above": 0.8273546361163326,
    "turn_on_times": 1,
    "turn_on_ratio": 0.3333333333333333
  },
  "8": {
    "validity_ratio": 0.79375,
    "below": -3.2299624799970514,
    "above": 0.11618851637532815,
    "turn_on_times": 3,
    "turn_on_ratio": 1.0
  },
  "9": {
    "validity_ratio": 0.7881944444444444,
    "below": 0,
    "above": 14.866784731853315,
    "turn_on_times": 0,
    "turn_on_ratio": 0.0
  },
  "10": {
    "validity_ratio": 0.6847222222222222,
    "below": -4.707864380167945,
    "above": 0,
    "turn_on_times": 1,
    "turn_on_ratio": 1.0
  }
}