{
  "1": {
    "validity_ratio": 0.4444444444444444,
    "below": 0,
    "above": 18.853991553571,
    "turn_on_times": 0,
    "turn_on_ratio": 0.0
  },
  "2": {
    "validity_ratio": 0.44166666666666665,
    "below": -2.4029676444516763,
    "above": 0,
    "turn_on_times": 2,
    "turn_on_ratio": 1.0
  },
  "3": {
    "validity_ratio": 0.44513888888888886,
    "below": -1.2531765694172057,
    "above": 7.162843265712875,
    "turn_on_times": 1,
    "turn_on_ratio": 0.5
  },
  "4": {
    "validity_ratio": 0.4444444444444444,
    "below": -2.9443338725134227,
    "above": 10.022318479090933,
    "turn_on_times": 0,
    "turn_on_ratio": 0.0
  },
  "5": {
    "validity_ratio": 0.44166666666666665,
    "below": -2.2032672625513943,
    "above": 1.6896026171231873,
    "turn_on_times": 1,
    "turn_on_ratio": 0.5
  },
  "6": {
    "validity_ratio": 0.44583333333333336,
    "below": 0,
    "above": 10.246291535553132,
    "turn_on_times": 0,
    "turn_on_ratio": 0.0
  },
  "7": {
    "validity_ratio": 0.44583333333333336,
    "below": 0,
    "above": 6.568129795111957,
    "turn_on_times": 0,
    "turn_on_ratio": 0.0
  },
  "8": {
    "validity_ratio": 0.4409722222222222,
    "below": -0.31315289906797095,
    "above": 0.008664556546125428,
    "turn_on_times": 3,
    "turn_on_ratio": 1.0
  },
  "9": {
    "validity_ratio": 0.44583333333333336,
    "below": 0,
    "above": 23.241363968141812,
    "turn_on_times": 0,
    "turn_on_ratio": 0.0
  },
  "10": {
    "validity_ratio": 0.4465277777777778,
    "below": 0,
    "above": 0,
    "turn_on_times": 0,
    "turn_on_ratio": 0
  },
  "12": {
    "validity_ratio": 0.44166666666666665,
    "below": 0,
    "above": 11.002664000202259,
    "turn_on_times": 0,
    "turn_on_ratio": 0.0
  },
  "13": {
    "validity_ratio": 0.0,
    "below": 0,
    "above": 0,
    "turn_on_times": 0,
    "turn_on_ratio": 0.0
  }
}