{
  "1": {
    "validity_ratio": 0.8854166666666666,
    "below": -0.8221532350757518,
    "above": 36.46490886090892,
    "turn_on_times": 0,
    "turn_on_ratio": 0.0
  },
  "2": {
    "validity_ratio": 0.8861111111111111,
    "below": -2.8416472397747414,
    "above": 4.732658932718143,
    "turn_on_times": 2,
    "turn_on_ratio": 1.0
  },
  "3": {
    "validity_ratio": 0.8819444444444444,
    "below": -1.2531666235061845,
    "above": 12.055969159988242,
    "turn_on_times": 2,
    "turn_on_ratio": 0.5
  },
  "4": {
    "validity_ratio": 0.8847222222222222,
    "below": -3.5388346162760542,
    "above": 19.4685083844017,
    "turn_on_times": 0,
    "turn_on_ratio": 0.0
  },
  "5": {
    "validity_ratio": 0.8868055555555555,
    "below": -3.2016450557713547,
    "above": 1.6896534150342601,
    "turn_on_times": 2,
    "turn_on_ratio": 0.5
  },
  "6": {
    "validity_ratio": 0.8833333333333333,
    "below": -6.4612388714042615,
    "above": 10.559646159982579,
    "turn_on_times": 0,
    "turn_on_ratio": 0.0
  },
  "7": {
    "validity_ratio": 0.8833333333333333,
    "below": -4.708617130781632,
    "above": 14.146892534260786,
    "turn_on_times": 0,
    "turn_on_ratio": 0.0
  },
  "8": {
    "validity_ratio": 0.8854166666666666,
    "below": -0.3131323908367961,
    "above": 0.008667984196801962,
    "turn_on_times": 4,
    "turn_on_ratio": 0.8
  },
  "9": {
    "validity_ratio": 0.8840277777777777,
    "below": 0,
    "above": 23.241343631256445,
    "turn_on_times": 1,
    "turn_on_ratio": 0.2
  },
  "10": {
    "validity_ratio": 0.8847222222222222,
    "below": -9.663288115298485,
    "above": 0,
    "turn_on_times": 1,
    "turn_on_ratio": 1.0
  },
  "12": {
    "validity_ratio": 0.8861111111111111,
    "below": 0,
    "above": 21.673101097527397,
    "turn_on_times": 0,
    "turn_on_ratio": 0.0
  },
  "13": {
    "validity_ratio": 0.0,
    "below": 0,
    "above": 0,
    "turn_on_times": 0,
    "turn_on_ratio": 0.0
  }
}