{
  "1": {
    "validity_ratio": 0.48541666666666666,
    "below": 0,
    "above": 22.000632554122724,
    "turn_on_times": 0,
    "turn_on_ratio": 0.0
  },
  "2": {
    "validity_ratio": 0.48333333333333334,
    "below": -2.492517534583214,
    "above": 0,
    "turn_on_times": 2,
    "turn_on_ratio": 1.0
  },
  "3": {
    "validity_ratio": 0.48680555555555555,
    "below": -1.253150166661775,
    "above": 7.162826107245363,
    "turn_on_times": 1,
    "turn_on_ratio": 0.5
  },
  "4": {
    "validity_ratio": 0.4861111111111111,
    "below": -3.5388932495463528,
    "above": 10.022505565656594,
    "turn_on_times": 0,
    "turn_on_ratio": 0.0
  },
  "5": {
    "validity_ratio": 0.48333333333333334,
    "below": -2.985457488884199,
    "above": 1.689697976934966,
    "turn_on_times": 1,
    "turn_on_ratio": 0.5
  },
  "6": {
    "validity_ratio": 0.4875,
    "below": 0,
    "above": 10.516311398680816,
    "turn_on_times": 0,
    "turn_on_ratio": 0.0
  },
  "7": {
    "validity_ratio": 0.4875,
    "below": 0,
    "above": 6.568091470209134,
    "turn_on_times": 0,
    "turn_on_ratio": 0.0
  },
  "8": {
    "validity_ratio": 0.4826388888888889,
    "below": -0.3130984572163512,
    "above": 0.008673655704797056,
    "turn_on_times": 3,
    "turn_on_ratio": 1.0
  },
  "9": {
    "validity_ratio": 0.48819444444444443,
    "below": 0,
    "above": 23.24130992730368,
    "turn_on_times": 0,
    "turn_on_ratio": 0.0
  },
  "10": {
    "validity_ratio": 0.48819444444444443,
    "below": 0,
    "above": 0,
    "turn_on_times": 0,
    "turn_on_ratio": 0
  },
  "12": {
    "validity_ratio": 0.48333333333333334,
    "below": 0,
    "above": 11.072355441117203,
    "turn_on_times": 0,
    "turn_on_ratio": 0.0
  },
  "13": {
    "validity_ratio": 0.0,
    "below": 0,
    "above": 0,
    "turn_on_times": 0,
    "turn_on_ratio": 0.0
  }
}