{
  "1": {
    "validity_ratio": 0.5951388888888889,
    "below": 0,
    "above": 32.59730056261551,
    "turn_on_times": 0,
    "turn_on_ratio": 0.0
  },
  "2": {
    "validity_ratio": 0.5944444444444444,
    "below": -2.7491537810499733,
    "above": 0,
    "turn_on_times": 2,
    "turn_on_ratio": 1.0
  },
  "3": {
    "validity_ratio": 0.5909722222222222,
    "below": -1.2531588733562817,
    "above": 7.1628317655008145,
    "turn_on_times": 1,
    "turn_on_ratio": 0.5
  },
  "4": {
    "validity_ratio": 0.5958333333333333,
    "below": -3.5388622288986693,
    "above": 10.494182614183403,
    "turn_on_times": 0,
    "turn_on_ratio": 0.0
  },
  "5": {
    "validity_ratio": 0.5944444444444444,
    "below": -3.201571343638677,
    "above": 1.6896805336689227,
    "turn_on_times": 1,
    "turn_on_ratio": 0.5
  },
  "6": {
    "validity_ratio": 0.5916666666666667,
    "below": -0.7154240082233894,
    "above": 10.516239608036459,
    "turn_on_times": 0,
    "turn_on_ratio": 0.0
  },
  "7": {
    "validity_ratio": 0.5923611111111111,
    "below": -0.26364800611849426,
    "above": 6.568104770682344,
    "turn_on_times": 0,
    "turn_on_ratio": 0.0
  },
  "8": {
    "validity_ratio": 0.59375,
    "below": -0.3131164102126482,
    "above": 0.008670655124231234,
    "turn_on_times": 3,
    "turn_on_ratio": 1.0
  },
  "9": {
    "validity_ratio": 0.5923611111111111,
    "below": 0,
    "above": 23.241327767153827,
    "turn_on_times": 0,
    "turn_on_ratio": 0.0
  },
  "10": {
    "validity_ratio": 0.5923611111111111,
    "below": 0,
    "above": 0,
    "turn_on_times": 0,
    "turn_on_ratio": 0
  },
  "12": {
    "validity_ratio": 0.5944444444444444,
    "below": 0,
    "above": 11.29390209699973,
    "turn_on_times": 0,
    "turn_on_ratio": 0.0
  },
  "13": {
    "validity_ratio": 0.0,
    "below": 0,
    "above": 0,
    "turn_on_times": 0,
    "turn_on_ratio": 0.0
  }
}