{
  "1": {
    "validity_ratio": 0.775,
    "below": -0.7231206328007733,
    "above": 36.46488340563882,
    "turn_on_times": 0,
    "turn_on_ratio": 0.0
  },
  "2": {
    "validity_ratio": 0.775,
    "below": -2.7491313359595675,
    "above": 2.0229841954328687,
    "turn_on_times": 2,
    "turn_on_ratio": 1.0
  },
  "3": {
    "validity_ratio": 0.7777777777777778,
    "below": -1.2531652974608556,
    "above": 7.162835940360137,
    "turn_on_times": 2,
    "turn_on_ratio": 0.5
  },
  "4": {
    "validity_ratio": 0.7798611111111111,
    "below": -3.5388393407768346,
    "above": 11.502324839991106,
    "turn_on_times": 0,
    "turn_on_ratio": 0.0
  },
  "5": {
    "validity_ratio": 0.7756944444444445,
    "below": -3.2016324436760484,
    "above": 1.6896588292314718,
    "turn_on_times": 2,
    "turn_on_ratio": 0.5
  },
  "6": {
    "validity_ratio": 0.7791666666666667,
    "below": -4.0119801062337235,
    "above": 10.51618664055291,
    "turn_on_times": 0,
    "turn_on_ratio": 0.0
  },
  "7": {
    "validity_ratio": 0.7784722222222222,
    "below": -4.708612511899428,
    "above": 6.568114166423176,
    "turn_on_times": 0,
    "turn_on_ratio": 0.0
  },
  "8": {
    "validity_ratio": 0.7743055555555556,
    "below": -0.3131296565629724,
    "above": 0.008668441190651894,
    "turn_on_times": 3,
    "turn_on_ratio": 1.0
  },
  "9": {
    "validity_ratio": 0.7798611111111111,
    "below": 0,
    "above": 23.241340917975066,
    "turn_on_times": 0,
    "turn_on_ratio": 0.0
  },
  "10": {
    "validity_ratio": 0.7798611111111111,
    "below": -2.2428075655836164,
    "above": 0,
    "turn_on_times": 1,
    "turn_on_ratio": 1.0
  },
  "12": {
    "validity_ratio": 0.775,
    "below": 0,
    "above": 18.771254347333894,
    "turn_on_times": 0,
    "turn_on_ratio": 0.0
  },
  "13": {
    "validity_ratio": 0.0,
    "below": 0,
    "above": 0,
    "turn_on_times": 0,
    "turn_on_ratio": 0.0
  }
}