{
  "1": {
    "validity_ratio": 0.3888888888888889,
    "below": 0,
    "above": 14.587316722227383,
    "turn_on_times": 0,
    "turn_on_ratio": 0.0
  },
  "2": {
    "validity_ratio": 0.3861111111111111,
    "below": -1.4697846441549367,
    "above": 0,
    "turn_on_times": 2,
    "turn_on_ratio": 1.0
  },
  "3": {
    "validity_ratio": 0.3902777777777778,
    "below": -1.2531681704067863,
    "above": 7.16283780741335,
    "turn_on_times": 1,
    "turn_on_ratio": 0.5
  },
  "4": {
    "validity_ratio": 0.3909722222222222,
    "below": -0.546003687116667,
    "above": 10.022378010303562,
    "turn_on_times": 0,
    "turn_on_ratio": 0.0
  },
  "5": {
    "validity_ratio": 0.3854166666666667,
    "below": -1.7082199818060515,
    "above": 1.5830762648745889,
    "turn_on_times": 1,
    "turn_on_ratio": 0.5
  },
  "6": {
    "validity_ratio": 0.3902777777777778,
    "below": 0,
    "above": 8.222819585566576,
    "turn_on_times": 0,
    "turn_on_ratio": 0.0
  },
  "7": {
    "validity_ratio": 0.3902777777777778,
    "below": 0,
    "above": 6.568118253514203,
    "turn_on_times": 0,
    "turn_on_ratio": 0.0
  },
  "8": {
    "validity_ratio": 0.3854166666666667,
    "below": -0.3131355805089229,
    "above": 0.008667451089790864,
    "turn_on_times": 3,
    "turn_on_ratio": 1.0
  },
  "9": {
    "validity_ratio": 0.3902777777777778,
    "below": 0,
    "above": 14.682793625781448,
    "turn_on_times": 0,
    "turn_on_ratio": 0.0
  },
  "10": {
    "validity_ratio": 0.3909722222222222,
    "below": 0,
    "above": 0,
    "turn_on_times": 0,
    "turn_on_ratio": 0
  },
  "12": {
    "validity_ratio": 0.3861111111111111,
    "below": 0,
    "above": 9.609197174459892,
    "turn_on_times": 0,
    "turn_on_ratio": 0.0
  },
  "13": {
    "validity_ratio": 0.0,
    "below": 0,
    "above": 0,
    "turn_on_times": 0,
    "turn_on_ratio": 0.0
  }
}