{
  "1": {
    "validity_ratio": 0.58125,
    "below": 0,
    "above": 31.265290310363643,
    "turn_on_times": 0,
    "turn_on_ratio": 0.0
  },
  "2": {
    "validity_ratio": 0.5805555555555556,
    "below": -2.7491296147014306,
    "above": 0,
    "turn_on_times": 2,
    "turn_on_ratio": 1.0
  },
  "3": {
    "validity_ratio": 0.5840277777777778,
    "below": -1.2531657901094515,
    "above": 7.1628362605197085,
    "turn_on_times": 1,
    "turn_on_ratio": 0.5
  },
  "4": {
    "validity_ratio": 0.5819444444444445,
    "below": -3.538837585543714,
    "above": 10.158818223311721,
    "turn_on_times": 0,
    "turn_on_ratio": 0.0
  },
  "5": {
    "validity_ratio": 0.5805555555555556,
    "below": -3.2016371292858934,
    "above": 1.6896568550790834,
    "turn_on_times": 1,
    "turn_on_ratio": 0.5
  },
  "6": {
    "validity_ratio": 0.5847222222222223,
    "below": -0.5988371902432492,
    "above": 10.516182578684518,
    "turn_on_times": 0,
    "turn_on_ratio": 0.0
  },
  "7": {
    "validity_ratio": 0.5854166666666667,
    "below": -0.14627389485049866,
    "above": 6.568114872312161,
    "turn_on_times": 0,
    "turn_on_ratio": 0.0
  },
  "8": {
    "validity_ratio": 0.5798611111111112,
    "below": -0.31313067239262155,
    "above": 0.00866827140959406,
    "turn_on_times": 3,
    "turn_on_ratio": 1.0
  },
  "9": {
    "validity_ratio": 0.5854166666666667,
    "below": 0,
    "above": 23.241341926056542,
    "turn_on_times": 0,
    "turn_on_ratio": 0.0
  },
  "10": {
    "validity_ratio": 0.5854166666666667,
    "below": 0,
    "above": 0,
    "turn_on_times": 0,
    "turn_on_ratio": 0
  },
  "12": {
    "validity_ratio": 0.5805555555555556,
    "below": 0,
    "above": 11.088396628791442,
    "turn_on_times": 0,
    "turn_on_ratio": 0.0
  },
  "13": {
    "validity_ratio": 0.0,
    "below": 0,
    "above": 0,
    "turn_on_times": 0,
    "turn_on_ratio": 0.0
  }
}