{
  "1": {
    "validity_ratio": 0.375,
    "below": 0,
    "above": 13.520655770151755,
    "turn_on_times": 0,
    "turn_on_ratio": 0.0
  },
  "2": {
    "validity_ratio": 0.37916666666666665,
    "below": -1.2986523849811316,
    "above": 0,
    "turn_on_times": 2,
    "turn_on_ratio": 1.0
  },
  "3": {
    "validity_ratio": 0.3763888888888889,
    "below": -1.1540170719213818,
    "above": 7.162841627766547,
    "turn_on_times": 1,
    "turn_on_ratio": 0.5
  },
  "4": {
    "validity_ratio": 0.3770833333333333,
    "below": 0,
    "above": 10.022336345088512,
    "turn_on_times": 0,
    "turn_on_ratio": 0.0
  },
  "5": {
    "validity_ratio": 0.3784722222222222,
    "below": -1.7082530743737727,
    "above": 1.583052470051012,
    "turn_on_times": 1,
    "turn_on_ratio": 0.5
  },
  "6": {
    "validity_ratio": 0.3763888888888889,
    "below": 0,
    "above": 7.702978271516624,
    "turn_on_times": 0,
    "turn_on_ratio": 0.0
  },
  "7": {
    "validity_ratio": 0.3763888888888889,
    "below": 0,
    "above": 6.568126395354896,
    "turn_on_times": 0,
    "turn_on_ratio": 0.0
  },
  "8": {
    "validity_ratio": 0.3784722222222222,
    "below": -0.31314770205193077,
    "above": 0.008665425151291473,
    "turn_on_times": 3,
    "turn_on_ratio": 1.0
  },
  "9": {
    "validity_ratio": 0.3763888888888889,
    "below": 0,
    "above": 12.373957190871309,
    "turn_on_times": 0,
    "turn_on_ratio": 0.0
  },
  "10": {
    "validity_ratio": 0.3770833333333333,
    "below": 0,
    "above": 0,
    "turn_on_times": 0,
    "turn_on_ratio": 0
  },
  "12": {
    "validity_ratio": 0.37916666666666665,
    "below": 0,
    "above": 9.458356802793451,
    "turn_on_times": 0,
    "turn_on_ratio": 0.0
  },
  "13": {
    "validity_ratio": 0.0,
    "below": 0,
    "above": 0,
    "turn_on_times": 0,
    "turn_on_ratio": 0.0
  }
}