{
  "1": {
    "validity_ratio": 0.6229166666666667,
    "below": 0,
    "above": 35.04626140073648,
    "turn_on_times": 0,
    "turn_on_ratio": 0.0
  },
  "2": {
    "validity_ratio": 0.6222222222222222,
    "below": -2.7491235943881027,
    "above": 0.18601175779999984,
    "turn_on_times": 2,
    "turn_on_ratio": 1.0
  },
  "3": {
    "validity_ratio": 0.61875,
    "below": -1.253167513208877,
    "above": 7.162837380317437,
    "turn_on_times": 1,
    "turn_on_ratio": 0.5
  },
  "4": {
    "validity_ratio": 0.6236111111111111,
    "below": -3.5388314463987,
    "above": 11.345711146291272,
    "turn_on_times": 0,
    "turn_on_ratio": 0.0
  },
  "5": {
    "validity_ratio": 0.6222222222222222,
    "below": -3.201653517786121,
    "above": 1.6896496032422608,
    "turn_on_times": 1,
    "turn_on_ratio": 0.5
  },
  "6": {
    "validity_ratio": 0.6194444444444445,
    "below": -1.0410887116953127,
    "above": 10.516168371882499,
    "turn_on_times": 0,
    "turn_on_ratio": 0.0
  },
  "7": {
    "validity_ratio": 0.6201388888888889,
    "below": -0.7800485253045413,
    "above": 6.568117324835032,
    "turn_on_times": 0,
    "turn_on_ratio": 0.0
  },
  "8": {
    "validity_ratio": 0.6215277777777778,
    "below": -0.3131342253825159,
    "above": 0.00866767757933573,
    "turn_on_times": 3,
    "turn_on_ratio": 1.0
  },
  "9": {
    "validity_ratio": 0.6201388888888889,
    "below": 0,
    "above": 23.241345451473105,
    "turn_on_times": 0,
    "turn_on_ratio": 0.0
  },
  "10": {
    "validity_ratio": 0.6201388888888889,
    "below": 0,
    "above": 0,
    "turn_on_times": 0,
    "turn_on_ratio": 0
  },
  "12": {
    "validity_ratio": 0.6222222222222222,
    "below": 0,
    "above": 11.782562403698856,
    "turn_on_times": 0,
    "turn_on_ratio": 0.0
  },
  "13": {
    "validity_ratio": 0.0,
    "below": 0,
    "above": 0,
    "turn_on_times": 0,
    "turn_on_ratio": 0.0
  }
}