{
  "1": {
    "validity_ratio": 0.9201388888888888,
    "below": -0.8221696839567216,
    "above": 36.829928846680616,
    "turn_on_times": 0,
    "turn_on_ratio": 0.0
  },
  "2": {
    "validity_ratio": 0.9208333333333333,
    "below": -2.841635137310581,
    "above": 5.8174761513889175,
    "turn_on_times": 2,
    "turn_on_ratio": 1.0
  },
  "3": {
    "validity_ratio": 0.9229166666666667,
    "below": -1.2531718256115332,
    "above": 12.055952613310195,
    "turn_on_times": 2,
    "turn_on_ratio": 0.5
  },
  "4": {
    "validity_ratio": 0.9194444444444444,
    "below": -3.5388160819543213,
    "above": 19.46849426282566,
    "turn_on_times": 0,
    "turn_on_ratio": 0.0
  },
  "5": {
    "validity_ratio": 0.9215277777777777,
    "below": -3.2016945333020486,
    "above": 1.6896290885535559,
    "turn_on_times": 2,
    "turn_on_ratio": 0.5
  },
  "6": {
    "validity_ratio": 0.91875,
    "below": -6.978792381584532,
    "above": 10.559373177407364,
    "turn_on_times": 0,
    "turn_on_ratio": 0.0
  },
  "7": {
    "validity_ratio": 0.9180555555555555,
    "below": -4.708635250759357,
    "above": 16.896729777343815,
    "turn_on_times": 0,
    "turn_on_ratio": 0.0
  },
  "8": {
    "validity_ratio": 0.9201388888888888,
    "below": -0.3131431174538812,
    "above": 0.00866619139975402,
    "turn_on_times": 4,
    "turn_on_ratio": 0.8
  },
  "9": {
    "validity_ratio": 0.91875,
    "below": 0,
    "above": 23.241354271311142,
    "turn_on_times": 1,
    "turn_on_ratio": 0.2
  },
  "10": {
    "validity_ratio": 0.9194444444444444,
    "below": -11.976005471709968,
    "above": 0,
    "turn_on_times": 1,
    "turn_on_ratio": 1.0
  },
  "12": {
    "validity_ratio": 0.9208333333333333,
    "below": 0,
    "above": 21.672797233164182,
    "turn_on_times": 0,
    "turn_on_ratio": 0.0
  },
  "13": {
    "validity_ratio": 0.0,
    "below": 0,
    "above": 0,
    "turn_on_times": 0,
    "turn_on_ratio": 0.0
  }
}