{
  "1": {
    "validity_ratio": 0.84375,
    "below": -0.8221022814002943,
    "above": 36.46459951979771,
    "turn_on_times": 0,
    "turn_on_ratio": 0.0
  },
  "2": {
    "validity_ratio": 0.8444444444444444,
    "below": -2.8416847295609586,
    "above": 4.286170274401743,
    "turn_on_times": 2,
    "turn_on_ratio": 1.0
  },
  "3": {
    "validity_ratio": 0.8402777777777778,
    "below": -1.2531505089517578,
    "above": 12.056020455753837,
    "turn_on_times": 2,
    "turn_on_ratio": 0.5
  },
  "4": {
    "validity_ratio": 0.8430555555555556,
    "below": -3.5388920300184425,
    "above": 19.468552090411524,
    "turn_on_times": 0,
    "turn_on_ratio": 0.0
  },
  "5": {
    "validity_ratio": 0.8451388888888889,
    "below": -3.201491789294073,
    "above": 1.6896975513887569,
    "turn_on_times": 2,
    "turn_on_ratio": 0.5
  },
  "6": {
    "validity_ratio": 0.8416666666666667,
    "below": -5.305910116711664,
    "above": 10.51630857628072,
    "turn_on_times": 0,
    "turn_on_ratio": 0.0
  },
  "7": {
    "validity_ratio": 0.8409722222222222,
    "below": -4.717081377333578,
    "above": 10.707730128425524,
    "turn_on_times": 0,
    "turn_on_ratio": 0.0
  },
  "8": {
    "validity_ratio": 0.84375,
    "below": -0.31309916301012825,
    "above": 0.008673537741697442,
    "turn_on_times": 4,
    "turn_on_ratio": 0.8
  },
  "9": {
    "validity_ratio": 0.8423611111111111,
    "below": 0,
    "above": 23.241310629004097,
    "turn_on_times": 1,
    "turn_on_ratio": 0.2
  },
  "10": {
    "validity_ratio": 0.8423611111111111,
    "below": -6.7443818008503715,
    "above": 0,
    "turn_on_times": 1,
    "turn_on_ratio": 1.0
  },
  "12": {
    "validity_ratio": 0.8444444444444444,
    "below": 0,
    "above": 21.67401139376371,
    "turn_on_times": 0,
    "turn_on_ratio": 0.0
  },
  "13": {
    "validity_ratio": 0.0,
    "below": 0,
    "above": 0,
    "turn_on_times": 0,
    "turn_on_ratio": 0.0
  }
}