{
  "1": {
    "validity_ratio": 0.9430555555555555,
    "below": 0,
    "above": 15.388938431760184,
    "turn_on_times": 0,
    "turn_on_ratio": 0.0
  },
  "2": {
    "validity_ratio": 0.9409722222222222,
    "below": -3.2958141105123895,
    "above": 2.2666191290152495,
    "turn_on_times": 1,
    "turn_on_ratio": 1.0
  },
  "3": {
    "validity_ratio": 0.9409722222222222,
    "below": -0.5659741535451517,
    "above": 1.5012634098120627,
    "turn_on_times": 0,
    "turn_on_ratio": 0.0
  },
  "4": {
    "validity_ratio": 0.9395833333333333,
    "below": 0,
    "above": 19.350394658208934,
    "turn_on_times": 0,
    "turn_on_ratio": 0.0
  },
  "5": {
    "validity_ratio": 0.9395833333333333,
    "below": -2.270467796098996,
    "above": 15.196139197885943,
    "turn_on_times": 1,
    "turn_on_ratio": 0.2
  },
  "6": {
    "validity_ratio": 0.9395833333333333,
    "below": 0,
    "above": 12.354039186174102,
    "turn_on_times": 2,
    "turn_on_ratio": 0.4
  },
  "7": {
    "validity_ratio": 0.9430555555555555,
    "below": -3.3199196188024698,
    "above": 0.4759383926245845,
    "turn_on_times": 2,
    "turn_on_ratio": 0.4
  },
  "8": {
    "validity_ratio": 0.9409722222222222,
    "below": -4.311600487840004,
    "above": 0.056904472168306734,
    "turn_on_times": 2,
    "turn_on_ratio": 1.0
  },
  "9": {
    "validity_ratio": 0.9430555555555555,
    "below": 0,
    "above": 27.81508189177729,
    "turn_on_times": 0,
    "turn_on_ratio": 0.0
  },
  "10": {
    "validity_ratio": 0.9423611111111111,
    "below": 0,
    "above": 0,
    "turn_on_times": 0,
    "turn_on_ratio": 0
  }
}