{
  "1": {
    "validity_ratio": 0.2263888888888889,
    "below": 0,
    "above": 13.595134897213198,
    "turn_on_times": 0,
    "turn_on_ratio": 0.0
  },
  "2": {
    "validity_ratio": 0.22777777777777777,
    "below": 0,
    "above": 11.638029466383186,
    "turn_on_times": 0,
    "turn_on_ratio": 0.0
  },
  "3": {
    "validity_ratio": 0.22569444444444445,
    "below": 0,
    "above": 10.560678555225348,
    "turn_on_times": 0,
    "turn_on_ratio": 0.0
  },
  "4": {
    "validity_ratio": 0.225,
    "below": 0,
    "above": 16.651943664734922,
    "turn_on_times": 0,
    "turn_on_ratio": 0.0
  },
  "5": {
    "validity_ratio": 0.2263888888888889,
    "below": -3.8898017208023665,
    "above": 0.027122571613033337,
    "turn_on_times": 1,
    "turn_on_ratio": 1.0
  },
  "6": {
    "validity_ratio": 0.22430555555555556,
    "below": 0,
    "above": 8.574525777996016,
    "turn_on_times": 1,
    "turn_on_ratio": 0.3333333333333333
  },
  "7": {
    "validity_ratio": 0.22430555555555556,
    "below": -3.3577733132915473,
    "above": 0.023372331300243188,
    "turn_on_times": 2,
    "turn_on_ratio": 0.6666666666666666
  },
  "8": {
    "validity_ratio": 0.225,
    "below": 0,
    "above": 0,
    "turn_on_times": 0,
    "turn_on_ratio": 0
  },
  "9": {
    "validity_ratio": 0.22430555555555556,
    "below": 0,
    "above": 0,
    "turn_on_times": 0,
    "turn_on_ratio": 0
  },
  "10": {
    "validity_ratio": 0.22430555555555556,
    "below": 0,
    "above": 0,
    "turn_on_times": 0,
    "turn_on_ratio": 0
  },
  "12": {
    "validity_ratio": 0.22361111111111112,
    "below": 0,
    "above": 33.52674772905015,
    "turn_on_times": 0,
    "turn_on_ratio": 0.0
  },
  "13": {
    "validity_ratio": 0.2222222222222222,
    "below": 0,
    "above": 17.123270365875605,
    "turn_on_times": 0,
    "turn_on_ratio": 0.0
  }
}