{
  "1": {
    "validity_ratio": 0.5722222222222222,
    "below": 0,
    "above": 46.251223233069965,
    "turn_on_times": 0,
    "turn_on_ratio": 0.0
  },
  "2": {
    "validity_ratio": 0.5680555555555555,
    "below": -2.891057967543837,
    "above": 11.637616990074,
    "turn_on_times": 3,
    "turn_on_ratio": 0.5
  },
  "3": {
    "validity_ratio": 0.5722222222222222,
    "below": -22.871436002179284,
    "above": 12.41300554462599,
    "turn_on_times": 0,
    "turn_on_ratio": 0.0
  },
  "4": {
    "validity_ratio": 0.5722222222222222,
    "below": -17.977378117652744,
    "above": 16.651591290895094,
    "turn_on_times": 0,
    "turn_on_ratio": 0.0
  },
  "5": {
    "validity_ratio": 0.5673611111111111,
    "below": -5.45241915466423,
    "above": 17.60819557092826,
    "turn_on_times": 1,
    "turn_on_ratio": 1.0
  },
  "6": {
    "validity_ratio": 0.5715277777777777,
    "below": -1.1688451284210664,
    "above": 25.90521001765649,
    "turn_on_times": 1,
    "turn_on_ratio": 0.16666666666666666
  },
  "7": {
    "validity_ratio": 0.5722222222222222,
    "below": -9.409298589783326,
    "above": 10.138396723090798,
    "turn_on_times": 2,
    "turn_on_ratio": 0.3333333333333333
  },
  "8": {
    "validity_ratio": 0.5715277777777777,
    "below": 0,
    "above": 0,
    "turn_on_times": 3,
    "turn_on_ratio": 1.0
  },
  "9": {
    "validity_ratio": 0.5715277777777777,
    "below": 0,
    "above": 16.090079227058816,
    "turn_on_times": 0,
    "turn_on_ratio": 0.0
  },
  "10": {
    "validity_ratio": 0.5715277777777777,
    "below": 0,
    "above": 0,
    "turn_on_times": 0,
    "turn_on_ratio": 0
  },
  "12": {
    "validity_ratio": 0.5708333333333333,
    "below": 0,
    "above": 45.849392730630775,
    "turn_on_times": 0,
    "turn_on_ratio": 0.0
  },
  "13": {
    "validity_ratio": 0.5694444444444444,
    "below": 0,
    "above": 20.596170354415857,
    "turn_on_times": 0,
    "turn_on_ratio": 0.0
  }
}