{
  "1": {
    "validity_ratio": 0.8416666666666667,
    "below": 0,
    "above": 74.7057115563756,
    "turn_on_times": 0,
    "turn_on_ratio": 0.0
  },
  "2": {
    "validity_ratio": 0.8388888888888889,
    "below": -2.890687417973505,
    "above": 22.345536571311527,
    "turn_on_times": 3,
    "turn_on_ratio": 0.5
  },
  "3": {
    "validity_ratio": 0.8423611111111111,
    "below": -33.16544552541074,
    "above": 18.67179768772479,
    "turn_on_times": 0,
    "turn_on_ratio": 0.0
  },
  "4": {
    "validity_ratio": 0.8416666666666667,
    "below": -29.894415639021098,
    "above": 16.65271624527748,
    "turn_on_times": 0,
    "turn_on_ratio": 0.0
  },
  "5": {
    "validity_ratio": 0.8388888888888889,
    "below": -11.104630022282551,
    "above": 21.508128248523693,
    "turn_on_times": 1,
    "turn_on_ratio": 1.0
  },
  "6": {
    "validity_ratio": 0.8423611111111111,
    "below": -6.415269578473294,
    "above": 25.906533710781034,
    "turn_on_times": 1,
    "turn_on_ratio": 0.16666666666666666
  },
  "7": {
    "validity_ratio": 0.8368055555555556,
    "below": -10.13751298920011,
    "above": 10.4921868187027,
    "turn_on_times": 2,
    "turn_on_ratio": 0.3333333333333333
  },
  "8": {
    "validity_ratio": 0.8430555555555556,
    "below": 0,
    "above": 0,
    "turn_on_times": 4,
    "turn_on_ratio": 1.0
  },
  "9": {
    "validity_ratio": 0.8423611111111111,
    "below": 0,
    "above": 16.991552002260086,
    "turn_on_times": 0,
    "turn_on_ratio": 0.0
  },
  "10": {
    "validity_ratio": 0.8423611111111111,
    "below": 0,
    "above": 0,
    "turn_on_times": 0,
    "turn_on_ratio": 0
  },
  "12": {
    "validity_ratio": 0.8416666666666667,
    "below": -0.6482098220041205,
    "above": 58.996888028491206,
    "turn_on_times": 0,
    "turn_on_ratio": 0.0
  },
  "13": {
    "validity_ratio": 0.8409722222222222,
    "below": -1.3657428202305266,
    "above": 34.17117025447049,
    "turn_on_times": 0,
    "turn_on_ratio": 0.0
  }
}