{
  "1": {
    "validity_ratio": 0.8555555555555555,
    "below": 0,
    "above": 76.17067756512061,
    "turn_on_times": 0,
    "turn_on_ratio": 0.0
  },
  "2": {
    "validity_ratio": 0.8527777777777777,
    "below": -2.891233031422344,
    "above": 24.57147720068718,
    "turn_on_times": 3,
    "turn_on_ratio": 0.5
  },
  "3": {
    "validity_ratio": 0.85625,
    "below": -33.165976607252006,
    "above": 20.272212260074536,
    "turn_on_times": 0,
    "turn_on_ratio": 0.0
  },
  "4": {
    "validity_ratio": 0.8555555555555555,
    "below": -29.89468309882042,
    "above": 16.651059812710486,
    "turn_on_times": 0,
    "turn_on_ratio": 0.0
  },
  "5": {
    "validity_ratio": 0.8527777777777777,
    "below": -11.10501817740093,
    "above": 23.943334713287303,
    "turn_on_times": 1,
    "turn_on_ratio": 1.0
  },
  "6": {
    "validity_ratio": 0.85625,
    "below": -6.4152516425815955,
    "above": 25.904579726841266,
    "turn_on_times": 1,
    "turn_on_ratio": 0.16666666666666666
  },
  "7": {
    "validity_ratio": 0.8506944444444444,
    "below": -10.123665206421519,
    "above": 11.860236920026793,
    "turn_on_times": 2,
    "turn_on_ratio": 0.3333333333333333
  },
  "8": {
    "validity_ratio": 0.8569444444444444,
    "below": 0,
    "above": 0,
    "turn_on_times": 4,
    "turn_on_ratio": 1.0
  },
  "9": {
    "validity_ratio": 0.85625,
    "below": 0,
    "above": 16.983300172435804,
    "turn_on_times": 0,
    "turn_on_ratio": 0.0
  },
  "10": {
    "validity_ratio": 0.85625,
    "below": 0,
    "above": 0,
    "turn_on_times": 0,
    "turn_on_ratio": 0
  },
  "12": {
    "validity_ratio": 0.8555555555555555,
    "below": -0.6484041312892848,
    "above": 61.54098727934601,
    "turn_on_times": 0,
    "turn_on_ratio": 0.0
  },
  "13": {
    "validity_ratio": 0.8548611111111111,
    "below": -1.365568411209905,
    "above": 36.23643290342653,
    "turn_on_times": 0,
    "turn_on_ratio": 0.0
  }
}