{
  "1": {
    "validity_ratio": 0.8972222222222223,
    "below": 0,
    "above": 80.57235883710966,
    "turn_on_times": 0,
    "turn_on_ratio": 0.0
  },
  "2": {
    "validity_ratio": 0.8944444444444445,
    "below": -2.8906936374639813,
    "above": 31.044471246232465,
    "turn_on_times": 3,
    "turn_on_ratio": 0.5
  },
  "3": {
    "validity_ratio": 0.8979166666666667,
    "below": -33.165451579254295,
    "above": 23.793753982136337,
    "turn_on_times": 0,
    "turn_on_ratio": 0.0
  },
  "4": {
    "validity_ratio": 0.8972222222222223,
    "below": -29.89441868781634,
    "above": 18.1314684279414,
    "turn_on_times": 0,
    "turn_on_ratio": 0.0
  },
  "5": {
    "validity_ratio": 0.8951388888888889,
    "below": -11.314634446893175,
    "above": 27.736499552094042,
    "turn_on_times": 2,
    "turn_on_ratio": 1.0
  },
  "6": {
    "validity_ratio": 0.8979166666666667,
    "below": -6.415269374020658,
    "above": 25.90651160996846,
    "turn_on_times": 1,
    "turn_on_ratio": 0.16666666666666666
  },
  "7": {
    "validity_ratio": 0.8923611111111112,
    "below": -10.137526184857016,
    "above": 16.189684918743133,
    "turn_on_times": 2,
    "turn_on_ratio": 0.3333333333333333
  },
  "8": {
    "validity_ratio": 0.8986111111111111,
    "below": 0,
    "above": 0,
    "turn_on_times": 4,
    "turn_on_ratio": 1.0
  },
  "9": {
    "validity_ratio": 0.8979166666666667,
    "below": 0,
    "above": 16.99154712090152,
    "turn_on_times": 0,
    "turn_on_ratio": 0.0
  },
  "10": {
    "validity_ratio": 0.8979166666666667,
    "below": 0,
    "above": 0,
    "turn_on_times": 0,
    "turn_on_ratio": 0
  },
  "12": {
    "validity_ratio": 0.8979166666666667,
    "below": -0.6482120369508955,
    "above": 67.2338819517501,
    "turn_on_times": 0,
    "turn_on_ratio": 0.0
  },
  "13": {
    "validity_ratio": 0.8965277777777778,
    "below": -1.3657408321284294,
    "above": 42.382249148072056,
    "turn_on_times": 0,
    "turn_on_ratio": 0.0
  }
}