{
  "1": {
    "validity_ratio": 0.34375,
    "below": 0,
    "above": 22.90668440992109,
    "turn_on_times": 0,
    "turn_on_ratio": 0.0
  },
  "2": {
    "validity_ratio": 0.3458333333333333,
    "below": -0.5025295104549188,
    "above": 11.639181971645472,
    "turn_on_times": 3,
    "turn_on_ratio": 0.5
  },
  "3": {
    "validity_ratio": 0.34375,
    "below": -0.511751597222225,
    "above": 12.41356480964665,
    "turn_on_times": 0,
    "turn_on_ratio": 0.0
  },
  "4": {
    "validity_ratio": 0.35,
    "below": -1.0909187840446433,
    "above": 16.652928232985886,
    "turn_on_times": 0,
    "turn_on_ratio": 0.0
  },
  "5": {
    "validity_ratio": 0.3451388888888889,
    "below": -3.8897195120506307,
    "above": 8.491560662568808,
    "turn_on_times": 1,
    "turn_on_ratio": 1.0
  },
  "6": {
    "validity_ratio": 0.34930555555555554,
    "below": 0,
    "above": 15.850977609152794,
    "turn_on_times": 1,
    "turn_on_ratio": 0.16666666666666666
  },
  "7": {
    "validity_ratio": 0.35,
    "below": -3.366310218909794,
    "above": 6.4375699275716585,
    "turn_on_times": 2,
    "turn_on_ratio": 0.3333333333333333
  },
  "8": {
    "validity_ratio": 0.35,
    "below": 0,
    "above": 0,
    "turn_on_times": 1,
    "turn_on_ratio": 1.0
  },
  "9": {
    "validity_ratio": 0.34930555555555554,
    "below": 0,
    "above": 7.408153157395227,
    "turn_on_times": 0,
    "turn_on_ratio": 0.0
  },
  "10": {
    "validity_ratio": 0.34930555555555554,
    "below": 0,
    "above": 0,
    "turn_on_times": 0,
    "turn_on_ratio": 0
  },
  "12": {
    "validity_ratio": 0.3486111111111111,
    "below": 0,
    "above": 40.827045241494,
    "turn_on_times": 0,
    "turn_on_ratio": 0.0
  },
  "13": {
    "validity_ratio": 0.3472222222222222,
    "below": 0,
    "above": 20.39805035360116,
    "turn_on_times": 0,
    "turn_on_ratio": 0.0
  }
}