{
  "1": {
    "validity_ratio": 0.2611111111111111,
    "below": 0,
    "above": 16.130012123087614,
    "turn_on_times": 0,
    "turn_on_ratio": 0.0
  },
  "2": {
    "validity_ratio": 0.2625,
    "below": 0,
    "above": 11.637989179244972,
    "turn_on_times": 2,
    "turn_on_ratio": 0.4
  },
  "3": {
    "validity_ratio": 0.2604166666666667,
    "below": 0,
    "above": 10.560656277373697,
    "turn_on_times": 0,
    "turn_on_ratio": 0.0
  },
  "4": {
    "validity_ratio": 0.26666666666666666,
    "below": 0,
    "above": 16.651909247921765,
    "turn_on_times": 0,
    "turn_on_ratio": 0.0
  },
  "5": {
    "validity_ratio": 0.2611111111111111,
    "below": -3.8898045945107613,
    "above": 0.027124692157038506,
    "turn_on_times": 1,
    "turn_on_ratio": 1.0
  },
  "6": {
    "validity_ratio": 0.2659722222222222,
    "below": 0,
    "above": 10.904688808895182,
    "turn_on_times": 1,
    "turn_on_ratio": 0.2
  },
  "7": {
    "validity_ratio": 0.26666666666666666,
    "below": -3.3577733299057253,
    "above": 2.2867651959410273,
    "turn_on_times": 2,
    "turn_on_ratio": 0.4
  },
  "8": {
    "validity_ratio": 0.26666666666666666,
    "below": 0,
    "above": 0,
    "turn_on_times": 0,
    "turn_on_ratio": 0
  },
  "9": {
    "validity_ratio": 0.2659722222222222,
    "below": 0,
    "above": 0,
    "turn_on_times": 0,
    "turn_on_ratio": 0
  },
  "10": {
    "validity_ratio": 0.2659722222222222,
    "below": 0,
    "above": 0,
    "turn_on_times": 0,
    "turn_on_ratio": 0
  },
  "12": {
    "validity_ratio": 0.2652777777777778,
    "below": 0,
    "above": 33.5266797150346,
    "turn_on_times": 0,
    "turn_on_ratio": 0.0
  },
  "13": {
    "validity_ratio": 0.2638888888888889,
    "below": 0,
    "above": 18.66967551597753,
    "turn_on_times": 0,
    "turn_on_ratio": 0.0
  }
}