{
  "1": {
    "validity_ratio": 0.49583333333333335,
    "below": 0,
    "above": 38.185315344364966,
    "turn_on_times": 0,
    "turn_on_ratio": 0.0
  },
  "2": {
    "validity_ratio": 0.49166666666666664,
    "below": -2.485091323787541,
    "above": 11.63848209210163,
    "turn_on_times": 3,
    "turn_on_ratio": 0.5
  },
  "3": {
    "validity_ratio": 0.49583333333333335,
    "below": -16.57760082785318,
    "above": 12.413314701217107,
    "turn_on_times": 0,
    "turn_on_ratio": 0.0
  },
  "4": {
    "validity_ratio": 0.49583333333333335,
    "below": -12.466816539054053,
    "above": 16.652330336904395,
    "turn_on_times": 0,
    "turn_on_ratio": 0.0
  },
  "5": {
    "validity_ratio": 0.4909722222222222,
    "below": -3.8897694347435268,
    "above": 17.241300968622348,
    "turn_on_times": 1,
    "turn_on_ratio": 1.0
  },
  "6": {
    "validity_ratio": 0.4951388888888889,
    "below": 0,
    "above": 25.46127807656084,
    "turn_on_times": 1,
    "turn_on_ratio": 0.16666666666666666
  },
  "7": {
    "validity_ratio": 0.49583333333333335,
    "below": -7.13198596882294,
    "above": 10.13878920352924,
    "turn_on_times": 2,
    "turn_on_ratio": 0.3333333333333333
  },
  "8": {
    "validity_ratio": 0.49583333333333335,
    "below": 0,
    "above": 0,
    "turn_on_times": 2,
    "turn_on_ratio": 1.0
  },
  "9": {
    "validity_ratio": 0.4951388888888889,
    "below": 0,
    "above": 14.89963629270731,
    "turn_on_times": 0,
    "turn_on_ratio": 0.0
  },
  "10": {
    "validity_ratio": 0.4951388888888889,
    "below": 0,
    "above": 0,
    "turn_on_times": 0,
    "turn_on_ratio": 0
  },
  "12": {
    "validity_ratio": 0.49444444444444446,
    "below": 0,
    "above": 44.412261232600265,
    "turn_on_times": 0,
    "turn_on_ratio": 0.0
  },
  "13": {
    "validity_ratio": 0.4930555555555556,
    "below": 0,
    "above": 20.597581349366248,
    "turn_on_times": 0,
    "turn_on_ratio": 0.0
  }
}