{
  "1": {
    "validity_ratio": 0.5305555555555556,
    "below": 0,
    "above": 41.85201017845887,
    "turn_on_times": 0,
    "turn_on_ratio": 0.0
  },
  "2": {
    "validity_ratio": 0.5333333333333333,
    "below": -2.890805495849146,
    "above": 11.638514206564565,
    "turn_on_times": 3,
    "turn_on_ratio": 0.5
  },
  "3": {
    "validity_ratio": 0.5305555555555556,
    "below": -19.52081052933901,
    "above": 12.413326177686882,
    "turn_on_times": 0,
    "turn_on_ratio": 0.0
  },
  "4": {
    "validity_ratio": 0.5305555555555556,
    "below": -15.225798032551403,
    "above": 16.652357771831632,
    "turn_on_times": 0,
    "turn_on_ratio": 0.0
  },
  "5": {
    "validity_ratio": 0.5326388888888889,
    "below": -4.253621976449835,
    "above": 17.6080673271185,
    "turn_on_times": 1,
    "turn_on_ratio": 1.0
  },
  "6": {
    "validity_ratio": 0.5298611111111111,
    "below": -0.25226076765632216,
    "above": 25.906113443493062,
    "turn_on_times": 1,
    "turn_on_ratio": 0.16666666666666666
  },
  "7": {
    "validity_ratio": 0.5305555555555556,
    "below": -8.468225885496636,
    "above": 10.13880352397256,
    "turn_on_times": 2,
    "turn_on_ratio": 0.3333333333333333
  },
  "8": {
    "validity_ratio": 0.5305555555555556,
    "below": 0,
    "above": 0,
    "turn_on_times": 2,
    "turn_on_ratio": 1.0
  },
  "9": {
    "validity_ratio": 0.5298611111111111,
    "below": 0,
    "above": 14.899635784476978,
    "turn_on_times": 0,
    "turn_on_ratio": 0.0
  },
  "10": {
    "validity_ratio": 0.5298611111111111,
    "below": 0,
    "above": 0,
    "turn_on_times": 0,
    "turn_on_ratio": 0
  },
  "12": {
    "validity_ratio": 0.5291666666666667,
    "below": 0,
    "above": 45.53308026688355,
    "turn_on_times": 0,
    "turn_on_ratio": 0.0
  },
  "13": {
    "validity_ratio": 0.5277777777777778,
    "below": 0,
    "above": 20.59763371042181,
    "turn_on_times": 0,
    "turn_on_ratio": 0.0
  }
}