{
  "1": {
    "validity_ratio": 0.5236111111111111,
    "below": 0,
    "above": 41.11888638765541,
    "turn_on_times": 0,
    "turn_on_ratio": 0.0
  },
  "2": {
    "validity_ratio": 0.5263888888888889,
    "below": -2.8907382693828874,
    "above": 11.63875311194057,
    "turn_on_times": 3,
    "turn_on_ratio": 0.5
  },
  "3": {
    "validity_ratio": 0.5236111111111111,
    "below": -18.953988800824312,
    "above": 12.413411553039635,
    "turn_on_times": 0,
    "turn_on_ratio": 0.0
  },
  "4": {
    "validity_ratio": 0.5236111111111111,
    "below": -14.692359490969874,
    "above": 16.652561865142317,
    "turn_on_times": 0,
    "turn_on_ratio": 0.0
  },
  "5": {
    "validity_ratio": 0.5256944444444445,
    "below": -4.05475010276977,
    "above": 17.608031263284378,
    "turn_on_times": 1,
    "turn_on_ratio": 1.0
  },
  "6": {
    "validity_ratio": 0.5229166666666667,
    "below": -0.1655957619177453,
    "above": 25.9063528945913,
    "turn_on_times": 1,
    "turn_on_ratio": 0.16666666666666666
  },
  "7": {
    "validity_ratio": 0.5236111111111111,
    "below": -8.234568417677362,
    "above": 10.138909496208875,
    "turn_on_times": 2,
    "turn_on_ratio": 0.3333333333333333
  },
  "8": {
    "validity_ratio": 0.5236111111111111,
    "below": 0,
    "above": 0,
    "turn_on_times": 2,
    "turn_on_ratio": 1.0
  },
  "9": {
    "validity_ratio": 0.5229166666666667,
    "below": 0,
    "above": 14.899632002784204,
    "turn_on_times": 0,
    "turn_on_ratio": 0.0
  },
  "10": {
    "validity_ratio": 0.5229166666666667,
    "below": 0,
    "above": 0,
    "turn_on_times": 0,
    "turn_on_ratio": 0
  },
  "12": {
    "validity_ratio": 0.5222222222222223,
    "below": 0,
    "above": 45.32433663424333,
    "turn_on_times": 0,
    "turn_on_ratio": 0.0
  },
  "13": {
    "validity_ratio": 0.5208333333333334,
    "below": 0,
    "above": 20.598023193157196,
    "turn_on_times": 0,
    "turn_on_ratio": 0.0
  }
}