{
  "1": {
    "validity_ratio": 0.9868055555555556,
    "below": 0,
    "above": 82.61602827860561,
    "turn_on_times": 0,
    "turn_on_ratio": 0.0
  },
  "2": {
    "validity_ratio": 0.9916666666666667,
    "below": -2.89066930032734,
    "above": 34.37691456343077,
    "turn_on_times": 3,
    "turn_on_ratio": 0.5
  },
  "3": {
    "validity_ratio": 0.9875,
    "below": -33.16542789030128,
    "above": 27.33106202339301,
    "turn_on_times": 0,
    "turn_on_ratio": 0.0
  },
  "4": {
    "validity_ratio": 0.9875,
    "below": -29.894406757748094,
    "above": 21.919560941901583,
    "turn_on_times": 0,
    "turn_on_ratio": 0.0
  },
  "5": {
    "validity_ratio": 0.9916666666666667,
    "below": -12.064617133199468,
    "above": 27.750158172391178,
    "turn_on_times": 2,
    "turn_on_ratio": 1.0
  },
  "6": {
    "validity_ratio": 0.9881944444444445,
    "below": -6.415270174052706,
    "above": 25.906598068696603,
    "turn_on_times": 1,
    "turn_on_ratio": 0.16666666666666666
  },
  "7": {
    "validity_ratio": 0.9902777777777778,
    "below": -10.1374746037302,
    "above": 18.385124448607556,
    "turn_on_times": 2,
    "turn_on_ratio": 0.3333333333333333
  },
  "8": {
    "validity_ratio": 0.9888888888888889,
    "below": 0,
    "above": 0,
    "turn_on_times": 4,
    "turn_on_ratio": 1.0
  },
  "9": {
    "validity_ratio": 0.9881944444444445,
    "below": 0,
    "above": 16.991566221794585,
    "turn_on_times": 0,
    "turn_on_ratio": 0.0
  },
  "10": {
    "validity_ratio": 0.9881944444444445,
    "below": 0,
    "above": 0,
    "turn_on_times": 0,
    "turn_on_ratio": 0
  },
  "12": {
    "validity_ratio": 0.9881944444444445,
    "below": -0.6482033697678676,
    "above": 72.80629350486664,
    "turn_on_times": 0,
    "turn_on_ratio": 0.0
  },
  "13": {
    "validity_ratio": 0.9868055555555556,
    "below": -1.3657486116583792,
    "above": 45.32052697358863,
    "turn_on_times": 0,
    "turn_on_ratio": 0.0
  }
}