{
  "1": {
    "validity_ratio": 0.9111111111111111,
    "below": 0,
    "above": 82.03878015901546,
    "turn_on_times": 0,
    "turn_on_ratio": 0.0
  },
  "2": {
    "validity_ratio": 0.9152777777777777,
    "below": -2.890772350178319,
    "above": 34.18262059326476,
    "turn_on_times": 3,
    "turn_on_ratio": 0.5
  },
  "3": {
    "validity_ratio": 0.9118055555555555,
    "below": -33.16552819557183,
    "above": 25.32714568286524,
    "turn_on_times": 0,
    "turn_on_ratio": 0.0
  },
  "4": {
    "validity_ratio": 0.9111111111111111,
    "below": -29.894457272801386,
    "above": 19.748297866009963,
    "turn_on_times": 0,
    "turn_on_ratio": 0.0
  },
  "5": {
    "validity_ratio": 0.9159722222222222,
    "below": -11.76469044394206,
    "above": 27.7365271333972,
    "turn_on_times": 2,
    "turn_on_ratio": 1.0
  },
  "6": {
    "validity_ratio": 0.9118055555555555,
    "below": -6.415266786506145,
    "above": 25.90623156183915,
    "turn_on_times": 1,
    "turn_on_ratio": 0.16666666666666666
  },
  "7": {
    "validity_ratio": 0.9138888888888889,
    "below": -10.129511390844367,
    "above": 18.152832224166424,
    "turn_on_times": 2,
    "turn_on_ratio": 0.3333333333333333
  },
  "8": {
    "validity_ratio": 0.9125,
    "below": 0,
    "above": 0,
    "turn_on_times": 4,
    "turn_on_ratio": 1.0
  },
  "9": {
    "validity_ratio": 0.9118055555555555,
    "below": 0,
    "above": 16.991485342192615,
    "turn_on_times": 0,
    "turn_on_ratio": 0.0
  },
  "10": {
    "validity_ratio": 0.9118055555555555,
    "below": 0,
    "above": 0,
    "turn_on_times": 0,
    "turn_on_ratio": 0
  },
  "12": {
    "validity_ratio": 0.9118055555555555,
    "below": -0.6482400689051835,
    "above": 69.65471490168893,
    "turn_on_times": 0,
    "turn_on_ratio": 0.0
  },
  "13": {
    "validity_ratio": 0.9104166666666667,
    "below": -1.36571567107815,
    "above": 44.42036829055224,
    "turn_on_times": 0,
    "turn_on_ratio": 0.0
  }
}