{
  "1": {
    "validity_ratio": 0.8069444444444445,
    "below": 0,
    "above": 71.03929084407788,
    "turn_on_times": 0,
    "turn_on_ratio": 0.0
  },
  "2": {
    "validity_ratio": 0.8041666666666667,
    "below": -2.8906085096816625,
    "above": 16.58051673616334,
    "turn_on_times": 3,
    "turn_on_ratio": 0.5
  },
  "3": {
    "validity_ratio": 0.8076388888888889,
    "below": -33.16536871872461,
    "above": 14.472351445641376,
    "turn_on_times": 0,
    "turn_on_ratio": 0.0
  },
  "4": {
    "validity_ratio": 0.8069444444444445,
    "below": -29.44418311645565,
    "above": 16.65295580345125,
    "turn_on_times": 0,
    "turn_on_ratio": 0.0
  },
  "5": {
    "validity_ratio": 0.8041666666666667,
    "below": -11.104573886097803,
    "above": 17.722501335195407,
    "turn_on_times": 1,
    "turn_on_ratio": 1.0
  },
  "6": {
    "validity_ratio": 0.8076388888888889,
    "below": -6.415272172417008,
    "above": 25.906813763525683,
    "turn_on_times": 1,
    "turn_on_ratio": 0.16666666666666666
  },
  "7": {
    "validity_ratio": 0.8020833333333334,
    "below": -10.137346395923124,
    "above": 10.492342539472007,
    "turn_on_times": 2,
    "turn_on_ratio": 0.3333333333333333
  },
  "8": {
    "validity_ratio": 0.8083333333333333,
    "below": 0,
    "above": 0,
    "turn_on_times": 4,
    "turn_on_ratio": 1.0
  },
  "9": {
    "validity_ratio": 0.8076388888888889,
    "below": 0,
    "above": 16.991613932177064,
    "turn_on_times": 0,
    "turn_on_ratio": 0.0
  },
  "10": {
    "validity_ratio": 0.8076388888888889,
    "below": 0,
    "above": 0,
    "turn_on_times": 0,
    "turn_on_ratio": 0
  },
  "12": {
    "validity_ratio": 0.8069444444444445,
    "below": -0.6481817203988272,
    "above": 52.49153609542973,
    "turn_on_times": 0,
    "turn_on_ratio": 0.0
  },
  "13": {
    "validity_ratio": 0.80625,
    "below": -1.3657680437984727,
    "above": 28.955628685028387,
    "turn_on_times": 0,
    "turn_on_ratio": 0.0
  }
}