{
  "1": {
    "validity_ratio": 0.6270833333333333,
    "below": 0,
    "above": 52.04514845480743,
    "turn_on_times": 0,
    "turn_on_ratio": 0.0
  },
  "2": {
    "validity_ratio": 0.6305555555555555,
    "below": -2.8908680749913764,
    "above": 11.638291816795494,
    "turn_on_times": 3,
    "turn_on_ratio": 0.5
  },
  "3": {
    "validity_ratio": 0.6277777777777778,
    "below": -26.9531035232677,
    "above": 12.413246704028465,
    "turn_on_times": 0,
    "turn_on_ratio": 0.0
  },
  "4": {
    "validity_ratio": 0.6277777777777778,
    "below": -21.050893208813594,
    "above": 16.652167787334132,
    "turn_on_times": 0,
    "turn_on_ratio": 0.0
  },
  "5": {
    "validity_ratio": 0.6305555555555555,
    "below": -7.642762950983709,
    "above": 17.6081001737409,
    "turn_on_times": 1,
    "turn_on_ratio": 1.0
  },
  "6": {
    "validity_ratio": 0.6270833333333333,
    "below": -2.7311288814484347,
    "above": 25.905890127078834,
    "turn_on_times": 1,
    "turn_on_ratio": 0.16666666666666666
  },
  "7": {
    "validity_ratio": 0.6277777777777778,
    "below": -10.129935586759679,
    "above": 10.138703990099641,
    "turn_on_times": 2,
    "turn_on_ratio": 0.3333333333333333
  },
  "8": {
    "validity_ratio": 0.6270833333333333,
    "below": 0,
    "above": 0,
    "turn_on_times": 3,
    "turn_on_ratio": 1.0
  },
  "9": {
    "validity_ratio": 0.6270833333333333,
    "below": 0,
    "above": 16.090041565536243,
    "turn_on_times": 0,
    "turn_on_ratio": 0.0
  },
  "10": {
    "validity_ratio": 0.6270833333333333,
    "below": 0,
    "above": 0,
    "turn_on_times": 0,
    "turn_on_ratio": 0
  },
  "12": {
    "validity_ratio": 0.6263888888888889,
    "below": 0,
    "above": 45.850474656685286,
    "turn_on_times": 0,
    "turn_on_ratio": 0.0
  },
  "13": {
    "validity_ratio": 0.625,
    "below": 0,
    "above": 20.59727108818412,
    "turn_on_times": 0,
    "turn_on_ratio": 0.0
  }
}