{
  "1": {
    "validity_ratio": 0.10138888888888889,
    "below": 0,
    "above": 6.560709239095658,
    "turn_on_times": 0,
    "turn_on_ratio": 0.0
  },
  "2": {
    "validity_ratio": 0.10277777777777777,
    "below": 0,
    "above": 7.653331917496376,
    "turn_on_times": 0,
    "turn_on_ratio": 0.0
  },
  "3": {
    "validity_ratio": 0.10138888888888889,
    "below": 0,
    "above": 5.21440265269176,
    "turn_on_times": 0,
    "turn_on_ratio": 0.0
  },
  "4": {
    "validity_ratio": 0.1,
    "below": 0,
    "above": 7.579313685024103,
    "turn_on_times": 0,
    "turn_on_ratio": 0.0
  },
  "5": {
    "validity_ratio": 0.10138888888888889,
    "below": -1.6441853731593843,
    "above": 0,
    "turn_on_times": 1,
    "turn_on_ratio": 1.0
  },
  "6": {
    "validity_ratio": 0.09930555555555555,
    "below": 0,
    "above": 2.1864853856452906,
    "turn_on_times": 1,
    "turn_on_ratio": 0.3333333333333333
  },
  "7": {
    "validity_ratio": 0.09930555555555555,
    "below": -1.5020068790478287,
    "above": 0.023408138052067318,
    "turn_on_times": 2,
    "turn_on_ratio": 0.6666666666666666
  },
  "8": {
    "validity_ratio": 0.09930555555555555,
    "below": 0,
    "above": 0,
    "turn_on_times": 0,
    "turn_on_ratio": 0
  },
  "9": {
    "validity_ratio": 0.09930555555555555,
    "below": 0,
    "above": 0,
    "turn_on_times": 0,
    "turn_on_ratio": 0
  },
  "10": {
    "validity_ratio": 0.09930555555555555,
    "below": 0,
    "above": 0,
    "turn_on_times": 0,
    "turn_on_ratio": 0
  },
  "12": {
    "validity_ratio": 0.09861111111111111,
    "below": 0,
    "above": 15.305787946996636,
    "turn_on_times": 0,
    "turn_on_ratio": 0.0
  },
  "13": {
    "validity_ratio": 0.09722222222222222,
    "below": 0,
    "above": 8.49358665949232,
    "turn_on_times": 0,
    "turn_on_ratio": 0.0
  }
}