{
  "1": {
    "validity_ratio": 0.3923611111111111,
    "below": 0,
    "above": 27.80555062113474,
    "turn_on_times": 0,
    "turn_on_ratio": 0.0
  },
  "2": {
    "validity_ratio": 0.39444444444444443,
    "below": -1.8020668694542727,
    "above": 11.638071999525375,
    "turn_on_times": 3,
    "turn_on_ratio": 0.5
  },
  "3": {
    "validity_ratio": 0.3923611111111111,
    "below": -6.409028311349963,
    "above": 12.413168149369108,
    "turn_on_times": 0,
    "turn_on_ratio": 0.0
  },
  "4": {
    "validity_ratio": 0.39166666666666666,
    "below": -4.258153601694737,
    "above": 16.651980000274325,
    "turn_on_times": 0,
    "turn_on_ratio": 0.0
  },
  "5": {
    "validity_ratio": 0.39375,
    "below": -3.8897986868855625,
    "above": 14.297238166438499,
    "turn_on_times": 1,
    "turn_on_ratio": 1.0
  },
  "6": {
    "validity_ratio": 0.3909722222222222,
    "below": 0,
    "above": 18.758167077757726,
    "turn_on_times": 1,
    "turn_on_ratio": 0.16666666666666666
  },
  "7": {
    "validity_ratio": 0.39166666666666666,
    "below": -3.3577732957511333,
    "above": 8.520600043219726,
    "turn_on_times": 2,
    "turn_on_ratio": 0.3333333333333333
  },
  "8": {
    "validity_ratio": 0.39166666666666666,
    "below": 0,
    "above": 0,
    "turn_on_times": 2,
    "turn_on_ratio": 1.0
  },
  "9": {
    "validity_ratio": 0.3909722222222222,
    "below": 0,
    "above": 13.375245424167973,
    "turn_on_times": 0,
    "turn_on_ratio": 0.0
  },
  "10": {
    "validity_ratio": 0.3909722222222222,
    "below": 0,
    "above": 0,
    "turn_on_times": 0,
    "turn_on_ratio": 0
  },
  "12": {
    "validity_ratio": 0.3902777777777778,
    "below": 0,
    "above": 42.67583492748471,
    "turn_on_times": 0,
    "turn_on_ratio": 0.0
  },
  "13": {
    "validity_ratio": 0.3888888888888889,
    "below": 0,
    "above": 20.596912599404043,
    "turn_on_times": 0,
    "turn_on_ratio": 0.0
  }
}