{
  "1": {
    "validity_ratio": 0.7104166666666667,
    "below": 0,
    "above": 60.845948252932175,
    "turn_on_times": 0,
    "turn_on_ratio": 0.0
  },
  "2": {
    "validity_ratio": 0.7069444444444445,
    "below": -2.890611479818519,
    "above": 11.63920368976005,
    "turn_on_times": 3,
    "turn_on_ratio": 0.5
  },
  "3": {
    "validity_ratio": 0.7104166666666667,
    "below": -31.673276973367233,
    "above": 12.41357257076512,
    "turn_on_times": 0,
    "turn_on_ratio": 0.0
  },
  "4": {
    "validity_ratio": 0.7027777777777777,
    "below": -25.943042668153453,
    "above": 16.652946786395162,
    "turn_on_times": 0,
    "turn_on_ratio": 0.0
  },
  "5": {
    "validity_ratio": 0.7069444444444445,
    "below": -9.74192351872974,
    "above": 17.60796105373982,
    "turn_on_times": 1,
    "turn_on_ratio": 1.0
  },
  "6": {
    "validity_ratio": 0.7104166666666667,
    "below": -5.019349290406608,
    "above": 25.90680323385625,
    "turn_on_times": 1,
    "turn_on_ratio": 0.16666666666666666
  },
  "7": {
    "validity_ratio": 0.7048611111111112,
    "below": -10.1373526389057,
    "above": 10.285589357599994,
    "turn_on_times": 2,
    "turn_on_ratio": 0.3333333333333333
  },
  "8": {
    "validity_ratio": 0.7111111111111111,
    "below": 0,
    "above": 0,
    "turn_on_times": 4,
    "turn_on_ratio": 1.0
  },
  "9": {
    "validity_ratio": 0.7104166666666667,
    "below": 0,
    "above": 16.406715245438487,
    "turn_on_times": 0,
    "turn_on_ratio": 0.0
  },
  "10": {
    "validity_ratio": 0.7104166666666667,
    "below": 0,
    "above": 0,
    "turn_on_times": 0,
    "turn_on_ratio": 0
  },
  "12": {
    "validity_ratio": 0.7027777777777777,
    "below": -0.648182778153489,
    "above": 45.851936620890605,
    "turn_on_times": 0,
    "turn_on_ratio": 0.0
  },
  "13": {
    "validity_ratio": 0.7083333333333334,
    "below": -0.7694032995251125,
    "above": 21.74119507596603,
    "turn_on_times": 0,
    "turn_on_ratio": 0.0
  }
}