{
  "1": {
    "validity_ratio": 0.30069444444444443,
    "below": 0,
    "above": 10.29287208524213,
    "turn_on_times": 0,
    "turn_on_ratio": 0
  },
  "2": {
    "validity_ratio": 0.30486111111111114,
    "below": -2.1572048477271464,
    "above": 0,
    "turn_on_times": 0,
    "turn_on_ratio": 0
  },
  "3": {
    "validity_ratio": 0.29930555555555555,
    "below": -0.11000000000000026,
    "above": 3.2772489240986142,
    "turn_on_times": 0,
    "turn_on_ratio": 0
  },
  "4": {
    "validity_ratio": 0.3,
    "below": 0,
    "above": 0.4923342115487758,
    "turn_on_times": 0,
    "turn_on_ratio": 0.0
  },
  "5": {
    "validity_ratio": 0.3020833333333333,
    "below": 0,
    "above": 1.0705949532607122,
    "turn_on_times": 0,
    "turn_on_ratio": 0.0
  },
  "6": {
    "validity_ratio": 0.30069444444444443,
    "below": 0,
    "above": 2.2743465826718574,
    "turn_on_times": 0,
    "turn_on_ratio": 0.0
  },
  "7": {
    "validity_ratio": 0.30416666666666664,
    "below": -0.8316626825629858,
    "above": 0,
    "turn_on_times": 1,
    "turn_on_ratio": 1.0
  },
  "8": {
    "validity_ratio": 0.30069444444444443,
    "below": 0,
    "above": 0,
    "turn_on_times": 0,
    "turn_on_ratio": 0
  },
  "9": {
    "validity_ratio": 0.30069444444444443,
    "below": 0,
    "above": 0,
    "turn_on_times": 0,
    "turn_on_ratio": 0
  },
  "10": {
    "validity_ratio": 0.3013888888888889,
    "below": 0,
    "above": 0,
    "turn_on_times": 0,
    "turn_on_ratio": 0
  }
}