{
  "1": {
    "validity_ratio": 0.3076388888888889,
    "below": 0,
    "above": 10.57479859211514,
    "turn_on_times": 0,
    "turn_on_ratio": 0
  },
  "2": {
    "validity_ratio": 0.31180555555555556,
    "below": -2.30058278914147,
    "above": 0,
    "turn_on_times": 0,
    "turn_on_ratio": 0
  },
  "3": {
    "validity_ratio": 0.3055555555555556,
    "below": -0.1466644224303236,
    "above": 3.275950595590508,
    "turn_on_times": 0,
    "turn_on_ratio": 0
  },
  "4": {
    "validity_ratio": 0.30694444444444446,
    "below": 0,
    "above": 0.49158306409187025,
    "turn_on_times": 0,
    "turn_on_ratio": 0.0
  },
  "5": {
    "validity_ratio": 0.3090277777777778,
    "below": 0,
    "above": 1.203453670023549,
    "turn_on_times": 0,
    "turn_on_ratio": 0.0
  },
  "6": {
    "validity_ratio": 0.3076388888888889,
    "below": 0,
    "above": 2.572644797284917,
    "turn_on_times": 0,
    "turn_on_ratio": 0.0
  },
  "7": {
    "validity_ratio": 0.3111111111111111,
    "below": -0.964958145004153,
    "above": 0,
    "turn_on_times": 1,
    "turn_on_ratio": 1.0
  },
  "8": {
    "validity_ratio": 0.3076388888888889,
    "below": 0,
    "above": 0,
    "turn_on_times": 0,
    "turn_on_ratio": 0
  },
  "9": {
    "validity_ratio": 0.3076388888888889,
    "below": 0,
    "above": 0,
    "turn_on_times": 0,
    "turn_on_ratio": 0
  },
  "10": {
    "validity_ratio": 0.30833333333333335,
    "below": 0,
    "above": 0,
    "turn_on_times": 0,
    "turn_on_ratio": 0
  }
}