{
  "1": {
    "validity_ratio": 0.4527777777777778,
    "below": 0,
    "above": 14.244584433937334,
    "turn_on_times": 0,
    "turn_on_ratio": 0
  },
  "2": {
    "validity_ratio": 0.45069444444444445,
    "below": -3.5415526681591354,
    "above": 0,
    "turn_on_times": 0,
    "turn_on_ratio": 0
  },
  "3": {
    "validity_ratio": 0.4513888888888889,
    "below": -2.3619836293788246,
    "above": 3.2770806463409183,
    "turn_on_times": 0,
    "turn_on_ratio": 0
  },
  "4": {
    "validity_ratio": 0.4527777777777778,
    "below": -1.1274355313333317,
    "above": 0.6856563294748301,
    "turn_on_times": 0,
    "turn_on_ratio": 0.0
  },
  "5": {
    "validity_ratio": 0.4486111111111111,
    "below": 0,
    "above": 1.986006640898452,
    "turn_on_times": 0,
    "turn_on_ratio": 0.0
  },
  "6": {
    "validity_ratio": 0.4534722222222222,
    "below": 0,
    "above": 6.351346554037478,
    "turn_on_times": 0,
    "turn_on_ratio": 0.0
  },
  "7": {
    "validity_ratio": 0.45,
    "below": -3.923310224857436,
    "above": 0,
    "turn_on_times": 1,
    "turn_on_ratio": 1.0
  },
  "8": {
    "validity_ratio": 0.4513888888888889,
    "below": -1.520634205236633,
    "above": 0.04123695848947939,
    "turn_on_times": 1,
    "turn_on_ratio": 1.0
  },
  "9": {
    "validity_ratio": 0.44930555555555557,
    "below": 0,
    "above": 8.16106685925311,
    "turn_on_times": 0,
    "turn_on_ratio": 0.0
  },
  "10": {
    "validity_ratio": 0.45416666666666666,
    "below": 0,
    "above": 0,
    "turn_on_times": 0,
    "turn_on_ratio": 0
  }
}