{
  "1": {
    "validity_ratio": 0.7847222222222222,
    "below": 0,
    "above": 22.541905196545503,
    "turn_on_times": 0,
    "turn_on_ratio": 0
  },
  "2": {
    "validity_ratio": 0.7840277777777778,
    "below": -4.033345417971977,
    "above": 0.5948485668674427,
    "turn_on_times": 0,
    "turn_on_ratio": 0
  },
  "3": {
    "validity_ratio": 0.7833333333333333,
    "below": -2.370437752744953,
    "above": 5.12270248969344,
    "turn_on_times": 0,
    "turn_on_ratio": 0
  },
  "4": {
    "validity_ratio": 0.7861111111111111,
    "below": -1.1273576786666653,
    "above": 0.7737569826784236,
    "turn_on_times": 1,
    "turn_on_ratio": 0.2
  },
  "5": {
    "validity_ratio": 0.7826388888888889,
    "below": 0,
    "above": 3.1493693113728547,
    "turn_on_times": 1,
    "turn_on_ratio": 0.2
  },
  "6": {
    "validity_ratio": 0.7868055555555555,
    "below": -0.29790641400666634,
    "above": 7.5878520291732,
    "turn_on_times": 1,
    "turn_on_ratio": 0.2
  },
  "7": {
    "validity_ratio": 0.7840277777777778,
    "below": -4.617599512732577,
    "above": 2.004908338526303,
    "turn_on_times": 2,
    "turn_on_ratio": 0.4
  },
  "8": {
    "validity_ratio": 0.7826388888888889,
    "below": -7.128680726680871,
    "above": 0.04128506678183814,
    "turn_on_times": 1,
    "turn_on_ratio": 1.0
  },
  "9": {
    "validity_ratio": 0.7826388888888889,
    "below": 0,
    "above": 36.311734994115774,
    "turn_on_times": 0,
    "turn_on_ratio": 0.0
  },
  "10": {
    "validity_ratio": 0.7875,
    "below": 0,
    "above": 0,
    "turn_on_times": 0,
    "turn_on_ratio": 0
  }
}