{
  "1": {
    "validity_ratio": 0.6604166666666667,
    "below": 0,
    "above": 19.046020415468945,
    "turn_on_times": 0,
    "turn_on_ratio": 0
  },
  "2": {
    "validity_ratio": 0.6590277777777778,
    "below": -4.0324993426361715,
    "above": 0.5948090585687741,
    "turn_on_times": 0,
    "turn_on_ratio": 0
  },
  "3": {
    "validity_ratio": 0.6590277777777778,
    "below": -2.3619611993970526,
    "above": 4.0681508782534825,
    "turn_on_times": 0,
    "turn_on_ratio": 0
  },
  "4": {
    "validity_ratio": 0.6611111111111111,
    "below": -1.1274264036666652,
    "above": 0.7751775856778668,
    "turn_on_times": 0,
    "turn_on_ratio": 0.0
  },
  "5": {
    "validity_ratio": 0.6576388888888889,
    "below": 0,
    "above": 2.4132210456434904,
    "turn_on_times": 0,
    "turn_on_ratio": 0.0
  },
  "6": {
    "validity_ratio": 0.6618055555555555,
    "below": 0,
    "above": 6.478869474798448,
    "turn_on_times": 0,
    "turn_on_ratio": 0.0
  },
  "7": {
    "validity_ratio": 0.6583333333333333,
    "below": -4.617294274412395,
    "above": 0.13696689715222612,
    "turn_on_times": 1,
    "turn_on_ratio": 1.0
  },
  "8": {
    "validity_ratio": 0.6576388888888889,
    "below": -6.845336600488872,
    "above": 0.04124259884163907,
    "turn_on_times": 1,
    "turn_on_ratio": 1.0
  },
  "9": {
    "validity_ratio": 0.6576388888888889,
    "below": 0,
    "above": 29.515871358519277,
    "turn_on_times": 0,
    "turn_on_ratio": 0.0
  },
  "10": {
    "validity_ratio": 0.6625,
    "below": 0,
    "above": 0,
    "turn_on_times": 0,
    "turn_on_ratio": 0
  }
}