{
  "1": {
    "validity_ratio": 0.7569444444444444,
    "below": 0,
    "above": 21.675382569256982,
    "turn_on_times": 0,
    "turn_on_ratio": 0
  },
  "2": {
    "validity_ratio": 0.75625,
    "below": -4.033285645199741,
    "above": 0.5948457757205585,
    "turn_on_times": 0,
    "turn_on_ratio": 0
  },
  "3": {
    "validity_ratio": 0.7555555555555555,
    "below": -2.3704011315616222,
    "above": 4.271409034623994,
    "turn_on_times": 0,
    "turn_on_ratio": 0
  },
  "4": {
    "validity_ratio": 0.7583333333333333,
    "below": -1.1273625338888875,
    "above": 0.7738599283492943,
    "turn_on_times": 1,
    "turn_on_ratio": 0.2
  },
  "5": {
    "validity_ratio": 0.7548611111111111,
    "below": 0,
    "above": 2.7494912803560325,
    "turn_on_times": 1,
    "turn_on_ratio": 0.2
  },
  "6": {
    "validity_ratio": 0.7590277777777777,
    "below": -0.29790736077499974,
    "above": 6.733763962818544,
    "turn_on_times": 1,
    "turn_on_ratio": 0.2
  },
  "7": {
    "validity_ratio": 0.75625,
    "below": -4.6175779485292265,
    "above": 0.9689837597215248,
    "turn_on_times": 2,
    "turn_on_ratio": 0.4
  },
  "8": {
    "validity_ratio": 0.7548611111111111,
    "below": -7.128736800826807,
    "above": 0.04128206654485046,
    "turn_on_times": 1,
    "turn_on_ratio": 1.0
  },
  "9": {
    "validity_ratio": 0.7548611111111111,
    "below": 0,
    "above": 34.756756450248496,
    "turn_on_times": 0,
    "turn_on_ratio": 0.0
  },
  "10": {
    "validity_ratio": 0.7597222222222222,
    "below": 0,
    "above": 0,
    "turn_on_times": 0,
    "turn_on_ratio": 0
  }
}