{
  "1": {
    "validity_ratio": 0.3416666666666667,
    "below": 0,
    "above": 11.844723197515158,
    "turn_on_times": 0,
    "turn_on_ratio": 0
  },
  "2": {
    "validity_ratio": 0.34652777777777777,
    "below": -2.958938439289099,
    "above": 0,
    "turn_on_times": 0,
    "turn_on_ratio": 0
  },
  "3": {
    "validity_ratio": 0.3402777777777778,
    "below": -0.3645119675139355,
    "above": 3.2771690551872545,
    "turn_on_times": 0,
    "turn_on_ratio": 0
  },
  "4": {
    "validity_ratio": 0.3416666666666667,
    "below": 0,
    "above": 0.6857484304100541,
    "turn_on_times": 0,
    "turn_on_ratio": 0.0
  },
  "5": {
    "validity_ratio": 0.34444444444444444,
    "below": 0,
    "above": 1.7996750580467795,
    "turn_on_times": 0,
    "turn_on_ratio": 0.0
  },
  "6": {
    "validity_ratio": 0.3423611111111111,
    "below": 0,
    "above": 4.170840103556027,
    "turn_on_times": 0,
    "turn_on_ratio": 0.0
  },
  "7": {
    "validity_ratio": 0.3458333333333333,
    "below": -1.4541360780495576,
    "above": 0,
    "turn_on_times": 1,
    "turn_on_ratio": 1.0
  },
  "8": {
    "validity_ratio": 0.3451388888888889,
    "below": -0.02529490124499993,
    "above": 0,
    "turn_on_times": 1,
    "turn_on_ratio": 1.0
  },
  "9": {
    "validity_ratio": 0.3423611111111111,
    "below": 0,
    "above": 0.673552648255008,
    "turn_on_times": 0,
    "turn_on_ratio": 0.0
  },
  "10": {
    "validity_ratio": 0.34305555555555556,
    "below": 0,
    "above": 0,
    "turn_on_times": 0,
    "turn_on_ratio": 0
  }
}