{
  "1": {
    "validity_ratio": 0.8958333333333334,
    "below": -3.249618979438572,
    "above": 27.951019567627394,
    "turn_on_times": 1,
    "turn_on_ratio": 0.047619047619047616
  },
  "2": {
    "validity_ratio": 0.8944444444444445,
    "below": -4.397920666021295,
    "above": 28.428071092815834,
    "turn_on_times": 0,
    "turn_on_ratio": 0.0
  },
  "3": {
    "validity_ratio": 0.8944444444444445,
    "below": -6.9554731818635,
    "above": 1.0459535212656221,
    "turn_on_times": 2,
    "turn_on_ratio": 0.6666666666666666
  },
  "4": {
    "validity_ratio": 0.8979166666666667,
    "below": -1.3111085802407156,
    "above": 3.7762493941176274,
    "turn_on_times": 1,
    "turn_on_ratio": 0.3333333333333333
  },
  "5": {
    "validity_ratio": 0.8958333333333334,
    "below": -12.849430232195486,
    "above": 18.125628452912434,
    "turn_on_times": 0,
    "turn_on_ratio": 0.0
  },
  "6": {
    "validity_ratio": 0.89375,
    "below": -0.3337259915544331,
    "above": 7.9973914446847205,
    "turn_on_times": 8,
    "turn_on_ratio": 0.38095238095238093
  },
  "7": {
    "validity_ratio": 0.89375,
    "below": -1.3050141699752316,
    "above": 8.678493466743147,
    "turn_on_times": 6,
    "turn_on_ratio": 0.2857142857142857
  },
  "8": {
    "validity_ratio": 0.8965277777777778,
    "below": 0,
    "above": 3.7780639756064587,
    "turn_on_times": 5,
    "turn_on_ratio": 0.5555555555555556
  },
  "9": {
    "validity_ratio": 0.8951388888888889,
    "below": 0,
    "above": 3.645910731551671,
    "turn_on_times": 4,
    "turn_on_ratio": 0.4444444444444444
  },
  "10": {
    "validity_ratio": 0.8951388888888889,
    "below": -5.561981575302315,
    "above": 0,
    "turn_on_times": 2,
    "turn_on_ratio": 1.0
  },
  "12": {
    "validity_ratio": 0.8972222222222223,
    "below": -3.4418241189483827,
    "above": 33.10551357679231,
    "turn_on_times": 0,
    "turn_on_ratio": 0.0
  },
  "13": {
    "validity_ratio": 0.8944444444444445,
    "below": -2.0403701555531235,
    "above": 26.577490562928094,
    "turn_on_times": 6,
    "turn_on_ratio": 0.2857142857142857
  }
}