{
  "1": {
    "validity_ratio": 0.21805555555555556,
    "below": 0,
    "above": 8.513865372782446,
    "turn_on_times": 0,
    "turn_on_ratio": 0.0
  },
  "2": {
    "validity_ratio": 0.21597222222222223,
    "below": 0,
    "above": 6.799856231247959,
    "turn_on_times": 0,
    "turn_on_ratio": 0.0
  },
  "3": {
    "validity_ratio": 0.22013888888888888,
    "below": -0.294532179061977,
    "above": 0,
    "turn_on_times": 1,
    "turn_on_ratio": 1.0
  },
  "4": {
    "validity_ratio": 0.21805555555555556,
    "below": 0,
    "above": 1.4966819178898463,
    "turn_on_times": 0,
    "turn_on_ratio": 0.0
  },
  "5": {
    "validity_ratio": 0.22083333333333333,
    "below": 0,
    "above": 5.612348341250006,
    "turn_on_times": 0,
    "turn_on_ratio": 0.0
  },
  "6": {
    "validity_ratio": 0.21944444444444444,
    "below": 0,
    "above": 0.05911192740717365,
    "turn_on_times": 5,
    "turn_on_ratio": 1.0
  },
  "7": {
    "validity_ratio": 0.21875,
    "below": -0.5456782132225909,
    "above": 6.635299428657461,
    "turn_on_times": 0,
    "turn_on_ratio": 0.0
  },
  "8": {
    "validity_ratio": 0.22083333333333333,
    "below": 0,
    "above": 0,
    "turn_on_times": 0,
    "turn_on_ratio": 0
  },
  "9": {
    "validity_ratio": 0.22083333333333333,
    "below": 0,
    "above": 0,
    "turn_on_times": 0,
    "turn_on_ratio": 0
  },
  "10": {
    "validity_ratio": 0.2152777777777778,
    "below": -2.3433084720373194,
    "above": 0,
    "turn_on_times": 1,
    "turn_on_ratio": 1.0
  },
  "12": {
    "validity_ratio": 0.21944444444444444,
    "below": 0,
    "above": 3.844266383060788,
    "turn_on_times": 0,
    "turn_on_ratio": 0.0
  },
  "13": {
    "validity_ratio": 0.22013888888888888,
    "below": 0,
    "above": 15.48466228478537,
    "turn_on_times": 0,
    "turn_on_ratio": 0.0
  }
}