{
  "1": {
    "validity_ratio": 0.12083333333333333,
    "below": 0,
    "above": 7.009048031327938,
    "turn_on_times": 0,
    "turn_on_ratio": 0.0
  },
  "2": {
    "validity_ratio": 0.11875,
    "below": 0,
    "above": 5.631454877130043,
    "turn_on_times": 0,
    "turn_on_ratio": 0.0
  },
  "3": {
    "validity_ratio": 0.12291666666666666,
    "below": 0,
    "above": 0,
    "turn_on_times": 0,
    "turn_on_ratio": 0
  },
  "4": {
    "validity_ratio": 0.12083333333333333,
    "below": 0,
    "above": 0,
    "turn_on_times": 0,
    "turn_on_ratio": 0
  },
  "5": {
    "validity_ratio": 0.12291666666666666,
    "below": 0,
    "above": 0,
    "turn_on_times": 0,
    "turn_on_ratio": 0
  },
  "6": {
    "validity_ratio": 0.12222222222222222,
    "below": 0,
    "above": 0.059869904415378095,
    "turn_on_times": 4,
    "turn_on_ratio": 1.0
  },
  "7": {
    "validity_ratio": 0.12083333333333333,
    "below": -0.5456838050941302,
    "above": 5.395138384289559,
    "turn_on_times": 0,
    "turn_on_ratio": 0.0
  },
  "8": {
    "validity_ratio": 0.12361111111111112,
    "below": 0,
    "above": 0,
    "turn_on_times": 0,
    "turn_on_ratio": 0
  },
  "9": {
    "validity_ratio": 0.12361111111111112,
    "below": 0,
    "above": 0,
    "turn_on_times": 0,
    "turn_on_ratio": 0
  },
  "10": {
    "validity_ratio": 0.11805555555555555,
    "below": -2.343312821350341,
    "above": 0,
    "turn_on_times": 1,
    "turn_on_ratio": 1.0
  },
  "12": {
    "validity_ratio": 0.12222222222222222,
    "below": 0,
    "above": 0,
    "turn_on_times": 0,
    "turn_on_ratio": 0
  },
  "13": {
    "validity_ratio": 0.12291666666666666,
    "below": 0,
    "above": 12.912332851383026,
    "turn_on_times": 0,
    "turn_on_ratio": 0.0
  }
}