{
  "1": {
    "validity_ratio": 0.33541666666666664,
    "below": 0,
    "above": 9.937987209764149,
    "turn_on_times": 0,
    "turn_on_ratio": 0.0
  },
  "2": {
    "validity_ratio": 0.33402777777777776,
    "below": 0,
    "above": 7.4502285288761465,
    "turn_on_times": 0,
    "turn_on_ratio": 0.0
  },
  "3": {
    "validity_ratio": 0.3326388888888889,
    "below": -2.4738644138810684,
    "above": 0,
    "turn_on_times": 1,
    "turn_on_ratio": 1.0
  },
  "4": {
    "validity_ratio": 0.33611111111111114,
    "below": -0.03732440071111102,
    "above": 2.0009084767203067,
    "turn_on_times": 0,
    "turn_on_ratio": 0.0
  },
  "5": {
    "validity_ratio": 0.33194444444444443,
    "below": 0,
    "above": 14.47137160527129,
    "turn_on_times": 0,
    "turn_on_ratio": 0.0
  },
  "6": {
    "validity_ratio": 0.33055555555555555,
    "below": 0,
    "above": 1.6547304304952808,
    "turn_on_times": 5,
    "turn_on_ratio": 0.7142857142857143
  },
  "7": {
    "validity_ratio": 0.33541666666666664,
    "below": -0.7799323291605752,
    "above": 6.635149543756587,
    "turn_on_times": 2,
    "turn_on_ratio": 0.2857142857142857
  },
  "8": {
    "validity_ratio": 0.3326388888888889,
    "below": 0,
    "above": 0,
    "turn_on_times": 0,
    "turn_on_ratio": 0
  },
  "9": {
    "validity_ratio": 0.3326388888888889,
    "below": 0,
    "above": 0,
    "turn_on_times": 0,
    "turn_on_ratio": 0
  },
  "10": {
    "validity_ratio": 0.3333333333333333,
    "below": -2.3433133065960874,
    "above": 0,
    "turn_on_times": 1,
    "turn_on_ratio": 1.0
  },
  "12": {
    "validity_ratio": 0.3298611111111111,
    "below": 0,
    "above": 10.3504795341541,
    "turn_on_times": 0,
    "turn_on_ratio": 0.0
  },
  "13": {
    "validity_ratio": 0.33125,
    "below": 0,
    "above": 15.957285656244547,
    "turn_on_times": 0,
    "turn_on_ratio": 0.0
  }
}