{
  "1": {
    "validity_ratio": 0.5361111111111111,
    "below": 0,
    "above": 19.045670994256387,
    "turn_on_times": 0,
    "turn_on_ratio": 0.0
  },
  "2": {
    "validity_ratio": 0.5402777777777777,
    "below": -4.397741376751904,
    "above": 10.91655289842292,
    "turn_on_times": 0,
    "turn_on_ratio": 0.0
  },
  "3": {
    "validity_ratio": 0.5381944444444444,
    "below": -6.955429608698007,
    "above": 0,
    "turn_on_times": 1,
    "turn_on_ratio": 1.0
  },
  "4": {
    "validity_ratio": 0.5402777777777777,
    "below": -1.2923492873300682,
    "above": 2.000872052191571,
    "turn_on_times": 0,
    "turn_on_ratio": 0.0
  },
  "5": {
    "validity_ratio": 0.5409722222222222,
    "below": -5.9169749183664,
    "above": 14.494621936799529,
    "turn_on_times": 0,
    "turn_on_ratio": 0.0
  },
  "6": {
    "validity_ratio": 0.5395833333333333,
    "below": 0,
    "above": 7.94543821424864,
    "turn_on_times": 5,
    "turn_on_ratio": 0.5
  },
  "7": {
    "validity_ratio": 0.5402777777777777,
    "below": -1.3050063183459553,
    "above": 6.635033010011294,
    "turn_on_times": 3,
    "turn_on_ratio": 0.3
  },
  "8": {
    "validity_ratio": 0.5375,
    "below": 0,
    "above": 0,
    "turn_on_times": 3,
    "turn_on_ratio": 1.0
  },
  "9": {
    "validity_ratio": 0.5402777777777777,
    "below": 0,
    "above": 3.5766531882973407,
    "turn_on_times": 0,
    "turn_on_ratio": 0.0
  },
  "10": {
    "validity_ratio": 0.5347222222222222,
    "below": -2.3433169868701635,
    "above": 0,
    "turn_on_times": 1,
    "turn_on_ratio": 1.0
  },
  "12": {
    "validity_ratio": 0.5368055555555555,
    "below": -3.307059127228111,
    "above": 10.78097688478239,
    "turn_on_times": 0,
    "turn_on_ratio": 0.0
  },
  "13": {
    "validity_ratio": 0.5402777777777777,
    "below": -1.3822082675618612,
    "above": 16.436141851575464,
    "turn_on_times": 2,
    "turn_on_ratio": 0.2
  }
}