{
  "1": {
    "validity_ratio": 0.16944444444444445,
    "below": 0,
    "above": 8.513831978654617,
    "turn_on_times": 0,
    "turn_on_ratio": 0.0
  },
  "2": {
    "validity_ratio": 0.1673611111111111,
    "below": 0,
    "above": 6.799803580349425,
    "turn_on_times": 0,
    "turn_on_ratio": 0.0
  },
  "3": {
    "validity_ratio": 0.17152777777777778,
    "below": 0,
    "above": 0,
    "turn_on_times": 1,
    "turn_on_ratio": 1.0
  },
  "4": {
    "validity_ratio": 0.16944444444444445,
    "below": 0,
    "above": 0.01799745638888923,
    "turn_on_times": 0,
    "turn_on_ratio": 0.0
  },
  "5": {
    "validity_ratio": 0.17222222222222222,
    "below": 0,
    "above": 0.36229888750000117,
    "turn_on_times": 0,
    "turn_on_ratio": 0.0
  },
  "6": {
    "validity_ratio": 0.17083333333333334,
    "below": 0,
    "above": 0.05923149758476658,
    "turn_on_times": 5,
    "turn_on_ratio": 1.0
  },
  "7": {
    "validity_ratio": 0.1701388888888889,
    "below": -0.5456790894795123,
    "above": 6.635278518758864,
    "turn_on_times": 0,
    "turn_on_ratio": 0.0
  },
  "8": {
    "validity_ratio": 0.17222222222222222,
    "below": 0,
    "above": 0,
    "turn_on_times": 0,
    "turn_on_ratio": 0
  },
  "9": {
    "validity_ratio": 0.17222222222222222,
    "below": 0,
    "above": 0,
    "turn_on_times": 0,
    "turn_on_ratio": 0
  },
  "10": {
    "validity_ratio": 0.16666666666666666,
    "below": -2.343309153582953,
    "above": 0,
    "turn_on_times": 1,
    "turn_on_ratio": 1.0
  },
  "12": {
    "validity_ratio": 0.17083333333333334,
    "below": 0,
    "above": 0.14131074442556568,
    "turn_on_times": 0,
    "turn_on_ratio": 0.0
  },
  "13": {
    "validity_ratio": 0.17152777777777778,
    "below": 0,
    "above": 15.48459973906967,
    "turn_on_times": 0,
    "turn_on_ratio": 0.0
  }
}