{
  "1": {
    "validity_ratio": 0.9166666666666666,
    "below": -3.249458044308051,
    "above": 29.554555247020474,
    "turn_on_times": 1,
    "turn_on_ratio": 0.047619047619047616
  },
  "2": {
    "validity_ratio": 0.9222222222222223,
    "below": -4.397421173433423,
    "above": 29.492100127173032,
    "turn_on_times": 0,
    "turn_on_ratio": 0.0
  },
  "3": {
    "validity_ratio": 0.9194444444444444,
    "below": -6.955351788802623,
    "above": 1.2537653736300827,
    "turn_on_times": 2,
    "turn_on_ratio": 0.6666666666666666
  },
  "4": {
    "validity_ratio": 0.9173611111111111,
    "below": -1.3111374360347523,
    "above": 3.7763372599059997,
    "turn_on_times": 1,
    "turn_on_ratio": 0.3333333333333333
  },
  "5": {
    "validity_ratio": 0.9166666666666666,
    "below": -12.849433313703335,
    "above": 20.17357664586469,
    "turn_on_times": 0,
    "turn_on_ratio": 0.0
  },
  "6": {
    "validity_ratio": 0.9215277777777777,
    "below": -0.7435164865040871,
    "above": 7.995292036636046,
    "turn_on_times": 8,
    "turn_on_ratio": 0.38095238095238093
  },
  "7": {
    "validity_ratio": 0.9222222222222223,
    "below": -1.3049922956564917,
    "above": 11.499248827673322,
    "turn_on_times": 6,
    "turn_on_ratio": 0.2857142857142857
  },
  "8": {
    "validity_ratio": 0.9173611111111111,
    "below": 0,
    "above": 3.7782563771539106,
    "turn_on_times": 5,
    "turn_on_ratio": 0.5555555555555556
  },
  "9": {
    "validity_ratio": 0.9222222222222223,
    "below": 0,
    "above": 3.6457651196524368,
    "turn_on_times": 4,
    "turn_on_ratio": 0.4444444444444444
  },
  "10": {
    "validity_ratio": 0.9222222222222223,
    "below": -5.930125513635134,
    "above": 0,
    "turn_on_times": 2,
    "turn_on_ratio": 1.0
  },
  "12": {
    "validity_ratio": 0.9180555555555555,
    "below": -3.442133202166884,
    "above": 34.82645825300738,
    "turn_on_times": 0,
    "turn_on_ratio": 0.0
  },
  "13": {
    "validity_ratio": 0.9222222222222223,
    "below": -2.0404206726900807,
    "above": 27.83720783225233,
    "turn_on_times": 6,
    "turn_on_ratio": 0.2857142857142857
  }
}