{
  "1": {
    "validity_ratio": 0.8125,
    "below": -3.0316224330009924,
    "above": 23.828238493484577,
    "turn_on_times": 1,
    "turn_on_ratio": 0.0625
  },
  "2": {
    "validity_ratio": 0.8111111111111111,
    "below": -4.397694333207871,
    "above": 25.629617090439154,
    "turn_on_times": 0,
    "turn_on_ratio": 0.0
  },
  "3": {
    "validity_ratio": 0.8145833333333333,
    "below": -6.955418175575791,
    "above": 1.0459946842669972,
    "turn_on_times": 1,
    "turn_on_ratio": 1.0
  },
  "4": {
    "validity_ratio": 0.8145833333333333,
    "below": -1.3111216555359366,
    "above": 3.553861718844242,
    "turn_on_times": 0,
    "turn_on_ratio": 0.0
  },
  "5": {
    "validity_ratio": 0.8118055555555556,
    "below": -12.804431628505178,
    "above": 14.494647506838293,
    "turn_on_times": 0,
    "turn_on_ratio": 0.0
  },
  "6": {
    "validity_ratio": 0.8104166666666667,
    "below": 0,
    "above": 7.9964515581963225,
    "turn_on_times": 6,
    "turn_on_ratio": 0.375
  },
  "7": {
    "validity_ratio": 0.8104166666666667,
    "below": -1.3050042581642818,
    "above": 7.112414578964108,
    "turn_on_times": 5,
    "turn_on_ratio": 0.3125
  },
  "8": {
    "validity_ratio": 0.8131944444444444,
    "below": 0,
    "above": 3.77815115651544,
    "turn_on_times": 5,
    "turn_on_ratio": 0.5555555555555556
  },
  "9": {
    "validity_ratio": 0.8118055555555556,
    "below": 0,
    "above": 3.6458448423697982,
    "turn_on_times": 4,
    "turn_on_ratio": 0.4444444444444444
  },
  "10": {
    "validity_ratio": 0.8125,
    "below": -2.547992748885977,
    "above": 0,
    "turn_on_times": 2,
    "turn_on_ratio": 1.0
  },
  "12": {
    "validity_ratio": 0.8138888888888889,
    "below": -3.441964172426901,
    "above": 29.994760281908547,
    "turn_on_times": 0,
    "turn_on_ratio": 0.0
  },
  "13": {
    "validity_ratio": 0.8145833333333333,
    "below": -1.8965101102622768,
    "above": 23.826452427858406,
    "turn_on_times": 4,
    "turn_on_ratio": 0.25
  }
}