{
  "1": {
    "validity_ratio": 0.8541666666666666,
    "below": -3.2495053077507974,
    "above": 25.79488247519922,
    "turn_on_times": 1,
    "turn_on_ratio": 0.0625
  },
  "2": {
    "validity_ratio": 0.8597222222222223,
    "below": -4.3975678644588845,
    "above": 27.637424132142336,
    "turn_on_times": 0,
    "turn_on_ratio": 0.0
  },
  "3": {
    "validity_ratio": 0.8569444444444444,
    "below": -6.9553874395270165,
    "above": 1.0460176850560046,
    "turn_on_times": 2,
    "turn_on_ratio": 1.0
  },
  "4": {
    "validity_ratio": 0.85625,
    "below": -1.3111289616627164,
    "above": 3.671311455473838,
    "turn_on_times": 0,
    "turn_on_ratio": 0.0
  },
  "5": {
    "validity_ratio": 0.8541666666666666,
    "below": -12.849432408725848,
    "above": 16.82683455831442,
    "turn_on_times": 0,
    "turn_on_ratio": 0.0
  },
  "6": {
    "validity_ratio": 0.8590277777777777,
    "below": 0,
    "above": 7.9959181410839655,
    "turn_on_times": 6,
    "turn_on_ratio": 0.375
  },
  "7": {
    "validity_ratio": 0.8590277777777777,
    "below": -1.3049987197082695,
    "above": 7.329758354169917,
    "turn_on_times": 5,
    "turn_on_ratio": 0.3125
  },
  "8": {
    "validity_ratio": 0.8548611111111111,
    "below": 0,
    "above": 3.7781998717031313,
    "turn_on_times": 5,
    "turn_on_ratio": 0.5555555555555556
  },
  "9": {
    "validity_ratio": 0.8597222222222223,
    "below": 0,
    "above": 3.645807959375096,
    "turn_on_times": 4,
    "turn_on_ratio": 0.4444444444444444
  },
  "10": {
    "validity_ratio": 0.8541666666666666,
    "below": -3.755605399691744,
    "above": 0,
    "turn_on_times": 2,
    "turn_on_ratio": 1.0
  },
  "12": {
    "validity_ratio": 0.8555555555555555,
    "below": -3.442042430581122,
    "above": 32.17834494314856,
    "turn_on_times": 0,
    "turn_on_ratio": 0.0
  },
  "13": {
    "validity_ratio": 0.8597222222222223,
    "below": -2.0404058368130245,
    "above": 26.577288969762655,
    "turn_on_times": 4,
    "turn_on_ratio": 0.25
  }
}