{
  "1": {
    "validity_ratio": 0.4465277777777778,
    "below": 0,
    "above": 14.845875791671492,
    "turn_on_times": 0,
    "turn_on_ratio": 0.0
  },
  "2": {
    "validity_ratio": 0.44305555555555554,
    "below": -3.265987966947298,
    "above": 8.12637833805216,
    "turn_on_times": 0,
    "turn_on_ratio": 0.0
  },
  "3": {
    "validity_ratio": 0.4423611111111111,
    "below": -5.424460975354586,
    "above": 0,
    "turn_on_times": 1,
    "turn_on_ratio": 1.0
  },
  "4": {
    "validity_ratio": 0.44375,
    "below": -0.7367676113724417,
    "above": 2.0008956424770132,
    "turn_on_times": 0,
    "turn_on_ratio": 0.0
  },
  "5": {
    "validity_ratio": 0.44305555555555554,
    "below": -2.0890893196371887,
    "above": 14.49467569278052,
    "turn_on_times": 0,
    "turn_on_ratio": 0.0
  },
  "6": {
    "validity_ratio": 0.44166666666666665,
    "below": 0,
    "above": 6.125887663727606,
    "turn_on_times": 5,
    "turn_on_ratio": 0.5
  },
  "7": {
    "validity_ratio": 0.44305555555555554,
    "below": -1.3050019872188894,
    "above": 6.63510872305879,
    "turn_on_times": 3,
    "turn_on_ratio": 0.3
  },
  "8": {
    "validity_ratio": 0.44583333333333336,
    "below": 0,
    "above": 0,
    "turn_on_times": 2,
    "turn_on_ratio": 1.0
  },
  "9": {
    "validity_ratio": 0.44375,
    "below": 0,
    "above": 2.1317555728503965,
    "turn_on_times": 0,
    "turn_on_ratio": 0.0
  },
  "10": {
    "validity_ratio": 0.4444444444444444,
    "below": -2.343314603346781,
    "above": 0,
    "turn_on_times": 1,
    "turn_on_ratio": 1.0
  },
  "12": {
    "validity_ratio": 0.4465277777777778,
    "below": -1.2669825015142573,
    "above": 10.415459414124427,
    "turn_on_times": 0,
    "turn_on_ratio": 0.0
  },
  "13": {
    "validity_ratio": 0.44305555555555554,
    "below": -0.39834620011024224,
    "above": 15.999242680478474,
    "turn_on_times": 2,
    "turn_on_ratio": 0.2
  }
}