{
  "1": {
    "validity_ratio": 0.7159722222222222,
    "below": -1.1575089227356097,
    "above": 23.829344472500644,
    "turn_on_times": 1,
    "turn_on_ratio": 0.0625
  },
  "2": {
    "validity_ratio": 0.7138888888888889,
    "below": -4.397324201431145,
    "above": 21.222981499010817,
    "turn_on_times": 0,
    "turn_on_ratio": 0.0
  },
  "3": {
    "validity_ratio": 0.7173611111111111,
    "below": -6.9553282214295304,
    "above": 0.010587988387979882,
    "turn_on_times": 1,
    "turn_on_ratio": 1.0
  },
  "4": {
    "validity_ratio": 0.7125,
    "below": -1.3111430381281393,
    "above": 3.0499865551999084,
    "turn_on_times": 0,
    "turn_on_ratio": 0.0
  },
  "5": {
    "validity_ratio": 0.7145833333333333,
    "below": -10.5538226920958,
    "above": 14.49484868819211,
    "turn_on_times": 0,
    "turn_on_ratio": 0.0
  },
  "6": {
    "validity_ratio": 0.7131944444444445,
    "below": 0,
    "above": 7.994873781940245,
    "turn_on_times": 6,
    "turn_on_ratio": 0.375
  },
  "7": {
    "validity_ratio": 0.7131944444444445,
    "below": -1.30498804895386,
    "above": 6.662768374058909,
    "turn_on_times": 5,
    "turn_on_ratio": 0.3125
  },
  "8": {
    "validity_ratio": 0.7138888888888889,
    "below": 0,
    "above": 2.380735626818439,
    "turn_on_times": 5,
    "turn_on_ratio": 0.625
  },
  "9": {
    "validity_ratio": 0.7159722222222222,
    "below": 0,
    "above": 3.645736765013881,
    "turn_on_times": 3,
    "turn_on_ratio": 0.375
  },
  "10": {
    "validity_ratio": 0.7152777777777778,
    "below": -2.343306932784341,
    "above": 0,
    "turn_on_times": 1,
    "turn_on_ratio": 1.0
  },
  "12": {
    "validity_ratio": 0.7166666666666667,
    "below": -3.4421932078992903,
    "above": 16.06864036359753,
    "turn_on_times": 0,
    "turn_on_ratio": 0.0
  },
  "13": {
    "validity_ratio": 0.7173611111111111,
    "below": -1.896591559270712,
    "above": 16.437093280953953,
    "turn_on_times": 4,
    "turn_on_ratio": 0.25
  }
}