{
  "1": {
    "validity_ratio": 0.7368055555555556,
    "below": -1.607148884781762,
    "above": 23.82765240896152,
    "turn_on_times": 1,
    "turn_on_ratio": 0.0625
  },
  "2": {
    "validity_ratio": 0.7347222222222223,
    "below": -4.3978904680603,
    "above": 22.243462526472975,
    "turn_on_times": 0,
    "turn_on_ratio": 0.0
  },
  "3": {
    "validity_ratio": 0.7381944444444445,
    "below": -6.955465842769774,
    "above": 0.010263312978142794,
    "turn_on_times": 1,
    "turn_on_ratio": 1.0
  },
  "4": {
    "validity_ratio": 0.7381944444444445,
    "below": -1.3111103247834077,
    "above": 3.2249421270713023,
    "turn_on_times": 0,
    "turn_on_ratio": 0.0
  },
  "5": {
    "validity_ratio": 0.7354166666666667,
    "below": -11.05420856602692,
    "above": 14.494540899738807,
    "turn_on_times": 0,
    "turn_on_ratio": 0.0
  },
  "6": {
    "validity_ratio": 0.7340277777777777,
    "below": 0,
    "above": 7.9972671353507705,
    "turn_on_times": 6,
    "turn_on_ratio": 0.375
  },
  "7": {
    "validity_ratio": 0.7340277777777777,
    "below": -1.3050128475135172,
    "above": 6.662353374941143,
    "turn_on_times": 5,
    "turn_on_ratio": 0.3125
  },
  "8": {
    "validity_ratio": 0.7347222222222223,
    "below": 0,
    "above": 2.796281209478697,
    "turn_on_times": 5,
    "turn_on_ratio": 0.625
  },
  "9": {
    "validity_ratio": 0.7368055555555556,
    "below": 0,
    "above": 3.645901949176103,
    "turn_on_times": 3,
    "turn_on_ratio": 0.375
  },
  "10": {
    "validity_ratio": 0.7361111111111112,
    "below": -2.3433205800280903,
    "above": 0,
    "turn_on_times": 1,
    "turn_on_ratio": 1.0
  },
  "12": {
    "validity_ratio": 0.7375,
    "below": -3.441842805277674,
    "above": 19.1512282558845,
    "turn_on_times": 0,
    "turn_on_ratio": 0.0
  },
  "13": {
    "validity_ratio": 0.7381944444444445,
    "below": -1.8964669499873288,
    "above": 16.435800356279636,
    "turn_on_times": 4,
    "turn_on_ratio": 0.25
  }
}