{
  "1": {
    "validity_ratio": 0.3076388888888889,
    "below": 0,
    "above": 9.387603067978734,
    "turn_on_times": 0,
    "turn_on_ratio": 0.0
  },
  "2": {
    "validity_ratio": 0.30625,
    "below": 0,
    "above": 7.193369533375956,
    "turn_on_times": 0,
    "turn_on_ratio": 0.0
  },
  "3": {
    "validity_ratio": 0.3111111111111111,
    "below": -2.1634348532668746,
    "above": 0,
    "turn_on_times": 1,
    "turn_on_ratio": 1.0
  },
  "4": {
    "validity_ratio": 0.30833333333333335,
    "below": 0,
    "above": 2.000896236662837,
    "turn_on_times": 0,
    "turn_on_ratio": 0.0
  },
  "5": {
    "validity_ratio": 0.3111111111111111,
    "below": 0,
    "above": 13.771343713438508,
    "turn_on_times": 0,
    "turn_on_ratio": 0.0
  },
  "6": {
    "validity_ratio": 0.30972222222222223,
    "below": 0,
    "above": 1.3408207366645521,
    "turn_on_times": 5,
    "turn_on_ratio": 0.8333333333333334
  },
  "7": {
    "validity_ratio": 0.3090277777777778,
    "below": -0.779944174908084,
    "above": 6.635110618700081,
    "turn_on_times": 1,
    "turn_on_ratio": 0.16666666666666666
  },
  "8": {
    "validity_ratio": 0.3111111111111111,
    "below": 0,
    "above": 0,
    "turn_on_times": 0,
    "turn_on_ratio": 0
  },
  "9": {
    "validity_ratio": 0.3111111111111111,
    "below": 0,
    "above": 0,
    "turn_on_times": 0,
    "turn_on_ratio": 0
  },
  "10": {
    "validity_ratio": 0.3055555555555556,
    "below": -2.3433145433112297,
    "above": 0,
    "turn_on_times": 1,
    "turn_on_ratio": 1.0
  },
  "12": {
    "validity_ratio": 0.3090277777777778,
    "below": 0,
    "above": 9.882294490065311,
    "turn_on_times": 0,
    "turn_on_ratio": 0.0
  },
  "13": {
    "validity_ratio": 0.3104166666666667,
    "below": 0,
    "above": 15.863452119355742,
    "turn_on_times": 0,
    "turn_on_ratio": 0.0
  }
}