{
  "1": {
    "validity_ratio": 0.9027777777777778,
    "below": -3.2496274454540157,
    "above": 28.48416689854422,
    "turn_on_times": 1,
    "turn_on_ratio": 0.047619047619047616
  },
  "2": {
    "validity_ratio": 0.9083333333333333,
    "below": -4.397946941899961,
    "above": 28.972379769551104,
    "turn_on_times": 0,
    "turn_on_ratio": 0.0
  },
  "3": {
    "validity_ratio": 0.9083333333333333,
    "below": -6.955479567762739,
    "above": 1.191054892517997,
    "turn_on_times": 2,
    "turn_on_ratio": 0.6666666666666666
  },
  "4": {
    "validity_ratio": 0.9048611111111111,
    "below": -1.3111070622775667,
    "above": 3.776244771925326,
    "turn_on_times": 1,
    "turn_on_ratio": 0.3333333333333333
  },
  "5": {
    "validity_ratio": 0.9027777777777778,
    "below": -12.84943007009233,
    "above": 18.895699973055365,
    "turn_on_times": 0,
    "turn_on_ratio": 0.0
  },
  "6": {
    "validity_ratio": 0.9076388888888889,
    "below": -0.6017505937560413,
    "above": 7.99749933501233,
    "turn_on_times": 8,
    "turn_on_ratio": 0.38095238095238093
  },
  "7": {
    "validity_ratio": 0.9083333333333333,
    "below": -1.305015320676883,
    "above": 10.183601191107726,
    "turn_on_times": 6,
    "turn_on_ratio": 0.2857142857142857
  },
  "8": {
    "validity_ratio": 0.9034722222222222,
    "below": 0,
    "above": 3.778053854548747,
    "turn_on_times": 5,
    "turn_on_ratio": 0.5555555555555556
  },
  "9": {
    "validity_ratio": 0.9083333333333333,
    "below": 0,
    "above": 3.645918371089871,
    "turn_on_times": 4,
    "turn_on_ratio": 0.4444444444444444
  },
  "10": {
    "validity_ratio": 0.9083333333333333,
    "below": -5.839926747513787,
    "above": 0,
    "turn_on_times": 2,
    "turn_on_ratio": 1.0
  },
  "12": {
    "validity_ratio": 0.9041666666666667,
    "below": -3.4418078595816866,
    "above": 33.92511092510625,
    "turn_on_times": 0,
    "turn_on_ratio": 0.0
  },
  "13": {
    "validity_ratio": 0.9083333333333333,
    "below": -2.0403674980919444,
    "above": 26.577505403620464,
    "turn_on_times": 6,
    "turn_on_ratio": 0.2857142857142857
  }
}