{
  "1": {
    "validity_ratio": 0.5986111111111111,
    "below": 0,
    "above": 22.388400450341308,
    "turn_on_times": 0,
    "turn_on_ratio": 0.0
  },
  "2": {
    "validity_ratio": 0.5958333333333333,
    "below": -4.397805794112772,
    "above": 14.784096026216421,
    "turn_on_times": 0,
    "turn_on_ratio": 0.0
  },
  "3": {
    "validity_ratio": 0.59375,
    "below": -6.955445264226836,
    "above": 0.010311861748633728,
    "turn_on_times": 1,
    "turn_on_ratio": 1.0
  },
  "4": {
    "validity_ratio": 0.5986111111111111,
    "below": -1.2923457026248042,
    "above": 2.000856686904216,
    "turn_on_times": 0,
    "turn_on_ratio": 0.0
  },
  "5": {
    "validity_ratio": 0.5965277777777778,
    "below": -7.553072804444272,
    "above": 14.494586923399751,
    "turn_on_times": 0,
    "turn_on_ratio": 0.0
  },
  "6": {
    "validity_ratio": 0.5951388888888889,
    "below": 0,
    "above": 7.94570632459513,
    "turn_on_times": 6,
    "turn_on_ratio": 0.46153846153846156
  },
  "7": {
    "validity_ratio": 0.5944444444444444,
    "below": -1.3050091393805792,
    "above": 6.662417270199161,
    "turn_on_times": 4,
    "turn_on_ratio": 0.3076923076923077
  },
  "8": {
    "validity_ratio": 0.5993055555555555,
    "below": 0,
    "above": 0,
    "turn_on_times": 4,
    "turn_on_ratio": 0.8
  },
  "9": {
    "validity_ratio": 0.59375,
    "below": 0,
    "above": 3.645877309364678,
    "turn_on_times": 1,
    "turn_on_ratio": 0.2
  },
  "10": {
    "validity_ratio": 0.5972222222222222,
    "below": -2.343318539353359,
    "above": 0,
    "turn_on_times": 1,
    "turn_on_ratio": 1.0
  },
  "12": {
    "validity_ratio": 0.5986111111111111,
    "below": -3.425009907364834,
    "above": 11.606224859905975,
    "turn_on_times": 0,
    "turn_on_ratio": 0.0
  },
  "13": {
    "validity_ratio": 0.5958333333333333,
    "below": -1.3822126498530412,
    "above": 16.4359943979162,
    "turn_on_times": 3,
    "turn_on_ratio": 0.23076923076923078
  }
}