{
  "1": {
    "validity_ratio": 0.6465277777777778,
    "below": 0,
    "above": 23.82910576261089,
    "turn_on_times": 1,
    "turn_on_ratio": 0.0625
  },
  "2": {
    "validity_ratio": 0.6444444444444445,
    "below": -4.39740409053831,
    "above": 17.533627316411074,
    "turn_on_times": 0,
    "turn_on_ratio": 0.0
  },
  "3": {
    "validity_ratio": 0.6423611111111112,
    "below": -6.955347637099521,
    "above": 0.010542183060108574,
    "turn_on_times": 1,
    "turn_on_ratio": 1.0
  },
  "4": {
    "validity_ratio": 0.6472222222222223,
    "below": -1.311138422917269,
    "above": 2.2649756949586877,
    "turn_on_times": 0,
    "turn_on_ratio": 0.0
  },
  "5": {
    "validity_ratio": 0.6451388888888889,
    "below": -8.720482677366343,
    "above": 14.494805265282368,
    "turn_on_times": 0,
    "turn_on_ratio": 0.0
  },
  "6": {
    "validity_ratio": 0.64375,
    "below": 0,
    "above": 7.995218607403224,
    "turn_on_times": 6,
    "turn_on_ratio": 0.375
  },
  "7": {
    "validity_ratio": 0.6430555555555556,
    "below": -1.3049915475439025,
    "above": 6.662711579450696,
    "turn_on_times": 5,
    "turn_on_ratio": 0.3125
  },
  "8": {
    "validity_ratio": 0.6451388888888889,
    "below": 0,
    "above": 0.7828785730238393,
    "turn_on_times": 5,
    "turn_on_ratio": 0.7142857142857143
  },
  "9": {
    "validity_ratio": 0.6472222222222223,
    "below": 0,
    "above": 3.645760126624387,
    "turn_on_times": 2,
    "turn_on_ratio": 0.2857142857142857
  },
  "10": {
    "validity_ratio": 0.6458333333333334,
    "below": -2.343308858142576,
    "above": 0,
    "turn_on_times": 1,
    "turn_on_ratio": 1.0
  },
  "12": {
    "validity_ratio": 0.6472222222222223,
    "below": -3.4252600403556817,
    "above": 11.60644109167889,
    "turn_on_times": 0,
    "turn_on_ratio": 0.0
  },
  "13": {
    "validity_ratio": 0.6479166666666667,
    "below": -1.83928870887989,
    "above": 16.436911551560023,
    "turn_on_times": 4,
    "turn_on_ratio": 0.25
  }
}