{
  "1": {
    "validity_ratio": 0.5916666666666667,
    "below": 0,
    "above": 1.5361791600050168,
    "turn_on_times": 1,
    "turn_on_ratio": 0.3333333333333333
  },
  "2": {
    "validity_ratio": 0.5958333333333333,
    "below": 0,
    "above": 26.731130535398822,
    "turn_on_times": 0,
    "turn_on_ratio": 0.0
  },
  "3": {
    "validity_ratio": 0.5944444444444444,
    "below": 0,
    "above": 57.23601966931932,
    "turn_on_times": 0,
    "turn_on_ratio": 0.0
  },
  "4": {
    "validity_ratio": 0.5951388888888889,
    "below": 0,
    "above": 0.9322829210548446,
    "turn_on_times": 5,
    "turn_on_ratio": 0.8333333333333334
  },
  "5": {
    "validity_ratio": 0.5923611111111111,
    "below": -2.1965428910373896,
    "above": 62.58564233001146,
    "turn_on_times": 1,
    "turn_on_ratio": 0.16666666666666666
  },
  "6": {
    "validity_ratio": 0.5909722222222222,
    "below": -2.6956875564307072,
    "above": 5.4708958356565445,
    "turn_on_times": 2,
    "turn_on_ratio": 0.6666666666666666
  },
  "7": {
    "validity_ratio": 0.59375,
    "below": 0,
    "above": 17.837712831756708,
    "turn_on_times": 0,
    "turn_on_ratio": 0.0
  },
  "8": {
    "validity_ratio": 0.5930555555555556,
    "below": 0,
    "above": 0,
    "turn_on_times": 0,
    "turn_on_ratio": 0
  },
  "9": {
    "validity_ratio": 0.5951388888888889,
    "below": 0,
    "above": 0,
    "turn_on_times": 0,
    "turn_on_ratio": 0
  },
  "10": {
    "validity_ratio": 0.5909722222222222,
    "below": 0,
    "above": 0,
    "turn_on_times": 0,
    "turn_on_ratio": 0
  },
  "12": {
    "validity_ratio": 0.5958333333333333,
    "below": 0,
    "above": 69.16625932290391,
    "turn_on_times": 0,
    "turn_on_ratio": 0.0
  },
  "13": {
    "validity_ratio": 0.0,
    "below": 0,
    "above": 0,
    "turn_on_times": 0,
    "turn_on_ratio": 0.0
  }
}