{
  "1": {
    "validity_ratio": 0.9722222222222222,
    "below": 0,
    "above": 1.9583487664649133,
    "turn_on_times": 2,
    "turn_on_ratio": 0.4
  },
  "2": {
    "validity_ratio": 0.9722222222222222,
    "below": 0,
    "above": 52.84761345189566,
    "turn_on_times": 0,
    "turn_on_ratio": 0.0
  },
  "3": {
    "validity_ratio": 0.9743055555555555,
    "below": 0,
    "above": 96.83679327641566,
    "turn_on_times": 0,
    "turn_on_ratio": 0.0
  },
  "4": {
    "validity_ratio": 0.9729166666666667,
    "below": 0,
    "above": 40.156816043383145,
    "turn_on_times": 5,
    "turn_on_ratio": 0.7142857142857143
  },
  "5": {
    "validity_ratio": 0.9743055555555555,
    "below": -7.1874444247105425,
    "above": 62.650877211256876,
    "turn_on_times": 2,
    "turn_on_ratio": 0.2857142857142857
  },
  "6": {
    "validity_ratio": 0.9729166666666667,
    "below": -2.6959259063101326,
    "above": 11.243495280646556,
    "turn_on_times": 3,
    "turn_on_ratio": 0.6
  },
  "7": {
    "validity_ratio": 0.9694444444444444,
    "below": -3.1867786618962075,
    "above": 29.901658193056203,
    "turn_on_times": 0,
    "turn_on_ratio": 0.0
  },
  "8": {
    "validity_ratio": 0.9743055555555555,
    "below": 0,
    "above": 0,
    "turn_on_times": 0,
    "turn_on_ratio": 0
  },
  "9": {
    "validity_ratio": 0.9701388888888889,
    "below": 0,
    "above": 0,
    "turn_on_times": 0,
    "turn_on_ratio": 0
  },
  "10": {
    "validity_ratio": 0.9729166666666667,
    "below": -1.3240609861896977,
    "above": 0.037161341374912414,
    "turn_on_times": 0,
    "turn_on_ratio": 0
  },
  "12": {
    "validity_ratio": 0.9715277777777778,
    "below": 0,
    "above": 106.66648306668445,
    "turn_on_times": 0,
    "turn_on_ratio": 0.0
  },
  "13": {
    "validity_ratio": 0.0,
    "below": 0,
    "above": 0,
    "turn_on_times": 0,
    "turn_on_ratio": 0.0
  }
}