{
  "1": {
    "validity_ratio": 0.86875,
    "below": 0,
    "above": 1.9437678896732662,
    "turn_on_times": 2,
    "turn_on_ratio": 0.4
  },
  "2": {
    "validity_ratio": 0.8680555555555556,
    "below": 0,
    "above": 45.921245002534235,
    "turn_on_times": 0,
    "turn_on_ratio": 0.0
  },
  "3": {
    "validity_ratio": 0.8715277777777778,
    "below": 0,
    "above": 83.79222210368715,
    "turn_on_times": 0,
    "turn_on_ratio": 0.0
  },
  "4": {
    "validity_ratio": 0.86875,
    "below": 0,
    "above": 24.278494648014455,
    "turn_on_times": 5,
    "turn_on_ratio": 0.7142857142857143
  },
  "5": {
    "validity_ratio": 0.8708333333333333,
    "below": -7.18857982624754,
    "above": 62.64017949194295,
    "turn_on_times": 2,
    "turn_on_ratio": 0.2857142857142857
  },
  "6": {
    "validity_ratio": 0.86875,
    "below": -2.695783499287762,
    "above": 11.242992140942722,
    "turn_on_times": 3,
    "turn_on_ratio": 0.6
  },
  "7": {
    "validity_ratio": 0.8722222222222222,
    "below": -3.1881872993463087,
    "above": 25.36969454506031,
    "turn_on_times": 0,
    "turn_on_ratio": 0.0
  },
  "8": {
    "validity_ratio": 0.8708333333333333,
    "below": 0,
    "above": 0,
    "turn_on_times": 0,
    "turn_on_ratio": 0
  },
  "9": {
    "validity_ratio": 0.8729166666666667,
    "below": 0,
    "above": 0,
    "turn_on_times": 0,
    "turn_on_ratio": 0
  },
  "10": {
    "validity_ratio": 0.86875,
    "below": -1.324378255283743,
    "above": 0.037073785186254295,
    "turn_on_times": 0,
    "turn_on_ratio": 0
  },
  "12": {
    "validity_ratio": 0.8743055555555556,
    "below": 0,
    "above": 102.01361597004703,
    "turn_on_times": 0,
    "turn_on_ratio": 0.0
  },
  "13": {
    "validity_ratio": 0.0,
    "below": 0,
    "above": 0,
    "turn_on_times": 0,
    "turn_on_ratio": 0.0
  }
}