{
  "1": {
    "validity_ratio": 0.5986111111111111,
    "below": 0,
    "above": 1.5361400394664761,
    "turn_on_times": 1,
    "turn_on_ratio": 0.3333333333333333
  },
  "2": {
    "validity_ratio": 0.5965277777777778,
    "below": 0,
    "above": 26.795567162719934,
    "turn_on_times": 0,
    "turn_on_ratio": 0.0
  },
  "3": {
    "validity_ratio": 0.5944444444444444,
    "below": 0,
    "above": 57.2358608554404,
    "turn_on_times": 0,
    "turn_on_ratio": 0.0
  },
  "4": {
    "validity_ratio": 0.5951388888888889,
    "below": 0,
    "above": 0.9325547582965366,
    "turn_on_times": 5,
    "turn_on_ratio": 0.8333333333333334
  },
  "5": {
    "validity_ratio": 0.5993055555555555,
    "below": -2.4463412444241692,
    "above": 62.58575618284291,
    "turn_on_times": 1,
    "turn_on_ratio": 0.16666666666666666
  },
  "6": {
    "validity_ratio": 0.5979166666666667,
    "below": -2.6957120881609953,
    "above": 5.470981220921721,
    "turn_on_times": 2,
    "turn_on_ratio": 0.6666666666666666
  },
  "7": {
    "validity_ratio": 0.59375,
    "below": 0,
    "above": 17.837704277676696,
    "turn_on_times": 0,
    "turn_on_ratio": 0.0
  },
  "8": {
    "validity_ratio": 0.5993055555555555,
    "below": 0,
    "above": 0,
    "turn_on_times": 0,
    "turn_on_ratio": 0
  },
  "9": {
    "validity_ratio": 0.5951388888888889,
    "below": 0,
    "above": 0,
    "turn_on_times": 0,
    "turn_on_ratio": 0
  },
  "10": {
    "validity_ratio": 0.5979166666666667,
    "below": 0,
    "above": 0,
    "turn_on_times": 0,
    "turn_on_ratio": 0
  },
  "12": {
    "validity_ratio": 0.5965277777777778,
    "below": 0,
    "above": 69.2745396927515,
    "turn_on_times": 0,
    "turn_on_ratio": 0.0
  },
  "13": {
    "validity_ratio": 0.0,
    "below": 0,
    "above": 0,
    "turn_on_times": 0,
    "turn_on_ratio": 0.0
  }
}