{
  "1": {
    "validity_ratio": 0.5506944444444445,
    "below": 0,
    "above": 0.6535384799052981,
    "turn_on_times": 1,
    "turn_on_ratio": 0.3333333333333333
  },
  "2": {
    "validity_ratio": 0.5479166666666667,
    "below": 0,
    "above": 22.737610224654674,
    "turn_on_times": 0,
    "turn_on_ratio": 0.0
  },
  "3": {
    "validity_ratio": 0.5458333333333333,
    "below": 0,
    "above": 54.271752656119546,
    "turn_on_times": 0,
    "turn_on_ratio": 0.0
  },
  "4": {
    "validity_ratio": 0.5465277777777777,
    "below": 0,
    "above": 0.025336526263800827,
    "turn_on_times": 5,
    "turn_on_ratio": 1.0
  },
  "5": {
    "validity_ratio": 0.5506944444444445,
    "below": -1.5968137968378457,
    "above": 62.56613029189655,
    "turn_on_times": 0,
    "turn_on_ratio": 0.0
  },
  "6": {
    "validity_ratio": 0.5493055555555556,
    "below": -2.69590457096773,
    "above": 5.471651189235032,
    "turn_on_times": 2,
    "turn_on_ratio": 0.6666666666666666
  },
  "7": {
    "validity_ratio": 0.5451388888888888,
    "below": 0,
    "above": 15.154303826642627,
    "turn_on_times": 0,
    "turn_on_ratio": 0.0
  },
  "8": {
    "validity_ratio": 0.5506944444444445,
    "below": 0,
    "above": 0,
    "turn_on_times": 0,
    "turn_on_ratio": 0
  },
  "9": {
    "validity_ratio": 0.5465277777777777,
    "below": 0,
    "above": 0,
    "turn_on_times": 0,
    "turn_on_ratio": 0
  },
  "10": {
    "validity_ratio": 0.5493055555555556,
    "below": 0,
    "above": 0,
    "turn_on_times": 0,
    "turn_on_ratio": 0
  },
  "12": {
    "validity_ratio": 0.5479166666666667,
    "below": 0,
    "above": 65.9636998069395,
    "turn_on_times": 0,
    "turn_on_ratio": 0.0
  },
  "13": {
    "validity_ratio": 0.0,
    "below": 0,
    "above": 0,
    "turn_on_times": 0,
    "turn_on_ratio": 0.0
  }
}