{
  "1": {
    "validity_ratio": 0.9513888888888888,
    "below": 0,
    "above": 1.9439284877998497,
    "turn_on_times": 2,
    "turn_on_ratio": 0.4
  },
  "2": {
    "validity_ratio": 0.9513888888888888,
    "below": 0,
    "above": 52.35803784236136,
    "turn_on_times": 0,
    "turn_on_ratio": 0.0
  },
  "3": {
    "validity_ratio": 0.9534722222222223,
    "below": 0,
    "above": 94.22081752065436,
    "turn_on_times": 0,
    "turn_on_ratio": 0.0
  },
  "4": {
    "validity_ratio": 0.9520833333333333,
    "below": 0,
    "above": 36.99080890982082,
    "turn_on_times": 5,
    "turn_on_ratio": 0.7142857142857143
  },
  "5": {
    "validity_ratio": 0.9534722222222223,
    "below": -7.189335660199598,
    "above": 62.63908795669901,
    "turn_on_times": 2,
    "turn_on_ratio": 0.2857142857142857
  },
  "6": {
    "validity_ratio": 0.9520833333333333,
    "below": -2.695690069399324,
    "above": 11.242662049010345,
    "turn_on_times": 3,
    "turn_on_ratio": 0.6
  },
  "7": {
    "validity_ratio": 0.9486111111111111,
    "below": -3.189117953362907,
    "above": 29.436812167889315,
    "turn_on_times": 0,
    "turn_on_ratio": 0.0
  },
  "8": {
    "validity_ratio": 0.9534722222222223,
    "below": 0,
    "above": 0,
    "turn_on_times": 0,
    "turn_on_ratio": 0
  },
  "9": {
    "validity_ratio": 0.9493055555555555,
    "below": 0,
    "above": 0,
    "turn_on_times": 0,
    "turn_on_ratio": 0
  },
  "10": {
    "validity_ratio": 0.9520833333333333,
    "below": -1.3245864080529488,
    "above": 0.03700517052978236,
    "turn_on_times": 0,
    "turn_on_ratio": 0
  },
  "12": {
    "validity_ratio": 0.9506944444444444,
    "below": 0,
    "above": 106.16990800936163,
    "turn_on_times": 0,
    "turn_on_ratio": 0.0
  },
  "13": {
    "validity_ratio": 0.0,
    "below": 0,
    "above": 0,
    "turn_on_times": 0,
    "turn_on_ratio": 0.0
  }
}