{
  "1": {
    "validity_ratio": 0.5229166666666667,
    "below": 0,
    "above": 0.10596162834975839,
    "turn_on_times": 1,
    "turn_on_ratio": 0.3333333333333333
  },
  "2": {
    "validity_ratio": 0.5201388888888889,
    "below": 0,
    "above": 20.660666878924033,
    "turn_on_times": 0,
    "turn_on_ratio": 0.0
  },
  "3": {
    "validity_ratio": 0.5180555555555556,
    "below": 0,
    "above": 50.87530925628248,
    "turn_on_times": 0,
    "turn_on_ratio": 0.0
  },
  "4": {
    "validity_ratio": 0.51875,
    "below": 0,
    "above": 0.023241714204045447,
    "turn_on_times": 5,
    "turn_on_ratio": 1.0
  },
  "5": {
    "validity_ratio": 0.5229166666666667,
    "below": -0.3799999999999996,
    "above": 62.55465609734273,
    "turn_on_times": 0,
    "turn_on_ratio": 0.0
  },
  "6": {
    "validity_ratio": 0.5215277777777778,
    "below": -2.695709646267981,
    "above": 5.470972721641403,
    "turn_on_times": 2,
    "turn_on_ratio": 0.6666666666666666
  },
  "7": {
    "validity_ratio": 0.5173611111111112,
    "below": 0,
    "above": 13.57217959587424,
    "turn_on_times": 0,
    "turn_on_ratio": 0.0
  },
  "8": {
    "validity_ratio": 0.5229166666666667,
    "below": 0,
    "above": 0,
    "turn_on_times": 0,
    "turn_on_ratio": 0
  },
  "9": {
    "validity_ratio": 0.51875,
    "below": 0,
    "above": 0,
    "turn_on_times": 0,
    "turn_on_ratio": 0
  },
  "10": {
    "validity_ratio": 0.5208333333333334,
    "below": 0,
    "above": 0,
    "turn_on_times": 0,
    "turn_on_ratio": 0
  },
  "12": {
    "validity_ratio": 0.5201388888888889,
    "below": 0,
    "above": 62.01661131845026,
    "turn_on_times": 0,
    "turn_on_ratio": 0.0
  },
  "13": {
    "validity_ratio": 0.0,
    "below": 0,
    "above": 0,
    "turn_on_times": 0,
    "turn_on_ratio": 0.0
  }
}