{
  "1": {
    "validity_ratio": 0.9861111111111112,
    "below": 0,
    "above": 1.9583609464689082,
    "turn_on_times": 2,
    "turn_on_ratio": 0.4
  },
  "2": {
    "validity_ratio": 0.9861111111111112,
    "below": 0,
    "above": 52.84731353018475,
    "turn_on_times": 0,
    "turn_on_ratio": 0.0
  },
  "3": {
    "validity_ratio": 0.9888888888888889,
    "below": 0,
    "above": 98.65861998930986,
    "turn_on_times": 0,
    "turn_on_ratio": 0.0
  },
  "4": {
    "validity_ratio": 0.9868055555555556,
    "below": 0,
    "above": 42.22252861609935,
    "turn_on_times": 5,
    "turn_on_ratio": 0.7142857142857143
  },
  "5": {
    "validity_ratio": 0.9888888888888889,
    "below": -7.188160980509819,
    "above": 62.64935467410669,
    "turn_on_times": 2,
    "turn_on_ratio": 0.2857142857142857
  },
  "6": {
    "validity_ratio": 0.9868055555555556,
    "below": -2.6958357398566086,
    "above": 11.243176711312758,
    "turn_on_times": 3,
    "turn_on_ratio": 0.6
  },
  "7": {
    "validity_ratio": 0.9902777777777778,
    "below": -3.187669169712109,
    "above": 30.05104375327955,
    "turn_on_times": 0,
    "turn_on_ratio": 0.0
  },
  "8": {
    "validity_ratio": 0.9888888888888889,
    "below": 0,
    "above": 0,
    "turn_on_times": 0,
    "turn_on_ratio": 0
  },
  "9": {
    "validity_ratio": 0.9909722222222223,
    "below": 0,
    "above": 0,
    "turn_on_times": 0,
    "turn_on_ratio": 0
  },
  "10": {
    "validity_ratio": 0.9868055555555556,
    "below": -1.324261868341059,
    "above": 0.03710829237845356,
    "turn_on_times": 0,
    "turn_on_ratio": 0
  },
  "12": {
    "validity_ratio": 0.9916666666666667,
    "below": 0,
    "above": 109.03314170560579,
    "turn_on_times": 0,
    "turn_on_ratio": 0.0
  },
  "13": {
    "validity_ratio": 0.0,
    "below": 0,
    "above": 0,
    "turn_on_times": 0,
    "turn_on_ratio": 0.0
  }
}