{
  "1": {
    "validity_ratio": 0.8618055555555556,
    "below": 0,
    "above": 1.9438976466765412,
    "turn_on_times": 2,
    "turn_on_ratio": 0.4
  },
  "2": {
    "validity_ratio": 0.8611111111111112,
    "below": 0,
    "above": 45.372260834812046,
    "turn_on_times": 0,
    "turn_on_ratio": 0.0
  },
  "3": {
    "validity_ratio": 0.8576388888888888,
    "below": 0,
    "above": 81.99298126098103,
    "turn_on_times": 0,
    "turn_on_ratio": 0.0
  },
  "4": {
    "validity_ratio": 0.8618055555555556,
    "below": 0,
    "above": 23.17769745264298,
    "turn_on_times": 5,
    "turn_on_ratio": 0.7142857142857143
  },
  "5": {
    "validity_ratio": 0.8631944444444445,
    "below": -7.1891882159838625,
    "above": 62.6393028548127,
    "turn_on_times": 2,
    "turn_on_ratio": 0.2857142857142857
  },
  "6": {
    "validity_ratio": 0.8618055555555556,
    "below": -2.6957082115191513,
    "above": 11.242726145541072,
    "turn_on_times": 3,
    "turn_on_ratio": 0.6
  },
  "7": {
    "validity_ratio": 0.8583333333333333,
    "below": -3.1889368382193077,
    "above": 24.603184655264677,
    "turn_on_times": 0,
    "turn_on_ratio": 0.0
  },
  "8": {
    "validity_ratio": 0.8631944444444445,
    "below": 0,
    "above": 0,
    "turn_on_times": 0,
    "turn_on_ratio": 0
  },
  "9": {
    "validity_ratio": 0.8590277777777777,
    "below": 0,
    "above": 0,
    "turn_on_times": 0,
    "turn_on_ratio": 0
  },
  "10": {
    "validity_ratio": 0.8618055555555556,
    "below": -1.3245459891618963,
    "above": 0.037019186539396925,
    "turn_on_times": 0,
    "turn_on_ratio": 0
  },
  "12": {
    "validity_ratio": 0.8604166666666667,
    "below": 0,
    "above": 101.77552184142714,
    "turn_on_times": 0,
    "turn_on_ratio": 0.0
  },
  "13": {
    "validity_ratio": 0.0,
    "below": 0,
    "above": 0,
    "turn_on_times": 0,
    "turn_on_ratio": 0.0
  }
}