{
  "1": {
    "validity_ratio": 0.7715277777777778,
    "below": 0,
    "above": 1.9439070461244472,
    "turn_on_times": 1,
    "turn_on_ratio": 0.3333333333333333
  },
  "2": {
    "validity_ratio": 0.7708333333333334,
    "below": 0,
    "above": 43.116874153783364,
    "turn_on_times": 0,
    "turn_on_ratio": 0.0
  },
  "3": {
    "validity_ratio": 0.7743055555555556,
    "below": 0,
    "above": 78.7948242189828,
    "turn_on_times": 0,
    "turn_on_ratio": 0.0
  },
  "4": {
    "validity_ratio": 0.7715277777777778,
    "below": 0,
    "above": 8.23260936533857,
    "turn_on_times": 5,
    "turn_on_ratio": 0.7142857142857143
  },
  "5": {
    "validity_ratio": 0.7736111111111111,
    "below": -6.3746213416859545,
    "above": 62.63923763266103,
    "turn_on_times": 2,
    "turn_on_ratio": 0.2857142857142857
  },
  "6": {
    "validity_ratio": 0.7715277777777778,
    "below": -2.6957026926567753,
    "above": 11.242706647252648,
    "turn_on_times": 2,
    "turn_on_ratio": 0.6666666666666666
  },
  "7": {
    "validity_ratio": 0.7743055555555556,
    "below": -3.1889919132521127,
    "above": 23.16411249416773,
    "turn_on_times": 0,
    "turn_on_ratio": 0.0
  },
  "8": {
    "validity_ratio": 0.7736111111111111,
    "below": 0,
    "above": 0,
    "turn_on_times": 0,
    "turn_on_ratio": 0
  },
  "9": {
    "validity_ratio": 0.7756944444444445,
    "below": 0,
    "above": 0,
    "turn_on_times": 0,
    "turn_on_ratio": 0
  },
  "10": {
    "validity_ratio": 0.7715277777777778,
    "below": -1.324558284654332,
    "above": 0,
    "turn_on_times": 0,
    "turn_on_ratio": 0
  },
  "12": {
    "validity_ratio": 0.7763888888888889,
    "below": 0,
    "above": 95.72143747401543,
    "turn_on_times": 0,
    "turn_on_ratio": 0.0
  },
  "13": {
    "validity_ratio": 0.0,
    "below": 0,
    "above": 0,
    "turn_on_times": 0,
    "turn_on_ratio": 0.0
  }
}