{
  "1": {
    "validity_ratio": 0.5090277777777777,
    "below": 0,
    "above": 0.016298664467448643,
    "turn_on_times": 1,
    "turn_on_ratio": 0.3333333333333333
  },
  "2": {
    "validity_ratio": 0.50625,
    "below": 0,
    "above": 19.636757356856076,
    "turn_on_times": 0,
    "turn_on_ratio": 0.0
  },
  "3": {
    "validity_ratio": 0.5041666666666667,
    "below": 0,
    "above": 50.06525086071289,
    "turn_on_times": 0,
    "turn_on_ratio": 0.0
  },
  "4": {
    "validity_ratio": 0.5048611111111111,
    "below": 0,
    "above": 0.024075996441238912,
    "turn_on_times": 4,
    "turn_on_ratio": 1.0
  },
  "5": {
    "validity_ratio": 0.5090277777777777,
    "below": 0,
    "above": 62.15382255274215,
    "turn_on_times": 0,
    "turn_on_ratio": 0.0
  },
  "6": {
    "validity_ratio": 0.5076388888888889,
    "below": -2.6957866246000446,
    "above": 5.471240654894754,
    "turn_on_times": 2,
    "turn_on_ratio": 0.6666666666666666
  },
  "7": {
    "validity_ratio": 0.5090277777777777,
    "below": 0,
    "above": 13.072137716683256,
    "turn_on_times": 0,
    "turn_on_ratio": 0.0
  },
  "8": {
    "validity_ratio": 0.5090277777777777,
    "below": 0,
    "above": 0,
    "turn_on_times": 0,
    "turn_on_ratio": 0
  },
  "9": {
    "validity_ratio": 0.5048611111111111,
    "below": 0,
    "above": 0,
    "turn_on_times": 0,
    "turn_on_ratio": 0
  },
  "10": {
    "validity_ratio": 0.5069444444444444,
    "below": 0,
    "above": 0,
    "turn_on_times": 0,
    "turn_on_ratio": 0
  },
  "12": {
    "validity_ratio": 0.50625,
    "below": 0,
    "above": 60.776548453631776,
    "turn_on_times": 0,
    "turn_on_ratio": 0.0
  },
  "13": {
    "validity_ratio": 0.0,
    "below": 0,
    "above": 0,
    "turn_on_times": 0,
    "turn_on_ratio": 0.0
  }
}