{
  "1": {
    "validity_ratio": 0.21875,
    "below": 0,
    "above": 0.01621226868972258,
    "turn_on_times": 1,
    "turn_on_ratio": 0.5
  },
  "2": {
    "validity_ratio": 0.22083333333333333,
    "below": 0,
    "above": 10.32335622971627,
    "turn_on_times": 0,
    "turn_on_ratio": 0.0
  },
  "3": {
    "validity_ratio": 0.22013888888888888,
    "below": 0,
    "above": 22.8680927230986,
    "turn_on_times": 0,
    "turn_on_ratio": 0.0
  },
  "4": {
    "validity_ratio": 0.22013888888888888,
    "below": 0,
    "above": 0.02463844605693062,
    "turn_on_times": 2,
    "turn_on_ratio": 1.0
  },
  "5": {
    "validity_ratio": 0.21666666666666667,
    "below": 0,
    "above": 27.577044580324998,
    "turn_on_times": 0,
    "turn_on_ratio": 0.0
  },
  "6": {
    "validity_ratio": 0.21597222222222223,
    "below": -2.4935152641549365,
    "above": 5.471422970748418,
    "turn_on_times": 1,
    "turn_on_ratio": 0.5
  },
  "7": {
    "validity_ratio": 0.21736111111111112,
    "below": 0,
    "above": 6.003594745195475,
    "turn_on_times": 0,
    "turn_on_ratio": 0.0
  },
  "8": {
    "validity_ratio": 0.21805555555555556,
    "below": 0,
    "above": 0,
    "turn_on_times": 0,
    "turn_on_ratio": 0
  },
  "9": {
    "validity_ratio": 0.22013888888888888,
    "below": 0,
    "above": 0,
    "turn_on_times": 0,
    "turn_on_ratio": 0
  },
  "10": {
    "validity_ratio": 0.2152777777777778,
    "below": 0,
    "above": 0,
    "turn_on_times": 0,
    "turn_on_ratio": 0
  },
  "12": {
    "validity_ratio": 0.22083333333333333,
    "below": 0,
    "above": 27.48753442342443,
    "turn_on_times": 0,
    "turn_on_ratio": 0.0
  },
  "13": {
    "validity_ratio": 0.0,
    "below": 0,
    "above": 0,
    "turn_on_times": 0,
    "turn_on_ratio": 0.0
  }
}