{
  "1": {
    "validity_ratio": 0.2965277777777778,
    "below": 0,
    "above": 7.988383028971877,
    "turn_on_times": 0,
    "turn_on_ratio": 0.0
  },
  "2": {
    "validity_ratio": 0.29583333333333334,
    "below": 0,
    "above": 3.537412207328133,
    "turn_on_times": 3,
    "turn_on_ratio": 0.75
  },
  "3": {
    "validity_ratio": 0.2972222222222222,
    "below": 0,
    "above": 0.3413681564806061,
    "turn_on_times": 0,
    "turn_on_ratio": 0.0
  },
  "4": {
    "validity_ratio": 0.2923611111111111,
    "below": 0,
    "above": 0,
    "turn_on_times": 1,
    "turn_on_ratio": 1.0
  },
  "5": {
    "validity_ratio": 0.29583333333333334,
    "below": 0,
    "above": 0.6408958966935482,
    "turn_on_times": 0,
    "turn_on_ratio": 0.0
  },
  "6": {
    "validity_ratio": 0.2965277777777778,
    "below": 0,
    "above": 6.695725744285882,
    "turn_on_times": 0,
    "turn_on_ratio": 0.0
  },
  "7": {
    "validity_ratio": 0.2916666666666667,
    "below": -2.360067280991692,
    "above": 2.7229865301130878,
    "turn_on_times": 1,
    "turn_on_ratio": 0.25
  },
  "8": {
    "validity_ratio": 0.2972222222222222,
    "below": -0.26011145561366583,
    "above": 0,
    "turn_on_times": 1,
    "turn_on_ratio": 1.0
  },
  "9": {
    "validity_ratio": 0.2916666666666667,
    "below": 0,
    "above": 0.9556244045833322,
    "turn_on_times": 0,
    "turn_on_ratio": 0.0
  },
  "10": {
    "validity_ratio": 0.0,
    "below": 0,
    "above": 0,
    "turn_on_times": 0,
    "turn_on_ratio": 0
  },
  "12": {
    "validity_ratio": 0.2951388888888889,
    "below": 0,
    "above": 0.4448863457961671,
    "turn_on_times": 0,
    "turn_on_ratio": 0.0
  },
  "13": {
    "validity_ratio": 0.2916666666666667,
    "below": 0,
    "above": 9.654680423871163,
    "turn_on_times": 0,
    "turn_on_ratio": 0.0
  }
}