{
  "1": {
    "validity_ratio": 0.8340277777777778,
    "below": -6.224041019810034,
    "above": 22.09453390501478,
    "turn_on_times": 0,
    "turn_on_ratio": 0.0
  },
  "2": {
    "validity_ratio": 0.8368055555555556,
    "below": -1.0591810109968138,
    "above": 14.043357991095228,
    "turn_on_times": 3,
    "turn_on_ratio": 0.75
  },
  "3": {
    "validity_ratio": 0.8340277777777778,
    "below": -3.069520281921563,
    "above": 9.42273702460931,
    "turn_on_times": 0,
    "turn_on_ratio": 0.0
  },
  "4": {
    "validity_ratio": 0.8340277777777778,
    "below": -1.7398298208843272,
    "above": 1.4279666202751904,
    "turn_on_times": 2,
    "turn_on_ratio": 1.0
  },
  "5": {
    "validity_ratio": 0.8381944444444445,
    "below": -5.444871292022407,
    "above": 17.048412227441187,
    "turn_on_times": 0,
    "turn_on_ratio": 0.0
  },
  "6": {
    "validity_ratio": 0.8388888888888889,
    "below": -4.156090736215153,
    "above": 15.424787947192575,
    "turn_on_times": 0,
    "turn_on_ratio": 0.0
  },
  "7": {
    "validity_ratio": 0.8333333333333334,
    "below": -5.3445887083525685,
    "above": 12.024113136551529,
    "turn_on_times": 1,
    "turn_on_ratio": 0.25
  },
  "8": {
    "validity_ratio": 0.8368055555555556,
    "below": -0.8074732157068216,
    "above": 0,
    "turn_on_times": 3,
    "turn_on_ratio": 1.0
  },
  "9": {
    "validity_ratio": 0.8333333333333334,
    "below": 0,
    "above": 19.195305783204756,
    "turn_on_times": 0,
    "turn_on_ratio": 0.0
  },
  "10": {
    "validity_ratio": 0.0,
    "below": 0,
    "above": 0,
    "turn_on_times": 0,
    "turn_on_ratio": 0
  },
  "12": {
    "validity_ratio": 0.8368055555555556,
    "below": -0.6249824222024651,
    "above": 21.44347154267671,
    "turn_on_times": 0,
    "turn_on_ratio": 0.0
  },
  "13": {
    "validity_ratio": 0.8333333333333334,
    "below": -1.0447671326506096,
    "above": 35.62427819615528,
    "turn_on_times": 0,
    "turn_on_ratio": 0.0
  }
}