{
  "1": {
    "validity_ratio": 0.40694444444444444,
    "below": 0,
    "above": 16.469526871199903,
    "turn_on_times": 0,
    "turn_on_ratio": 0.0
  },
  "2": {
    "validity_ratio": 0.40694444444444444,
    "below": 0,
    "above": 3.537412072424982,
    "turn_on_times": 3,
    "turn_on_ratio": 0.75
  },
  "3": {
    "validity_ratio": 0.40902777777777777,
    "below": 0,
    "above": 2.466584294913733,
    "turn_on_times": 0,
    "turn_on_ratio": 0.0
  },
  "4": {
    "validity_ratio": 0.41041666666666665,
    "below": -0.00838370032777777,
    "above": 0,
    "turn_on_times": 2,
    "turn_on_ratio": 1.0
  },
  "5": {
    "validity_ratio": 0.40694444444444444,
    "below": 0,
    "above": 15.07455385130562,
    "turn_on_times": 0,
    "turn_on_ratio": 0.0
  },
  "6": {
    "validity_ratio": 0.4076388888888889,
    "below": 0,
    "above": 11.911072585476305,
    "turn_on_times": 0,
    "turn_on_ratio": 0.0
  },
  "7": {
    "validity_ratio": 0.41041666666666665,
    "below": -3.8791108495877267,
    "above": 7.024851018369827,
    "turn_on_times": 1,
    "turn_on_ratio": 0.25
  },
  "8": {
    "validity_ratio": 0.4076388888888889,
    "below": -0.8074369559281872,
    "above": 0,
    "turn_on_times": 1,
    "turn_on_ratio": 1.0
  },
  "9": {
    "validity_ratio": 0.4097222222222222,
    "below": 0,
    "above": 18.10183175545612,
    "turn_on_times": 0,
    "turn_on_ratio": 0.0
  },
  "10": {
    "validity_ratio": 0.0,
    "below": 0,
    "above": 0,
    "turn_on_times": 0,
    "turn_on_ratio": 0
  },
  "12": {
    "validity_ratio": 0.40625,
    "below": 0,
    "above": 12.995699568841719,
    "turn_on_times": 0,
    "turn_on_ratio": 0.0
  },
  "13": {
    "validity_ratio": 0.4097222222222222,
    "below": 0,
    "above": 9.823119320471749,
    "turn_on_times": 0,
    "turn_on_ratio": 0.0
  }
}