{
  "1": {
    "validity_ratio": 0.8888888888888888,
    "below": -6.223879635278643,
    "above": 22.120331912118033,
    "turn_on_times": 0,
    "turn_on_ratio": 0.0
  },
  "2": {
    "validity_ratio": 0.8854166666666666,
    "below": -1.0592115214961,
    "above": 18.63577583860793,
    "turn_on_times": 3,
    "turn_on_ratio": 0.6
  },
  "3": {
    "validity_ratio": 0.8826388888888889,
    "below": -3.0695813658592397,
    "above": 16.473909509614927,
    "turn_on_times": 0,
    "turn_on_ratio": 0.0
  },
  "4": {
    "validity_ratio": 0.8881944444444444,
    "below": -1.739888571216337,
    "above": 10.287998689035973,
    "turn_on_times": 2,
    "turn_on_ratio": 1.0
  },
  "5": {
    "validity_ratio": 0.8875,
    "below": -5.444944839217568,
    "above": 17.048452140275714,
    "turn_on_times": 0,
    "turn_on_ratio": 0.0
  },
  "6": {
    "validity_ratio": 0.8875,
    "below": -4.156071283885706,
    "above": 19.314577677438148,
    "turn_on_times": 0,
    "turn_on_ratio": 0.0
  },
  "7": {
    "validity_ratio": 0.8888888888888888,
    "below": -5.410599289720694,
    "above": 12.024085603221147,
    "turn_on_times": 2,
    "turn_on_ratio": 0.4
  },
  "8": {
    "validity_ratio": 0.8854166666666666,
    "below": -0.8074859198267469,
    "above": 0,
    "turn_on_times": 3,
    "turn_on_ratio": 1.0
  },
  "9": {
    "validity_ratio": 0.8888888888888888,
    "below": 0,
    "above": 19.195209878355637,
    "turn_on_times": 0,
    "turn_on_ratio": 0.0
  },
  "10": {
    "validity_ratio": 0.0,
    "below": 0,
    "above": 0,
    "turn_on_times": 0,
    "turn_on_ratio": 0
  },
  "12": {
    "validity_ratio": 0.8854166666666666,
    "below": -0.6250082452349595,
    "above": 28.845128770080834,
    "turn_on_times": 0,
    "turn_on_ratio": 0.0
  },
  "13": {
    "validity_ratio": 0.8888888888888888,
    "below": -1.0446487423831397,
    "above": 42.960481267317576,
    "turn_on_times": 0,
    "turn_on_ratio": 0.0
  }
}