{
  "1": {
    "validity_ratio": 0.3861111111111111,
    "below": 0,
    "above": 14.868421041808757,
    "turn_on_times": 0,
    "turn_on_ratio": 0.0
  },
  "2": {
    "validity_ratio": 0.3861111111111111,
    "below": 0,
    "above": 3.5374122031080937,
    "turn_on_times": 3,
    "turn_on_ratio": 0.75
  },
  "3": {
    "validity_ratio": 0.38819444444444445,
    "below": 0,
    "above": 2.4078021014551982,
    "turn_on_times": 0,
    "turn_on_ratio": 0.0
  },
  "4": {
    "validity_ratio": 0.38263888888888886,
    "below": -0.008387272211111114,
    "above": 0,
    "turn_on_times": 2,
    "turn_on_ratio": 1.0
  },
  "5": {
    "validity_ratio": 0.3861111111111111,
    "below": 0,
    "above": 12.22360264515795,
    "turn_on_times": 0,
    "turn_on_ratio": 0.0
  },
  "6": {
    "validity_ratio": 0.38680555555555557,
    "below": 0,
    "above": 10.986053495457126,
    "turn_on_times": 0,
    "turn_on_ratio": 0.0
  },
  "7": {
    "validity_ratio": 0.38263888888888886,
    "below": -2.5453208494750785,
    "above": 7.016338497868128,
    "turn_on_times": 1,
    "turn_on_ratio": 0.25
  },
  "8": {
    "validity_ratio": 0.38819444444444445,
    "below": -0.807491769396455,
    "above": 0,
    "turn_on_times": 1,
    "turn_on_ratio": 1.0
  },
  "9": {
    "validity_ratio": 0.3819444444444444,
    "below": 0,
    "above": 16.019593356924624,
    "turn_on_times": 0,
    "turn_on_ratio": 0.0
  },
  "10": {
    "validity_ratio": 0.0,
    "below": 0,
    "above": 0,
    "turn_on_times": 0,
    "turn_on_ratio": 0
  },
  "12": {
    "validity_ratio": 0.3854166666666667,
    "below": 0,
    "above": 10.40877387887081,
    "turn_on_times": 0,
    "turn_on_ratio": 0.0
  },
  "13": {
    "validity_ratio": 0.3819444444444444,
    "below": 0,
    "above": 9.822761150623911,
    "turn_on_times": 0,
    "turn_on_ratio": 0.0
  }
}