{
  "1": {
    "validity_ratio": 0.28958333333333336,
    "below": 0,
    "above": 7.5756909737122236,
    "turn_on_times": 0,
    "turn_on_ratio": 0.0
  },
  "2": {
    "validity_ratio": 0.28888888888888886,
    "below": 0,
    "above": 3.5374121043610725,
    "turn_on_times": 2,
    "turn_on_ratio": 0.6666666666666666
  },
  "3": {
    "validity_ratio": 0.29097222222222224,
    "below": 0,
    "above": 0,
    "turn_on_times": 0,
    "turn_on_ratio": 0
  },
  "4": {
    "validity_ratio": 0.28541666666666665,
    "below": 0,
    "above": 0,
    "turn_on_times": 0,
    "turn_on_ratio": 0
  },
  "5": {
    "validity_ratio": 0.28888888888888886,
    "below": 0,
    "above": 0,
    "turn_on_times": 0,
    "turn_on_ratio": 0
  },
  "6": {
    "validity_ratio": 0.28958333333333336,
    "below": 0,
    "above": 6.421274625059154,
    "turn_on_times": 0,
    "turn_on_ratio": 0.0
  },
  "7": {
    "validity_ratio": 0.2847222222222222,
    "below": -2.3603249949606853,
    "above": 2.6931475687921274,
    "turn_on_times": 1,
    "turn_on_ratio": 0.3333333333333333
  },
  "8": {
    "validity_ratio": 0.29097222222222224,
    "below": -0.07531390557444435,
    "above": 0,
    "turn_on_times": 1,
    "turn_on_ratio": 1.0
  },
  "9": {
    "validity_ratio": 0.2847222222222222,
    "below": 0,
    "above": 0,
    "turn_on_times": 0,
    "turn_on_ratio": 0.0
  },
  "10": {
    "validity_ratio": 0.0,
    "below": 0,
    "above": 0,
    "turn_on_times": 0,
    "turn_on_ratio": 0
  },
  "12": {
    "validity_ratio": 0.2881944444444444,
    "below": 0,
    "above": 0,
    "turn_on_times": 0,
    "turn_on_ratio": 0
  },
  "13": {
    "validity_ratio": 0.2847222222222222,
    "below": 0,
    "above": 9.655010243629015,
    "turn_on_times": 0,
    "turn_on_ratio": 0.0
  }
}