{
  "1": {
    "validity_ratio": 0.7298611111111111,
    "below": -5.333525201270878,
    "above": 21.199216030504072,
    "turn_on_times": 0,
    "turn_on_ratio": 0.0
  },
  "2": {
    "validity_ratio": 0.7256944444444444,
    "below": -1.0591336482040212,
    "above": 3.6252933599850086,
    "turn_on_times": 3,
    "turn_on_ratio": 0.75
  },
  "3": {
    "validity_ratio": 0.7305555555555555,
    "below": -3.0694254586328302,
    "above": 2.6121283550123584,
    "turn_on_times": 0,
    "turn_on_ratio": 0.0
  },
  "4": {
    "validity_ratio": 0.7298611111111111,
    "below": -1.5118531266666668,
    "above": 0.05723274434587822,
    "turn_on_times": 2,
    "turn_on_ratio": 1.0
  },
  "5": {
    "validity_ratio": 0.7270833333333333,
    "below": -5.444757121469757,
    "above": 17.04835026898902,
    "turn_on_times": 0,
    "turn_on_ratio": 0.0
  },
  "6": {
    "validity_ratio": 0.7270833333333333,
    "below": -3.7767321160893954,
    "above": 15.386237404386645,
    "turn_on_times": 0,
    "turn_on_ratio": 0.0
  },
  "7": {
    "validity_ratio": 0.7291666666666666,
    "below": -5.119246632861281,
    "above": 11.955455339502448,
    "turn_on_times": 1,
    "turn_on_ratio": 0.25
  },
  "8": {
    "validity_ratio": 0.7263888888888889,
    "below": -0.8074534945415277,
    "above": 0,
    "turn_on_times": 2,
    "turn_on_ratio": 1.0
  },
  "9": {
    "validity_ratio": 0.7291666666666666,
    "below": 0,
    "above": 18.877141517544846,
    "turn_on_times": 0,
    "turn_on_ratio": 0.0
  },
  "10": {
    "validity_ratio": 0.0,
    "below": 0,
    "above": 0,
    "turn_on_times": 0,
    "turn_on_ratio": 0
  },
  "12": {
    "validity_ratio": 0.7256944444444444,
    "below": -0.6249423359709735,
    "above": 21.442617281616716,
    "turn_on_times": 0,
    "turn_on_ratio": 0.0
  },
  "13": {
    "validity_ratio": 0.7291666666666666,
    "below": -1.04495091508085,
    "above": 20.5028862895807,
    "turn_on_times": 0,
    "turn_on_ratio": 0.0
  }
}