{
  "1": {
    "validity_ratio": 0.54375,
    "below": -3.0963439056254836,
    "above": 21.16033878519133,
    "turn_on_times": 0,
    "turn_on_ratio": 0.0
  },
  "2": {
    "validity_ratio": 0.5319444444444444,
    "below": -0.3256898482861107,
    "above": 3.537412061354768,
    "turn_on_times": 3,
    "turn_on_ratio": 0.75
  },
  "3": {
    "validity_ratio": 0.54375,
    "below": -2.2327526200884718,
    "above": 2.521887132370759,
    "turn_on_times": 0,
    "turn_on_ratio": 0.0
  },
  "4": {
    "validity_ratio": 0.5423611111111111,
    "below": -1.5117768375555563,
    "above": 0,
    "turn_on_times": 2,
    "turn_on_ratio": 1.0
  },
  "5": {
    "validity_ratio": 0.5388888888888889,
    "below": -4.132466489044263,
    "above": 17.035252936527915,
    "turn_on_times": 0,
    "turn_on_ratio": 0.0
  },
  "6": {
    "validity_ratio": 0.5395833333333333,
    "below": 0,
    "above": 15.386393903077938,
    "turn_on_times": 0,
    "turn_on_ratio": 0.0
  },
  "7": {
    "validity_ratio": 0.5395833333333333,
    "below": -4.671551534044887,
    "above": 8.603290613860999,
    "turn_on_times": 1,
    "turn_on_ratio": 0.25
  },
  "8": {
    "validity_ratio": 0.5402777777777777,
    "below": -0.8074325888496644,
    "above": 0,
    "turn_on_times": 2,
    "turn_on_ratio": 1.0
  },
  "9": {
    "validity_ratio": 0.5416666666666666,
    "below": 0,
    "above": 18.502507778066473,
    "turn_on_times": 0,
    "turn_on_ratio": 0.0
  },
  "10": {
    "validity_ratio": 0.0,
    "below": 0,
    "above": 0,
    "turn_on_times": 0,
    "turn_on_ratio": 0
  },
  "12": {
    "validity_ratio": 0.5381944444444444,
    "below": -0.6248998420112594,
    "above": 21.385937882456723,
    "turn_on_times": 0,
    "turn_on_ratio": 0.0
  },
  "13": {
    "validity_ratio": 0.5416666666666666,
    "below": 0,
    "above": 10.016279370751374,
    "turn_on_times": 0,
    "turn_on_ratio": 0.0
  }
}