{
  "1": {
    "validity_ratio": 0.7923611111111111,
    "below": -6.224238588985663,
    "above": 21.25260340919241,
    "turn_on_times": 0,
    "turn_on_ratio": 0.0
  },
  "2": {
    "validity_ratio": 0.7951388888888888,
    "below": -1.059143659621559,
    "above": 10.348918271029751,
    "turn_on_times": 3,
    "turn_on_ratio": 0.75
  },
  "3": {
    "validity_ratio": 0.7930555555555555,
    "below": -3.069445502120131,
    "above": 3.1294600328805195,
    "turn_on_times": 0,
    "turn_on_ratio": 0.0
  },
  "4": {
    "validity_ratio": 0.7923611111111111,
    "below": -1.5785350054222234,
    "above": 1.42800958217197,
    "turn_on_times": 2,
    "turn_on_ratio": 1.0
  },
  "5": {
    "validity_ratio": 0.7965277777777777,
    "below": -5.444781254528763,
    "above": 17.048363365597098,
    "turn_on_times": 0,
    "turn_on_ratio": 0.0
  },
  "6": {
    "validity_ratio": 0.7972222222222223,
    "below": -4.156114550025933,
    "above": 15.38620619788562,
    "turn_on_times": 0,
    "turn_on_ratio": 0.0
  },
  "7": {
    "validity_ratio": 0.7916666666666666,
    "below": -5.119186778386855,
    "above": 11.95545432072177,
    "turn_on_times": 1,
    "turn_on_ratio": 0.25
  },
  "8": {
    "validity_ratio": 0.7951388888888888,
    "below": -0.8074576631474828,
    "above": 0,
    "turn_on_times": 2,
    "turn_on_ratio": 1.0
  },
  "9": {
    "validity_ratio": 0.7916666666666666,
    "below": 0,
    "above": 18.877120131920563,
    "turn_on_times": 0,
    "turn_on_ratio": 0.0
  },
  "10": {
    "validity_ratio": 0.0,
    "below": 0,
    "above": 0,
    "turn_on_times": 0,
    "turn_on_ratio": 0
  },
  "12": {
    "validity_ratio": 0.7951388888888888,
    "below": -0.6249508092888957,
    "above": 21.442798426056132,
    "turn_on_times": 0,
    "turn_on_ratio": 0.0
  },
  "13": {
    "validity_ratio": 0.7916666666666666,
    "below": -1.0449120676536423,
    "above": 29.605253587645485,
    "turn_on_times": 0,
    "turn_on_ratio": 0.0
  }
}