{
  "1": {
    "validity_ratio": 0.8131944444444444,
    "below": -6.224121363344596,
    "above": 21.751989604117917,
    "turn_on_times": 0,
    "turn_on_ratio": 0.0
  },
  "2": {
    "validity_ratio": 0.8090277777777778,
    "below": -1.0591658216764186,
    "above": 11.782102382491669,
    "turn_on_times": 3,
    "turn_on_ratio": 0.75
  },
  "3": {
    "validity_ratio": 0.8138888888888889,
    "below": -3.069489871947222,
    "above": 6.377891722322496,
    "turn_on_times": 0,
    "turn_on_ratio": 0.0
  },
  "4": {
    "validity_ratio": 0.8131944444444444,
    "below": -1.7398005726702008,
    "above": 1.4279840911717974,
    "turn_on_times": 2,
    "turn_on_ratio": 1.0
  },
  "5": {
    "validity_ratio": 0.8104166666666667,
    "below": -5.4448346773508165,
    "above": 17.048392357270426,
    "turn_on_times": 0,
    "turn_on_ratio": 0.0
  },
  "6": {
    "validity_ratio": 0.8111111111111111,
    "below": -4.156100420345907,
    "above": 15.386137116054991,
    "turn_on_times": 0,
    "turn_on_ratio": 0.0
  },
  "7": {
    "validity_ratio": 0.8125,
    "below": -5.119054279853006,
    "above": 11.955452065469384,
    "turn_on_times": 1,
    "turn_on_ratio": 0.25
  },
  "8": {
    "validity_ratio": 0.8090277777777778,
    "below": -0.8074668910988213,
    "above": 0,
    "turn_on_times": 3,
    "turn_on_ratio": 1.0
  },
  "9": {
    "validity_ratio": 0.8125,
    "below": 0,
    "above": 19.145219546648665,
    "turn_on_times": 0,
    "turn_on_ratio": 0.0
  },
  "10": {
    "validity_ratio": 0.0,
    "below": 0,
    "above": 0,
    "turn_on_times": 0,
    "turn_on_ratio": 0
  },
  "12": {
    "validity_ratio": 0.8090277777777778,
    "below": -0.6249695664864552,
    "above": 21.443198328779026,
    "turn_on_times": 0,
    "turn_on_ratio": 0.0
  },
  "13": {
    "validity_ratio": 0.8125,
    "below": -1.044826071958267,
    "above": 32.65259477073878,
    "turn_on_times": 0,
    "turn_on_ratio": 0.0
  }
}