{
  "1": {
    "validity_ratio": 0.11388888888888889,
    "below": 0,
    "above": 5.188335418035526,
    "turn_on_times": 0,
    "turn_on_ratio": 0
  },
  "2": {
    "validity_ratio": 0.11180555555555556,
    "below": 0,
    "above": 2.086236470980737,
    "turn_on_times": 0,
    "turn_on_ratio": 0
  },
  "3": {
    "validity_ratio": 0.11527777777777778,
    "below": 0,
    "above": 4.1731182795698984,
    "turn_on_times": 0,
    "turn_on_ratio": 0.0
  },
  "4": {
    "validity_ratio": 0.11388888888888889,
    "below": 0,
    "above": 5.216397849462365,
    "turn_on_times": 0,
    "turn_on_ratio": 0.0
  },
  "5": {
    "validity_ratio": 0.11597222222222223,
    "below": -2.330154740363602,
    "above": 0,
    "turn_on_times": 1,
    "turn_on_ratio": 1.0
  },
  "6": {
    "validity_ratio": 0.11666666666666667,
    "below": 0,
    "above": 0.022053600719391924,
    "turn_on_times": 0,
    "turn_on_ratio": 0
  },
  "7": {
    "validity_ratio": 0.1111111111111111,
    "below": 0,
    "above": 3.1319123788618017,
    "turn_on_times": 0,
    "turn_on_ratio": 0
  },
  "8": {
    "validity_ratio": 0.11597222222222223,
    "below": 0,
    "above": 0,
    "turn_on_times": 0,
    "turn_on_ratio": 0
  },
  "9": {
    "validity_ratio": 0.11666666666666667,
    "below": 0,
    "above": 0,
    "turn_on_times": 0,
    "turn_on_ratio": 0
  },
  "10": {
    "validity_ratio": 0.11180555555555556,
    "below": 0,
    "above": 0,
    "turn_on_times": 0,
    "turn_on_ratio": 0
  },
  "12": {
    "validity_ratio": 0.11319444444444444,
    "below": 0,
    "above": 5.559668311235596,
    "turn_on_times": 0,
    "turn_on_ratio": 0.0
  },
  "13": {
    "validity_ratio": 0.0,
    "below": 0,
    "above": 0,
    "turn_on_times": 0,
    "turn_on_ratio": 0
  }
}