{
  "1": {
    "validity_ratio": 0.7340277777777777,
    "below": 0,
    "above": 63.64427907532344,
    "turn_on_times": 0,
    "turn_on_ratio": 0.0
  },
  "2": {
    "validity_ratio": 0.7298611111111111,
    "below": -7.047756174449483,
    "above": 2.0863258836135867,
    "turn_on_times": 2,
    "turn_on_ratio": 1.0
  },
  "3": {
    "validity_ratio": 0.7340277777777777,
    "below": -5.3821845881868455,
    "above": 14.201653697900046,
    "turn_on_times": 0,
    "turn_on_ratio": 0.0
  },
  "4": {
    "validity_ratio": 0.7319444444444444,
    "below": -2.868508367554185,
    "above": 10.753881960913171,
    "turn_on_times": 1,
    "turn_on_ratio": 0.3333333333333333
  },
  "5": {
    "validity_ratio": 0.7340277777777777,
    "below": -13.17274019710176,
    "above": 5.735209062863395,
    "turn_on_times": 2,
    "turn_on_ratio": 0.6666666666666666
  },
  "6": {
    "validity_ratio": 0.7347222222222223,
    "below": 0,
    "above": 36.149955802060646,
    "turn_on_times": 0,
    "turn_on_ratio": 0.0
  },
  "7": {
    "validity_ratio": 0.7333333333333333,
    "below": -0.11024200618170431,
    "above": 25.587428064621452,
    "turn_on_times": 0,
    "turn_on_ratio": 0.0
  },
  "8": {
    "validity_ratio": 0.7319444444444444,
    "below": -0.2691907893778203,
    "above": 0,
    "turn_on_times": 3,
    "turn_on_ratio": 1.0
  },
  "9": {
    "validity_ratio": 0.7347222222222223,
    "below": 0,
    "above": 23.18090815227456,
    "turn_on_times": 0,
    "turn_on_ratio": 0.0
  },
  "10": {
    "validity_ratio": 0.7298611111111111,
    "below": 0,
    "above": 0,
    "turn_on_times": 0,
    "turn_on_ratio": 0
  },
  "12": {
    "validity_ratio": 0.73125,
    "below": -1.3067971651303962,
    "above": 16.18035454083772,
    "turn_on_times": 0,
    "turn_on_ratio": 0.0
  },
  "13": {
    "validity_ratio": 0.0,
    "below": 0,
    "above": 0,
    "turn_on_times": 0,
    "turn_on_ratio": 0.0
  }
}