{
  "1": {
    "validity_ratio": 0.7958333333333333,
    "below": 0,
    "above": 69.45913491704006,
    "turn_on_times": 0,
    "turn_on_ratio": 0.0
  },
  "2": {
    "validity_ratio": 0.7923611111111111,
    "below": -7.047578089272427,
    "above": 2.1026897800730473,
    "turn_on_times": 2,
    "turn_on_ratio": 1.0
  },
  "3": {
    "validity_ratio": 0.7965277777777777,
    "below": -5.382333630944556,
    "above": 14.201794653938382,
    "turn_on_times": 0,
    "turn_on_ratio": 0.0
  },
  "4": {
    "validity_ratio": 0.7944444444444444,
    "below": -2.868451635704407,
    "above": 10.753882246173646,
    "turn_on_times": 1,
    "turn_on_ratio": 0.3333333333333333
  },
  "5": {
    "validity_ratio": 0.7972222222222223,
    "below": -13.318943215018518,
    "above": 5.735762102793246,
    "turn_on_times": 2,
    "turn_on_ratio": 0.6666666666666666
  },
  "6": {
    "validity_ratio": 0.7972222222222223,
    "below": 0,
    "above": 37.414460028767905,
    "turn_on_times": 0,
    "turn_on_ratio": 0.0
  },
  "7": {
    "validity_ratio": 0.7958333333333333,
    "below": -0.11026333208312462,
    "above": 28.87834872445976,
    "turn_on_times": 0,
    "turn_on_ratio": 0.0
  },
  "8": {
    "validity_ratio": 0.7944444444444444,
    "below": -0.2691050716440071,
    "above": 0,
    "turn_on_times": 3,
    "turn_on_ratio": 1.0
  },
  "9": {
    "validity_ratio": 0.7972222222222223,
    "below": 0,
    "above": 23.180928983599255,
    "turn_on_times": 0,
    "turn_on_ratio": 0.0
  },
  "10": {
    "validity_ratio": 0.7916666666666666,
    "below": 0,
    "above": 0,
    "turn_on_times": 0,
    "turn_on_ratio": 0
  },
  "12": {
    "validity_ratio": 0.79375,
    "below": -1.3067012671234843,
    "above": 17.89063333248375,
    "turn_on_times": 0,
    "turn_on_ratio": 0.0
  },
  "13": {
    "validity_ratio": 0.0,
    "below": 0,
    "above": 0,
    "turn_on_times": 0,
    "turn_on_ratio": 0.0
  }
}