{
  "1": {
    "validity_ratio": 0.9479166666666666,
    "below": 0,
    "above": 75.5967315318028,
    "turn_on_times": 0,
    "turn_on_ratio": 0.0
  },
  "2": {
    "validity_ratio": 0.9520833333333333,
    "below": -7.047887700577898,
    "above": 7.691181238671432,
    "turn_on_times": 2,
    "turn_on_ratio": 0.6666666666666666
  },
  "3": {
    "validity_ratio": 0.9486111111111111,
    "below": -5.382074511552653,
    "above": 19.450223239763368,
    "turn_on_times": 0,
    "turn_on_ratio": 0.0
  },
  "4": {
    "validity_ratio": 0.9541666666666667,
    "below": -2.8685502672826346,
    "above": 14.36353658960501,
    "turn_on_times": 1,
    "turn_on_ratio": 0.3333333333333333
  },
  "5": {
    "validity_ratio": 0.95,
    "below": -13.511030029825655,
    "above": 5.764383057573336,
    "turn_on_times": 2,
    "turn_on_ratio": 0.6666666666666666
  },
  "6": {
    "validity_ratio": 0.9506944444444444,
    "below": -0.49490628836849426,
    "above": 37.414618653636445,
    "turn_on_times": 1,
    "turn_on_ratio": 0.3333333333333333
  },
  "7": {
    "validity_ratio": 0.9493055555555555,
    "below": -0.1102262557790305,
    "above": 34.23855486951688,
    "turn_on_times": 0,
    "turn_on_ratio": 0.0
  },
  "8": {
    "validity_ratio": 0.9541666666666667,
    "below": -0.26925448428403426,
    "above": 0,
    "turn_on_times": 3,
    "turn_on_ratio": 1.0
  },
  "9": {
    "validity_ratio": 0.9506944444444444,
    "below": 0,
    "above": 23.180892770003766,
    "turn_on_times": 0,
    "turn_on_ratio": 0.0
  },
  "10": {
    "validity_ratio": 0.9513888888888888,
    "below": 0,
    "above": 0,
    "turn_on_times": 0,
    "turn_on_ratio": 0
  },
  "12": {
    "validity_ratio": 0.9534722222222223,
    "below": -1.3068679913146957,
    "above": 23.584514517628417,
    "turn_on_times": 0,
    "turn_on_ratio": 0.0
  },
  "13": {
    "validity_ratio": 0.0,
    "below": 0,
    "above": 0,
    "turn_on_times": 0,
    "turn_on_ratio": 0.0
  }
}