{
  "1": {
    "validity_ratio": 0.49375,
    "below": 0,
    "above": 36.05222156932411,
    "turn_on_times": 0,
    "turn_on_ratio": 0.0
  },
  "2": {
    "validity_ratio": 0.49375,
    "below": -5.843647346029452,
    "above": 2.0864903957311496,
    "turn_on_times": 2,
    "turn_on_ratio": 1.0
  },
  "3": {
    "validity_ratio": 0.4895833333333333,
    "below": -0.7602620676295297,
    "above": 14.201799088260262,
    "turn_on_times": 0,
    "turn_on_ratio": 0.0
  },
  "4": {
    "validity_ratio": 0.49583333333333335,
    "below": -1.8581685913946366,
    "above": 10.75388225522465,
    "turn_on_times": 1,
    "turn_on_ratio": 0.3333333333333333
  },
  "5": {
    "validity_ratio": 0.4909722222222222,
    "below": -8.023579781184967,
    "above": 5.72621218998574,
    "turn_on_times": 2,
    "turn_on_ratio": 0.6666666666666666
  },
  "6": {
    "validity_ratio": 0.49236111111111114,
    "below": 0,
    "above": 27.39905686646612,
    "turn_on_times": 0,
    "turn_on_ratio": 0.0
  },
  "7": {
    "validity_ratio": 0.49444444444444446,
    "below": 0,
    "above": 23.489795505377455,
    "turn_on_times": 0,
    "turn_on_ratio": 0.0
  },
  "8": {
    "validity_ratio": 0.4909722222222222,
    "below": -0.26910236179192865,
    "above": 0,
    "turn_on_times": 2,
    "turn_on_ratio": 1.0
  },
  "9": {
    "validity_ratio": 0.49236111111111114,
    "below": 0,
    "above": 19.439562208419662,
    "turn_on_times": 0,
    "turn_on_ratio": 0.0
  },
  "10": {
    "validity_ratio": 0.49375,
    "below": 0,
    "above": 0,
    "turn_on_times": 0,
    "turn_on_ratio": 0
  },
  "12": {
    "validity_ratio": 0.4951388888888889,
    "below": -1.3066982243849552,
    "above": 13.929795458316207,
    "turn_on_times": 0,
    "turn_on_ratio": 0.0
  },
  "13": {
    "validity_ratio": 0.0,
    "below": 0,
    "above": 0,
    "turn_on_times": 0,
    "turn_on_ratio": 0.0
  }
}