{
  "1": {
    "validity_ratio": 0.27291666666666664,
    "below": 0,
    "above": 13.72868105927318,
    "turn_on_times": 0,
    "turn_on_ratio": 0.0
  },
  "2": {
    "validity_ratio": 0.27152777777777776,
    "below": -0.32904194899531114,
    "above": 2.0863101824346764,
    "turn_on_times": 2,
    "turn_on_ratio": 1.0
  },
  "3": {
    "validity_ratio": 0.26805555555555555,
    "below": 0,
    "above": 8.65005817028028,
    "turn_on_times": 0,
    "turn_on_ratio": 0.0
  },
  "4": {
    "validity_ratio": 0.27361111111111114,
    "below": 0,
    "above": 10.75388193282392,
    "turn_on_times": 0,
    "turn_on_ratio": 0.0
  },
  "5": {
    "validity_ratio": 0.26805555555555555,
    "below": -4.7029192568145595,
    "above": 0.016523996929751254,
    "turn_on_times": 2,
    "turn_on_ratio": 1.0
  },
  "6": {
    "validity_ratio": 0.2701388888888889,
    "below": 0,
    "above": 8.232516438799765,
    "turn_on_times": 0,
    "turn_on_ratio": 0.0
  },
  "7": {
    "validity_ratio": 0.27152777777777776,
    "below": 0,
    "above": 8.288951479758513,
    "turn_on_times": 0,
    "turn_on_ratio": 0.0
  },
  "8": {
    "validity_ratio": 0.26875,
    "below": 0,
    "above": 0,
    "turn_on_times": 0,
    "turn_on_ratio": 0
  },
  "9": {
    "validity_ratio": 0.26944444444444443,
    "below": 0,
    "above": 0,
    "turn_on_times": 0,
    "turn_on_ratio": 0
  },
  "10": {
    "validity_ratio": 0.27152777777777776,
    "below": 0,
    "above": 0,
    "turn_on_times": 0,
    "turn_on_ratio": 0
  },
  "12": {
    "validity_ratio": 0.27291666666666664,
    "below": 0,
    "above": 12.04789923216876,
    "turn_on_times": 0,
    "turn_on_ratio": 0.0
  },
  "13": {
    "validity_ratio": 0.0,
    "below": 0,
    "above": 0,
    "turn_on_times": 0,
    "turn_on_ratio": 0.0
  }
}