{
  "1": {
    "validity_ratio": 0.9409722222222222,
    "below": 0,
    "above": 74.89663450364638,
    "turn_on_times": 0,
    "turn_on_ratio": 0.0
  },
  "2": {
    "validity_ratio": 0.9451388888888889,
    "below": -7.047836989263565,
    "above": 7.113640736801762,
    "turn_on_times": 2,
    "turn_on_ratio": 0.6666666666666666
  },
  "3": {
    "validity_ratio": 0.9416666666666667,
    "below": -5.3821169527836314,
    "above": 19.45025173106836,
    "turn_on_times": 0,
    "turn_on_ratio": 0.0
  },
  "4": {
    "validity_ratio": 0.9465277777777777,
    "below": -2.8685341123913988,
    "above": 14.363565921112944,
    "turn_on_times": 1,
    "turn_on_ratio": 0.3333333333333333
  },
  "5": {
    "validity_ratio": 0.9430555555555555,
    "below": -13.510969310562125,
    "above": 5.764544598283637,
    "turn_on_times": 2,
    "turn_on_ratio": 0.6666666666666666
  },
  "6": {
    "validity_ratio": 0.94375,
    "below": -0.49492251122862896,
    "above": 37.414593583275014,
    "turn_on_times": 1,
    "turn_on_ratio": 0.3333333333333333
  },
  "7": {
    "validity_ratio": 0.9423611111111111,
    "below": -0.11023232851629033,
    "above": 33.603813011440415,
    "turn_on_times": 0,
    "turn_on_ratio": 0.0
  },
  "8": {
    "validity_ratio": 0.9465277777777777,
    "below": -0.2692298870359993,
    "above": 0,
    "turn_on_times": 3,
    "turn_on_ratio": 1.0
  },
  "9": {
    "validity_ratio": 0.94375,
    "below": 0,
    "above": 23.18089870051614,
    "turn_on_times": 0,
    "turn_on_ratio": 0.0
  },
  "10": {
    "validity_ratio": 0.9444444444444444,
    "below": 0,
    "above": 0,
    "turn_on_times": 0,
    "turn_on_ratio": 0
  },
  "12": {
    "validity_ratio": 0.9465277777777777,
    "below": -1.3068406835170927,
    "above": 23.584535326440598,
    "turn_on_times": 0,
    "turn_on_ratio": 0.0
  },
  "13": {
    "validity_ratio": 0.0,
    "below": 0,
    "above": 0,
    "turn_on_times": 0,
    "turn_on_ratio": 0.0
  }
}