{
  "1": {
    "validity_ratio": 0.64375,
    "below": 0,
    "above": 54.0362487780018,
    "turn_on_times": 0,
    "turn_on_ratio": 0.0
  },
  "2": {
    "validity_ratio": 0.6395833333333333,
    "below": -7.048027242972755,
    "above": 2.0860831741473,
    "turn_on_times": 2,
    "turn_on_ratio": 1.0
  },
  "3": {
    "validity_ratio": 0.6444444444444445,
    "below": -4.22376075894813,
    "above": 14.201434681458307,
    "turn_on_times": 0,
    "turn_on_ratio": 0.0
  },
  "4": {
    "validity_ratio": 0.6416666666666667,
    "below": -2.8685947207195417,
    "above": 10.753881526710074,
    "turn_on_times": 1,
    "turn_on_ratio": 0.3333333333333333
  },
  "5": {
    "validity_ratio": 0.64375,
    "below": -11.604821477183084,
    "above": 5.725108140786007,
    "turn_on_times": 2,
    "turn_on_ratio": 0.6666666666666666
  },
  "6": {
    "validity_ratio": 0.6444444444444445,
    "below": 0,
    "above": 33.69368594556913,
    "turn_on_times": 0,
    "turn_on_ratio": 0.0
  },
  "7": {
    "validity_ratio": 0.6430555555555556,
    "below": -0.11020954541938169,
    "above": 25.320513686656234,
    "turn_on_times": 0,
    "turn_on_ratio": 0.0
  },
  "8": {
    "validity_ratio": 0.6416666666666667,
    "below": -0.2693224211540605,
    "above": 0,
    "turn_on_times": 3,
    "turn_on_ratio": 1.0
  },
  "9": {
    "validity_ratio": 0.6444444444444445,
    "below": 0,
    "above": 22.720005700805114,
    "turn_on_times": 0,
    "turn_on_ratio": 0.0
  },
  "10": {
    "validity_ratio": 0.6395833333333333,
    "below": 0,
    "above": 0,
    "turn_on_times": 0,
    "turn_on_ratio": 0
  },
  "12": {
    "validity_ratio": 0.6409722222222223,
    "below": -1.3069431342197213,
    "above": 16.180292583083414,
    "turn_on_times": 0,
    "turn_on_ratio": 0.0
  },
  "13": {
    "validity_ratio": 0.0,
    "below": 0,
    "above": 0,
    "turn_on_times": 0,
    "turn_on_ratio": 0.0
  }
}