{
  "1": {
    "validity_ratio": 0.4388888888888889,
    "below": 0,
    "above": 30.4671739452312,
    "turn_on_times": 0,
    "turn_on_ratio": 0.0
  },
  "2": {
    "validity_ratio": 0.43819444444444444,
    "below": -4.534047540296964,
    "above": 2.086209552038876,
    "turn_on_times": 2,
    "turn_on_ratio": 1.0
  },
  "3": {
    "validity_ratio": 0.4340277777777778,
    "below": 0,
    "above": 13.684411750831224,
    "turn_on_times": 0,
    "turn_on_ratio": 0.0
  },
  "4": {
    "validity_ratio": 0.4395833333333333,
    "below": -0.1848020709770121,
    "above": 10.753881752797511,
    "turn_on_times": 1,
    "turn_on_ratio": 0.3333333333333333
  },
  "5": {
    "validity_ratio": 0.43472222222222223,
    "below": -5.982864896014036,
    "above": 5.725457921720385,
    "turn_on_times": 2,
    "turn_on_ratio": 0.6666666666666666
  },
  "6": {
    "validity_ratio": 0.43680555555555556,
    "below": 0,
    "above": 22.897314822498615,
    "turn_on_times": 0,
    "turn_on_ratio": 0.0
  },
  "7": {
    "validity_ratio": 0.43819444444444444,
    "below": 0,
    "above": 20.03776668554529,
    "turn_on_times": 0,
    "turn_on_ratio": 0.0
  },
  "8": {
    "validity_ratio": 0.4354166666666667,
    "below": -0.2692537066585477,
    "above": 0,
    "turn_on_times": 1,
    "turn_on_ratio": 1.0
  },
  "9": {
    "validity_ratio": 0.43680555555555556,
    "below": 0,
    "above": 18.760763916158368,
    "turn_on_times": 0,
    "turn_on_ratio": 0.0
  },
  "10": {
    "validity_ratio": 0.43819444444444444,
    "below": 0,
    "above": 0,
    "turn_on_times": 0,
    "turn_on_ratio": 0
  },
  "12": {
    "validity_ratio": 0.4395833333333333,
    "below": -1.1969410655478327,
    "above": 13.929752678982764,
    "turn_on_times": 0,
    "turn_on_ratio": 0.0
  },
  "13": {
    "validity_ratio": 0.0,
    "below": 0,
    "above": 0,
    "turn_on_times": 0,
    "turn_on_ratio": 0.0
  }
}