{
  "1": {
    "validity_ratio": 0.9909722222222223,
    "below": -14.53606257086663,
    "above": 6.308334225169142,
    "turn_on_times": 0,
    "turn_on_ratio": 0.0
  },
  "2": {
    "validity_ratio": 0.9958333333333333,
    "below": -9.248328380357671,
    "above": 0,
    "turn_on_times": 1,
    "turn_on_ratio": 1.0
  },
  "3": {
    "validity_ratio": 0.9902777777777778,
    "below": -10.16304654194156,
    "above": 14.723522559727172,
    "turn_on_times": 0,
    "turn_on_ratio": 0.0
  },
  "4": {
    "validity_ratio": 0.9902777777777778,
    "below": -4.078313963287273,
    "above": 0.008910856746437767,
    "turn_on_times": 1,
    "turn_on_ratio": 0.25
  },
  "5": {
    "validity_ratio": 0.9944444444444445,
    "below": -0.23205216209219884,
    "above": 12.273475658363994,
    "turn_on_times": 1,
    "turn_on_ratio": 0.25
  },
  "6": {
    "validity_ratio": 0.9909722222222223,
    "below": 0.3517618975979679,
    "above": 10.427458713169631,
    "turn_on_times": 1,
    "turn_on_ratio": 0.25
  },
  "7": {
    "validity_ratio": 0.9944444444444445,
    "below": -0.1564534163540262,
    "above": 11.998269451297652,
    "turn_on_times": 1,
    "turn_on_ratio": 0.25
  },
  "8": {
    "validity_ratio": 0.9944444444444445,
    "below": -4.38984222627167,
    "above": 0.10978077261666759,
    "turn_on_times": 5,
    "turn_on_ratio": 1.0
  },
  "9": {
    "validity_ratio": 0.9951388888888889,
    "below": 0.01286516155588185,
    "above": 28.361738545922705,
    "turn_on_times": 0,
    "turn_on_ratio": 0.0
  },
  "10": {
    "validity_ratio": 0.9388888888888889,
    "below": 0.0,
    "above": 0,
    "turn_on_times": 0,
    "turn_on_ratio": 0
  }
}