{
  "1": {
    "validity_ratio": 0.64375,
    "below": -0.05019489487179476,
    "above": 3.4246569298153076,
    "turn_on_times": 1,
    "turn_on_ratio": 0.2
  },
  "2": {
    "validity_ratio": 0.6430555555555556,
    "below": -0.0952883886466666,
    "above": 0.13010837852999974,
    "turn_on_times": 2,
    "turn_on_ratio": 0.4
  },
  "3": {
    "validity_ratio": 0.64375,
    "below": 0,
    "above": 1.1770710384211118,
    "turn_on_times": 2,
    "turn_on_ratio": 0.4
  },
  "4": {
    "validity_ratio": 0.6423611111111112,
    "below": 0,
    "above": 20.619465887527422,
    "turn_on_times": 0,
    "turn_on_ratio": 0.0
  },
  "5": {
    "validity_ratio": 0.6451388888888889,
    "below": 0,
    "above": 25.201035077785285,
    "turn_on_times": 0,
    "turn_on_ratio": 0.0
  },
  "6": {
    "validity_ratio": 0.6465277777777778,
    "below": -6.479174353801229,
    "above": 7.464064738552699,
    "turn_on_times": 0,
    "turn_on_ratio": 0.0
  },
  "7": {
    "validity_ratio": 0.6458333333333334,
    "below": -0.5647749084939095,
    "above": 11.417606031231154,
    "turn_on_times": 2,
    "turn_on_ratio": 1.0
  },
  "8": {
    "validity_ratio": 0.6472222222222223,
    "below": -0.6026694058980165,
    "above": 0.02963822011023609,
    "turn_on_times": 2,
    "turn_on_ratio": 1.0
  },
  "9": {
    "validity_ratio": 0.6444444444444445,
    "below": 0,
    "above": 5.355008065899266,
    "turn_on_times": 0,
    "turn_on_ratio": 0.0
  },
  "10": {
    "validity_ratio": 0.64375,
    "below": 0,
    "above": 0,
    "turn_on_times": 0,
    "turn_on_ratio": 0
  }
}