{
  "1": {
    "validity_ratio": 0.9319444444444445,
    "below": -0.2405749143016727,
    "above": 3.525312571732218,
    "turn_on_times": 3,
    "turn_on_ratio": 0.375
  },
  "2": {
    "validity_ratio": 0.9277777777777778,
    "below": -0.10364256680064761,
    "above": 0.75440909854688,
    "turn_on_times": 3,
    "turn_on_ratio": 0.375
  },
  "3": {
    "validity_ratio": 0.9333333333333333,
    "below": 0,
    "above": 3.386106289323198,
    "turn_on_times": 2,
    "turn_on_ratio": 0.25
  },
  "4": {
    "validity_ratio": 0.9270833333333334,
    "below": 0,
    "above": 27.111346527422203,
    "turn_on_times": 0,
    "turn_on_ratio": 0.0
  },
  "5": {
    "validity_ratio": 0.9305555555555556,
    "below": 0,
    "above": 32.74703452863055,
    "turn_on_times": 0,
    "turn_on_ratio": 0.0
  },
  "6": {
    "validity_ratio": 0.93125,
    "below": -6.8830371805825346,
    "above": 7.478710112187425,
    "turn_on_times": 0,
    "turn_on_ratio": 0.0
  },
  "7": {
    "validity_ratio": 0.9319444444444445,
    "below": -0.5647654396567,
    "above": 15.786111319940183,
    "turn_on_times": 2,
    "turn_on_ratio": 1.0
  },
  "8": {
    "validity_ratio": 0.9277777777777778,
    "below": -0.6198790476613846,
    "above": 0.21846420223231142,
    "turn_on_times": 4,
    "turn_on_ratio": 0.6666666666666666
  },
  "9": {
    "validity_ratio": 0.9291666666666667,
    "below": 0,
    "above": 6.727560624930301,
    "turn_on_times": 2,
    "turn_on_ratio": 0.3333333333333333
  },
  "10": {
    "validity_ratio": 0.9284722222222223,
    "below": -35.57547014986318,
    "above": 0,
    "turn_on_times": 1,
    "turn_on_ratio": 1.0
  }
}