{
  "1": {
    "validity_ratio": 0.35347222222222224,
    "below": -0.05021750780885785,
    "above": 3.423440803723014,
    "turn_on_times": 1,
    "turn_on_ratio": 0.2
  },
  "2": {
    "validity_ratio": 0.3506944444444444,
    "below": -0.09529032883666656,
    "above": 0.13006774232833299,
    "turn_on_times": 2,
    "turn_on_ratio": 0.4
  },
  "3": {
    "validity_ratio": 0.3527777777777778,
    "below": 0,
    "above": 1.1768083095728796,
    "turn_on_times": 2,
    "turn_on_ratio": 0.4
  },
  "4": {
    "validity_ratio": 0.3527777777777778,
    "below": 0,
    "above": 1.754251128301443,
    "turn_on_times": 0,
    "turn_on_ratio": 0.0
  },
  "5": {
    "validity_ratio": 0.34930555555555554,
    "below": 0,
    "above": 2.2009868478460826,
    "turn_on_times": 0,
    "turn_on_ratio": 0.0
  },
  "6": {
    "validity_ratio": 0.35208333333333336,
    "below": 0,
    "above": 4.182610301796522,
    "turn_on_times": 0,
    "turn_on_ratio": 0.0
  },
  "7": {
    "validity_ratio": 0.35,
    "below": -0.3483014802380956,
    "above": 0.09951647652270197,
    "turn_on_times": 1,
    "turn_on_ratio": 1.0
  },
  "8": {
    "validity_ratio": 0.35208333333333336,
    "below": 0,
    "above": 0,
    "turn_on_times": 0,
    "turn_on_ratio": 0
  },
  "9": {
    "validity_ratio": 0.3527777777777778,
    "below": 0,
    "above": 0,
    "turn_on_times": 0,
    "turn_on_ratio": 0
  },
  "10": {
    "validity_ratio": 0.35208333333333336,
    "below": 0,
    "above": 0,
    "turn_on_times": 0,
    "turn_on_ratio": 0
  }
}