{
  "1": {
    "validity_ratio": 0.7270833333333333,
    "below": -0.05019318135198129,
    "above": 3.424749083087974,
    "turn_on_times": 1,
    "turn_on_ratio": 0.2
  },
  "2": {
    "validity_ratio": 0.7263888888888889,
    "below": -0.10362944446958203,
    "above": 0.13011145778222225,
    "turn_on_times": 2,
    "turn_on_ratio": 0.4
  },
  "3": {
    "validity_ratio": 0.7270833333333333,
    "below": 0,
    "above": 1.177090946984329,
    "turn_on_times": 2,
    "turn_on_ratio": 0.4
  },
  "4": {
    "validity_ratio": 0.7256944444444444,
    "below": 0,
    "above": 27.111450013578796,
    "turn_on_times": 0,
    "turn_on_ratio": 0.0
  },
  "5": {
    "validity_ratio": 0.7291666666666666,
    "below": 0,
    "above": 32.74716285589181,
    "turn_on_times": 0,
    "turn_on_ratio": 0.0
  },
  "6": {
    "validity_ratio": 0.7298611111111111,
    "below": -6.883056469345028,
    "above": 7.478628532187561,
    "turn_on_times": 0,
    "turn_on_ratio": 0.0
  },
  "7": {
    "validity_ratio": 0.7298611111111111,
    "below": -0.5647697798892581,
    "above": 15.786167705101477,
    "turn_on_times": 2,
    "turn_on_ratio": 1.0
  },
  "8": {
    "validity_ratio": 0.7298611111111111,
    "below": -0.6026604095692529,
    "above": 0.1541965929210873,
    "turn_on_times": 2,
    "turn_on_ratio": 1.0
  },
  "9": {
    "validity_ratio": 0.7277777777777777,
    "below": 0,
    "above": 6.152948237911837,
    "turn_on_times": 0,
    "turn_on_ratio": 0.0
  },
  "10": {
    "validity_ratio": 0.7270833333333333,
    "below": -16.45741683976501,
    "above": 0,
    "turn_on_times": 1,
    "turn_on_ratio": 1.0
  }
}