{
  "1": {
    "validity_ratio": 0.8006944444444445,
    "below": -0.13984517716529826,
    "above": 3.5241292303313423,
    "turn_on_times": 2,
    "turn_on_ratio": 0.3333333333333333
  },
  "2": {
    "validity_ratio": 0.7958333333333333,
    "below": -0.09528997210166658,
    "above": 0.7543209154188608,
    "turn_on_times": 2,
    "turn_on_ratio": 0.3333333333333333
  },
  "3": {
    "validity_ratio": 0.8013888888888889,
    "below": 0,
    "above": 2.574852816060219,
    "turn_on_times": 2,
    "turn_on_ratio": 0.3333333333333333
  },
  "4": {
    "validity_ratio": 0.7951388888888888,
    "below": 0,
    "above": 27.112889333678538,
    "turn_on_times": 0,
    "turn_on_ratio": 0.0
  },
  "5": {
    "validity_ratio": 0.7986111111111112,
    "below": 0,
    "above": 32.74894767438894,
    "turn_on_times": 0,
    "turn_on_ratio": 0.0
  },
  "6": {
    "validity_ratio": 0.7993055555555556,
    "below": -6.8833247439091885,
    "above": 7.477449417343741,
    "turn_on_times": 0,
    "turn_on_ratio": 0.0
  },
  "7": {
    "validity_ratio": 0.7993055555555556,
    "below": -0.5648301452962348,
    "above": 15.786951928795178,
    "turn_on_times": 2,
    "turn_on_ratio": 1.0
  },
  "8": {
    "validity_ratio": 0.8013888888888889,
    "below": -0.6199977033799978,
    "above": 0.18170969915824525,
    "turn_on_times": 3,
    "turn_on_ratio": 0.75
  },
  "9": {
    "validity_ratio": 0.7972222222222223,
    "below": 0,
    "above": 6.326849430558347,
    "turn_on_times": 1,
    "turn_on_ratio": 0.25
  },
  "10": {
    "validity_ratio": 0.7965277777777777,
    "below": -29.293111481191307,
    "above": 0,
    "turn_on_times": 1,
    "turn_on_ratio": 1.0
  }
}