{
  "1": {
    "validity_ratio": 0.49166666666666664,
    "below": -0.05018370716783211,
    "above": 3.425258605690677,
    "turn_on_times": 1,
    "turn_on_ratio": 0.2
  },
  "2": {
    "validity_ratio": 0.49027777777777776,
    "below": -0.10371517861841434,
    "above": 0.13012848320694428,
    "turn_on_times": 2,
    "turn_on_ratio": 0.4
  },
  "3": {
    "validity_ratio": 0.49166666666666664,
    "below": 0,
    "above": 1.1772010229767804,
    "turn_on_times": 2,
    "turn_on_ratio": 0.4
  },
  "4": {
    "validity_ratio": 0.4895833333333333,
    "below": 0,
    "above": 7.037314224197828,
    "turn_on_times": 0,
    "turn_on_ratio": 0.0
  },
  "5": {
    "validity_ratio": 0.49236111111111114,
    "below": 0,
    "above": 8.985153655166307,
    "turn_on_times": 0,
    "turn_on_ratio": 0.0
  },
  "6": {
    "validity_ratio": 0.49375,
    "below": -3.110244808958996,
    "above": 7.46402122858517,
    "turn_on_times": 0,
    "turn_on_ratio": 0.0
  },
  "7": {
    "validity_ratio": 0.4930555555555556,
    "below": -0.5647414234357696,
    "above": 2.2000387685896237,
    "turn_on_times": 2,
    "turn_on_ratio": 1.0
  },
  "8": {
    "validity_ratio": 0.4909722222222222,
    "below": 0,
    "above": 0,
    "turn_on_times": 0,
    "turn_on_ratio": 0
  },
  "9": {
    "validity_ratio": 0.49166666666666664,
    "below": 0,
    "above": 0,
    "turn_on_times": 0,
    "turn_on_ratio": 0
  },
  "10": {
    "validity_ratio": 0.4909722222222222,
    "below": 0,
    "above": 0,
    "turn_on_times": 0,
    "turn_on_ratio": 0
  }
}