{
  "1": {
    "validity_ratio": 0.4847222222222222,
    "below": -0.050229590909090946,
    "above": 3.4227909733436874,
    "turn_on_times": 1,
    "turn_on_ratio": 0.2
  },
  "2": {
    "validity_ratio": 0.48333333333333334,
    "below": -0.09529136556666659,
    "above": 0.1300460285944442,
    "turn_on_times": 2,
    "turn_on_ratio": 0.4
  },
  "3": {
    "validity_ratio": 0.4847222222222222,
    "below": 0,
    "above": 1.176667921838264,
    "turn_on_times": 2,
    "turn_on_ratio": 0.4
  },
  "4": {
    "validity_ratio": 0.4826388888888889,
    "below": 0,
    "above": 6.504595866978197,
    "turn_on_times": 0,
    "turn_on_ratio": 0.0
  },
  "5": {
    "validity_ratio": 0.48541666666666666,
    "below": 0,
    "above": 8.33524166068997,
    "turn_on_times": 0,
    "turn_on_ratio": 0.0
  },
  "6": {
    "validity_ratio": 0.4798611111111111,
    "below": -2.5734898591460147,
    "above": 7.464199529815501,
    "turn_on_times": 0,
    "turn_on_ratio": 0.0
  },
  "7": {
    "validity_ratio": 0.4791666666666667,
    "below": -0.5648787545404208,
    "above": 1.563986664872647,
    "turn_on_times": 2,
    "turn_on_ratio": 1.0
  },
  "8": {
    "validity_ratio": 0.4840277777777778,
    "below": 0,
    "above": 0,
    "turn_on_times": 0,
    "turn_on_ratio": 0
  },
  "9": {
    "validity_ratio": 0.4847222222222222,
    "below": 0,
    "above": 0,
    "turn_on_times": 0,
    "turn_on_ratio": 0
  },
  "10": {
    "validity_ratio": 0.4840277777777778,
    "below": 0,
    "above": 0,
    "turn_on_times": 0,
    "turn_on_ratio": 0
  }
}