{
  "1": {
    "validity_ratio": 0.8902777777777777,
    "below": -0.13986204341035774,
    "above": 3.5236331174657587,
    "turn_on_times": 2,
    "turn_on_ratio": 0.3333333333333333
  },
  "2": {
    "validity_ratio": 0.8861111111111111,
    "below": -0.0952907497616666,
    "above": 0.7542839448672449,
    "turn_on_times": 2,
    "turn_on_ratio": 0.3333333333333333
  },
  "3": {
    "validity_ratio": 0.8916666666666667,
    "below": 0,
    "above": 2.5745055631481586,
    "turn_on_times": 2,
    "turn_on_ratio": 0.3333333333333333
  },
  "4": {
    "validity_ratio": 0.8854166666666666,
    "below": 0,
    "above": 27.113536151268363,
    "turn_on_times": 0,
    "turn_on_ratio": 0.0
  },
  "5": {
    "validity_ratio": 0.8888888888888888,
    "below": 0,
    "above": 32.74974975587087,
    "turn_on_times": 0,
    "turn_on_ratio": 0.0
  },
  "6": {
    "validity_ratio": 0.8895833333333333,
    "below": -6.883445304100782,
    "above": 7.476892509554795,
    "turn_on_times": 0,
    "turn_on_ratio": 0.0
  },
  "7": {
    "validity_ratio": 0.8902777777777777,
    "below": -0.5648572729706535,
    "above": 15.787304351914637,
    "turn_on_times": 2,
    "turn_on_ratio": 1.0
  },
  "8": {
    "validity_ratio": 0.8916666666666667,
    "below": -0.6200474494875324,
    "above": 0.18168397403032555,
    "turn_on_times": 3,
    "turn_on_ratio": 0.75
  },
  "9": {
    "validity_ratio": 0.8875,
    "below": 0,
    "above": 6.326462255163395,
    "turn_on_times": 1,
    "turn_on_ratio": 0.25
  },
  "10": {
    "validity_ratio": 0.8868055555555555,
    "below": -35.57566339662936,
    "above": 0,
    "turn_on_times": 1,
    "turn_on_ratio": 1.0
  }
}