{
  "1": {
    "validity_ratio": 0.5472222222222223,
    "below": -0.05020248636363621,
    "above": 3.424248658599492,
    "turn_on_times": 1,
    "turn_on_ratio": 0.2
  },
  "2": {
    "validity_ratio": 0.5458333333333333,
    "below": -0.09528903999666656,
    "above": 0.1300947363661112,
    "turn_on_times": 2,
    "turn_on_ratio": 0.4
  },
  "3": {
    "validity_ratio": 0.5465277777777777,
    "below": 0,
    "above": 1.176982836525785,
    "turn_on_times": 2,
    "turn_on_ratio": 0.4
  },
  "4": {
    "validity_ratio": 0.5451388888888888,
    "below": 0,
    "above": 11.669888203171467,
    "turn_on_times": 0,
    "turn_on_ratio": 0.0
  },
  "5": {
    "validity_ratio": 0.5479166666666667,
    "below": 0,
    "above": 14.585062644777858,
    "turn_on_times": 0,
    "turn_on_ratio": 0.0
  },
  "6": {
    "validity_ratio": 0.5493055555555556,
    "below": -4.375356630696191,
    "above": 7.464094249577413,
    "turn_on_times": 0,
    "turn_on_ratio": 0.0
  },
  "7": {
    "validity_ratio": 0.5486111111111112,
    "below": -0.5647976300055371,
    "above": 5.267823579370683,
    "turn_on_times": 2,
    "turn_on_ratio": 1.0
  },
  "8": {
    "validity_ratio": 0.5486111111111112,
    "below": -0.0847419240960903,
    "above": 0,
    "turn_on_times": 1,
    "turn_on_ratio": 1.0
  },
  "9": {
    "validity_ratio": 0.5472222222222223,
    "below": 0,
    "above": 0.39750594633352065,
    "turn_on_times": 0,
    "turn_on_ratio": 0.0
  },
  "10": {
    "validity_ratio": 0.5465277777777777,
    "below": 0,
    "above": 0,
    "turn_on_times": 0,
    "turn_on_ratio": 0
  }
}