{
  "1": {
    "validity_ratio": 0.5055555555555555,
    "below": -0.05022817418414907,
    "above": 3.422867164957471,
    "turn_on_times": 1,
    "turn_on_ratio": 0.2
  },
  "2": {
    "validity_ratio": 0.5041666666666667,
    "below": -0.0952912440116666,
    "above": 0.13004857449638885,
    "turn_on_times": 2,
    "turn_on_ratio": 0.4
  },
  "3": {
    "validity_ratio": 0.5055555555555555,
    "below": 0,
    "above": 1.1766843820845008,
    "turn_on_times": 2,
    "turn_on_ratio": 0.4
  },
  "4": {
    "validity_ratio": 0.5034722222222222,
    "below": 0,
    "above": 8.137482732719166,
    "turn_on_times": 0,
    "turn_on_ratio": 0.0
  },
  "5": {
    "validity_ratio": 0.50625,
    "below": 0,
    "above": 10.31879015352908,
    "turn_on_times": 0,
    "turn_on_ratio": 0.0
  },
  "6": {
    "validity_ratio": 0.5076388888888889,
    "below": -3.5267640157374207,
    "above": 7.4641940302401455,
    "turn_on_times": 0,
    "turn_on_ratio": 0.0
  },
  "7": {
    "validity_ratio": 0.5069444444444444,
    "below": -0.5648745142497228,
    "above": 2.8996641828338903,
    "turn_on_times": 2,
    "turn_on_ratio": 1.0
  },
  "8": {
    "validity_ratio": 0.5048611111111111,
    "below": 0,
    "above": 0,
    "turn_on_times": 0,
    "turn_on_ratio": 0
  },
  "9": {
    "validity_ratio": 0.5055555555555555,
    "below": 0,
    "above": 0,
    "turn_on_times": 0,
    "turn_on_ratio": 0
  },
  "10": {
    "validity_ratio": 0.5048611111111111,
    "below": 0,
    "above": 0,
    "turn_on_times": 0,
    "turn_on_ratio": 0
  }
}