{
  "1": {
    "validity_ratio": 0.9263888888888889,
    "below": -3.7682669218346745,
    "above": 0.501835762849404,
    "turn_on_times": 9,
    "turn_on_ratio": 0.75
  },
  "2": {
    "validity_ratio": 0.9236111111111112,
    "below": 0,
    "above": 25.851526987388088,
    "turn_on_times": 0,
    "turn_on_ratio": 0.0
  },
  "3": {
    "validity_ratio": 0.9277777777777778,
    "below": -1.6497855337065501,
    "above": 45.36517622665982,
    "turn_on_times": 0,
    "turn_on_ratio": 0.0
  },
  "4": {
    "validity_ratio": 0.9256944444444445,
    "below": -2.2295654529860554,
    "above": 1.0371433039648992,
    "turn_on_times": 4,
    "turn_on_ratio": 1.0
  },
  "5": {
    "validity_ratio": 0.9277777777777778,
    "below": -3.4292669495269084,
    "above": 63.03964926581623,
    "turn_on_times": 0,
    "turn_on_ratio": 0.0
  },
  "6": {
    "validity_ratio": 0.9284722222222223,
    "below": -0.4717734408787125,
    "above": 21.04882594436317,
    "turn_on_times": 2,
    "turn_on_ratio": 0.16666666666666666
  },
  "7": {
    "validity_ratio": 0.9284722222222223,
    "below": -2.4397413665199648,
    "above": 29.30385371012858,
    "turn_on_times": 1,
    "turn_on_ratio": 0.08333333333333333
  },
  "8": {
    "validity_ratio": 0.9277777777777778,
    "below": -0.46769928572613567,
    "above": 0,
    "turn_on_times": 3,
    "turn_on_ratio": 0.6
  },
  "9": {
    "validity_ratio": 0.9284722222222223,
    "below": 0,
    "above": 0.12160930207999994,
    "turn_on_times": 2,
    "turn_on_ratio": 0.4
  },
  "10": {
    "validity_ratio": 0.9229166666666667,
    "below": 0,
    "above": 0,
    "turn_on_times": 0,
    "turn_on_ratio": 0
  },
  "12": {
    "validity_ratio": 0.925,
    "below": 0,
    "above": 72.2231328356784,
    "turn_on_times": 0,
    "turn_on_ratio": 0.0
  },
  "13": {
    "validity_ratio": 0.0,
    "below": 0,
    "above": 0,
    "turn_on_times": 0,
    "turn_on_ratio": 0.0
  }
}