{
  "1": {
    "validity_ratio": 0.47638888888888886,
    "below": -3.4713411329994828,
    "above": 0.1551347663953823,
    "turn_on_times": 4,
    "turn_on_ratio": 0.8
  },
  "2": {
    "validity_ratio": 0.47847222222222224,
    "below": 0,
    "above": 15.19978321413524,
    "turn_on_times": 0,
    "turn_on_ratio": 0.0
  },
  "3": {
    "validity_ratio": 0.4777777777777778,
    "below": 0,
    "above": 18.302354011080496,
    "turn_on_times": 0,
    "turn_on_ratio": 0.0
  },
  "4": {
    "validity_ratio": 0.47847222222222224,
    "below": 0,
    "above": 0,
    "turn_on_times": 3,
    "turn_on_ratio": 1.0
  },
  "5": {
    "validity_ratio": 0.475,
    "below": 0,
    "above": 27.198081166943087,
    "turn_on_times": 0,
    "turn_on_ratio": 0.0
  },
  "6": {
    "validity_ratio": 0.4777777777777778,
    "below": -0.4717259979059591,
    "above": 17.87669285810565,
    "turn_on_times": 0,
    "turn_on_ratio": 0.0
  },
  "7": {
    "validity_ratio": 0.4777777777777778,
    "below": -0.520857898787375,
    "above": 17.59754395591103,
    "turn_on_times": 1,
    "turn_on_ratio": 0.2
  },
  "8": {
    "validity_ratio": 0.48055555555555557,
    "below": 0,
    "above": 0,
    "turn_on_times": 0,
    "turn_on_ratio": 0
  },
  "9": {
    "validity_ratio": 0.47708333333333336,
    "below": 0,
    "above": 0,
    "turn_on_times": 0,
    "turn_on_ratio": 0
  },
  "10": {
    "validity_ratio": 0.47847222222222224,
    "below": 0,
    "above": 0,
    "turn_on_times": 0,
    "turn_on_ratio": 0
  },
  "12": {
    "validity_ratio": 0.4798611111111111,
    "below": 0,
    "above": 26.414276289829804,
    "turn_on_times": 0,
    "turn_on_ratio": 0.0
  },
  "13": {
    "validity_ratio": 0.0,
    "below": 0,
    "above": 0,
    "turn_on_times": 0,
    "turn_on_ratio": 0.0
  }
}