{
  "1": {
    "validity_ratio": 0.8430555555555556,
    "below": -3.7678904438290597,
    "above": 0.5016351728724769,
    "turn_on_times": 7,
    "turn_on_ratio": 0.7
  },
  "2": {
    "validity_ratio": 0.8402777777777778,
    "below": 0,
    "above": 24.68133863223631,
    "turn_on_times": 0,
    "turn_on_ratio": 0.0
  },
  "3": {
    "validity_ratio": 0.8444444444444444,
    "below": -1.6497065651050982,
    "above": 45.3651019014079,
    "turn_on_times": 0,
    "turn_on_ratio": 0.0
  },
  "4": {
    "validity_ratio": 0.8423611111111111,
    "below": -2.229674665803142,
    "above": 1.0365495452159263,
    "turn_on_times": 4,
    "turn_on_ratio": 1.0
  },
  "5": {
    "validity_ratio": 0.84375,
    "below": -3.4283451107349987,
    "above": 63.03949944166127,
    "turn_on_times": 0,
    "turn_on_ratio": 0.0
  },
  "6": {
    "validity_ratio": 0.8451388888888889,
    "below": -0.47182738719404566,
    "above": 20.311303919474025,
    "turn_on_times": 2,
    "turn_on_ratio": 0.2
  },
  "7": {
    "validity_ratio": 0.8451388888888889,
    "below": -2.439858299793017,
    "above": 27.173355783593554,
    "turn_on_times": 1,
    "turn_on_ratio": 0.1
  },
  "8": {
    "validity_ratio": 0.8444444444444444,
    "below": -0.46772551732111795,
    "above": 0,
    "turn_on_times": 3,
    "turn_on_ratio": 0.6
  },
  "9": {
    "validity_ratio": 0.8451388888888889,
    "below": 0,
    "above": 0.12158785268500039,
    "turn_on_times": 2,
    "turn_on_ratio": 0.4
  },
  "10": {
    "validity_ratio": 0.8395833333333333,
    "below": 0,
    "above": 0,
    "turn_on_times": 0,
    "turn_on_ratio": 0
  },
  "12": {
    "validity_ratio": 0.8416666666666667,
    "below": 0,
    "above": 72.22314590045508,
    "turn_on_times": 0,
    "turn_on_ratio": 0.0
  },
  "13": {
    "validity_ratio": 0.0,
    "below": 0,
    "above": 0,
    "turn_on_times": 0,
    "turn_on_ratio": 0.0
  }
}