{
  "1": {
    "validity_ratio": 0.5944444444444444,
    "below": -3.7680568165505,
    "above": 0.5017241045250243,
    "turn_on_times": 4,
    "turn_on_ratio": 0.6666666666666666
  },
  "2": {
    "validity_ratio": 0.5972222222222222,
    "below": 0,
    "above": 17.83567863433305,
    "turn_on_times": 0,
    "turn_on_ratio": 0.0
  },
  "3": {
    "validity_ratio": 0.5951388888888889,
    "below": 0,
    "above": 30.196579364457325,
    "turn_on_times": 0,
    "turn_on_ratio": 0.0
  },
  "4": {
    "validity_ratio": 0.5965277777777778,
    "below": 0,
    "above": 0,
    "turn_on_times": 3,
    "turn_on_ratio": 1.0
  },
  "5": {
    "validity_ratio": 0.5930555555555556,
    "below": 0,
    "above": 44.197116067746066,
    "turn_on_times": 0,
    "turn_on_ratio": 0.0
  },
  "6": {
    "validity_ratio": 0.5958333333333333,
    "below": -0.47180347101130854,
    "above": 17.878376880389805,
    "turn_on_times": 1,
    "turn_on_ratio": 0.16666666666666666
  },
  "7": {
    "validity_ratio": 0.5958333333333333,
    "below": -0.5208858092026575,
    "above": 21.28984529711392,
    "turn_on_times": 1,
    "turn_on_ratio": 0.16666666666666666
  },
  "8": {
    "validity_ratio": 0.5979166666666667,
    "below": -0.16587419090029515,
    "above": 0,
    "turn_on_times": 1,
    "turn_on_ratio": 1.0
  },
  "9": {
    "validity_ratio": 0.5951388888888889,
    "below": 0,
    "above": 0,
    "turn_on_times": 0,
    "turn_on_ratio": 0.0
  },
  "10": {
    "validity_ratio": 0.5965277777777778,
    "below": 0,
    "above": 0,
    "turn_on_times": 0,
    "turn_on_ratio": 0
  },
  "12": {
    "validity_ratio": 0.5986111111111111,
    "below": 0,
    "above": 42.740683854600334,
    "turn_on_times": 0,
    "turn_on_ratio": 0.0
  },
  "13": {
    "validity_ratio": 0.0,
    "below": 0,
    "above": 0,
    "turn_on_times": 0,
    "turn_on_ratio": 0.0
  }
}