{
  "1": {
    "validity_ratio": 0.9194444444444444,
    "below": -3.768538535489472,
    "above": 0.5019790551497427,
    "turn_on_times": 9,
    "turn_on_ratio": 0.75
  },
  "2": {
    "validity_ratio": 0.9166666666666666,
    "below": 0,
    "above": 25.526222195830172,
    "turn_on_times": 0,
    "turn_on_ratio": 0.0
  },
  "3": {
    "validity_ratio": 0.9208333333333333,
    "below": -1.6498419520865908,
    "above": 45.36522929271521,
    "turn_on_times": 0,
    "turn_on_ratio": 0.0
  },
  "4": {
    "validity_ratio": 0.91875,
    "below": -2.229487426908527,
    "above": 1.0375615711018928,
    "turn_on_times": 4,
    "turn_on_ratio": 1.0
  },
  "5": {
    "validity_ratio": 0.9208333333333333,
    "below": -3.4299255486452784,
    "above": 63.03975630628496,
    "turn_on_times": 0,
    "turn_on_ratio": 0.0
  },
  "6": {
    "validity_ratio": 0.9222222222222223,
    "below": -0.47173489943738145,
    "above": 20.949879439944038,
    "turn_on_times": 2,
    "turn_on_ratio": 0.16666666666666666
  },
  "7": {
    "validity_ratio": 0.9222222222222223,
    "below": -2.4396578246347573,
    "above": 28.86767072672001,
    "turn_on_times": 1,
    "turn_on_ratio": 0.08333333333333333
  },
  "8": {
    "validity_ratio": 0.9208333333333333,
    "below": -0.46768054480800647,
    "above": 0,
    "turn_on_times": 3,
    "turn_on_ratio": 0.6
  },
  "9": {
    "validity_ratio": 0.9215277777777777,
    "below": 0,
    "above": 0.12162462640000016,
    "turn_on_times": 2,
    "turn_on_ratio": 0.4
  },
  "10": {
    "validity_ratio": 0.9159722222222222,
    "below": 0,
    "above": 0,
    "turn_on_times": 0,
    "turn_on_ratio": 0
  },
  "12": {
    "validity_ratio": 0.9180555555555555,
    "below": 0,
    "above": 72.22312349746812,
    "turn_on_times": 0,
    "turn_on_ratio": 0.0
  },
  "13": {
    "validity_ratio": 0.0,
    "below": 0,
    "above": 0,
    "turn_on_times": 0,
    "turn_on_ratio": 0.0
  }
}