{
  "1": {
    "validity_ratio": 0.4340277777777778,
    "below": 0,
    "above": 2.46920729732914,
    "turn_on_times": 0,
    "turn_on_ratio": 0.0
  },
  "2": {
    "validity_ratio": 0.43680555555555556,
    "below": 0,
    "above": 11.02857741922018,
    "turn_on_times": 0,
    "turn_on_ratio": 0.0
  },
  "3": {
    "validity_ratio": 0.4375,
    "below": -3.8321915604537247,
    "above": 0,
    "turn_on_times": 1,
    "turn_on_ratio": 1.0
  },
  "4": {
    "validity_ratio": 0.44027777777777777,
    "below": -1.4244907041666646,
    "above": 0.5973841681510194,
    "turn_on_times": 0,
    "turn_on_ratio": 0.0
  },
  "5": {
    "validity_ratio": 0.43680555555555556,
    "below": 0,
    "above": 2.399156902839281,
    "turn_on_times": 0,
    "turn_on_ratio": 0.0
  },
  "6": {
    "validity_ratio": 0.4395833333333333,
    "below": 0,
    "above": 4.338099335574554,
    "turn_on_times": 0,
    "turn_on_ratio": 0.0
  },
  "7": {
    "validity_ratio": 0.4395833333333333,
    "below": -0.9347400680991864,
    "above": 0,
    "turn_on_times": 1,
    "turn_on_ratio": 1.0
  },
  "8": {
    "validity_ratio": 0.4354166666666667,
    "below": -2.591931353381538,
    "above": 0,
    "turn_on_times": 1,
    "turn_on_ratio": 1.0
  },
  "9": {
    "validity_ratio": 0.4340277777777778,
    "below": 0,
    "above": 6.100835882906283,
    "turn_on_times": 0,
    "turn_on_ratio": 0.0
  },
  "10": {
    "validity_ratio": 0.44027777777777777,
    "below": 0,
    "above": 0,
    "turn_on_times": 0,
    "turn_on_ratio": 0
  }
}