{
  "1": {
    "validity_ratio": 0.9666666666666667,
    "below": 0,
    "above": 16.156680890098812,
    "turn_on_times": 0,
    "turn_on_ratio": 0.0
  },
  "2": {
    "validity_ratio": 0.9652777777777778,
    "below": 0,
    "above": 59.91082761405327,
    "turn_on_times": 0,
    "turn_on_ratio": 0.0
  },
  "3": {
    "validity_ratio": 0.9638888888888889,
    "below": -5.2950211491860975,
    "above": 0.02245521632575818,
    "turn_on_times": 1,
    "turn_on_ratio": 1.0
  },
  "4": {
    "validity_ratio": 0.9680555555555556,
    "below": -2.823069996402768,
    "above": 1.217635735371538,
    "turn_on_times": 1,
    "turn_on_ratio": 0.25
  },
  "5": {
    "validity_ratio": 0.9659722222222222,
    "below": 0,
    "above": 4.3511056978855045,
    "turn_on_times": 1,
    "turn_on_ratio": 0.25
  },
  "6": {
    "validity_ratio": 0.9638888888888889,
    "below": 0,
    "above": 5.9284900308708535,
    "turn_on_times": 1,
    "turn_on_ratio": 0.25
  },
  "7": {
    "validity_ratio": 0.9625,
    "below": -0.9348409471502721,
    "above": 5.494262207217518,
    "turn_on_times": 1,
    "turn_on_ratio": 0.25
  },
  "8": {
    "validity_ratio": 0.9631944444444445,
    "below": -14.482947730910823,
    "above": 0.042362172816666654,
    "turn_on_times": 1,
    "turn_on_ratio": 1.0
  },
  "9": {
    "validity_ratio": 0.9618055555555556,
    "below": 0,
    "above": 45.17049620059951,
    "turn_on_times": 0,
    "turn_on_ratio": 0.0
  },
  "10": {
    "validity_ratio": 0.9659722222222222,
    "below": 0,
    "above": 0,
    "turn_on_times": 0,
    "turn_on_ratio": 0
  }
}