{
  "1": {
    "validity_ratio": 0.9875,
    "below": 0,
    "above": 16.155316121872442,
    "turn_on_times": 0,
    "turn_on_ratio": 0.0
  },
  "2": {
    "validity_ratio": 0.9861111111111112,
    "below": 0,
    "above": 59.917408760492826,
    "turn_on_times": 0,
    "turn_on_ratio": 0.0
  },
  "3": {
    "validity_ratio": 0.9847222222222223,
    "below": -5.303874068772084,
    "above": 0.022188251095810116,
    "turn_on_times": 1,
    "turn_on_ratio": 1.0
  },
  "4": {
    "validity_ratio": 0.9888888888888889,
    "below": -2.823601298152778,
    "above": 1.2187133306435165,
    "turn_on_times": 1,
    "turn_on_ratio": 0.25
  },
  "5": {
    "validity_ratio": 0.9868055555555556,
    "below": 0,
    "above": 4.351503404969558,
    "turn_on_times": 1,
    "turn_on_ratio": 0.25
  },
  "6": {
    "validity_ratio": 0.9847222222222223,
    "below": 0,
    "above": 5.928712922601359,
    "turn_on_times": 1,
    "turn_on_ratio": 0.25
  },
  "7": {
    "validity_ratio": 0.9833333333333333,
    "below": -0.9346495099748653,
    "above": 5.495091938864901,
    "turn_on_times": 1,
    "turn_on_ratio": 0.25
  },
  "8": {
    "validity_ratio": 0.9840277777777777,
    "below": -14.48523615532353,
    "above": 0.04236554616111115,
    "turn_on_times": 1,
    "turn_on_ratio": 1.0
  },
  "9": {
    "validity_ratio": 0.9826388888888888,
    "below": 0,
    "above": 45.16942622678469,
    "turn_on_times": 0,
    "turn_on_ratio": 0.0
  },
  "10": {
    "validity_ratio": 0.9868055555555556,
    "below": 0,
    "above": 0,
    "turn_on_times": 0,
    "turn_on_ratio": 0
  }
}