{
  "1": {
    "validity_ratio": 0.6902777777777778,
    "below": 0,
    "above": 5.925128031672759,
    "turn_on_times": 0,
    "turn_on_ratio": 0.0
  },
  "2": {
    "validity_ratio": 0.6868055555555556,
    "below": 0,
    "above": 33.503683689401726,
    "turn_on_times": 0,
    "turn_on_ratio": 0.0
  },
  "3": {
    "validity_ratio": 0.6868055555555556,
    "below": -5.294972061960853,
    "above": 0,
    "turn_on_times": 1,
    "turn_on_ratio": 1.0
  },
  "4": {
    "validity_ratio": 0.6902777777777778,
    "below": -2.490038949222212,
    "above": 1.203470336779747,
    "turn_on_times": 0,
    "turn_on_ratio": 0.0
  },
  "5": {
    "validity_ratio": 0.6875,
    "below": 0,
    "above": 3.5774794948350177,
    "turn_on_times": 0,
    "turn_on_ratio": 0.0
  },
  "6": {
    "validity_ratio": 0.6881944444444444,
    "below": 0,
    "above": 4.383338338292271,
    "turn_on_times": 0,
    "turn_on_ratio": 0.0
  },
  "7": {
    "validity_ratio": 0.6909722222222222,
    "below": -0.934873885775146,
    "above": 3.591045666571436,
    "turn_on_times": 1,
    "turn_on_ratio": 1.0
  },
  "8": {
    "validity_ratio": 0.6854166666666667,
    "below": -14.040456516780445,
    "above": 0,
    "turn_on_times": 1,
    "turn_on_ratio": 1.0
  },
  "9": {
    "validity_ratio": 0.6840277777777778,
    "below": 0,
    "above": 32.00260154671594,
    "turn_on_times": 0,
    "turn_on_ratio": 0.0
  },
  "10": {
    "validity_ratio": 0.6840277777777778,
    "below": 0,
    "above": 0,
    "turn_on_times": 0,
    "turn_on_ratio": 0
  }
}