{
  "1": {
    "validity_ratio": 0.7381944444444445,
    "below": 0,
    "above": 6.959559631283012,
    "turn_on_times": 0,
    "turn_on_ratio": 0.0
  },
  "2": {
    "validity_ratio": 0.7354166666666667,
    "below": 0,
    "above": 38.243387050092686,
    "turn_on_times": 0,
    "turn_on_ratio": 0.0
  },
  "3": {
    "validity_ratio": 0.7354166666666667,
    "below": -5.303692845627372,
    "above": 0,
    "turn_on_times": 1,
    "turn_on_ratio": 1.0
  },
  "4": {
    "validity_ratio": 0.7388888888888889,
    "below": -2.8235152690277765,
    "above": 1.2030947898197937,
    "turn_on_times": 1,
    "turn_on_ratio": 0.25
  },
  "5": {
    "validity_ratio": 0.7361111111111112,
    "below": 0,
    "above": 3.5769073550706705,
    "turn_on_times": 1,
    "turn_on_ratio": 0.25
  },
  "6": {
    "validity_ratio": 0.7368055555555556,
    "below": 0,
    "above": 4.383040431739848,
    "turn_on_times": 1,
    "turn_on_ratio": 0.25
  },
  "7": {
    "validity_ratio": 0.7326388888888888,
    "below": -0.9346805077509742,
    "above": 4.2768966416025815,
    "turn_on_times": 1,
    "turn_on_ratio": 0.25
  },
  "8": {
    "validity_ratio": 0.7340277777777777,
    "below": -14.484859100946446,
    "above": 0,
    "turn_on_times": 1,
    "turn_on_ratio": 1.0
  },
  "9": {
    "validity_ratio": 0.7326388888888888,
    "below": 0,
    "above": 34.98504421722714,
    "turn_on_times": 0,
    "turn_on_ratio": 0.0
  },
  "10": {
    "validity_ratio": 0.7326388888888888,
    "below": 0,
    "above": 0,
    "turn_on_times": 0,
    "turn_on_ratio": 0
  }
}