{
  "1": {
    "validity_ratio": 0.5652777777777778,
    "below": 0,
    "above": 3.375198645402546,
    "turn_on_times": 0,
    "turn_on_ratio": 0.0
  },
  "2": {
    "validity_ratio": 0.5618055555555556,
    "below": 0,
    "above": 21.431398360536186,
    "turn_on_times": 0,
    "turn_on_ratio": 0.0
  },
  "3": {
    "validity_ratio": 0.5625,
    "below": -5.30357710111617,
    "above": 0,
    "turn_on_times": 1,
    "turn_on_ratio": 1.0
  },
  "4": {
    "validity_ratio": 0.5652777777777778,
    "below": -2.4905510144027745,
    "above": 0.5972884479670127,
    "turn_on_times": 0,
    "turn_on_ratio": 0.0
  },
  "5": {
    "validity_ratio": 0.5625,
    "below": 0,
    "above": 2.545631057878538,
    "turn_on_times": 0,
    "turn_on_ratio": 0.0
  },
  "6": {
    "validity_ratio": 0.5645833333333333,
    "below": 0,
    "above": 4.3380332621947035,
    "turn_on_times": 0,
    "turn_on_ratio": 0.0
  },
  "7": {
    "validity_ratio": 0.5652777777777778,
    "below": -0.9347003951452636,
    "above": 1.7527797817180841,
    "turn_on_times": 1,
    "turn_on_ratio": 1.0
  },
  "8": {
    "validity_ratio": 0.5604166666666667,
    "below": -9.178226837646713,
    "above": 0,
    "turn_on_times": 1,
    "turn_on_ratio": 1.0
  },
  "9": {
    "validity_ratio": 0.5590277777777778,
    "below": 0,
    "above": 20.0147445267704,
    "turn_on_times": 0,
    "turn_on_ratio": 0.0
  },
  "10": {
    "validity_ratio": 0.5590277777777778,
    "below": 0,
    "above": 0,
    "turn_on_times": 0,
    "turn_on_ratio": 0
  }
}