{
  "1": {
    "validity_ratio": 0.4756944444444444,
    "below": 0,
    "above": 2.468699567575087,
    "turn_on_times": 0,
    "turn_on_ratio": 0.0
  },
  "2": {
    "validity_ratio": 0.47847222222222224,
    "below": 0,
    "above": 14.350520037921592,
    "turn_on_times": 0,
    "turn_on_ratio": 0.0
  },
  "3": {
    "validity_ratio": 0.4791666666666667,
    "below": -4.64127770104948,
    "above": 0,
    "turn_on_times": 1,
    "turn_on_ratio": 1.0
  },
  "4": {
    "validity_ratio": 0.48194444444444445,
    "below": -2.274594856055551,
    "above": 0.5970078952603007,
    "turn_on_times": 0,
    "turn_on_ratio": 0.0
  },
  "5": {
    "validity_ratio": 0.47847222222222224,
    "below": 0,
    "above": 2.398642495921863,
    "turn_on_times": 0,
    "turn_on_ratio": 0.0
  },
  "6": {
    "validity_ratio": 0.48125,
    "below": 0,
    "above": 4.337842846177435,
    "turn_on_times": 0,
    "turn_on_ratio": 0.0
  },
  "7": {
    "validity_ratio": 0.48194444444444445,
    "below": -0.9345911183606335,
    "above": 0.10138336190476185,
    "turn_on_times": 1,
    "turn_on_ratio": 1.0
  },
  "8": {
    "validity_ratio": 0.47708333333333336,
    "below": -4.803031196355852,
    "above": 0,
    "turn_on_times": 1,
    "turn_on_ratio": 1.0
  },
  "9": {
    "validity_ratio": 0.4756944444444444,
    "below": 0,
    "above": 10.658643096159324,
    "turn_on_times": 0,
    "turn_on_ratio": 0.0
  },
  "10": {
    "validity_ratio": 0.48194444444444445,
    "below": 0,
    "above": 0,
    "turn_on_times": 0,
    "turn_on_ratio": 0
  }
}