{
  "1": {
    "validity_ratio": 0.8215277777777777,
    "below": 0,
    "above": 8.810331360977193,
    "turn_on_times": 0,
    "turn_on_ratio": 0.0
  },
  "2": {
    "validity_ratio": 0.8194444444444444,
    "below": 0,
    "above": 46.22047166490762,
    "turn_on_times": 0,
    "turn_on_ratio": 0.0
  },
  "3": {
    "validity_ratio": 0.81875,
    "below": -5.295016696449713,
    "above": 0,
    "turn_on_times": 1,
    "turn_on_ratio": 1.0
  },
  "4": {
    "validity_ratio": 0.8222222222222222,
    "below": -2.8230617040277686,
    "above": 1.2176166283742502,
    "turn_on_times": 1,
    "turn_on_ratio": 0.25
  },
  "5": {
    "validity_ratio": 0.8194444444444444,
    "below": 0,
    "above": 4.351097204150026,
    "turn_on_times": 1,
    "turn_on_ratio": 0.25
  },
  "6": {
    "validity_ratio": 0.8201388888888889,
    "below": 0,
    "above": 5.928485240584546,
    "turn_on_times": 1,
    "turn_on_ratio": 0.25
  },
  "7": {
    "validity_ratio": 0.8159722222222222,
    "below": -0.9348439350358708,
    "above": 5.494247908892864,
    "turn_on_times": 1,
    "turn_on_ratio": 0.25
  },
  "8": {
    "validity_ratio": 0.8173611111111111,
    "below": -14.482912774333034,
    "above": 0,
    "turn_on_times": 1,
    "turn_on_ratio": 1.0
  },
  "9": {
    "validity_ratio": 0.8159722222222222,
    "below": 0,
    "above": 40.42613903154527,
    "turn_on_times": 0,
    "turn_on_ratio": 0.0
  },
  "10": {
    "validity_ratio": 0.8159722222222222,
    "below": 0,
    "above": 0,
    "turn_on_times": 0,
    "turn_on_ratio": 0
  }
}