{
  "1": {
    "validity_ratio": 0.46875,
    "below": 0,
    "above": 2.469648111256832,
    "turn_on_times": 0,
    "turn_on_ratio": 0.0
  },
  "2": {
    "validity_ratio": 0.47152777777777777,
    "below": 0,
    "above": 13.779018063898869,
    "turn_on_times": 0,
    "turn_on_ratio": 0.0
  },
  "3": {
    "validity_ratio": 0.4722222222222222,
    "below": -4.498620999264047,
    "above": 0,
    "turn_on_times": 1,
    "turn_on_ratio": 1.0
  },
  "4": {
    "validity_ratio": 0.475,
    "below": -2.157039600722215,
    "above": 0.5976857170070683,
    "turn_on_times": 0,
    "turn_on_ratio": 0.0
  },
  "5": {
    "validity_ratio": 0.47152777777777777,
    "below": 0,
    "above": 2.399583905329049,
    "turn_on_times": 0,
    "turn_on_ratio": 0.0
  },
  "6": {
    "validity_ratio": 0.47430555555555554,
    "below": 0,
    "above": 4.338312194873401,
    "turn_on_times": 0,
    "turn_on_ratio": 0.0
  },
  "7": {
    "validity_ratio": 0.475,
    "below": -0.9348752162465209,
    "above": 0,
    "turn_on_times": 1,
    "turn_on_ratio": 1.0
  },
  "8": {
    "validity_ratio": 0.4701388888888889,
    "below": -4.426010521661257,
    "above": 0,
    "turn_on_times": 1,
    "turn_on_ratio": 1.0
  },
  "9": {
    "validity_ratio": 0.46875,
    "below": 0,
    "above": 9.895814627394286,
    "turn_on_times": 0,
    "turn_on_ratio": 0.0
  },
  "10": {
    "validity_ratio": 0.475,
    "below": 0,
    "above": 0,
    "turn_on_times": 0,
    "turn_on_ratio": 0
  }
}