{
  "1": {
    "validity_ratio": 0.8902777777777777,
    "below": 0,
    "above": 11.173381972294624,
    "turn_on_times": 0,
    "turn_on_ratio": 0.0
  },
  "2": {
    "validity_ratio": 0.8888888888888888,
    "below": 0,
    "above": 52.982636874360026,
    "turn_on_times": 0,
    "turn_on_ratio": 0.0
  },
  "3": {
    "validity_ratio": 0.8875,
    "below": -5.3040484282202405,
    "above": 0,
    "turn_on_times": 1,
    "turn_on_ratio": 1.0
  },
  "4": {
    "validity_ratio": 0.8916666666666667,
    "below": -2.823683626902775,
    "above": 1.2188544756604678,
    "turn_on_times": 1,
    "turn_on_ratio": 0.25
  },
  "5": {
    "validity_ratio": 0.8895833333333333,
    "below": 0,
    "above": 4.351539217108589,
    "turn_on_times": 1,
    "turn_on_ratio": 0.25
  },
  "6": {
    "validity_ratio": 0.8875,
    "below": 0,
    "above": 5.928732654052363,
    "turn_on_times": 1,
    "turn_on_ratio": 0.25
  },
  "7": {
    "validity_ratio": 0.8854166666666666,
    "below": -0.9346198455076314,
    "above": 5.4952052899652815,
    "turn_on_times": 1,
    "turn_on_ratio": 0.25
  },
  "8": {
    "validity_ratio": 0.8868055555555555,
    "below": -14.485599346817036,
    "above": 0.04236606888333334,
    "turn_on_times": 1,
    "turn_on_ratio": 1.0
  },
  "9": {
    "validity_ratio": 0.8854166666666666,
    "below": 0,
    "above": 45.16926043636975,
    "turn_on_times": 0,
    "turn_on_ratio": 0.0
  },
  "10": {
    "validity_ratio": 0.8909722222222223,
    "below": 0,
    "above": 0,
    "turn_on_times": 0,
    "turn_on_ratio": 0
  }
}