{
  "1": {
    "validity_ratio": 0.5722222222222222,
    "below": 0,
    "above": 3.4920377978146533,
    "turn_on_times": 0,
    "turn_on_ratio": 0.0
  },
  "2": {
    "validity_ratio": 0.56875,
    "below": 0,
    "above": 22.065059676772652,
    "turn_on_times": 0,
    "turn_on_ratio": 0.0
  },
  "3": {
    "validity_ratio": 0.5694444444444444,
    "below": -5.295149454900094,
    "above": 0,
    "turn_on_times": 1,
    "turn_on_ratio": 1.0
  },
  "4": {
    "validity_ratio": 0.5722222222222222,
    "below": -2.4903902851249975,
    "above": 0.5974189999704878,
    "turn_on_times": 0,
    "turn_on_ratio": 0.0
  },
  "5": {
    "validity_ratio": 0.5694444444444444,
    "below": 0,
    "above": 2.6458073426999618,
    "turn_on_times": 0,
    "turn_on_ratio": 0.0
  },
  "6": {
    "validity_ratio": 0.5715277777777777,
    "below": 0,
    "above": 4.338123539544555,
    "turn_on_times": 0,
    "turn_on_ratio": 0.0
  },
  "7": {
    "validity_ratio": 0.5722222222222222,
    "below": -0.9347548511495011,
    "above": 2.0027319622274953,
    "turn_on_times": 1,
    "turn_on_ratio": 1.0
  },
  "8": {
    "validity_ratio": 0.5673611111111111,
    "below": -9.529689797760746,
    "above": 0,
    "turn_on_times": 1,
    "turn_on_ratio": 1.0
  },
  "9": {
    "validity_ratio": 0.5659722222222222,
    "below": 0,
    "above": 20.818194341060305,
    "turn_on_times": 0,
    "turn_on_ratio": 0.0
  },
  "10": {
    "validity_ratio": 0.5659722222222222,
    "below": 0,
    "above": 0,
    "turn_on_times": 0,
    "turn_on_ratio": 0
  }
}