{
  "1": {
    "validity_ratio": 0.3993055555555556,
    "below": 0,
    "above": 2.4686879685074956,
    "turn_on_times": 0,
    "turn_on_ratio": 0.0
  },
  "2": {
    "validity_ratio": 0.40208333333333335,
    "below": 0,
    "above": 8.378768124243903,
    "turn_on_times": 0,
    "turn_on_ratio": 0.0
  },
  "3": {
    "validity_ratio": 0.39652777777777776,
    "below": -3.00634815622777,
    "above": 0,
    "turn_on_times": 1,
    "turn_on_ratio": 1.0
  },
  "4": {
    "validity_ratio": 0.39861111111111114,
    "below": -0.5249938177083284,
    "above": 0.5969989678006039,
    "turn_on_times": 0,
    "turn_on_ratio": 0.0
  },
  "5": {
    "validity_ratio": 0.40208333333333335,
    "below": 0,
    "above": 2.398630485670385,
    "turn_on_times": 0,
    "turn_on_ratio": 0.0
  },
  "6": {
    "validity_ratio": 0.39791666666666664,
    "below": 0,
    "above": 4.090723169286456,
    "turn_on_times": 0,
    "turn_on_ratio": 0.0
  },
  "7": {
    "validity_ratio": 0.39791666666666664,
    "below": -0.9345877924974724,
    "above": 0,
    "turn_on_times": 1,
    "turn_on_ratio": 1.0
  },
  "8": {
    "validity_ratio": 0.40069444444444446,
    "below": -1.1356557217775942,
    "above": 0,
    "turn_on_times": 1,
    "turn_on_ratio": 1.0
  },
  "9": {
    "validity_ratio": 0.3993055555555556,
    "below": 0,
    "above": 2.408503091102671,
    "turn_on_times": 0,
    "turn_on_ratio": 0.0
  },
  "10": {
    "validity_ratio": 0.39861111111111114,
    "below": 0,
    "above": 0,
    "turn_on_times": 0,
    "turn_on_ratio": 0
  }
}