{
  "1": {
    "validity_ratio": 0.49375,
    "below": -0.20129117420902343,
    "above": 3.766299901395077,
    "turn_on_times": 2,
    "turn_on_ratio": 0.4
  },
  "2": {
    "validity_ratio": 0.4930555555555556,
    "below": -0.12363695306333315,
    "above": 0.09161823716333355,
    "turn_on_times": 3,
    "turn_on_ratio": 0.6
  },
  "3": {
    "validity_ratio": 0.49583333333333335,
    "below": 0,
    "above": 4.50233840655363,
    "turn_on_times": 0,
    "turn_on_ratio": 0.0
  },
  "4": {
    "validity_ratio": 0.49375,
    "below": 0,
    "above": 2.055507538714504,
    "turn_on_times": 0,
    "turn_on_ratio": 0.0
  },
  "5": {
    "validity_ratio": 0.4930555555555556,
    "below": 0,
    "above": 3.3022700465180774,
    "turn_on_times": 0,
    "turn_on_ratio": 0.0
  },
  "6": {
    "validity_ratio": 0.4965277777777778,
    "below": 0,
    "above": 3.5992126064344934,
    "turn_on_times": 0,
    "turn_on_ratio": 0.0
  },
  "7": {
    "validity_ratio": 0.49444444444444446,
    "below": -0.4376191368325152,
    "above": 0.21314669163736258,
    "turn_on_times": 2,
    "turn_on_ratio": 1.0
  },
  "8": {
    "validity_ratio": 0.49583333333333335,
    "below": 0,
    "above": 0,
    "turn_on_times": 0,
    "turn_on_ratio": 0
  },
  "9": {
    "validity_ratio": 0.49444444444444446,
    "below": 0,
    "above": 0,
    "turn_on_times": 0,
    "turn_on_ratio": 0
  },
  "10": {
    "validity_ratio": 0.0,
    "below": 0,
    "above": 0,
    "turn_on_times": 0,
    "turn_on_ratio": 0
  }
}