{
  "1": {
    "validity_ratio": 0.47291666666666665,
    "below": -0.20133289116989608,
    "above": 3.766095061080847,
    "turn_on_times": 2,
    "turn_on_ratio": 0.4
  },
  "2": {
    "validity_ratio": 0.4722222222222222,
    "below": -0.12364048422777758,
    "above": 0.09159891961666683,
    "turn_on_times": 3,
    "turn_on_ratio": 0.6
  },
  "3": {
    "validity_ratio": 0.475,
    "below": 0,
    "above": 4.501871076758433,
    "turn_on_times": 0,
    "turn_on_ratio": 0.0
  },
  "4": {
    "validity_ratio": 0.47291666666666665,
    "below": 0,
    "above": 2.0549642111079396,
    "turn_on_times": 0,
    "turn_on_ratio": 0.0
  },
  "5": {
    "validity_ratio": 0.4722222222222222,
    "below": 0,
    "above": 3.3013990990437327,
    "turn_on_times": 0,
    "turn_on_ratio": 0.0
  },
  "6": {
    "validity_ratio": 0.4756944444444444,
    "below": 0,
    "above": 3.5982992718145357,
    "turn_on_times": 0,
    "turn_on_ratio": 0.0
  },
  "7": {
    "validity_ratio": 0.4736111111111111,
    "below": -0.43690186883573484,
    "above": 0.2130624641208791,
    "turn_on_times": 2,
    "turn_on_ratio": 1.0
  },
  "8": {
    "validity_ratio": 0.475,
    "below": 0,
    "above": 0,
    "turn_on_times": 0,
    "turn_on_ratio": 0
  },
  "9": {
    "validity_ratio": 0.4736111111111111,
    "below": 0,
    "above": 0,
    "turn_on_times": 0,
    "turn_on_ratio": 0
  },
  "10": {
    "validity_ratio": 0.0,
    "below": 0,
    "above": 0,
    "turn_on_times": 0,
    "turn_on_ratio": 0
  }
}