{
  "1": {
    "validity_ratio": 0.5833333333333334,
    "below": -0.20135421057115763,
    "above": 3.765990377691594,
    "turn_on_times": 2,
    "turn_on_ratio": 0.4
  },
  "2": {
    "validity_ratio": 0.5833333333333334,
    "below": -0.12364228882499981,
    "above": 0.09158904740833329,
    "turn_on_times": 3,
    "turn_on_ratio": 0.6
  },
  "3": {
    "validity_ratio": 0.5854166666666667,
    "below": 0,
    "above": 4.50163224844456,
    "turn_on_times": 0,
    "turn_on_ratio": 0.0
  },
  "4": {
    "validity_ratio": 0.5895833333333333,
    "below": 0,
    "above": 4.061309311480589,
    "turn_on_times": 0,
    "turn_on_ratio": 0.0
  },
  "5": {
    "validity_ratio": 0.5840277777777778,
    "below": 0,
    "above": 6.103745889805515,
    "turn_on_times": 0,
    "turn_on_ratio": 0.0
  },
  "6": {
    "validity_ratio": 0.5868055555555556,
    "below": 0,
    "above": 4.350294903357648,
    "turn_on_times": 1,
    "turn_on_ratio": 0.25
  },
  "7": {
    "validity_ratio": 0.5875,
    "below": -0.5724672216985678,
    "above": 0.30292526335739794,
    "turn_on_times": 3,
    "turn_on_ratio": 0.75
  },
  "8": {
    "validity_ratio": 0.5847222222222223,
    "below": -0.2377898478758733,
    "above": 0.017026802623620718,
    "turn_on_times": 2,
    "turn_on_ratio": 1.0
  },
  "9": {
    "validity_ratio": 0.5840277777777778,
    "below": 0,
    "above": 2.1658529056863247,
    "turn_on_times": 0,
    "turn_on_ratio": 0.0
  },
  "10": {
    "validity_ratio": 0.0,
    "below": 0,
    "above": 0,
    "turn_on_times": 0,
    "turn_on_ratio": 0
  }
}