{
  "1": {
    "validity_ratio": 0.5972222222222222,
    "below": -0.20128266251547597,
    "above": 3.766341695858153,
    "turn_on_times": 2,
    "turn_on_ratio": 0.4
  },
  "2": {
    "validity_ratio": 0.5972222222222222,
    "below": -0.12363623258444428,
    "above": 0.0916221786066669,
    "turn_on_times": 3,
    "turn_on_ratio": 0.6
  },
  "3": {
    "validity_ratio": 0.5993055555555555,
    "below": 0,
    "above": 4.502433757890809,
    "turn_on_times": 0,
    "turn_on_ratio": 0.0
  },
  "4": {
    "validity_ratio": 0.6034722222222222,
    "below": 0,
    "above": 4.069934066863592,
    "turn_on_times": 0,
    "turn_on_ratio": 0.0
  },
  "5": {
    "validity_ratio": 0.5979166666666667,
    "below": 0,
    "above": 6.104701417150263,
    "turn_on_times": 0,
    "turn_on_ratio": 0.0
  },
  "6": {
    "validity_ratio": 0.6006944444444444,
    "below": 0,
    "above": 4.351098767314849,
    "turn_on_times": 1,
    "turn_on_ratio": 0.25
  },
  "7": {
    "validity_ratio": 0.6013888888888889,
    "below": -0.5736601356097037,
    "above": 0.3031016764799383,
    "turn_on_times": 3,
    "turn_on_ratio": 0.75
  },
  "8": {
    "validity_ratio": 0.6006944444444444,
    "below": -0.563987857713435,
    "above": 0.008654960821963383,
    "turn_on_times": 2,
    "turn_on_ratio": 1.0
  },
  "9": {
    "validity_ratio": 0.5979166666666667,
    "below": 0,
    "above": 3.216747313615361,
    "turn_on_times": 0,
    "turn_on_ratio": 0.0
  },
  "10": {
    "validity_ratio": 0.0,
    "below": 0,
    "above": 0,
    "turn_on_times": 0,
    "turn_on_ratio": 0
  }
}