{
  "1": {
    "validity_ratio": 0.7486111111111111,
    "below": -0.30131316680569326,
    "above": 3.8559693771823413,
    "turn_on_times": 3,
    "turn_on_ratio": 0.375
  },
  "2": {
    "validity_ratio": 0.75,
    "below": -0.1236387467616665,
    "above": 0.7910985654608896,
    "turn_on_times": 5,
    "turn_on_ratio": 0.625
  },
  "3": {
    "validity_ratio": 0.7520833333333333,
    "below": 0,
    "above": 7.18688761883895,
    "turn_on_times": 0,
    "turn_on_ratio": 0.0
  },
  "4": {
    "validity_ratio": 0.7493055555555556,
    "below": 0,
    "above": 4.069788772072556,
    "turn_on_times": 0,
    "turn_on_ratio": 0.0
  },
  "5": {
    "validity_ratio": 0.7506944444444444,
    "below": 0,
    "above": 6.104304775733254,
    "turn_on_times": 0,
    "turn_on_ratio": 0.0
  },
  "6": {
    "validity_ratio": 0.7465277777777778,
    "below": 0,
    "above": 4.350765105970489,
    "turn_on_times": 1,
    "turn_on_ratio": 0.25
  },
  "7": {
    "validity_ratio": 0.7472222222222222,
    "below": -0.573154639911246,
    "above": 0.30302844064157897,
    "turn_on_times": 3,
    "turn_on_ratio": 0.75
  },
  "8": {
    "validity_ratio": 0.7479166666666667,
    "below": -0.5892384259581238,
    "above": 0.02573459692445835,
    "turn_on_times": 3,
    "turn_on_ratio": 0.75
  },
  "9": {
    "validity_ratio": 0.7493055555555556,
    "below": 0,
    "above": 6.052222648167087,
    "turn_on_times": 1,
    "turn_on_ratio": 0.25
  },
  "10": {
    "validity_ratio": 0.0,
    "below": 0,
    "above": 0,
    "turn_on_times": 0,
    "turn_on_ratio": 0
  }
}