{
  "1": {
    "validity_ratio": 0.99375,
    "below": -0.5000782258568947,
    "above": 4.458152863554587,
    "turn_on_times": 5,
    "turn_on_ratio": 0.45454545454545453
  },
  "2": {
    "validity_ratio": 0.9930555555555556,
    "below": -0.12363934698444426,
    "above": 1.5406119010594579,
    "turn_on_times": 6,
    "turn_on_ratio": 0.5454545454545454
  },
  "3": {
    "validity_ratio": 0.9895833333333334,
    "below": 0,
    "above": 11.879202315756407,
    "turn_on_times": 0,
    "turn_on_ratio": 0.0
  },
  "4": {
    "validity_ratio": 0.9923611111111111,
    "below": 0,
    "above": 4.069754085081403,
    "turn_on_times": 0,
    "turn_on_ratio": 0.0
  },
  "5": {
    "validity_ratio": 0.9944444444444445,
    "below": 0,
    "above": 6.104210076184864,
    "turn_on_times": 0,
    "turn_on_ratio": 0.0
  },
  "6": {
    "validity_ratio": 0.9902777777777778,
    "below": 0,
    "above": 4.350685438041161,
    "turn_on_times": 1,
    "turn_on_ratio": 0.25
  },
  "7": {
    "validity_ratio": 0.9916666666666667,
    "below": -0.5730361163535951,
    "above": 0.30301095666393985,
    "turn_on_times": 3,
    "turn_on_ratio": 0.75
  },
  "8": {
    "validity_ratio": 0.9944444444444445,
    "below": -0.6917500542859504,
    "above": 0.0871869930629084,
    "turn_on_times": 6,
    "turn_on_ratio": 0.6666666666666666
  },
  "9": {
    "validity_ratio": 0.9916666666666667,
    "below": 0,
    "above": 6.985602309123669,
    "turn_on_times": 3,
    "turn_on_ratio": 0.3333333333333333
  },
  "10": {
    "validity_ratio": 0.0,
    "below": 0,
    "above": 0,
    "turn_on_times": 0,
    "turn_on_ratio": 0
  }
}