{
  "1": {
    "validity_ratio": 0.9791666666666666,
    "below": -4.28487862291606,
    "above": 52.07267967745472,
    "turn_on_times": 0,
    "turn_on_ratio": 0.0
  },
  "2": {
    "validity_ratio": 0.9805555555555555,
    "below": -0.13665360111685354,
    "above": 18.097281486652292,
    "turn_on_times": 0,
    "turn_on_ratio": 0.0
  },
  "3": {
    "validity_ratio": 0.98125,
    "below": -2.254860206396266,
    "above": 21.170491077802044,
    "turn_on_times": 0,
    "turn_on_ratio": 0.0
  },
  "4": {
    "validity_ratio": 0.9805555555555555,
    "below": -1.1422558116754464,
    "above": 0.9766322480366602,
    "turn_on_times": 1,
    "turn_on_ratio": 0.5
  },
  "5": {
    "validity_ratio": 0.9819444444444444,
    "below": -4.303080152212577,
    "above": 1.832111572786873,
    "turn_on_times": 1,
    "turn_on_ratio": 0.5
  },
  "6": {
    "validity_ratio": 0.975,
    "below": 0,
    "above": 46.738687047511704,
    "turn_on_times": 3,
    "turn_on_ratio": 1.0
  },
  "7": {
    "validity_ratio": 0.9854166666666667,
    "below": -2.857876814407532,
    "above": 27.02179502001698,
    "turn_on_times": 0,
    "turn_on_ratio": 0.0
  },
  "8": {
    "validity_ratio": 0.9777777777777777,
    "below": -0.2337372843018222,
    "above": 0,
    "turn_on_times": 3,
    "turn_on_ratio": 1.0
  },
  "9": {
    "validity_ratio": 0.9854166666666667,
    "below": 0,
    "above": 23.593995288846575,
    "turn_on_times": 0,
    "turn_on_ratio": 0.0
  },
  "10": {
    "validity_ratio": 0.9805555555555555,
    "below": 0,
    "above": 0,
    "turn_on_times": 0,
    "turn_on_ratio": 0
  },
  "12": {
    "validity_ratio": 0.9819444444444444,
    "below": 0,
    "above": 29.803717694571365,
    "turn_on_times": 0,
    "turn_on_ratio": 0.0
  },
  "13": {
    "validity_ratio": 0.0,
    "below": 0,
    "above": 0,
    "turn_on_times": 0,
    "turn_on_ratio": 0.0
  }
}