{
  "1": {
    "validity_ratio": 0.5847222222222223,
    "below": 0,
    "above": 44.059371136905526,
    "turn_on_times": 0,
    "turn_on_ratio": 0.0
  },
  "2": {
    "validity_ratio": 0.5847222222222223,
    "below": -0.13665351452485872,
    "above": 7.881006654147348,
    "turn_on_times": 0,
    "turn_on_ratio": 0.0
  },
  "3": {
    "validity_ratio": 0.5868055555555556,
    "below": -2.254858903414428,
    "above": 14.969871311349273,
    "turn_on_times": 0,
    "turn_on_ratio": 0.0
  },
  "4": {
    "validity_ratio": 0.5847222222222223,
    "below": -1.1422550079762348,
    "above": 0.018298792805617328,
    "turn_on_times": 1,
    "turn_on_ratio": 0.5
  },
  "5": {
    "validity_ratio": 0.5854166666666667,
    "below": -4.303080508872817,
    "above": 0,
    "turn_on_times": 1,
    "turn_on_ratio": 0.5
  },
  "6": {
    "validity_ratio": 0.5861111111111111,
    "below": 0,
    "above": 31.60658759411332,
    "turn_on_times": 2,
    "turn_on_ratio": 1.0
  },
  "7": {
    "validity_ratio": 0.5881944444444445,
    "below": -2.8578756396013296,
    "above": 17.19643978484903,
    "turn_on_times": 0,
    "turn_on_ratio": 0.0
  },
  "8": {
    "validity_ratio": 0.5861111111111111,
    "below": -0.2337385842895442,
    "above": 0,
    "turn_on_times": 2,
    "turn_on_ratio": 1.0
  },
  "9": {
    "validity_ratio": 0.5895833333333333,
    "below": 0,
    "above": 22.968947682225206,
    "turn_on_times": 0,
    "turn_on_ratio": 0.0
  },
  "10": {
    "validity_ratio": 0.5847222222222223,
    "below": 0,
    "above": 0,
    "turn_on_times": 0,
    "turn_on_ratio": 0
  },
  "12": {
    "validity_ratio": 0.5861111111111111,
    "below": 0,
    "above": 13.68697395275674,
    "turn_on_times": 0,
    "turn_on_ratio": 0.0
  },
  "13": {
    "validity_ratio": 0.0,
    "below": 0,
    "above": 0,
    "turn_on_times": 0,
    "turn_on_ratio": 0.0
  }
}