{
  "1": {
    "validity_ratio": 0.4465277777777778,
    "below": 0,
    "above": 30.180394990384897,
    "turn_on_times": 0,
    "turn_on_ratio": 0.0
  },
  "2": {
    "validity_ratio": 0.44583333333333336,
    "below": -0.13665624955201353,
    "above": 7.3610508930468,
    "turn_on_times": 0,
    "turn_on_ratio": 0.0
  },
  "3": {
    "validity_ratio": 0.4479166666666667,
    "below": 0,
    "above": 14.894264021999978,
    "turn_on_times": 0,
    "turn_on_ratio": 0.0
  },
  "4": {
    "validity_ratio": 0.44722222222222224,
    "below": -0.5886950030730563,
    "above": 0,
    "turn_on_times": 1,
    "turn_on_ratio": 0.5
  },
  "5": {
    "validity_ratio": 0.44583333333333336,
    "below": -2.6148592253780367,
    "above": 0,
    "turn_on_times": 1,
    "turn_on_ratio": 0.5
  },
  "6": {
    "validity_ratio": 0.44722222222222224,
    "below": 0,
    "above": 18.59957888458857,
    "turn_on_times": 2,
    "turn_on_ratio": 1.0
  },
  "7": {
    "validity_ratio": 0.4486111111111111,
    "below": -0.07500000000000001,
    "above": 17.196442875213272,
    "turn_on_times": 0,
    "turn_on_ratio": 0.0
  },
  "8": {
    "validity_ratio": 0.44722222222222224,
    "below": -0.23369758162687418,
    "above": 0,
    "turn_on_times": 2,
    "turn_on_ratio": 1.0
  },
  "9": {
    "validity_ratio": 0.45,
    "below": 0,
    "above": 18.412353809760905,
    "turn_on_times": 0,
    "turn_on_ratio": 0.0
  },
  "10": {
    "validity_ratio": 0.44583333333333336,
    "below": 0,
    "above": 0,
    "turn_on_times": 0,
    "turn_on_ratio": 0
  },
  "12": {
    "validity_ratio": 0.44722222222222224,
    "below": 0,
    "above": 8.830145387928013,
    "turn_on_times": 0,
    "turn_on_ratio": 0.0
  },
  "13": {
    "validity_ratio": 0.0,
    "below": 0,
    "above": 0,
    "turn_on_times": 0,
    "turn_on_ratio": 0.0
  }
}