{
  "1": {
    "validity_ratio": 0.5020833333333333,
    "below": 0,
    "above": 35.56437645974062,
    "turn_on_times": 0,
    "turn_on_ratio": 0.0
  },
  "2": {
    "validity_ratio": 0.5013888888888889,
    "below": -0.13665736984844534,
    "above": 7.3881016244039435,
    "turn_on_times": 0,
    "turn_on_ratio": 0.0
  },
  "3": {
    "validity_ratio": 0.4965277777777778,
    "below": -1.1292773765438113,
    "above": 14.969949775107334,
    "turn_on_times": 0,
    "turn_on_ratio": 0.0
  },
  "4": {
    "validity_ratio": 0.5013888888888889,
    "below": -1.1422907909667506,
    "above": 0.018303623963445412,
    "turn_on_times": 1,
    "turn_on_ratio": 0.5
  },
  "5": {
    "validity_ratio": 0.5013888888888889,
    "below": -3.7387928596203697,
    "above": 0,
    "turn_on_times": 1,
    "turn_on_ratio": 0.5
  },
  "6": {
    "validity_ratio": 0.5027777777777778,
    "below": 0,
    "above": 25.15592640572044,
    "turn_on_times": 2,
    "turn_on_ratio": 1.0
  },
  "7": {
    "validity_ratio": 0.49722222222222223,
    "below": -1.59421890055371,
    "above": 17.196444141059587,
    "turn_on_times": 0,
    "turn_on_ratio": 0.0
  },
  "8": {
    "validity_ratio": 0.5027777777777778,
    "below": -0.2336808209223133,
    "above": 0,
    "turn_on_times": 2,
    "turn_on_ratio": 1.0
  },
  "9": {
    "validity_ratio": 0.49930555555555556,
    "below": 0,
    "above": 22.74379426479036,
    "turn_on_times": 0,
    "turn_on_ratio": 0.0
  },
  "10": {
    "validity_ratio": 0.5013888888888889,
    "below": 0,
    "above": 0,
    "turn_on_times": 0,
    "turn_on_ratio": 0
  },
  "12": {
    "validity_ratio": 0.5027777777777778,
    "below": 0,
    "above": 10.399971386383507,
    "turn_on_times": 0,
    "turn_on_ratio": 0.0
  },
  "13": {
    "validity_ratio": 0.0,
    "below": 0,
    "above": 0,
    "turn_on_times": 0,
    "turn_on_ratio": 0.0
  }
}