{
  "1": {
    "validity_ratio": 0.6958333333333333,
    "below": -0.947320727424749,
    "above": 50.742560815151165,
    "turn_on_times": 0,
    "turn_on_ratio": 0.0
  },
  "2": {
    "validity_ratio": 0.6958333333333333,
    "below": -0.13665577505587923,
    "above": 10.207469927648331,
    "turn_on_times": 0,
    "turn_on_ratio": 0.0
  },
  "3": {
    "validity_ratio": 0.7041666666666667,
    "below": -2.254892918462447,
    "above": 14.969917317801173,
    "turn_on_times": 0,
    "turn_on_ratio": 0.0
  },
  "4": {
    "validity_ratio": 0.6958333333333333,
    "below": -1.1422759889803582,
    "above": 0.9766351067383852,
    "turn_on_times": 1,
    "turn_on_ratio": 0.5
  },
  "5": {
    "validity_ratio": 0.7034722222222223,
    "below": -4.303071198063658,
    "above": 0,
    "turn_on_times": 1,
    "turn_on_ratio": 0.5
  },
  "6": {
    "validity_ratio": 0.7041666666666667,
    "below": 0,
    "above": 35.60983306848111,
    "turn_on_times": 2,
    "turn_on_ratio": 1.0
  },
  "7": {
    "validity_ratio": 0.6993055555555555,
    "below": -2.8579063085548184,
    "above": 17.196442339070188,
    "turn_on_times": 0,
    "turn_on_ratio": 0.0
  },
  "8": {
    "validity_ratio": 0.7,
    "below": -0.2337046865736761,
    "above": 0,
    "turn_on_times": 2,
    "turn_on_ratio": 1.0
  },
  "9": {
    "validity_ratio": 0.7006944444444444,
    "below": 0,
    "above": 22.96921299383087,
    "turn_on_times": 0,
    "turn_on_ratio": 0.0
  },
  "10": {
    "validity_ratio": 0.7027777777777777,
    "below": 0,
    "above": 0,
    "turn_on_times": 0,
    "turn_on_ratio": 0
  },
  "12": {
    "validity_ratio": 0.7041666666666667,
    "below": 0,
    "above": 18.425673818735632,
    "turn_on_times": 0,
    "turn_on_ratio": 0.0
  },
  "13": {
    "validity_ratio": 0.0,
    "below": 0,
    "above": 0,
    "turn_on_times": 0,
    "turn_on_ratio": 0.0
  }
}