{
  "1": {
    "validity_ratio": 0.9513888888888888,
    "below": -4.2850248915565645,
    "above": 52.07936188023447,
    "turn_on_times": 0,
    "turn_on_ratio": 0.0
  },
  "2": {
    "validity_ratio": 0.9527777777777777,
    "below": -0.13666525601939192,
    "above": 18.09724305510477,
    "turn_on_times": 0,
    "turn_on_ratio": 0.0
  },
  "3": {
    "validity_ratio": 0.9534722222222223,
    "below": -2.2550355820340617,
    "above": 21.170920170994325,
    "turn_on_times": 0,
    "turn_on_ratio": 0.0
  },
  "4": {
    "validity_ratio": 0.9527777777777777,
    "below": -1.142363986062793,
    "above": 0.9766430408543076,
    "turn_on_times": 1,
    "turn_on_ratio": 0.5
  },
  "5": {
    "validity_ratio": 0.9541666666666667,
    "below": -4.303032147309156,
    "above": 1.8320797258470116,
    "turn_on_times": 1,
    "turn_on_ratio": 0.5
  },
  "6": {
    "validity_ratio": 0.9472222222222222,
    "below": 0,
    "above": 46.73959364187023,
    "turn_on_times": 3,
    "turn_on_ratio": 1.0
  },
  "7": {
    "validity_ratio": 0.9569444444444445,
    "below": -2.8580349381672203,
    "above": 27.021730643559277,
    "turn_on_times": 0,
    "turn_on_ratio": 0.0
  },
  "8": {
    "validity_ratio": 0.9430555555555555,
    "below": -0.23356340239087625,
    "above": 0,
    "turn_on_times": 3,
    "turn_on_ratio": 1.0
  },
  "9": {
    "validity_ratio": 0.9569444444444445,
    "below": 0,
    "above": 23.140877739290936,
    "turn_on_times": 0,
    "turn_on_ratio": 0.0
  },
  "10": {
    "validity_ratio": 0.9527777777777777,
    "below": 0,
    "above": 0,
    "turn_on_times": 0,
    "turn_on_ratio": 0
  },
  "12": {
    "validity_ratio": 0.9541666666666667,
    "below": 0,
    "above": 29.804318069926442,
    "turn_on_times": 0,
    "turn_on_ratio": 0.0
  },
  "13": {
    "validity_ratio": 0.0,
    "below": 0,
    "above": 0,
    "turn_on_times": 0,
    "turn_on_ratio": 0.0
  }
}