{
  "1": {
    "validity_ratio": 0.7784722222222222,
    "below": -2.6319866455577126,
    "above": 50.74282585646741,
    "turn_on_times": 0,
    "turn_on_ratio": 0.0
  },
  "2": {
    "validity_ratio": 0.7791666666666667,
    "below": -0.13664856942201906,
    "above": 15.65288612791628,
    "turn_on_times": 0,
    "turn_on_ratio": 0.0
  },
  "3": {
    "validity_ratio": 0.7805555555555556,
    "below": -2.2547844926193474,
    "above": 14.969770668343806,
    "turn_on_times": 0,
    "turn_on_ratio": 0.0
  },
  "4": {
    "validity_ratio": 0.7791666666666667,
    "below": -1.1422091102548009,
    "above": 0.9766241440051565,
    "turn_on_times": 1,
    "turn_on_ratio": 0.5
  },
  "5": {
    "validity_ratio": 0.7798611111111111,
    "below": -4.303100877055518,
    "above": 0,
    "turn_on_times": 1,
    "turn_on_ratio": 0.5
  },
  "6": {
    "validity_ratio": 0.7805555555555556,
    "below": 0,
    "above": 38.97815272606882,
    "turn_on_times": 2,
    "turn_on_ratio": 1.0
  },
  "7": {
    "validity_ratio": 0.7833333333333333,
    "below": -2.857808548671098,
    "above": 19.457372167960536,
    "turn_on_times": 0,
    "turn_on_ratio": 0.0
  },
  "8": {
    "validity_ratio": 0.7833333333333333,
    "below": -0.2338130224205521,
    "above": 0,
    "turn_on_times": 2,
    "turn_on_ratio": 1.0
  },
  "9": {
    "validity_ratio": 0.7840277777777778,
    "below": 0,
    "above": 22.968367291049283,
    "turn_on_times": 0,
    "turn_on_ratio": 0.0
  },
  "10": {
    "validity_ratio": 0.7791666666666667,
    "below": 0,
    "above": 0,
    "turn_on_times": 0,
    "turn_on_ratio": 0
  },
  "12": {
    "validity_ratio": 0.7805555555555556,
    "below": 0,
    "above": 21.165008499511586,
    "turn_on_times": 0,
    "turn_on_ratio": 0.0
  },
  "13": {
    "validity_ratio": 0.0,
    "below": 0,
    "above": 0,
    "turn_on_times": 0,
    "turn_on_ratio": 0.0
  }
}