{
  "1": {
    "validity_ratio": 0.8819444444444444,
    "below": -4.238448047610955,
    "above": 50.74232565064533,
    "turn_on_times": 0,
    "turn_on_ratio": 0.0
  },
  "2": {
    "validity_ratio": 0.8833333333333333,
    "below": -0.13666216788488092,
    "above": 17.351220880815752,
    "turn_on_times": 0,
    "turn_on_ratio": 0.0
  },
  "3": {
    "validity_ratio": 0.8847222222222222,
    "below": -2.254989113729614,
    "above": 21.17080647051999,
    "turn_on_times": 0,
    "turn_on_ratio": 0.0
  },
  "4": {
    "validity_ratio": 0.8833333333333333,
    "below": -1.1423353236988067,
    "above": 0.9766412664663842,
    "turn_on_times": 1,
    "turn_on_ratio": 0.5
  },
  "5": {
    "validity_ratio": 0.8847222222222222,
    "below": -4.303044866900631,
    "above": 1.832088164152993,
    "turn_on_times": 1,
    "turn_on_ratio": 0.5
  },
  "6": {
    "validity_ratio": 0.8847222222222222,
    "below": 0,
    "above": 46.73935507140738,
    "turn_on_times": 2,
    "turn_on_ratio": 1.0
  },
  "7": {
    "validity_ratio": 0.8875,
    "below": -2.85799304099668,
    "above": 25.99198930495235,
    "turn_on_times": 0,
    "turn_on_ratio": 0.0
  },
  "8": {
    "validity_ratio": 0.8875,
    "below": -0.23360926404841517,
    "above": 0,
    "turn_on_times": 2,
    "turn_on_ratio": 1.0
  },
  "9": {
    "validity_ratio": 0.8881944444444444,
    "below": 0,
    "above": 22.969963301230067,
    "turn_on_times": 0,
    "turn_on_ratio": 0.0
  },
  "10": {
    "validity_ratio": 0.8833333333333333,
    "below": 0,
    "above": 0,
    "turn_on_times": 0,
    "turn_on_ratio": 0
  },
  "12": {
    "validity_ratio": 0.8847222222222222,
    "below": 0,
    "above": 29.80415899061275,
    "turn_on_times": 0,
    "turn_on_ratio": 0.0
  },
  "13": {
    "validity_ratio": 0.0,
    "below": 0,
    "above": 0,
    "turn_on_times": 0,
    "turn_on_ratio": 0.0
  }
}