{
  "1": {
    "validity_ratio": 0.74375,
    "below": -1.9653706565682925,
    "above": 50.74260300020022,
    "turn_on_times": 0,
    "turn_on_ratio": 0.0
  },
  "2": {
    "validity_ratio": 0.7444444444444445,
    "below": -0.13665462822190075,
    "above": 11.274085699617327,
    "turn_on_times": 0,
    "turn_on_ratio": 0.0
  },
  "3": {
    "validity_ratio": 0.7451388888888889,
    "below": -2.2548756616265546,
    "above": 14.969893977372838,
    "turn_on_times": 0,
    "turn_on_ratio": 0.0
  },
  "4": {
    "validity_ratio": 0.7444444444444445,
    "below": -1.1422653446988975,
    "above": 0.9766336469904169,
    "turn_on_times": 1,
    "turn_on_ratio": 0.5
  },
  "5": {
    "validity_ratio": 0.7451388888888889,
    "below": -4.30307592171143,
    "above": 0,
    "turn_on_times": 1,
    "turn_on_ratio": 0.5
  },
  "6": {
    "validity_ratio": 0.7451388888888889,
    "below": 0,
    "above": 36.98808747719394,
    "turn_on_times": 2,
    "turn_on_ratio": 1.0
  },
  "7": {
    "validity_ratio": 0.7416666666666667,
    "below": -2.857890749291252,
    "above": 18.169828472239104,
    "turn_on_times": 0,
    "turn_on_ratio": 0.0
  },
  "8": {
    "validity_ratio": 0.7416666666666667,
    "below": -0.23372187370337513,
    "above": 0,
    "turn_on_times": 2,
    "turn_on_ratio": 1.0
  },
  "9": {
    "validity_ratio": 0.7423611111111111,
    "below": 0,
    "above": 22.96907839342309,
    "turn_on_times": 0,
    "turn_on_ratio": 0.0
  },
  "10": {
    "validity_ratio": 0.7444444444444445,
    "below": 0,
    "above": 0,
    "turn_on_times": 0,
    "turn_on_ratio": 0
  },
  "12": {
    "validity_ratio": 0.7451388888888889,
    "below": 0,
    "above": 20.415152251812664,
    "turn_on_times": 0,
    "turn_on_ratio": 0.0
  },
  "13": {
    "validity_ratio": 0.0,
    "below": 0,
    "above": 0,
    "turn_on_times": 0,
    "turn_on_ratio": 0.0
  }
}