{
  "1": {
    "validity_ratio": 0.8409722222222222,
    "below": -3.6482917278815132,
    "above": 50.751182888426015,
    "turn_on_times": 0,
    "turn_on_ratio": 0.0
  },
  "2": {
    "validity_ratio": 0.8416666666666667,
    "below": -0.13664815610022943,
    "above": 16.804836453395442,
    "turn_on_times": 0,
    "turn_on_ratio": 0.0
  },
  "3": {
    "validity_ratio": 0.8430555555555556,
    "below": -2.254778273213202,
    "above": 21.170290632401116,
    "turn_on_times": 0,
    "turn_on_ratio": 0.0
  },
  "4": {
    "validity_ratio": 0.8416666666666667,
    "below": -1.1422052740295523,
    "above": 0.9766233859822889,
    "turn_on_times": 1,
    "turn_on_ratio": 0.5
  },
  "5": {
    "validity_ratio": 0.8423611111111111,
    "below": -4.303102579469804,
    "above": 1.832126451256839,
    "turn_on_times": 1,
    "turn_on_ratio": 0.5
  },
  "6": {
    "validity_ratio": 0.8430555555555556,
    "below": 0,
    "above": 42.645198146233575,
    "turn_on_times": 2,
    "turn_on_ratio": 1.0
  },
  "7": {
    "validity_ratio": 0.8388888888888889,
    "below": -2.8578029410741976,
    "above": 20.658237740237766,
    "turn_on_times": 0,
    "turn_on_ratio": 0.0
  },
  "8": {
    "validity_ratio": 0.8388888888888889,
    "below": -0.23381926176420084,
    "above": 0,
    "turn_on_times": 2,
    "turn_on_ratio": 1.0
  },
  "9": {
    "validity_ratio": 0.8395833333333333,
    "below": 0,
    "above": 22.96831878079528,
    "turn_on_times": 0,
    "turn_on_ratio": 0.0
  },
  "10": {
    "validity_ratio": 0.8416666666666667,
    "below": 0,
    "above": 0,
    "turn_on_times": 0,
    "turn_on_ratio": 0
  },
  "12": {
    "validity_ratio": 0.8430555555555556,
    "below": 0,
    "above": 29.803437211370994,
    "turn_on_times": 0,
    "turn_on_ratio": 0.0
  },
  "13": {
    "validity_ratio": 0.0,
    "below": 0,
    "above": 0,
    "turn_on_times": 0,
    "turn_on_ratio": 0.0
  }
}