{
  "1": {
    "validity_ratio": 0.875,
    "below": -4.138293292966286,
    "above": 50.75117032932945,
    "turn_on_times": 0,
    "turn_on_ratio": 0.0
  },
  "2": {
    "validity_ratio": 0.8763888888888889,
    "below": -0.13664829638726028,
    "above": 17.35123756386192,
    "turn_on_times": 0,
    "turn_on_ratio": 0.0
  },
  "3": {
    "validity_ratio": 0.8770833333333333,
    "below": -2.254780384164146,
    "above": 21.17029579656612,
    "turn_on_times": 0,
    "turn_on_ratio": 0.0
  },
  "4": {
    "validity_ratio": 0.8763888888888889,
    "below": -1.1422065760965217,
    "above": 0.9766236448369318,
    "turn_on_times": 1,
    "turn_on_ratio": 0.5
  },
  "5": {
    "validity_ratio": 0.8770833333333333,
    "below": -4.303102001647264,
    "above": 1.8321260679234852,
    "turn_on_times": 1,
    "turn_on_ratio": 0.5
  },
  "6": {
    "validity_ratio": 0.8770833333333333,
    "below": 0,
    "above": 46.73826881763148,
    "turn_on_times": 2,
    "turn_on_ratio": 1.0
  },
  "7": {
    "validity_ratio": 0.8736111111111111,
    "below": -2.8578048443687725,
    "above": 24.542125760491263,
    "turn_on_times": 0,
    "turn_on_ratio": 0.0
  },
  "8": {
    "validity_ratio": 0.8736111111111111,
    "below": -0.23381714374090168,
    "above": 0,
    "turn_on_times": 2,
    "turn_on_ratio": 1.0
  },
  "9": {
    "validity_ratio": 0.8743055555555556,
    "below": 0,
    "above": 22.968335245834123,
    "turn_on_times": 0,
    "turn_on_ratio": 0.0
  },
  "10": {
    "validity_ratio": 0.8763888888888889,
    "below": 0,
    "above": 0,
    "turn_on_times": 0,
    "turn_on_ratio": 0
  },
  "12": {
    "validity_ratio": 0.8770833333333333,
    "below": 0,
    "above": 29.803444437789828,
    "turn_on_times": 0,
    "turn_on_ratio": 0.0
  },
  "13": {
    "validity_ratio": 0.0,
    "below": 0,
    "above": 0,
    "turn_on_times": 0,
    "turn_on_ratio": 0.0
  }
}