{
  "1": {
    "validity_ratio": 0.8888888888888888,
    "below": -4.284885501920946,
    "above": 50.9277149679716,
    "turn_on_times": 0,
    "turn_on_ratio": 0.0
  },
  "2": {
    "validity_ratio": 0.8902777777777777,
    "below": -0.13665414924618055,
    "above": 17.351230800036497,
    "turn_on_times": 0,
    "turn_on_ratio": 0.0
  },
  "3": {
    "validity_ratio": 0.8916666666666667,
    "below": -2.2548684543013873,
    "above": 21.170511256636622,
    "turn_on_times": 0,
    "turn_on_ratio": 0.0
  },
  "4": {
    "validity_ratio": 0.8902777777777777,
    "below": -1.1422608991100225,
    "above": 0.9766330053790575,
    "turn_on_times": 1,
    "turn_on_ratio": 0.5
  },
  "5": {
    "validity_ratio": 0.8916666666666667,
    "below": -4.303077894545016,
    "above": 1.8321100750273107,
    "turn_on_times": 1,
    "turn_on_ratio": 0.5
  },
  "6": {
    "validity_ratio": 0.8916666666666667,
    "below": 0,
    "above": 46.73873006308821,
    "turn_on_times": 2,
    "turn_on_ratio": 1.0
  },
  "7": {
    "validity_ratio": 0.8875,
    "below": -2.8578842509579196,
    "above": 25.992455257503366,
    "turn_on_times": 0,
    "turn_on_ratio": 0.0
  },
  "8": {
    "validity_ratio": 0.8875,
    "below": -0.23372905812254233,
    "above": 0,
    "turn_on_times": 2,
    "turn_on_ratio": 1.0
  },
  "9": {
    "validity_ratio": 0.8881944444444444,
    "below": 0,
    "above": 22.969022177511942,
    "turn_on_times": 0,
    "turn_on_ratio": 0.0
  },
  "10": {
    "validity_ratio": 0.8902777777777777,
    "below": 0,
    "above": 0,
    "turn_on_times": 0,
    "turn_on_ratio": 0
  },
  "12": {
    "validity_ratio": 0.8916666666666667,
    "below": 0,
    "above": 29.803745929908928,
    "turn_on_times": 0,
    "turn_on_ratio": 0.0
  },
  "13": {
    "validity_ratio": 0.0,
    "below": 0,
    "above": 0,
    "turn_on_times": 0,
    "turn_on_ratio": 0.0
  }
}