{
  "1": {
    "validity_ratio": 0.6402777777777777,
    "below": 0,
    "above": 49.38251649396692,
    "turn_on_times": 0,
    "turn_on_ratio": 0.0
  },
  "2": {
    "validity_ratio": 0.6402777777777777,
    "below": -0.1366569799444908,
    "above": 9.042238335656375,
    "turn_on_times": 0,
    "turn_on_ratio": 0.0
  },
  "3": {
    "validity_ratio": 0.6423611111111112,
    "below": -2.2549110488679167,
    "above": 14.969941839760585,
    "turn_on_times": 0,
    "turn_on_ratio": 0.0
  },
  "4": {
    "validity_ratio": 0.6402777777777777,
    "below": -1.1422871720929544,
    "above": 0.46489965816259504,
    "turn_on_times": 1,
    "turn_on_ratio": 0.5
  },
  "5": {
    "validity_ratio": 0.6409722222222223,
    "below": -4.303066235297025,
    "above": 0,
    "turn_on_times": 1,
    "turn_on_ratio": 0.5
  },
  "6": {
    "validity_ratio": 0.6416666666666667,
    "below": 0,
    "above": 34.70330346177875,
    "turn_on_times": 2,
    "turn_on_ratio": 1.0
  },
  "7": {
    "validity_ratio": 0.64375,
    "below": -2.8579226554540433,
    "above": 17.19644370049897,
    "turn_on_times": 0,
    "turn_on_ratio": 0.0
  },
  "8": {
    "validity_ratio": 0.6423611111111112,
    "below": -0.2336866519879863,
    "above": 0,
    "turn_on_times": 2,
    "turn_on_ratio": 1.0
  },
  "9": {
    "validity_ratio": 0.6451388888888889,
    "below": 0,
    "above": 22.96935440796617,
    "turn_on_times": 0,
    "turn_on_ratio": 0.0
  },
  "10": {
    "validity_ratio": 0.6402777777777777,
    "below": 0,
    "above": 0,
    "turn_on_times": 0,
    "turn_on_ratio": 0
  },
  "12": {
    "validity_ratio": 0.6416666666666667,
    "below": 0,
    "above": 15.259335592472421,
    "turn_on_times": 0,
    "turn_on_ratio": 0.0
  },
  "13": {
    "validity_ratio": 0.0,
    "below": 0,
    "above": 0,
    "turn_on_times": 0,
    "turn_on_ratio": 0.0
  }
}