{
  "1": {
    "validity_ratio": 0.8381944444444445,
    "below": 0,
    "above": 51.74460587936821,
    "turn_on_times": 0,
    "turn_on_ratio": 0.0
  },
  "2": {
    "validity_ratio": 0.8347222222222223,
    "below": 0,
    "above": 57.12359774278458,
    "turn_on_times": 0,
    "turn_on_ratio": 0.0
  },
  "3": {
    "validity_ratio": 0.8347222222222223,
    "below": -2.160818012867176,
    "above": 5.909709267095738,
    "turn_on_times": 1,
    "turn_on_ratio": 0.25
  },
  "4": {
    "validity_ratio": 0.8388888888888889,
    "below": -0.7353282295722222,
    "above": 13.283633846102665,
    "turn_on_times": 1,
    "turn_on_ratio": 0.25
  },
  "5": {
    "validity_ratio": 0.8381944444444445,
    "below": -0.592964584178501,
    "above": 15.48185006421769,
    "turn_on_times": 1,
    "turn_on_ratio": 0.25
  },
  "6": {
    "validity_ratio": 0.8347222222222223,
    "below": -0.17388157671273113,
    "above": 31.6227173287166,
    "turn_on_times": 1,
    "turn_on_ratio": 0.5
  },
  "7": {
    "validity_ratio": 0.8381944444444445,
    "below": -0.12873745728128447,
    "above": 29.53613101829661,
    "turn_on_times": 1,
    "turn_on_ratio": 0.5
  },
  "8": {
    "validity_ratio": 0.8375,
    "below": -0.06977594511805554,
    "above": 0,
    "turn_on_times": 5,
    "turn_on_ratio": 0.8333333333333334
  },
  "9": {
    "validity_ratio": 0.8388888888888889,
    "below": 0,
    "above": 19.079990598115053,
    "turn_on_times": 1,
    "turn_on_ratio": 0.16666666666666666
  },
  "10": {
    "validity_ratio": 0.8347222222222223,
    "below": 0,
    "above": 0,
    "turn_on_times": 0,
    "turn_on_ratio": 0
  },
  "12": {
    "validity_ratio": 0.8347222222222223,
    "below": 0,
    "above": 57.18406595087393,
    "turn_on_times": 1,
    "turn_on_ratio": 0.25
  },
  "13": {
    "validity_ratio": 0.0,
    "below": 0,
    "above": 0,
    "turn_on_times": 0,
    "turn_on_ratio": 0.0
  }
}