{
  "1": {
    "validity_ratio": 0.8451388888888889,
    "below": 0,
    "above": 52.47809473148905,
    "turn_on_times": 0,
    "turn_on_ratio": 0.0
  },
  "2": {
    "validity_ratio": 0.8486111111111111,
    "below": 0,
    "above": 58.18308499431735,
    "turn_on_times": 0,
    "turn_on_ratio": 0.0
  },
  "3": {
    "validity_ratio": 0.8486111111111111,
    "below": -2.1608056882149964,
    "above": 5.909694211808419,
    "turn_on_times": 1,
    "turn_on_ratio": 0.25
  },
  "4": {
    "validity_ratio": 0.8465277777777778,
    "below": -0.7353202717666676,
    "above": 13.46692882718733,
    "turn_on_times": 1,
    "turn_on_ratio": 0.25
  },
  "5": {
    "validity_ratio": 0.8458333333333333,
    "below": -0.5929493213968788,
    "above": 16.985282324706713,
    "turn_on_times": 1,
    "turn_on_ratio": 0.25
  },
  "6": {
    "validity_ratio": 0.8486111111111111,
    "below": -0.17387833543222206,
    "above": 31.622783899526958,
    "turn_on_times": 1,
    "turn_on_ratio": 0.5
  },
  "7": {
    "validity_ratio": 0.8451388888888889,
    "below": -0.12873644043927643,
    "above": 29.53596486009412,
    "turn_on_times": 1,
    "turn_on_ratio": 0.5
  },
  "8": {
    "validity_ratio": 0.8444444444444444,
    "below": -0.06977058890277761,
    "above": 0,
    "turn_on_times": 5,
    "turn_on_ratio": 0.8333333333333334
  },
  "9": {
    "validity_ratio": 0.8458333333333333,
    "below": 0,
    "above": 19.08002125973082,
    "turn_on_times": 1,
    "turn_on_ratio": 0.16666666666666666
  },
  "10": {
    "validity_ratio": 0.8486111111111111,
    "below": 0,
    "above": 0,
    "turn_on_times": 0,
    "turn_on_ratio": 0
  },
  "12": {
    "validity_ratio": 0.8486111111111111,
    "below": 0,
    "above": 59.96007085733403,
    "turn_on_times": 1,
    "turn_on_ratio": 0.25
  },
  "13": {
    "validity_ratio": 0.0,
    "below": 0,
    "above": 0,
    "turn_on_times": 0,
    "turn_on_ratio": 0.0
  }
}