{
  "1": {
    "validity_ratio": 0.5131944444444444,
    "below": 0,
    "above": 37.8887293324676,
    "turn_on_times": 0,
    "turn_on_ratio": 0.0
  },
  "2": {
    "validity_ratio": 0.5152777777777777,
    "below": 0,
    "above": 30.79804782627648,
    "turn_on_times": 0,
    "turn_on_ratio": 0.0
  },
  "3": {
    "validity_ratio": 0.5166666666666667,
    "below": -0.386338700389259,
    "above": 5.4868622782740895,
    "turn_on_times": 1,
    "turn_on_ratio": 0.5
  },
  "4": {
    "validity_ratio": 0.5131944444444444,
    "below": 0,
    "above": 8.124365801012193,
    "turn_on_times": 0,
    "turn_on_ratio": 0.0
  },
  "5": {
    "validity_ratio": 0.5111111111111111,
    "below": -0.5929933473569342,
    "above": 10.043831413500152,
    "turn_on_times": 0,
    "turn_on_ratio": 0.0
  },
  "6": {
    "validity_ratio": 0.5152777777777777,
    "below": 0,
    "above": 26.65822144029012,
    "turn_on_times": 1,
    "turn_on_ratio": 0.5
  },
  "7": {
    "validity_ratio": 0.5118055555555555,
    "below": -0.12873937355112575,
    "above": 18.173983487683202,
    "turn_on_times": 1,
    "turn_on_ratio": 0.5
  },
  "8": {
    "validity_ratio": 0.5111111111111111,
    "below": -0.06978603906944437,
    "above": 0,
    "turn_on_times": 3,
    "turn_on_ratio": 1.0
  },
  "9": {
    "validity_ratio": 0.5118055555555555,
    "below": 0,
    "above": 17.687989129224178,
    "turn_on_times": 0,
    "turn_on_ratio": 0.0
  },
  "10": {
    "validity_ratio": 0.5145833333333333,
    "below": 0,
    "above": 0,
    "turn_on_times": 0,
    "turn_on_ratio": 0
  },
  "12": {
    "validity_ratio": 0.5152777777777777,
    "below": 0,
    "above": 16.62085589499114,
    "turn_on_times": 1,
    "turn_on_ratio": 0.5
  },
  "13": {
    "validity_ratio": 0.0,
    "below": 0,
    "above": 0,
    "turn_on_times": 0,
    "turn_on_ratio": 0.0
  }
}