{
  "1": {
    "validity_ratio": 0.7069444444444445,
    "below": 0,
    "above": 51.220912319182744,
    "turn_on_times": 0,
    "turn_on_ratio": 0.0
  },
  "2": {
    "validity_ratio": 0.7097222222222223,
    "below": 0,
    "above": 47.32613974513456,
    "turn_on_times": 0,
    "turn_on_ratio": 0.0
  },
  "3": {
    "validity_ratio": 0.7104166666666667,
    "below": -1.6808287402417417,
    "above": 5.486859569187511,
    "turn_on_times": 1,
    "turn_on_ratio": 0.5
  },
  "4": {
    "validity_ratio": 0.7076388888888889,
    "below": 0,
    "above": 11.693029808336016,
    "turn_on_times": 0,
    "turn_on_ratio": 0.0
  },
  "5": {
    "validity_ratio": 0.70625,
    "below": -0.5929778689003009,
    "above": 14.637635620463776,
    "turn_on_times": 0,
    "turn_on_ratio": 0.0
  },
  "6": {
    "validity_ratio": 0.7097222222222223,
    "below": 0,
    "above": 30.758452722611985,
    "turn_on_times": 1,
    "turn_on_ratio": 0.5
  },
  "7": {
    "validity_ratio": 0.7069444444444445,
    "below": -0.1287383423403469,
    "above": 25.387925183507527,
    "turn_on_times": 1,
    "turn_on_ratio": 0.5
  },
  "8": {
    "validity_ratio": 0.7055555555555556,
    "below": -0.06978060716666672,
    "above": 0,
    "turn_on_times": 5,
    "turn_on_ratio": 0.8333333333333334
  },
  "9": {
    "validity_ratio": 0.70625,
    "below": 0,
    "above": 19.079963908088278,
    "turn_on_times": 1,
    "turn_on_ratio": 0.16666666666666666
  },
  "10": {
    "validity_ratio": 0.7097222222222223,
    "below": 0,
    "above": 0,
    "turn_on_times": 0,
    "turn_on_ratio": 0
  },
  "12": {
    "validity_ratio": 0.7097222222222223,
    "below": 0,
    "above": 35.912597946531776,
    "turn_on_times": 1,
    "turn_on_ratio": 0.5
  },
  "13": {
    "validity_ratio": 0.0,
    "below": 0,
    "above": 0,
    "turn_on_times": 0,
    "turn_on_ratio": 0.0
  }
}