{
  "1": {
    "validity_ratio": 0.6375,
    "below": 0,
    "above": 49.83891319344764,
    "turn_on_times": 0,
    "turn_on_ratio": 0.0
  },
  "2": {
    "validity_ratio": 0.6402777777777777,
    "below": 0,
    "above": 41.5619052803941,
    "turn_on_times": 0,
    "turn_on_ratio": 0.0
  },
  "3": {
    "validity_ratio": 0.6409722222222223,
    "below": -0.8371309376170554,
    "above": 5.486871727887141,
    "turn_on_times": 1,
    "turn_on_ratio": 0.5
  },
  "4": {
    "validity_ratio": 0.6381944444444444,
    "below": 0,
    "above": 11.693148469998707,
    "turn_on_times": 0,
    "turn_on_ratio": 0.0
  },
  "5": {
    "validity_ratio": 0.6368055555555555,
    "below": -0.5930472348040277,
    "above": 14.638258786139579,
    "turn_on_times": 0,
    "turn_on_ratio": 0.0
  },
  "6": {
    "validity_ratio": 0.6402777777777777,
    "below": 0,
    "above": 29.436031487675923,
    "turn_on_times": 1,
    "turn_on_ratio": 0.5
  },
  "7": {
    "validity_ratio": 0.6375,
    "below": -0.12874296365817642,
    "above": 24.85628916089587,
    "turn_on_times": 1,
    "turn_on_ratio": 0.5
  },
  "8": {
    "validity_ratio": 0.6361111111111111,
    "below": -0.06980494995833315,
    "above": 0,
    "turn_on_times": 5,
    "turn_on_ratio": 0.8333333333333334
  },
  "9": {
    "validity_ratio": 0.6368055555555555,
    "below": 0,
    "above": 19.079824513957927,
    "turn_on_times": 1,
    "turn_on_ratio": 0.16666666666666666
  },
  "10": {
    "validity_ratio": 0.6395833333333333,
    "below": 0,
    "above": 0,
    "turn_on_times": 0,
    "turn_on_ratio": 0
  },
  "12": {
    "validity_ratio": 0.6402777777777777,
    "below": 0,
    "above": 25.384758436557465,
    "turn_on_times": 1,
    "turn_on_ratio": 0.5
  },
  "13": {
    "validity_ratio": 0.0,
    "below": 0,
    "above": 0,
    "turn_on_times": 0,
    "turn_on_ratio": 0.0
  }
}