{
  "1": {
    "validity_ratio": 0.5909722222222222,
    "below": 0,
    "above": 16.17257733048446,
    "turn_on_times": 0,
    "turn_on_ratio": 0
  },
  "2": {
    "validity_ratio": 0.5895833333333333,
    "below": -2.3958945759335544,
    "above": 1.392707296909857,
    "turn_on_times": 0,
    "turn_on_ratio": 0
  },
  "3": {
    "validity_ratio": 0.5881944444444445,
    "below": -4.4912914463883,
    "above": 3.8810969324584517,
    "turn_on_times": 0,
    "turn_on_ratio": 0
  },
  "4": {
    "validity_ratio": 0.5930555555555556,
    "below": -0.5233591546233884,
    "above": 1.2051156488435353,
    "turn_on_times": 0,
    "turn_on_ratio": 0.0
  },
  "5": {
    "validity_ratio": 0.5930555555555556,
    "below": 0,
    "above": 2.341962658795247,
    "turn_on_times": 0,
    "turn_on_ratio": 0.0
  },
  "6": {
    "validity_ratio": 0.5916666666666667,
    "below": 0,
    "above": 10.78354176583738,
    "turn_on_times": 0,
    "turn_on_ratio": 0.0
  },
  "7": {
    "validity_ratio": 0.5902777777777778,
    "below": -0.49929896676923413,
    "above": 1.0966537010657766,
    "turn_on_times": 1,
    "turn_on_ratio": 1.0
  },
  "8": {
    "validity_ratio": 0.5923611111111111,
    "below": -4.625390411718547,
    "above": 0,
    "turn_on_times": 1,
    "turn_on_ratio": 1.0
  },
  "9": {
    "validity_ratio": 0.5895833333333333,
    "below": 0,
    "above": 21.747691084083343,
    "turn_on_times": 0,
    "turn_on_ratio": 0.0
  },
  "10": {
    "validity_ratio": 0.5881944444444445,
    "below": 0,
    "above": 0,
    "turn_on_times": 0,
    "turn_on_ratio": 0
  }
}