{
  "1": {
    "validity_ratio": 0.5840277777777778,
    "below": 0,
    "above": 15.947831360155055,
    "turn_on_times": 0,
    "turn_on_ratio": 0
  },
  "2": {
    "validity_ratio": 0.5826388888888889,
    "below": -2.394437575075553,
    "above": 1.2581811520120383,
    "turn_on_times": 0,
    "turn_on_ratio": 0
  },
  "3": {
    "validity_ratio": 0.58125,
    "below": -4.490575008655983,
    "above": 3.8831926724953667,
    "turn_on_times": 0,
    "turn_on_ratio": 0
  },
  "4": {
    "validity_ratio": 0.5861111111111111,
    "below": -0.5227647454082419,
    "above": 1.1056592125736944,
    "turn_on_times": 0,
    "turn_on_ratio": 0.0
  },
  "5": {
    "validity_ratio": 0.5861111111111111,
    "below": 0,
    "above": 2.227451120565425,
    "turn_on_times": 0,
    "turn_on_ratio": 0.0
  },
  "6": {
    "validity_ratio": 0.5847222222222223,
    "below": 0,
    "above": 10.566782909349882,
    "turn_on_times": 0,
    "turn_on_ratio": 0.0
  },
  "7": {
    "validity_ratio": 0.5833333333333334,
    "below": -0.4994880186968523,
    "above": 0.8305653881506079,
    "turn_on_times": 1,
    "turn_on_ratio": 1.0
  },
  "8": {
    "validity_ratio": 0.5854166666666667,
    "below": -4.62352038869757,
    "above": 0,
    "turn_on_times": 1,
    "turn_on_ratio": 1.0
  },
  "9": {
    "validity_ratio": 0.5826388888888889,
    "below": 0,
    "above": 21.02761937495383,
    "turn_on_times": 0,
    "turn_on_ratio": 0.0
  },
  "10": {
    "validity_ratio": 0.58125,
    "below": 0,
    "above": 0,
    "turn_on_times": 0,
    "turn_on_ratio": 0
  }
}