{
  "1": {
    "validity_ratio": 0.5284722222222222,
    "below": 0,
    "above": 14.373589742401707,
    "turn_on_times": 0,
    "turn_on_ratio": 0
  },
  "2": {
    "validity_ratio": 0.5270833333333333,
    "below": -2.3954323392138903,
    "above": 0,
    "turn_on_times": 0,
    "turn_on_ratio": 0
  },
  "3": {
    "validity_ratio": 0.5256944444444445,
    "below": -4.09409480558649,
    "above": 3.881761810584372,
    "turn_on_times": 0,
    "turn_on_ratio": 0
  },
  "4": {
    "validity_ratio": 0.5305555555555556,
    "below": -0.5231705769954206,
    "above": 0.8883747157142838,
    "turn_on_times": 0,
    "turn_on_ratio": 0.0
  },
  "5": {
    "validity_ratio": 0.5305555555555556,
    "below": 0,
    "above": 1.8810647834991894,
    "turn_on_times": 0,
    "turn_on_ratio": 0.0
  },
  "6": {
    "validity_ratio": 0.5291666666666667,
    "below": 0,
    "above": 9.436562644540732,
    "turn_on_times": 0,
    "turn_on_ratio": 0.0
  },
  "7": {
    "validity_ratio": 0.5277777777777778,
    "below": -0.4993589439081547,
    "above": 0,
    "turn_on_times": 1,
    "turn_on_ratio": 1.0
  },
  "8": {
    "validity_ratio": 0.5298611111111111,
    "below": -3.924050052429671,
    "above": 0,
    "turn_on_times": 1,
    "turn_on_ratio": 1.0
  },
  "9": {
    "validity_ratio": 0.5270833333333333,
    "below": 0,
    "above": 15.044934982559367,
    "turn_on_times": 0,
    "turn_on_ratio": 0.0
  },
  "10": {
    "validity_ratio": 0.5256944444444445,
    "below": 0,
    "above": 0,
    "turn_on_times": 0,
    "turn_on_ratio": 0
  }
}