{
  "1": {
    "validity_ratio": 0.9298611111111111,
    "below": 0,
    "above": 18.57810353120225,
    "turn_on_times": 1,
    "turn_on_ratio": 0.3333333333333333
  },
  "2": {
    "validity_ratio": 0.9298611111111111,
    "below": -2.3949279380614996,
    "above": 5.444172630656489,
    "turn_on_times": 1,
    "turn_on_ratio": 0.3333333333333333
  },
  "3": {
    "validity_ratio": 0.9277777777777778,
    "below": -4.835930763258398,
    "above": 3.9283773480915998,
    "turn_on_times": 1,
    "turn_on_ratio": 0.3333333333333333
  },
  "4": {
    "validity_ratio": 0.9326388888888889,
    "below": -0.5229647976429478,
    "above": 6.188044258053454,
    "turn_on_times": 1,
    "turn_on_ratio": 0.2
  },
  "5": {
    "validity_ratio": 0.9270833333333334,
    "below": 0,
    "above": 2.3652517248889766,
    "turn_on_times": 1,
    "turn_on_ratio": 0.2
  },
  "6": {
    "validity_ratio": 0.9319444444444445,
    "below": 0,
    "above": 13.465721725148278,
    "turn_on_times": 1,
    "turn_on_ratio": 0.2
  },
  "7": {
    "validity_ratio": 0.9277777777777778,
    "below": -0.8321881256125917,
    "above": 5.350439938811144,
    "turn_on_times": 2,
    "turn_on_ratio": 0.4
  },
  "8": {
    "validity_ratio": 0.9326388888888889,
    "below": -4.908166594241445,
    "above": 0.13825694900275476,
    "turn_on_times": 4,
    "turn_on_ratio": 1.0
  },
  "9": {
    "validity_ratio": 0.9326388888888889,
    "below": 0,
    "above": 25.359566723053064,
    "turn_on_times": 0,
    "turn_on_ratio": 0.0
  },
  "10": {
    "validity_ratio": 0.9291666666666667,
    "below": 0,
    "above": 0,
    "turn_on_times": 0,
    "turn_on_ratio": 0
  }
}