{
  "1": {
    "validity_ratio": 0.8743055555555556,
    "below": 0,
    "above": 18.577823211404294,
    "turn_on_times": 1,
    "turn_on_ratio": 0.3333333333333333
  },
  "2": {
    "validity_ratio": 0.8743055555555556,
    "below": -2.3953094583372656,
    "above": 5.444231318573062,
    "turn_on_times": 1,
    "turn_on_ratio": 0.3333333333333333
  },
  "3": {
    "validity_ratio": 0.8722222222222222,
    "below": -4.836112189239387,
    "above": 3.9278347371367324,
    "turn_on_times": 1,
    "turn_on_ratio": 0.3333333333333333
  },
  "4": {
    "validity_ratio": 0.8770833333333333,
    "below": -0.5231204455730334,
    "above": 6.186995730714351,
    "turn_on_times": 1,
    "turn_on_ratio": 0.2
  },
  "5": {
    "validity_ratio": 0.8715277777777778,
    "below": 0,
    "above": 2.365237775987364,
    "turn_on_times": 1,
    "turn_on_ratio": 0.2
  },
  "6": {
    "validity_ratio": 0.8763888888888889,
    "below": 0,
    "above": 13.465373593505884,
    "turn_on_times": 1,
    "turn_on_ratio": 0.2
  },
  "7": {
    "validity_ratio": 0.8722222222222222,
    "below": -0.8321263528314566,
    "above": 5.34960401160273,
    "turn_on_times": 2,
    "turn_on_ratio": 0.4
  },
  "8": {
    "validity_ratio": 0.875,
    "below": -4.882897740600435,
    "above": 0.13826955890107684,
    "turn_on_times": 3,
    "turn_on_ratio": 1.0
  },
  "9": {
    "validity_ratio": 0.8715277777777778,
    "below": 0,
    "above": 24.771985127182024,
    "turn_on_times": 0,
    "turn_on_ratio": 0.0
  },
  "10": {
    "validity_ratio": 0.8743055555555556,
    "below": 0,
    "above": 0,
    "turn_on_times": 0,
    "turn_on_ratio": 0
  }
}