{
  "1": {
    "validity_ratio": 0.8541666666666666,
    "below": 0,
    "above": 18.577999101114905,
    "turn_on_times": 1,
    "turn_on_ratio": 0.3333333333333333
  },
  "2": {
    "validity_ratio": 0.8534722222222222,
    "below": -2.39507115731935,
    "above": 5.444194661569126,
    "turn_on_times": 1,
    "turn_on_ratio": 0.3333333333333333
  },
  "3": {
    "validity_ratio": 0.8513888888888889,
    "below": -4.835998868929321,
    "above": 3.928173656851074,
    "turn_on_times": 1,
    "turn_on_ratio": 0.3333333333333333
  },
  "4": {
    "validity_ratio": 0.85625,
    "below": -0.523023226466913,
    "above": 6.187650654144057,
    "turn_on_times": 1,
    "turn_on_ratio": 0.2
  },
  "5": {
    "validity_ratio": 0.8506944444444444,
    "below": 0,
    "above": 2.365250992355205,
    "turn_on_times": 1,
    "turn_on_ratio": 0.2
  },
  "6": {
    "validity_ratio": 0.8555555555555555,
    "below": 0,
    "above": 13.465593624724724,
    "turn_on_times": 1,
    "turn_on_ratio": 0.2
  },
  "7": {
    "validity_ratio": 0.8513888888888889,
    "below": -0.8321649366697446,
    "above": 5.350126139304256,
    "turn_on_times": 2,
    "turn_on_ratio": 0.4
  },
  "8": {
    "validity_ratio": 0.8541666666666666,
    "below": -4.8826043655329565,
    "above": 0.13826168264443528,
    "turn_on_times": 3,
    "turn_on_ratio": 1.0
  },
  "9": {
    "validity_ratio": 0.8506944444444444,
    "below": 0,
    "above": 24.77178998586993,
    "turn_on_times": 0,
    "turn_on_ratio": 0.0
  },
  "10": {
    "validity_ratio": 0.8534722222222222,
    "below": 0,
    "above": 0,
    "turn_on_times": 0,
    "turn_on_ratio": 0
  }
}