{
  "1": {
    "validity_ratio": 0.43194444444444446,
    "below": 0,
    "above": 13.2918325246705,
    "turn_on_times": 0,
    "turn_on_ratio": 0
  },
  "2": {
    "validity_ratio": 0.43680555555555556,
    "below": -2.3959359001080798,
    "above": 0,
    "turn_on_times": 0,
    "turn_on_ratio": 0
  },
  "3": {
    "validity_ratio": 0.4361111111111111,
    "below": -2.3743668697476665,
    "above": 3.881037492049361,
    "turn_on_times": 0,
    "turn_on_ratio": 0
  },
  "4": {
    "validity_ratio": 0.43333333333333335,
    "below": -0.523376013549731,
    "above": 0.6725182677437634,
    "turn_on_times": 0,
    "turn_on_ratio": 0.0
  },
  "5": {
    "validity_ratio": 0.43333333333333335,
    "below": 0,
    "above": 1.8805937483338562,
    "turn_on_times": 0,
    "turn_on_ratio": 0.0
  },
  "6": {
    "validity_ratio": 0.43194444444444446,
    "below": 0,
    "above": 8.055198484024553,
    "turn_on_times": 0,
    "turn_on_ratio": 0.0
  },
  "7": {
    "validity_ratio": 0.4305555555555556,
    "below": -0.49929360478553386,
    "above": 0,
    "turn_on_times": 1,
    "turn_on_ratio": 1.0
  },
  "8": {
    "validity_ratio": 0.4326388888888889,
    "below": -1.5359194473185547,
    "above": 0,
    "turn_on_times": 1,
    "turn_on_ratio": 1.0
  },
  "9": {
    "validity_ratio": 0.43680555555555556,
    "below": 0,
    "above": 5.710307890538077,
    "turn_on_times": 0,
    "turn_on_ratio": 0.0
  },
  "10": {
    "validity_ratio": 0.4354166666666667,
    "below": 0,
    "above": 0,
    "turn_on_times": 0,
    "turn_on_ratio": 0
  }
}