{
  "1": {
    "validity_ratio": 0.4597222222222222,
    "below": 0,
    "above": 13.292026574301763,
    "turn_on_times": 0,
    "turn_on_ratio": 0
  },
  "2": {
    "validity_ratio": 0.46458333333333335,
    "below": -2.394751812707836,
    "above": 0,
    "turn_on_times": 0,
    "turn_on_ratio": 0
  },
  "3": {
    "validity_ratio": 0.4638888888888889,
    "below": -2.9070604636790467,
    "above": 3.882740675241238,
    "turn_on_times": 0,
    "turn_on_ratio": 0
  },
  "4": {
    "validity_ratio": 0.46111111111111114,
    "below": -0.5228929441964216,
    "above": 0.6723662281009061,
    "turn_on_times": 0,
    "turn_on_ratio": 0.0
  },
  "5": {
    "validity_ratio": 0.46111111111111114,
    "below": 0,
    "above": 1.8816733912687231,
    "turn_on_times": 0,
    "turn_on_ratio": 0.0
  },
  "6": {
    "validity_ratio": 0.4597222222222222,
    "below": 0,
    "above": 8.303069833472485,
    "turn_on_times": 0,
    "turn_on_ratio": 0.0
  },
  "7": {
    "validity_ratio": 0.4583333333333333,
    "below": -0.49944724505572036,
    "above": 0,
    "turn_on_times": 1,
    "turn_on_ratio": 1.0
  },
  "8": {
    "validity_ratio": 0.46041666666666664,
    "below": -2.3234606008057765,
    "above": 0,
    "turn_on_times": 1,
    "turn_on_ratio": 1.0
  },
  "9": {
    "validity_ratio": 0.46458333333333335,
    "below": 0,
    "above": 8.49554194205386,
    "turn_on_times": 0,
    "turn_on_ratio": 0.0
  },
  "10": {
    "validity_ratio": 0.46319444444444446,
    "below": 0,
    "above": 0,
    "turn_on_times": 0,
    "turn_on_ratio": 0
  }
}