{
  "1": {
    "validity_ratio": 0.44583333333333336,
    "below": 0,
    "above": 13.292039822109457,
    "turn_on_times": 0,
    "turn_on_ratio": 0
  },
  "2": {
    "validity_ratio": 0.45069444444444445,
    "below": -2.3946528206477615,
    "above": 0,
    "turn_on_times": 0,
    "turn_on_ratio": 0
  },
  "3": {
    "validity_ratio": 0.45,
    "below": -2.640340313526879,
    "above": 3.882883064741213,
    "turn_on_times": 0,
    "turn_on_ratio": 0
  },
  "4": {
    "validity_ratio": 0.44722222222222224,
    "below": -0.5228525586383689,
    "above": 0.6723535172845794,
    "turn_on_times": 0,
    "turn_on_ratio": 0.0
  },
  "5": {
    "validity_ratio": 0.44722222222222224,
    "below": 0,
    "above": 1.8817592439681132,
    "turn_on_times": 0,
    "turn_on_ratio": 0.0
  },
  "6": {
    "validity_ratio": 0.44583333333333336,
    "below": 0,
    "above": 8.115961723390921,
    "turn_on_times": 0,
    "turn_on_ratio": 0.0
  },
  "7": {
    "validity_ratio": 0.4444444444444444,
    "below": -0.49946008968767264,
    "above": 0,
    "turn_on_times": 1,
    "turn_on_ratio": 1.0
  },
  "8": {
    "validity_ratio": 0.4465277777777778,
    "below": -1.9481285973097149,
    "above": 0,
    "turn_on_times": 1,
    "turn_on_ratio": 1.0
  },
  "9": {
    "validity_ratio": 0.45069444444444445,
    "below": 0,
    "above": 7.083772059088116,
    "turn_on_times": 0,
    "turn_on_ratio": 0.0
  },
  "10": {
    "validity_ratio": 0.44930555555555557,
    "below": 0,
    "above": 0,
    "turn_on_times": 0,
    "turn_on_ratio": 0
  }
}