{
  "1": {
    "validity_ratio": 0.4041666666666667,
    "below": 0,
    "above": 13.291871974808426,
    "turn_on_times": 0,
    "turn_on_ratio": 0
  },
  "2": {
    "validity_ratio": 0.40902777777777777,
    "below": -2.395724559670363,
    "above": 0,
    "turn_on_times": 0,
    "turn_on_ratio": 0
  },
  "3": {
    "validity_ratio": 0.4083333333333333,
    "below": -1.8409193532846087,
    "above": 3.8813414826848596,
    "turn_on_times": 0,
    "turn_on_ratio": 0
  },
  "4": {
    "validity_ratio": 0.40555555555555556,
    "below": -0.5232897934881414,
    "above": 0.6724911311281173,
    "turn_on_times": 0,
    "turn_on_ratio": 0.0
  },
  "5": {
    "validity_ratio": 0.40555555555555556,
    "below": 0,
    "above": 1.8807935810792493,
    "turn_on_times": 0,
    "turn_on_ratio": 0.0
  },
  "6": {
    "validity_ratio": 0.4041666666666667,
    "below": 0,
    "above": 7.5342967969680394,
    "turn_on_times": 0,
    "turn_on_ratio": 0.0
  },
  "7": {
    "validity_ratio": 0.40902777777777777,
    "below": -0.4993210270872538,
    "above": 0,
    "turn_on_times": 1,
    "turn_on_ratio": 1.0
  },
  "8": {
    "validity_ratio": 0.4048611111111111,
    "below": -0.9269674435754078,
    "above": 0,
    "turn_on_times": 1,
    "turn_on_ratio": 1.0
  },
  "9": {
    "validity_ratio": 0.40902777777777777,
    "below": 0,
    "above": 3.023347914392636,
    "turn_on_times": 0,
    "turn_on_ratio": 0.0
  },
  "10": {
    "validity_ratio": 0.4076388888888889,
    "below": 0,
    "above": 0,
    "turn_on_times": 0,
    "turn_on_ratio": 0
  }
}