{
  "1": {
    "validity_ratio": 0.5083333333333333,
    "below": 0,
    "above": 13.84187877728224,
    "turn_on_times": 0,
    "turn_on_ratio": 0
  },
  "2": {
    "validity_ratio": 0.50625,
    "below": -2.3956869426186618,
    "above": 0,
    "turn_on_times": 0,
    "turn_on_ratio": 0
  },
  "3": {
    "validity_ratio": 0.5048611111111111,
    "below": -3.6942323628562224,
    "above": 3.881395590793916,
    "turn_on_times": 0,
    "turn_on_ratio": 0
  },
  "4": {
    "validity_ratio": 0.5097222222222222,
    "below": -0.523274446947982,
    "above": 0.6724863010090697,
    "turn_on_times": 0,
    "turn_on_ratio": 0.0
  },
  "5": {
    "validity_ratio": 0.5097222222222222,
    "below": 0,
    "above": 1.8808288248650407,
    "turn_on_times": 0,
    "turn_on_ratio": 0.0
  },
  "6": {
    "validity_ratio": 0.5083333333333333,
    "below": 0,
    "above": 9.095511518298043,
    "turn_on_times": 0,
    "turn_on_ratio": 0.0
  },
  "7": {
    "validity_ratio": 0.5069444444444444,
    "below": -0.4993259080563325,
    "above": 0,
    "turn_on_times": 1,
    "turn_on_ratio": 1.0
  },
  "8": {
    "validity_ratio": 0.5090277777777777,
    "below": -3.492426456973167,
    "above": 0,
    "turn_on_times": 1,
    "turn_on_ratio": 1.0
  },
  "9": {
    "validity_ratio": 0.50625,
    "below": 0,
    "above": 12.802087603809678,
    "turn_on_times": 0,
    "turn_on_ratio": 0.0
  },
  "10": {
    "validity_ratio": 0.5048611111111111,
    "below": 0,
    "above": 0,
    "turn_on_times": 0,
    "turn_on_ratio": 0
  }
}