{
  "1": {
    "validity_ratio": 0.4527777777777778,
    "below": 0,
    "above": 13.291925180282648,
    "turn_on_times": 0,
    "turn_on_ratio": 0
  },
  "2": {
    "validity_ratio": 0.4576388888888889,
    "below": -2.3954197921614075,
    "above": 0,
    "turn_on_times": 0,
    "turn_on_ratio": 0
  },
  "3": {
    "validity_ratio": 0.45694444444444443,
    "below": -2.774088026657977,
    "above": 3.8817798581785716,
    "turn_on_times": 0,
    "turn_on_ratio": 0
  },
  "4": {
    "validity_ratio": 0.45416666666666666,
    "below": -0.5231654582039126,
    "above": 0.6724519982539676,
    "turn_on_times": 0,
    "turn_on_ratio": 0.0
  },
  "5": {
    "validity_ratio": 0.45416666666666666,
    "below": 0,
    "above": 1.8810762954053608,
    "turn_on_times": 0,
    "turn_on_ratio": 0.0
  },
  "6": {
    "validity_ratio": 0.4527777777777778,
    "below": 0,
    "above": 8.198338077725959,
    "turn_on_times": 0,
    "turn_on_ratio": 0.0
  },
  "7": {
    "validity_ratio": 0.4513888888888889,
    "below": -0.49936057194045463,
    "above": 0,
    "turn_on_times": 1,
    "turn_on_ratio": 1.0
  },
  "8": {
    "validity_ratio": 0.4534722222222222,
    "below": -2.1384000828719403,
    "above": 0,
    "turn_on_times": 1,
    "turn_on_ratio": 1.0
  },
  "9": {
    "validity_ratio": 0.4576388888888889,
    "below": 0,
    "above": 7.786803865459107,
    "turn_on_times": 0,
    "turn_on_ratio": 0.0
  },
  "10": {
    "validity_ratio": 0.45625,
    "below": 0,
    "above": 0,
    "turn_on_times": 0,
    "turn_on_ratio": 0
  }
}