{
  "1": {
    "validity_ratio": 0.4666666666666667,
    "below": 0,
    "above": 13.291970921395551,
    "turn_on_times": 0,
    "turn_on_ratio": 0
  },
  "2": {
    "validity_ratio": 0.47152777777777777,
    "below": -2.3951352872726894,
    "above": 0,
    "turn_on_times": 0,
    "turn_on_ratio": 0
  },
  "3": {
    "validity_ratio": 0.4708333333333333,
    "below": -3.0406009808644585,
    "above": 3.8821890880583725,
    "turn_on_times": 0,
    "turn_on_ratio": 0
  },
  "4": {
    "validity_ratio": 0.46805555555555556,
    "below": -0.5230493894132311,
    "above": 0.6724154671485245,
    "turn_on_times": 0,
    "turn_on_ratio": 0.0
  },
  "5": {
    "validity_ratio": 0.46805555555555556,
    "below": 0,
    "above": 1.8813343955965889,
    "turn_on_times": 0,
    "turn_on_ratio": 0.0
  },
  "6": {
    "validity_ratio": 0.4666666666666667,
    "below": 0,
    "above": 8.415015695796043,
    "turn_on_times": 0,
    "turn_on_ratio": 0.0
  },
  "7": {
    "validity_ratio": 0.4652777777777778,
    "below": -0.4993974876343158,
    "above": 0,
    "turn_on_times": 1,
    "turn_on_ratio": 1.0
  },
  "8": {
    "validity_ratio": 0.4673611111111111,
    "below": -2.504963786047865,
    "above": 0,
    "turn_on_times": 1,
    "turn_on_ratio": 1.0
  },
  "9": {
    "validity_ratio": 0.47152777777777777,
    "below": 0,
    "above": 9.20875948332596,
    "turn_on_times": 0,
    "turn_on_ratio": 0.0
  },
  "10": {
    "validity_ratio": 0.4701388888888889,
    "below": 0,
    "above": 0,
    "turn_on_times": 0,
    "turn_on_ratio": 0
  }
}