{
  "1": {
    "validity_ratio": 0.4111111111111111,
    "below": 0,
    "above": 13.292041559071908,
    "turn_on_times": 0,
    "turn_on_ratio": 0
  },
  "2": {
    "validity_ratio": 0.40902777777777777,
    "below": -2.3946395814153534,
    "above": 0,
    "turn_on_times": 0,
    "turn_on_ratio": 0
  },
  "3": {
    "validity_ratio": 0.4083333333333333,
    "below": -1.8403331606270013,
    "above": 3.8829021079622685,
    "turn_on_times": 0,
    "turn_on_ratio": 0
  },
  "4": {
    "validity_ratio": 0.4125,
    "below": -0.5228471574598429,
    "above": 0.6723518173356001,
    "turn_on_times": 0,
    "turn_on_ratio": 0.0
  },
  "5": {
    "validity_ratio": 0.4125,
    "below": 0,
    "above": 1.881770674376486,
    "turn_on_times": 0,
    "turn_on_ratio": 0.0
  },
  "6": {
    "validity_ratio": 0.4111111111111111,
    "below": 0,
    "above": 7.778851299491448,
    "turn_on_times": 0,
    "turn_on_ratio": 0.0
  },
  "7": {
    "validity_ratio": 0.40902777777777777,
    "below": -0.49946180753319996,
    "above": 0,
    "turn_on_times": 1,
    "turn_on_ratio": 1.0
  },
  "8": {
    "validity_ratio": 0.41180555555555554,
    "below": -1.0101824700254658,
    "above": 0,
    "turn_on_times": 1,
    "turn_on_ratio": 1.0
  },
  "9": {
    "validity_ratio": 0.40902777777777777,
    "below": 0,
    "above": 3.021396248527285,
    "turn_on_times": 0,
    "turn_on_ratio": 0.0
  },
  "10": {
    "validity_ratio": 0.4076388888888889,
    "below": 0,
    "above": 0,
    "turn_on_times": 0,
    "turn_on_ratio": 0
  }
}