{
  "1": {
    "validity_ratio": 0.29444444444444445,
    "below": 0,
    "above": 0,
    "turn_on_times": 0,
    "turn_on_ratio": 0
  },
  "2": {
    "validity_ratio": 0.2951388888888889,
    "below": 0,
    "above": 0,
    "turn_on_times": 0,
    "turn_on_ratio": 0
  },
  "3": {
    "validity_ratio": 0.29305555555555557,
    "below": 0,
    "above": 11.887766424934362,
    "turn_on_times": 0,
    "turn_on_ratio": 0.0
  },
  "4": {
    "validity_ratio": 0.2965277777777778,
    "below": 0,
    "above": 9.61591687817537,
    "turn_on_times": 0,
    "turn_on_ratio": 0.0
  },
  "5": {
    "validity_ratio": 0.29305555555555557,
    "below": -3.3338696154164893,
    "above": 0.39648945926229257,
    "turn_on_times": 0,
    "turn_on_ratio": 0.0
  },
  "6": {
    "validity_ratio": 0.2951388888888889,
    "below": 0,
    "above": 0,
    "turn_on_times": 0,
    "turn_on_ratio": 0
  },
  "7": {
    "validity_ratio": 0.29444444444444445,
    "below": 0,
    "above": 0,
    "turn_on_times": 0,
    "turn_on_ratio": 0
  },
  "8": {
    "validity_ratio": 0.2951388888888889,
    "below": 0,
    "above": 0,
    "turn_on_times": 0,
    "turn_on_ratio": 0
  },
  "9": {
    "validity_ratio": 0.29444444444444445,
    "below": 0,
    "above": 0,
    "turn_on_times": 0,
    "turn_on_ratio": 0
  },
  "10": {
    "validity_ratio": 0.2972222222222222,
    "below": -0.9205799083372743,
    "above": 0.03535647359297037,
    "turn_on_times": 2,
    "turn_on_ratio": 1.0
  },
  "12": {
    "validity_ratio": 0.2951388888888889,
    "below": -1.7662064291130553,
    "above": 0,
    "turn_on_times": 1,
    "turn_on_ratio": 1.0
  },
  "13": {
    "validity_ratio": 0.0,
    "below": 0,
    "above": 0,
    "turn_on_times": 0,
    "turn_on_ratio": 0
  }
}