{
  "1": {
    "validity_ratio": 0.9159722222222222,
    "below": -2.6906063244202856,
    "above": 23.461785067380294,
    "turn_on_times": 0,
    "turn_on_ratio": 0.0
  },
  "2": {
    "validity_ratio": 0.9131944444444444,
    "below": -4.190508293970592,
    "above": 23.125068901782562,
    "turn_on_times": 0,
    "turn_on_ratio": 0.0
  },
  "3": {
    "validity_ratio": 0.9159722222222222,
    "below": 0,
    "above": 78.76093216204866,
    "turn_on_times": 0,
    "turn_on_ratio": 0.0
  },
  "4": {
    "validity_ratio": 0.91875,
    "below": -0.2587638128424912,
    "above": 10.05227767544523,
    "turn_on_times": 0,
    "turn_on_ratio": 0.0
  },
  "5": {
    "validity_ratio": 0.91875,
    "below": -10.340652710704973,
    "above": 9.311429124584283,
    "turn_on_times": 0,
    "turn_on_ratio": 0.0
  },
  "6": {
    "validity_ratio": 0.9131944444444444,
    "below": 0,
    "above": 15.231360454910746,
    "turn_on_times": 0,
    "turn_on_ratio": 0.0
  },
  "7": {
    "validity_ratio": 0.9173611111111111,
    "below": -12.219039371578445,
    "above": 11.040461161018515,
    "turn_on_times": 1,
    "turn_on_ratio": 1.0
  },
  "8": {
    "validity_ratio": 0.9159722222222222,
    "below": -0.008479413736666667,
    "above": 0,
    "turn_on_times": 2,
    "turn_on_ratio": 1.0
  },
  "9": {
    "validity_ratio": 0.91875,
    "below": 0,
    "above": 0.8912204152892987,
    "turn_on_times": 0,
    "turn_on_ratio": 0.0
  },
  "10": {
    "validity_ratio": 0.91875,
    "below": -8.278302903492353,
    "above": 0.059106964972537535,
    "turn_on_times": 3,
    "turn_on_ratio": 1.0
  },
  "12": {
    "validity_ratio": 0.9131944444444444,
    "below": -1.766192901871523,
    "above": 82.37922088286251,
    "turn_on_times": 1,
    "turn_on_ratio": 1.0
  },
  "13": {
    "validity_ratio": 0.0,
    "below": 0,
    "above": 0,
    "turn_on_times": 0,
    "turn_on_ratio": 0.0
  }
}