{
  "1": {
    "validity_ratio": 0.5430555555555555,
    "below": 0,
    "above": 12.874821954056769,
    "turn_on_times": 0,
    "turn_on_ratio": 0
  },
  "2": {
    "validity_ratio": 0.5451388888888888,
    "below": 0,
    "above": 11.423138289943433,
    "turn_on_times": 0,
    "turn_on_ratio": 0
  },
  "3": {
    "validity_ratio": 0.5423611111111111,
    "below": 0,
    "above": 31.95391953406131,
    "turn_on_times": 0,
    "turn_on_ratio": 0.0
  },
  "4": {
    "validity_ratio": 0.5465277777777777,
    "below": 0,
    "above": 9.924137532926776,
    "turn_on_times": 0,
    "turn_on_ratio": 0.0
  },
  "5": {
    "validity_ratio": 0.5444444444444444,
    "below": -7.34215133364284,
    "above": 3.6662436652240533,
    "turn_on_times": 0,
    "turn_on_ratio": 0.0
  },
  "6": {
    "validity_ratio": 0.5451388888888888,
    "below": 0,
    "above": 6.866055504725453,
    "turn_on_times": 0,
    "turn_on_ratio": 0
  },
  "7": {
    "validity_ratio": 0.5451388888888888,
    "below": 0,
    "above": 4.131073290341881,
    "turn_on_times": 0,
    "turn_on_ratio": 0
  },
  "8": {
    "validity_ratio": 0.5479166666666667,
    "below": -0.008479935353333386,
    "above": 0,
    "turn_on_times": 2,
    "turn_on_ratio": 1.0
  },
  "9": {
    "validity_ratio": 0.5444444444444444,
    "below": 0,
    "above": 0.6065878031574563,
    "turn_on_times": 0,
    "turn_on_ratio": 0.0
  },
  "10": {
    "validity_ratio": 0.5472222222222223,
    "below": -0.9205160843462361,
    "above": 0.03551240864981276,
    "turn_on_times": 2,
    "turn_on_ratio": 1.0
  },
  "12": {
    "validity_ratio": 0.5451388888888888,
    "below": -1.7662797332647924,
    "above": 26.6422948815467,
    "turn_on_times": 1,
    "turn_on_ratio": 1.0
  },
  "13": {
    "validity_ratio": 0.0,
    "below": 0,
    "above": 0,
    "turn_on_times": 0,
    "turn_on_ratio": 0
  }
}