{
  "1": {
    "validity_ratio": 0.6326388888888889,
    "below": 0,
    "above": 15.255961949041946,
    "turn_on_times": 0,
    "turn_on_ratio": 0.0
  },
  "2": {
    "validity_ratio": 0.6284722222222222,
    "below": 0,
    "above": 13.92417439771874,
    "turn_on_times": 0,
    "turn_on_ratio": 0.0
  },
  "3": {
    "validity_ratio": 0.6319444444444444,
    "below": 0,
    "above": 43.54060231637598,
    "turn_on_times": 0,
    "turn_on_ratio": 0.0
  },
  "4": {
    "validity_ratio": 0.6340277777777777,
    "below": -0.25871977068925534,
    "above": 10.02227132455655,
    "turn_on_times": 0,
    "turn_on_ratio": 0.0
  },
  "5": {
    "validity_ratio": 0.6347222222222222,
    "below": -8.37700725901651,
    "above": 3.666263053956278,
    "turn_on_times": 0,
    "turn_on_ratio": 0.0
  },
  "6": {
    "validity_ratio": 0.6284722222222222,
    "below": 0,
    "above": 7.736449515977714,
    "turn_on_times": 0,
    "turn_on_ratio": 0.0
  },
  "7": {
    "validity_ratio": 0.6340277777777777,
    "below": -3.1264267753293646,
    "above": 4.1310660968741395,
    "turn_on_times": 1,
    "turn_on_ratio": 1.0
  },
  "8": {
    "validity_ratio": 0.63125,
    "below": -0.008479910575833334,
    "above": 0,
    "turn_on_times": 2,
    "turn_on_ratio": 1.0
  },
  "9": {
    "validity_ratio": 0.6347222222222222,
    "below": 0,
    "above": 0.8913084285530738,
    "turn_on_times": 0,
    "turn_on_ratio": 0.0
  },
  "10": {
    "validity_ratio": 0.6305555555555555,
    "below": -1.1674371387472404,
    "above": 0.03550430932234742,
    "turn_on_times": 3,
    "turn_on_ratio": 1.0
  },
  "12": {
    "validity_ratio": 0.6284722222222222,
    "below": -1.766275609066044,
    "above": 40.774245127621,
    "turn_on_times": 1,
    "turn_on_ratio": 1.0
  },
  "13": {
    "validity_ratio": 0.0,
    "below": 0,
    "above": 0,
    "turn_on_times": 0,
    "turn_on_ratio": 0.0
  }
}