{
  "1": {
    "validity_ratio": 0.5569444444444445,
    "below": 0,
    "above": 12.874821998370008,
    "turn_on_times": 0,
    "turn_on_ratio": 0
  },
  "2": {
    "validity_ratio": 0.5590277777777778,
    "below": 0,
    "above": 11.423138336990528,
    "turn_on_times": 0,
    "turn_on_ratio": 0
  },
  "3": {
    "validity_ratio": 0.55625,
    "below": 0,
    "above": 33.53777051388551,
    "turn_on_times": 0,
    "turn_on_ratio": 0.0
  },
  "4": {
    "validity_ratio": 0.5604166666666667,
    "below": 0,
    "above": 9.92413793057846,
    "turn_on_times": 0,
    "turn_on_ratio": 0.0
  },
  "5": {
    "validity_ratio": 0.5583333333333333,
    "below": -7.642144480435732,
    "above": 3.6662335871001948,
    "turn_on_times": 0,
    "turn_on_ratio": 0.0
  },
  "6": {
    "validity_ratio": 0.5590277777777778,
    "below": 0,
    "above": 6.866060754668087,
    "turn_on_times": 0,
    "turn_on_ratio": 0
  },
  "7": {
    "validity_ratio": 0.5590277777777778,
    "below": 0,
    "above": 4.131077029454785,
    "turn_on_times": 0,
    "turn_on_ratio": 0
  },
  "8": {
    "validity_ratio": 0.5618055555555556,
    "below": -0.008479948232500038,
    "above": 0,
    "turn_on_times": 2,
    "turn_on_ratio": 1.0
  },
  "9": {
    "validity_ratio": 0.5583333333333333,
    "below": 0,
    "above": 0.8383664376601028,
    "turn_on_times": 0,
    "turn_on_ratio": 0.0
  },
  "10": {
    "validity_ratio": 0.5611111111111111,
    "below": -0.9205142177026923,
    "above": 0.03551658685203839,
    "turn_on_times": 2,
    "turn_on_ratio": 1.0
  },
  "12": {
    "validity_ratio": 0.5590277777777778,
    "below": -1.7662818769775326,
    "above": 28.880033954399295,
    "turn_on_times": 1,
    "turn_on_ratio": 1.0
  },
  "13": {
    "validity_ratio": 0.0,
    "below": 0,
    "above": 0,
    "turn_on_times": 0,
    "turn_on_ratio": 0
  }
}