{
  "1": {
    "validity_ratio": 0.8611111111111112,
    "below": -1.5694040574911194,
    "above": 23.461432488927915,
    "turn_on_times": 0,
    "turn_on_ratio": 0.0
  },
  "2": {
    "validity_ratio": 0.8576388888888888,
    "below": -3.3386339143389634,
    "above": 23.07013461133331,
    "turn_on_times": 0,
    "turn_on_ratio": 0.0
  },
  "3": {
    "validity_ratio": 0.8611111111111112,
    "below": 0,
    "above": 72.74961618018897,
    "turn_on_times": 0,
    "turn_on_ratio": 0.0
  },
  "4": {
    "validity_ratio": 0.8631944444444445,
    "below": -0.25877894552503067,
    "above": 10.022534513839675,
    "turn_on_times": 0,
    "turn_on_ratio": 0.0
  },
  "5": {
    "validity_ratio": 0.8638888888888889,
    "below": -9.860760917089785,
    "above": 6.040213766898753,
    "turn_on_times": 0,
    "turn_on_ratio": 0.0
  },
  "6": {
    "validity_ratio": 0.8576388888888888,
    "below": 0,
    "above": 13.832012611461995,
    "turn_on_times": 0,
    "turn_on_ratio": 0.0
  },
  "7": {
    "validity_ratio": 0.8576388888888888,
    "below": -9.290698978870417,
    "above": 10.613478120435586,
    "turn_on_times": 1,
    "turn_on_ratio": 1.0
  },
  "8": {
    "validity_ratio": 0.8604166666666667,
    "below": -0.008479243024999998,
    "above": 0,
    "turn_on_times": 2,
    "turn_on_ratio": 1.0
  },
  "9": {
    "validity_ratio": 0.8638888888888889,
    "below": 0,
    "above": 0.8911887254007484,
    "turn_on_times": 0,
    "turn_on_ratio": 0.0
  },
  "10": {
    "validity_ratio": 0.8597222222222223,
    "below": -7.966084215038071,
    "above": 0.035255823687717514,
    "turn_on_times": 3,
    "turn_on_ratio": 1.0
  },
  "12": {
    "validity_ratio": 0.8576388888888888,
    "below": -1.7661644802589063,
    "above": 73.176673858097,
    "turn_on_times": 1,
    "turn_on_ratio": 1.0
  },
  "13": {
    "validity_ratio": 0.0,
    "below": 0,
    "above": 0,
    "turn_on_times": 0,
    "turn_on_ratio": 0.0
  }
}