{
  "1": {
    "validity_ratio": 0.9368055555555556,
    "below": -3.040566495978249,
    "above": 23.462353811703508,
    "turn_on_times": 0,
    "turn_on_ratio": 0.0
  },
  "2": {
    "validity_ratio": 0.9340277777777778,
    "below": -4.454815795684972,
    "above": 23.12647484554629,
    "turn_on_times": 0,
    "turn_on_ratio": 0.0
  },
  "3": {
    "validity_ratio": 0.9368055555555556,
    "below": 0,
    "above": 81.0614042148916,
    "turn_on_times": 0,
    "turn_on_ratio": 0.0
  },
  "4": {
    "validity_ratio": 0.9395833333333333,
    "below": -0.2587394023113556,
    "above": 10.051374190799237,
    "turn_on_times": 0,
    "turn_on_ratio": 0.0
  },
  "5": {
    "validity_ratio": 0.9395833333333333,
    "below": -10.340478162978998,
    "above": 12.863320232188558,
    "turn_on_times": 0,
    "turn_on_ratio": 0.0
  },
  "6": {
    "validity_ratio": 0.9340277777777778,
    "below": 0,
    "above": 15.74343046524039,
    "turn_on_times": 0,
    "turn_on_ratio": 0.0
  },
  "7": {
    "validity_ratio": 0.9381944444444444,
    "below": -12.970790291975078,
    "above": 11.041298535578823,
    "turn_on_times": 1,
    "turn_on_ratio": 1.0
  },
  "8": {
    "validity_ratio": 0.9368055555555556,
    "below": -0.008479689111666685,
    "above": 0,
    "turn_on_times": 2,
    "turn_on_ratio": 1.0
  },
  "9": {
    "validity_ratio": 0.9395833333333333,
    "below": 0,
    "above": 0.891269972381355,
    "turn_on_times": 0,
    "turn_on_ratio": 0.0
  },
  "10": {
    "validity_ratio": 0.9333333333333333,
    "below": -8.278135636533566,
    "above": 0.05869986933404324,
    "turn_on_times": 3,
    "turn_on_ratio": 1.0
  },
  "12": {
    "validity_ratio": 0.9340277777777778,
    "below": -1.7662387446818777,
    "above": 85.82688903183133,
    "turn_on_times": 1,
    "turn_on_ratio": 1.0
  },
  "13": {
    "validity_ratio": 0.0,
    "below": 0,
    "above": 0,
    "turn_on_times": 0,
    "turn_on_ratio": 0.0
  }
}