{
  "1": {
    "validity_ratio": 0.4465277777777778,
    "below": 0,
    "above": 6.557186820645164,
    "turn_on_times": 0,
    "turn_on_ratio": 0
  },
  "2": {
    "validity_ratio": 0.4409722222222222,
    "below": 0,
    "above": 5.749120660560083,
    "turn_on_times": 0,
    "turn_on_ratio": 0
  },
  "3": {
    "validity_ratio": 0.44513888888888886,
    "below": 0,
    "above": 21.220230472305776,
    "turn_on_times": 0,
    "turn_on_ratio": 0.0
  },
  "4": {
    "validity_ratio": 0.4423611111111111,
    "below": 0,
    "above": 9.924130255244746,
    "turn_on_times": 0,
    "turn_on_ratio": 0.0
  },
  "5": {
    "validity_ratio": 0.44722222222222224,
    "below": -5.109367139782813,
    "above": 3.6664281115191337,
    "turn_on_times": 0,
    "turn_on_ratio": 0.0
  },
  "6": {
    "validity_ratio": 0.4409722222222222,
    "below": 0,
    "above": 3.659064415504593,
    "turn_on_times": 0,
    "turn_on_ratio": 0
  },
  "7": {
    "validity_ratio": 0.44722222222222224,
    "below": 0,
    "above": 2.2240203859811385,
    "turn_on_times": 0,
    "turn_on_ratio": 0
  },
  "8": {
    "validity_ratio": 0.4409722222222222,
    "below": 0,
    "above": 0,
    "turn_on_times": 0,
    "turn_on_ratio": 0
  },
  "9": {
    "validity_ratio": 0.44722222222222224,
    "below": 0,
    "above": 0,
    "turn_on_times": 0,
    "turn_on_ratio": 0
  },
  "10": {
    "validity_ratio": 0.44305555555555554,
    "below": -0.920550247002974,
    "above": 0.03543210226961032,
    "turn_on_times": 2,
    "turn_on_ratio": 1.0
  },
  "12": {
    "validity_ratio": 0.4409722222222222,
    "below": -1.7662404978314319,
    "above": 10.229447483550356,
    "turn_on_times": 1,
    "turn_on_ratio": 1.0
  },
  "13": {
    "validity_ratio": 0.0,
    "below": 0,
    "above": 0,
    "turn_on_times": 0,
    "turn_on_ratio": 0
  }
}