{
  "1": {
    "validity_ratio": 0.5708333333333333,
    "below": 0,
    "above": 12.87482044304848,
    "turn_on_times": 0,
    "turn_on_ratio": 0
  },
  "2": {
    "validity_ratio": 0.5659722222222222,
    "below": 0,
    "above": 11.423136681873018,
    "turn_on_times": 0,
    "turn_on_ratio": 0
  },
  "3": {
    "validity_ratio": 0.5701388888888889,
    "below": 0,
    "above": 35.1876932690582,
    "turn_on_times": 0,
    "turn_on_ratio": 0.0
  },
  "4": {
    "validity_ratio": 0.5673611111111111,
    "below": 0,
    "above": 9.924123973660263,
    "turn_on_times": 0,
    "turn_on_ratio": 0.0
  },
  "5": {
    "validity_ratio": 0.5722222222222222,
    "below": -7.926334243874448,
    "above": 3.6665873126193063,
    "turn_on_times": 0,
    "turn_on_ratio": 0.0
  },
  "6": {
    "validity_ratio": 0.5659722222222222,
    "below": 0,
    "above": 6.8658764877825025,
    "turn_on_times": 0,
    "turn_on_ratio": 0
  },
  "7": {
    "validity_ratio": 0.5659722222222222,
    "below": 0,
    "above": 4.130945792761235,
    "turn_on_times": 0,
    "turn_on_ratio": 0
  },
  "8": {
    "validity_ratio": 0.56875,
    "below": -0.008479496195000043,
    "above": 0,
    "turn_on_times": 2,
    "turn_on_ratio": 1.0
  },
  "9": {
    "validity_ratio": 0.5722222222222222,
    "below": 0,
    "above": 0.8912354569304984,
    "turn_on_times": 0,
    "turn_on_ratio": 0.0
  },
  "10": {
    "validity_ratio": 0.5680555555555555,
    "below": -0.920579733811236,
    "above": 0.035356934637213296,
    "turn_on_times": 2,
    "turn_on_ratio": 1.0
  },
  "12": {
    "validity_ratio": 0.5659722222222222,
    "below": -1.7662066295801226,
    "above": 30.015612125468905,
    "turn_on_times": 1,
    "turn_on_ratio": 1.0
  },
  "13": {
    "validity_ratio": 0.0,
    "below": 0,
    "above": 0,
    "turn_on_times": 0,
    "turn_on_ratio": 0
  }
}