{
  "1": {
    "validity_ratio": 0.35625,
    "below": 0,
    "above": 1.3569137651612906,
    "turn_on_times": 0,
    "turn_on_ratio": 0
  },
  "2": {
    "validity_ratio": 0.3576388888888889,
    "below": 0,
    "above": 1.2424027845634413,
    "turn_on_times": 0,
    "turn_on_ratio": 0
  },
  "3": {
    "validity_ratio": 0.35555555555555557,
    "below": 0,
    "above": 13.47514012091118,
    "turn_on_times": 0,
    "turn_on_ratio": 0.0
  },
  "4": {
    "validity_ratio": 0.3590277777777778,
    "below": 0,
    "above": 9.924119365531995,
    "turn_on_times": 0,
    "turn_on_ratio": 0.0
  },
  "5": {
    "validity_ratio": 0.35625,
    "below": -3.613928702034647,
    "above": 0.5075186470528212,
    "turn_on_times": 0,
    "turn_on_ratio": 0.0
  },
  "6": {
    "validity_ratio": 0.3576388888888889,
    "below": 0,
    "above": 0.8579395199751165,
    "turn_on_times": 0,
    "turn_on_ratio": 0
  },
  "7": {
    "validity_ratio": 0.35694444444444445,
    "below": 0,
    "above": 0.5238426619354833,
    "turn_on_times": 0,
    "turn_on_ratio": 0
  },
  "8": {
    "validity_ratio": 0.3576388888888889,
    "below": 0,
    "above": 0,
    "turn_on_times": 0,
    "turn_on_ratio": 0
  },
  "9": {
    "validity_ratio": 0.35694444444444445,
    "below": 0,
    "above": 0,
    "turn_on_times": 0,
    "turn_on_ratio": 0
  },
  "10": {
    "validity_ratio": 0.3597222222222222,
    "below": -0.9206013651360865,
    "above": 0.03529834391207641,
    "turn_on_times": 2,
    "turn_on_ratio": 1.0
  },
  "12": {
    "validity_ratio": 0.3576388888888889,
    "below": -1.7661817823033792,
    "above": 0.02588562496972317,
    "turn_on_times": 1,
    "turn_on_ratio": 1.0
  },
  "13": {
    "validity_ratio": 0.0,
    "below": 0,
    "above": 0,
    "turn_on_times": 0,
    "turn_on_ratio": 0
  }
}