{
  "1": {
    "validity_ratio": 0.6118055555555556,
    "below": 0,
    "above": 13.855988743767753,
    "turn_on_times": 0,
    "turn_on_ratio": 0.0
  },
  "2": {
    "validity_ratio": 0.6145833333333334,
    "below": 0,
    "above": 12.723950606933991,
    "turn_on_times": 0,
    "turn_on_ratio": 0.0
  },
  "3": {
    "validity_ratio": 0.6118055555555556,
    "below": 0,
    "above": 40.59277537149674,
    "turn_on_times": 0,
    "turn_on_ratio": 0.0
  },
  "4": {
    "validity_ratio": 0.6131944444444445,
    "below": -0.25871723456471385,
    "above": 10.022260044748311,
    "turn_on_times": 0,
    "turn_on_ratio": 0.0
  },
  "5": {
    "validity_ratio": 0.6138888888888889,
    "below": -8.376988226866166,
    "above": 3.666240666240446,
    "turn_on_times": 0,
    "turn_on_ratio": 0.0
  },
  "6": {
    "validity_ratio": 0.6145833333333334,
    "below": 0,
    "above": 7.345788541922364,
    "turn_on_times": 0,
    "turn_on_ratio": 0.0
  },
  "7": {
    "validity_ratio": 0.6125,
    "below": -1.3364535809792855,
    "above": 4.131074403003171,
    "turn_on_times": 1,
    "turn_on_ratio": 1.0
  },
  "8": {
    "validity_ratio": 0.6173611111111111,
    "below": -0.008479939185833334,
    "above": 0,
    "turn_on_times": 2,
    "turn_on_ratio": 1.0
  },
  "9": {
    "validity_ratio": 0.6138888888888889,
    "below": 0,
    "above": 0.8913133055721706,
    "turn_on_times": 0,
    "turn_on_ratio": 0.0
  },
  "10": {
    "validity_ratio": 0.6166666666666667,
    "below": -0.9205155288823951,
    "above": 0.03551365424371451,
    "turn_on_times": 2,
    "turn_on_ratio": 1.0
  },
  "12": {
    "validity_ratio": 0.6145833333333334,
    "below": -1.766280371178267,
    "above": 38.30320908831958,
    "turn_on_times": 1,
    "turn_on_ratio": 1.0
  },
  "13": {
    "validity_ratio": 0.0,
    "below": 0,
    "above": 0,
    "turn_on_times": 0,
    "turn_on_ratio": 0.0
  }
}