{
  "1": {
    "validity_ratio": 0.8680555555555556,
    "below": -1.719367711609279,
    "above": 23.462443704114627,
    "turn_on_times": 0,
    "turn_on_ratio": 0.0
  },
  "2": {
    "validity_ratio": 0.8715277777777778,
    "below": -3.5946482629391334,
    "above": 23.071856864350156,
    "turn_on_times": 0,
    "turn_on_ratio": 0.0
  },
  "3": {
    "validity_ratio": 0.8736111111111111,
    "below": 0,
    "above": 74.19046251638859,
    "turn_on_times": 0,
    "turn_on_ratio": 0.0
  },
  "4": {
    "validity_ratio": 0.8701388888888889,
    "below": -0.25873554412515304,
    "above": 10.022341479365297,
    "turn_on_times": 0,
    "turn_on_ratio": 0.0
  },
  "5": {
    "validity_ratio": 0.8708333333333333,
    "below": -9.9604505749833,
    "above": 6.038888868780851,
    "turn_on_times": 0,
    "turn_on_ratio": 0.0
  },
  "6": {
    "validity_ratio": 0.8715277777777778,
    "below": 0,
    "above": 14.17015627105898,
    "turn_on_times": 0,
    "turn_on_ratio": 0.0
  },
  "7": {
    "validity_ratio": 0.8715277777777778,
    "below": -9.612974139184566,
    "above": 11.027956329497194,
    "turn_on_times": 1,
    "turn_on_ratio": 1.0
  },
  "8": {
    "validity_ratio": 0.8736111111111111,
    "below": -0.008479732635833355,
    "above": 0,
    "turn_on_times": 2,
    "turn_on_ratio": 1.0
  },
  "9": {
    "validity_ratio": 0.8708333333333333,
    "below": 0,
    "above": 0.8912776286107069,
    "turn_on_times": 0,
    "turn_on_ratio": 0.0
  },
  "10": {
    "validity_ratio": 0.8736111111111111,
    "below": -8.278109199293466,
    "above": 0.03544378093381211,
    "turn_on_times": 3,
    "turn_on_ratio": 1.0
  },
  "12": {
    "validity_ratio": 0.8715277777777778,
    "below": -1.7662459898664922,
    "above": 75.58081038732365,
    "turn_on_times": 1,
    "turn_on_ratio": 1.0
  },
  "13": {
    "validity_ratio": 0.0,
    "below": 0,
    "above": 0,
    "turn_on_times": 0,
    "turn_on_ratio": 0.0
  }
}