{
  "1": {
    "validity_ratio": 0.7916666666666666,
    "below": 0,
    "above": 23.462638273363392,
    "turn_on_times": 0,
    "turn_on_ratio": 0.0
  },
  "2": {
    "validity_ratio": 0.7951388888888888,
    "below": -2.0755402767079603,
    "above": 23.072188243848718,
    "turn_on_times": 0,
    "turn_on_ratio": 0.0
  },
  "3": {
    "validity_ratio": 0.7916666666666666,
    "below": 0,
    "above": 64.60167287146179,
    "turn_on_times": 0,
    "turn_on_ratio": 0.0
  },
  "4": {
    "validity_ratio": 0.79375,
    "below": -0.2587271932045183,
    "above": 10.022304337347295,
    "turn_on_times": 0,
    "turn_on_ratio": 0.0
  },
  "5": {
    "validity_ratio": 0.79375,
    "below": -8.850390861649004,
    "above": 6.03863132436148,
    "turn_on_times": 0,
    "turn_on_ratio": 0.0
  },
  "6": {
    "validity_ratio": 0.7951388888888888,
    "below": 0,
    "above": 12.203810379614122,
    "turn_on_times": 0,
    "turn_on_ratio": 0.0
  },
  "7": {
    "validity_ratio": 0.79375,
    "below": -9.292856199325978,
    "above": 7.142615542394947,
    "turn_on_times": 1,
    "turn_on_ratio": 1.0
  },
  "8": {
    "validity_ratio": 0.7979166666666667,
    "below": -0.008479826842500001,
    "above": 0,
    "turn_on_times": 2,
    "turn_on_ratio": 1.0
  },
  "9": {
    "validity_ratio": 0.7944444444444444,
    "below": 0,
    "above": 0.8912940353009554,
    "turn_on_times": 0,
    "turn_on_ratio": 0.0
  },
  "10": {
    "validity_ratio": 0.7902777777777777,
    "below": -6.234417330201207,
    "above": 0.03547634317761492,
    "turn_on_times": 3,
    "turn_on_ratio": 1.0
  },
  "12": {
    "validity_ratio": 0.7951388888888888,
    "below": -1.7662616714043533,
    "above": 68.1800111095193,
    "turn_on_times": 1,
    "turn_on_ratio": 1.0
  },
  "13": {
    "validity_ratio": 0.0,
    "below": 0,
    "above": 0,
    "turn_on_times": 0,
    "turn_on_ratio": 0.0
  }
}