{
  "1": {
    "validity_ratio": 0.5138888888888888,
    "below": -1.4821492016443676,
    "above": 13.668134090783854,
    "turn_on_times": 0,
    "turn_on_ratio": 0.0
  },
  "2": {
    "validity_ratio": 0.5125,
    "below": -6.822700073956115,
    "above": 0,
    "turn_on_times": 1,
    "turn_on_ratio": 0.5
  },
  "3": {
    "validity_ratio": 0.5111111111111111,
    "below": -8.358568150520771,
    "above": 0,
    "turn_on_times": 1,
    "turn_on_ratio": 0.5
  },
  "4": {
    "validity_ratio": 0.5104166666666666,
    "below": -8.308990359699195,
    "above": 0,
    "turn_on_times": 1,
    "turn_on_ratio": 0.3333333333333333
  },
  "5": {
    "validity_ratio": 0.5111111111111111,
    "below": -5.833413453721847,
    "above": 0,
    "turn_on_times": 1,
    "turn_on_ratio": 0.3333333333333333
  },
  "6": {
    "validity_ratio": 0.5131944444444444,
    "below": 0.09204702463232355,
    "above": 15.26571658627755,
    "turn_on_times": 0,
    "turn_on_ratio": 0.0
  },
  "7": {
    "validity_ratio": 0.5152777777777777,
    "below": -0.05987719483767021,
    "above": 1.4093008621817675,
    "turn_on_times": 1,
    "turn_on_ratio": 0.3333333333333333
  },
  "8": {
    "validity_ratio": 0.5166666666666667,
    "below": -0.3547966071019632,
    "above": 0.017194881044444443,
    "turn_on_times": 2,
    "turn_on_ratio": 1.0
  },
  "9": {
    "validity_ratio": 0.5145833333333333,
    "below": 0.0,
    "above": 13.306377944282776,
    "turn_on_times": 0,
    "turn_on_ratio": 0.0
  },
  "10": {
    "validity_ratio": 0.0,
    "below": 0,
    "above": 0,
    "turn_on_times": 0,
    "turn_on_ratio": 0
  }
}