{
  "1": {
    "validity_ratio": 0.37569444444444444,
    "below": 0.16019339752648196,
    "above": 13.667980827314622,
    "turn_on_times": 0,
    "turn_on_ratio": 0.0
  },
  "2": {
    "validity_ratio": 0.38055555555555554,
    "below": -6.1870236031936585,
    "above": 0,
    "turn_on_times": 1,
    "turn_on_ratio": 0.5
  },
  "3": {
    "validity_ratio": 0.3798611111111111,
    "below": -4.813824095014337,
    "above": 0,
    "turn_on_times": 1,
    "turn_on_ratio": 0.5
  },
  "4": {
    "validity_ratio": 0.3784722222222222,
    "below": -5.177929379774045,
    "above": 0,
    "turn_on_times": 1,
    "turn_on_ratio": 0.3333333333333333
  },
  "5": {
    "validity_ratio": 0.3784722222222222,
    "below": -4.40863570230628,
    "above": 0,
    "turn_on_times": 1,
    "turn_on_ratio": 0.3333333333333333
  },
  "6": {
    "validity_ratio": 0.37777777777777777,
    "below": 0.0,
    "above": 10.325613002938773,
    "turn_on_times": 0,
    "turn_on_ratio": 0.0
  },
  "7": {
    "validity_ratio": 0.37569444444444444,
    "below": -0.17574587136607608,
    "above": 1.4089165320261943,
    "turn_on_times": 1,
    "turn_on_ratio": 0.3333333333333333
  },
  "8": {
    "validity_ratio": 0.37916666666666665,
    "below": -0.15635776575368654,
    "above": 0,
    "turn_on_times": 1,
    "turn_on_ratio": 1.0
  },
  "9": {
    "validity_ratio": 0.3784722222222222,
    "below": 0.0,
    "above": 0.3571155795180009,
    "turn_on_times": 0,
    "turn_on_ratio": 0.0
  },
  "10": {
    "validity_ratio": 0.0,
    "below": 0,
    "above": 0,
    "turn_on_times": 0,
    "turn_on_ratio": 0
  }
}