{
  "1": {
    "validity_ratio": 0.5972222222222222,
    "below": -2.049547257060606,
    "above": 13.667462588973713,
    "turn_on_times": 0,
    "turn_on_ratio": 0.0
  },
  "2": {
    "validity_ratio": 0.5958333333333333,
    "below": -7.009110932155888,
    "above": 1.1217249226458728,
    "turn_on_times": 1,
    "turn_on_ratio": 0.5
  },
  "3": {
    "validity_ratio": 0.5944444444444444,
    "below": -8.288831198030278,
    "above": 0.16412549724080308,
    "turn_on_times": 1,
    "turn_on_ratio": 0.5
  },
  "4": {
    "validity_ratio": 0.59375,
    "below": -9.023954314264042,
    "above": 0,
    "turn_on_times": 1,
    "turn_on_ratio": 0.3333333333333333
  },
  "5": {
    "validity_ratio": 0.5944444444444444,
    "below": -5.984684409298511,
    "above": 0,
    "turn_on_times": 1,
    "turn_on_ratio": 0.3333333333333333
  },
  "6": {
    "validity_ratio": 0.5965277777777778,
    "below": 0.09209183429617328,
    "above": 18.529335158899038,
    "turn_on_times": 0,
    "turn_on_ratio": 0.0
  },
  "7": {
    "validity_ratio": 0.5986111111111111,
    "below": 0.10682968930770427,
    "above": 2.6395837660545367,
    "turn_on_times": 1,
    "turn_on_ratio": 0.3333333333333333
  },
  "8": {
    "validity_ratio": 0.6,
    "below": -0.006029323244732293,
    "above": 0.10402316496277778,
    "turn_on_times": 2,
    "turn_on_ratio": 1.0
  },
  "9": {
    "validity_ratio": 0.5958333333333333,
    "below": 0.0,
    "above": 18.65630793759323,
    "turn_on_times": 0,
    "turn_on_ratio": 0.0
  },
  "10": {
    "validity_ratio": 0.0,
    "below": 0,
    "above": 0,
    "turn_on_times": 0,
    "turn_on_ratio": 0
  }
}