{
  "1": {
    "validity_ratio": 0.6520833333333333,
    "below": -2.4445290487427025,
    "above": 13.667483240682275,
    "turn_on_times": 0,
    "turn_on_ratio": 0.0
  },
  "2": {
    "validity_ratio": 0.6513888888888889,
    "below": -7.009037051754177,
    "above": 2.0933299027661882,
    "turn_on_times": 1,
    "turn_on_ratio": 0.5
  },
  "3": {
    "validity_ratio": 0.6527777777777778,
    "below": -8.288739035225209,
    "above": 1.234924323712834,
    "turn_on_times": 1,
    "turn_on_ratio": 0.5
  },
  "4": {
    "validity_ratio": 0.6493055555555556,
    "below": -8.906580401706645,
    "above": 0,
    "turn_on_times": 1,
    "turn_on_ratio": 0.3333333333333333
  },
  "5": {
    "validity_ratio": 0.6513888888888889,
    "below": -5.665343030601135,
    "above": 0.42157272791755096,
    "turn_on_times": 1,
    "turn_on_ratio": 0.3333333333333333
  },
  "6": {
    "validity_ratio": 0.6520833333333333,
    "below": 0.09209045619695573,
    "above": 19.963233161886112,
    "turn_on_times": 0,
    "turn_on_ratio": 0.0
  },
  "7": {
    "validity_ratio": 0.6548611111111111,
    "below": 0.17189252978406538,
    "above": 3.618662364992766,
    "turn_on_times": 1,
    "turn_on_ratio": 0.3333333333333333
  },
  "8": {
    "validity_ratio": 0.6541666666666667,
    "below": -0.13916978100154176,
    "above": 0.10402274088111096,
    "turn_on_times": 3,
    "turn_on_ratio": 1.0
  },
  "9": {
    "validity_ratio": 0.65,
    "below": 0.0,
    "above": 21.759178993689062,
    "turn_on_times": 0,
    "turn_on_ratio": 0.0
  },
  "10": {
    "validity_ratio": 0.0,
    "below": 0,
    "above": 0,
    "turn_on_times": 0,
    "turn_on_ratio": 0
  }
}