{
  "1": {
    "validity_ratio": 0.8805555555555555,
    "below": -2.6079381744729586,
    "above": 13.766674247663785,
    "turn_on_times": 0,
    "turn_on_ratio": 0.0
  },
  "2": {
    "validity_ratio": 0.8805555555555555,
    "below": -7.006661740956806,
    "above": 15.41941191596303,
    "turn_on_times": 1,
    "turn_on_ratio": 0.5
  },
  "3": {
    "validity_ratio": 0.88125,
    "below": -7.9801724243019025,
    "above": 7.023900029252068,
    "turn_on_times": 1,
    "turn_on_ratio": 0.5
  },
  "4": {
    "validity_ratio": 0.8784722222222222,
    "below": -8.905161172293315,
    "above": 0.10073757238888897,
    "turn_on_times": 1,
    "turn_on_ratio": 0.3333333333333333
  },
  "5": {
    "validity_ratio": 0.88125,
    "below": -5.426556521672771,
    "above": 1.3110095618697215,
    "turn_on_times": 1,
    "turn_on_ratio": 0.3333333333333333
  },
  "6": {
    "validity_ratio": 0.8819444444444444,
    "below": 0.09204503792483798,
    "above": 22.02223900535699,
    "turn_on_times": 0,
    "turn_on_ratio": 0.0
  },
  "7": {
    "validity_ratio": 0.8791666666666667,
    "below": 0.18778309159596926,
    "above": 5.081671032675491,
    "turn_on_times": 1,
    "turn_on_ratio": 0.3333333333333333
  },
  "8": {
    "validity_ratio": 0.8833333333333333,
    "below": -0.13779841720066455,
    "above": 0.10400876434277771,
    "turn_on_times": 4,
    "turn_on_ratio": 1.0
  },
  "9": {
    "validity_ratio": 0.8847222222222222,
    "below": 0.007641881646979505,
    "above": 23.29351698361628,
    "turn_on_times": 0,
    "turn_on_ratio": 0.0
  },
  "10": {
    "validity_ratio": 0.0,
    "below": 0,
    "above": 0,
    "turn_on_times": 0,
    "turn_on_ratio": 0
  }
}