{
  "1": {
    "validity_ratio": 0.5833333333333334,
    "below": -1.9495031842425032,
    "above": 13.667512575963201,
    "turn_on_times": 0,
    "turn_on_ratio": 0.0
  },
  "2": {
    "validity_ratio": 0.5819444444444445,
    "below": -7.095208032210209,
    "above": 1.0269075366213376,
    "turn_on_times": 1,
    "turn_on_ratio": 0.5
  },
  "3": {
    "validity_ratio": 0.5805555555555556,
    "below": -8.326593073658925,
    "above": 0,
    "turn_on_times": 1,
    "turn_on_ratio": 0.5
  },
  "4": {
    "validity_ratio": 0.5798611111111112,
    "below": -9.058500442197296,
    "above": 0,
    "turn_on_times": 1,
    "turn_on_ratio": 0.3333333333333333
  },
  "5": {
    "validity_ratio": 0.5805555555555556,
    "below": -6.067824467121329,
    "above": 0,
    "turn_on_times": 1,
    "turn_on_ratio": 0.3333333333333333
  },
  "6": {
    "validity_ratio": 0.5826388888888889,
    "below": 0.09208849863845507,
    "above": 18.122742305660832,
    "turn_on_times": 0,
    "turn_on_ratio": 0.0
  },
  "7": {
    "validity_ratio": 0.5847222222222223,
    "below": 0.10682382883160166,
    "above": 2.2904823283529043,
    "turn_on_times": 1,
    "turn_on_ratio": 0.3333333333333333
  },
  "8": {
    "validity_ratio": 0.5861111111111111,
    "below": -0.0059654240672097035,
    "above": 0.10402213848277776,
    "turn_on_times": 2,
    "turn_on_ratio": 1.0
  },
  "9": {
    "validity_ratio": 0.5840277777777778,
    "below": 0.0,
    "above": 18.656110962296054,
    "turn_on_times": 0,
    "turn_on_ratio": 0.0
  },
  "10": {
    "validity_ratio": 0.0,
    "below": 0,
    "above": 0,
    "turn_on_times": 0,
    "turn_on_ratio": 0
  }
}