{
  "1": {
    "validity_ratio": 0.5694444444444444,
    "below": -1.8495399218239752,
    "above": 13.667470908532392,
    "turn_on_times": 0,
    "turn_on_ratio": 0.0
  },
  "2": {
    "validity_ratio": 0.5680555555555555,
    "below": -7.095358479045273,
    "above": 0.6145753028600277,
    "turn_on_times": 1,
    "turn_on_ratio": 0.5
  },
  "3": {
    "validity_ratio": 0.5666666666666667,
    "below": -8.44422324315041,
    "above": 0,
    "turn_on_times": 1,
    "turn_on_ratio": 0.5
  },
  "4": {
    "validity_ratio": 0.5659722222222222,
    "below": -9.009258378544095,
    "above": 0,
    "turn_on_times": 1,
    "turn_on_ratio": 0.3333333333333333
  },
  "5": {
    "validity_ratio": 0.5666666666666667,
    "below": -6.118048422685307,
    "above": 0,
    "turn_on_times": 1,
    "turn_on_ratio": 0.3333333333333333
  },
  "6": {
    "validity_ratio": 0.56875,
    "below": 0.09209127912770962,
    "above": 17.70187353669367,
    "turn_on_times": 0,
    "turn_on_ratio": 0.0
  },
  "7": {
    "validity_ratio": 0.5708333333333333,
    "below": 0.10682871392240026,
    "above": 1.9903822182368585,
    "turn_on_times": 1,
    "turn_on_ratio": 0.3333333333333333
  },
  "8": {
    "validity_ratio": 0.5722222222222222,
    "below": -0.006018650129379497,
    "above": 0.10402299412111098,
    "turn_on_times": 2,
    "turn_on_ratio": 1.0
  },
  "9": {
    "validity_ratio": 0.5701388888888889,
    "below": 0.0,
    "above": 18.656275154142307,
    "turn_on_times": 0,
    "turn_on_ratio": 0.0
  },
  "10": {
    "validity_ratio": 0.0,
    "below": 0,
    "above": 0,
    "turn_on_times": 0,
    "turn_on_ratio": 0
  }
}