{
  "1": {
    "validity_ratio": 0.9013888888888889,
    "below": -2.607887632624448,
    "above": 13.766708261245928,
    "turn_on_times": 0,
    "turn_on_ratio": 0.0
  },
  "2": {
    "validity_ratio": 0.9013888888888889,
    "below": -7.006539627580659,
    "above": 15.419490841684915,
    "turn_on_times": 1,
    "turn_on_ratio": 0.5
  },
  "3": {
    "validity_ratio": 0.9020833333333333,
    "below": -7.980017568145624,
    "above": 7.0239284461741605,
    "turn_on_times": 1,
    "turn_on_ratio": 0.5
  },
  "4": {
    "validity_ratio": 0.8993055555555556,
    "below": -8.905087707691047,
    "above": 0.10073568155555593,
    "turn_on_times": 1,
    "turn_on_ratio": 0.3333333333333333
  },
  "5": {
    "validity_ratio": 0.9020833333333333,
    "below": -5.426484807902196,
    "above": 1.3110058851123703,
    "turn_on_times": 1,
    "turn_on_ratio": 0.3333333333333333
  },
  "6": {
    "validity_ratio": 0.9027777777777778,
    "below": 0.09204264158258847,
    "above": 22.02229833264568,
    "turn_on_times": 0,
    "turn_on_ratio": 0.0
  },
  "7": {
    "validity_ratio": 0.9,
    "below": 0.1877787039941719,
    "above": 5.08175354580468,
    "turn_on_times": 1,
    "turn_on_ratio": 0.3333333333333333
  },
  "8": {
    "validity_ratio": 0.9048611111111111,
    "below": -0.10276349376759938,
    "above": 0.12188890698416778,
    "turn_on_times": 4,
    "turn_on_ratio": 1.0
  },
  "9": {
    "validity_ratio": 0.8965277777777778,
    "below": 0.00769331387289979,
    "above": 23.892768168072248,
    "turn_on_times": 0,
    "turn_on_ratio": 0.0
  },
  "10": {
    "validity_ratio": 0.0,
    "below": 0,
    "above": 0,
    "turn_on_times": 0,
    "turn_on_ratio": 0
  }
}