{
  "1": {
    "validity_ratio": 0.7006944444444444,
    "below": -2.7111596961294975,
    "above": 13.668406247446612,
    "turn_on_times": 0,
    "turn_on_ratio": 0.0
  },
  "2": {
    "validity_ratio": 0.7,
    "below": -7.005843766624221,
    "above": 2.755016570240092,
    "turn_on_times": 1,
    "turn_on_ratio": 0.5
  },
  "3": {
    "validity_ratio": 0.7013888888888888,
    "below": -8.142978300316052,
    "above": 1.7266902086068854,
    "turn_on_times": 1,
    "turn_on_ratio": 0.5
  },
  "4": {
    "validity_ratio": 0.6979166666666666,
    "below": -8.904668067232118,
    "above": 0,
    "turn_on_times": 1,
    "turn_on_ratio": 0.3333333333333333
  },
  "5": {
    "validity_ratio": 0.7,
    "below": -5.426075234095338,
    "above": 0.5675101705385199,
    "turn_on_times": 1,
    "turn_on_ratio": 0.3333333333333333
  },
  "6": {
    "validity_ratio": 0.7006944444444444,
    "below": 0.09202886347715106,
    "above": 21.078647002672994,
    "turn_on_times": 0,
    "turn_on_ratio": 0.0
  },
  "7": {
    "validity_ratio": 0.6979166666666666,
    "below": 0.1877534768630356,
    "above": 3.8517987317527402,
    "turn_on_times": 1,
    "turn_on_ratio": 0.3333333333333333
  },
  "8": {
    "validity_ratio": 0.7027777777777777,
    "below": -0.06618124753771151,
    "above": 0.10400378698944451,
    "turn_on_times": 3,
    "turn_on_ratio": 1.0
  },
  "9": {
    "validity_ratio": 0.6986111111111111,
    "below": 0.007990405017284966,
    "above": 22.97172953532857,
    "turn_on_times": 0,
    "turn_on_ratio": 0.0
  },
  "10": {
    "validity_ratio": 0.0,
    "below": 0,
    "above": 0,
    "turn_on_times": 0,
    "turn_on_ratio": 0
  }
}