{
  "1": {
    "validity_ratio": 0.29305555555555557,
    "below": 0.0,
    "above": 12.538297549428579,
    "turn_on_times": 0,
    "turn_on_ratio": 0.0
  },
  "2": {
    "validity_ratio": 0.2972222222222222,
    "below": -4.57394621794468,
    "above": 0,
    "turn_on_times": 1,
    "turn_on_ratio": 0.5
  },
  "3": {
    "validity_ratio": 0.2965277777777778,
    "below": -2.2211323758183927,
    "above": 0,
    "turn_on_times": 1,
    "turn_on_ratio": 0.5
  },
  "4": {
    "validity_ratio": 0.2951388888888889,
    "below": -2.164578118944177,
    "above": 0,
    "turn_on_times": 1,
    "turn_on_ratio": 0.3333333333333333
  },
  "5": {
    "validity_ratio": 0.2951388888888889,
    "below": -1.9740187901421444,
    "above": 0,
    "turn_on_times": 1,
    "turn_on_ratio": 0.3333333333333333
  },
  "6": {
    "validity_ratio": 0.29444444444444445,
    "below": 0.0,
    "above": 5.990448932784224,
    "turn_on_times": 0,
    "turn_on_ratio": 0.0
  },
  "7": {
    "validity_ratio": 0.2923611111111111,
    "below": 0.15487255120708787,
    "above": 1.407623137147742,
    "turn_on_times": 1,
    "turn_on_ratio": 0.3333333333333333
  },
  "8": {
    "validity_ratio": 0.29583333333333334,
    "below": 0.0,
    "above": 0,
    "turn_on_times": 0,
    "turn_on_ratio": 0
  },
  "9": {
    "validity_ratio": 0.2951388888888889,
    "below": 0.0,
    "above": 0,
    "turn_on_times": 0,
    "turn_on_ratio": 0
  },
  "10": {
    "validity_ratio": 0.0,
    "below": 0,
    "above": 0,
    "turn_on_times": 0,
    "turn_on_ratio": 0
  }
}