{
  "1": {
    "validity_ratio": 0.6590277777777778,
    "below": -2.494086857235445,
    "above": 13.667984770268435,
    "turn_on_times": 0,
    "turn_on_ratio": 0.0
  },
  "2": {
    "validity_ratio": 0.6583333333333333,
    "below": -7.007275546389473,
    "above": 2.201305711036525,
    "turn_on_times": 1,
    "turn_on_ratio": 0.5
  },
  "3": {
    "validity_ratio": 0.6597222222222222,
    "below": -8.286533521751894,
    "above": 1.3349025156639645,
    "turn_on_times": 1,
    "turn_on_ratio": 0.5
  },
  "4": {
    "validity_ratio": 0.65625,
    "below": -8.90552967140353,
    "above": 0,
    "turn_on_times": 1,
    "turn_on_ratio": 0.3333333333333333
  },
  "5": {
    "validity_ratio": 0.6583333333333333,
    "below": -5.614966157264865,
    "above": 0.42156090158200993,
    "turn_on_times": 1,
    "turn_on_ratio": 0.3333333333333333
  },
  "6": {
    "validity_ratio": 0.6590277777777778,
    "below": 0.09205698886771535,
    "above": 20.132392452687867,
    "turn_on_times": 0,
    "turn_on_ratio": 0.0
  },
  "7": {
    "validity_ratio": 0.6590277777777778,
    "below": 0.1818652509649552,
    "above": 3.61992265440824,
    "turn_on_times": 1,
    "turn_on_ratio": 0.3333333333333333
  },
  "8": {
    "validity_ratio": 0.6611111111111111,
    "below": -0.09777227548083908,
    "above": 0.10401244199944448,
    "turn_on_times": 3,
    "turn_on_ratio": 1.0
  },
  "9": {
    "validity_ratio": 0.6569444444444444,
    "below": 0.0,
    "above": 22.283759707215975,
    "turn_on_times": 0,
    "turn_on_ratio": 0.0
  },
  "10": {
    "validity_ratio": 0.0,
    "below": 0,
    "above": 0,
    "turn_on_times": 0,
    "turn_on_ratio": 0
  }
}