{
  "1": {
    "validity_ratio": 0.43125,
    "below": -0.5066797633082507,
    "above": 13.667759842532194,
    "turn_on_times": 0,
    "turn_on_ratio": 0.0
  },
  "2": {
    "validity_ratio": 0.42916666666666664,
    "below": -6.6345690709081655,
    "above": 0,
    "turn_on_times": 1,
    "turn_on_ratio": 0.5
  },
  "3": {
    "validity_ratio": 0.42777777777777776,
    "below": -6.539926847473493,
    "above": 0,
    "turn_on_times": 1,
    "turn_on_ratio": 0.5
  },
  "4": {
    "validity_ratio": 0.4270833333333333,
    "below": -6.544512691109184,
    "above": 0,
    "turn_on_times": 1,
    "turn_on_ratio": 0.3333333333333333
  },
  "5": {
    "validity_ratio": 0.4270833333333333,
    "below": -5.245517967602164,
    "above": 0,
    "turn_on_times": 1,
    "turn_on_ratio": 0.3333333333333333
  },
  "6": {
    "validity_ratio": 0.43194444444444446,
    "below": 0.09207199841214019,
    "above": 11.47063070935206,
    "turn_on_times": 0,
    "turn_on_ratio": 0.0
  },
  "7": {
    "validity_ratio": 0.43194444444444446,
    "below": -0.37713854984180345,
    "above": 1.4083623809539911,
    "turn_on_times": 1,
    "turn_on_ratio": 0.3333333333333333
  },
  "8": {
    "validity_ratio": 0.43333333333333335,
    "below": -0.31575560424410687,
    "above": 0.017198625100000045,
    "turn_on_times": 1,
    "turn_on_ratio": 1.0
  },
  "9": {
    "validity_ratio": 0.43125,
    "below": 0.0,
    "above": 3.962210024189916,
    "turn_on_times": 0,
    "turn_on_ratio": 0.0
  },
  "10": {
    "validity_ratio": 0.0,
    "below": 0,
    "above": 0,
    "turn_on_times": 0,
    "turn_on_ratio": 0
  }
}