{
  "1": {
    "validity_ratio": 0.5416666666666666,
    "below": -1.6820031069537378,
    "above": 13.668299806685765,
    "turn_on_times": 0,
    "turn_on_ratio": 0.0
  },
  "2": {
    "validity_ratio": 0.5402777777777777,
    "below": -7.092136945604349,
    "above": 0,
    "turn_on_times": 1,
    "turn_on_ratio": 0.5
  },
  "3": {
    "validity_ratio": 0.5388888888888889,
    "below": -8.524275462156835,
    "above": 0,
    "turn_on_times": 1,
    "turn_on_ratio": 0.5
  },
  "4": {
    "validity_ratio": 0.5381944444444444,
    "below": -8.757980329626541,
    "above": 0,
    "turn_on_times": 1,
    "turn_on_ratio": 0.3333333333333333
  },
  "5": {
    "validity_ratio": 0.5388888888888889,
    "below": -6.0666104573856305,
    "above": 0,
    "turn_on_times": 1,
    "turn_on_ratio": 0.3333333333333333
  },
  "6": {
    "validity_ratio": 0.5409722222222222,
    "below": 0.09203596632429427,
    "above": 16.664438421325993,
    "turn_on_times": 0,
    "turn_on_ratio": 0.0
  },
  "7": {
    "validity_ratio": 0.5430555555555555,
    "below": 0.10673153387876683,
    "above": 1.509585939398922,
    "turn_on_times": 1,
    "turn_on_ratio": 0.3333333333333333
  },
  "8": {
    "validity_ratio": 0.5444444444444444,
    "below": -0.08199034392877358,
    "above": 0.017193223188888968,
    "turn_on_times": 2,
    "turn_on_ratio": 1.0
  },
  "9": {
    "validity_ratio": 0.5423611111111111,
    "below": 0.0,
    "above": 16.713650225420892,
    "turn_on_times": 0,
    "turn_on_ratio": 0.0
  },
  "10": {
    "validity_ratio": 0.0,
    "below": 0,
    "above": 0,
    "turn_on_times": 0,
    "turn_on_ratio": 0
  }
}