{
  "1": {
    "validity_ratio": 0.5173611111111112,
    "below": 0,
    "above": 4.734064922431455,
    "turn_on_times": 1,
    "turn_on_ratio": 0.2
  },
  "2": {
    "validity_ratio": 0.51875,
    "below": -4.165279905785326,
    "above": 0.38510867378066166,
    "turn_on_times": 2,
    "turn_on_ratio": 0.4
  },
  "3": {
    "validity_ratio": 0.5201388888888889,
    "below": -6.704204990832716,
    "above": 0,
    "turn_on_times": 1,
    "turn_on_ratio": 1.0
  },
  "4": {
    "validity_ratio": 0.5201388888888889,
    "below": -2.6366487374364804,
    "above": 5.882508780733505,
    "turn_on_times": 0,
    "turn_on_ratio": 0.0
  },
  "5": {
    "validity_ratio": 0.51875,
    "below": 0,
    "above": 16.65452468199667,
    "turn_on_times": 0,
    "turn_on_ratio": 0.0
  },
  "6": {
    "validity_ratio": 0.5222222222222223,
    "below": -0.07949380562691628,
    "above": 5.941490156549892,
    "turn_on_times": 0,
    "turn_on_ratio": 0.0
  },
  "7": {
    "validity_ratio": 0.5201388888888889,
    "below": -3.532286544701867,
    "above": 2.3902704813012527,
    "turn_on_times": 2,
    "turn_on_ratio": 0.4
  },
  "8": {
    "validity_ratio": 0.5180555555555556,
    "below": -0.1391421197354326,
    "above": 0,
    "turn_on_times": 2,
    "turn_on_ratio": 1.0
  },
  "9": {
    "validity_ratio": 0.5222222222222223,
    "below": 0,
    "above": 4.794077950401651,
    "turn_on_times": 0,
    "turn_on_ratio": 0.0
  },
  "10": {
    "validity_ratio": 0.5215277777777778,
    "below": 0,
    "above": 0,
    "turn_on_times": 0,
    "turn_on_ratio": 0
  },
  "12": {
    "validity_ratio": 0.5236111111111111,
    "below": 0,
    "above": 19.201776404841382,
    "turn_on_times": 0,
    "turn_on_ratio": 0.0
  },
  "13": {
    "validity_ratio": 0.5215277777777778,
    "below": 0,
    "above": 20.547093275320634,
    "turn_on_times": 0,
    "turn_on_ratio": 0.0
  }
}