{
  "1": {
    "validity_ratio": 0.6958333333333333,
    "below": -3.7219819234828044,
    "above": 6.2740694288626955,
    "turn_on_times": 1,
    "turn_on_ratio": 0.2
  },
  "2": {
    "validity_ratio": 0.6923611111111111,
    "below": -4.165252178571872,
    "above": 0.4217249978767932,
    "turn_on_times": 2,
    "turn_on_ratio": 0.4
  },
  "3": {
    "validity_ratio": 0.69375,
    "below": -6.7042150163108865,
    "above": 0,
    "turn_on_times": 1,
    "turn_on_ratio": 1.0
  },
  "4": {
    "validity_ratio": 0.69375,
    "below": -3.928341890082769,
    "above": 5.882512844313091,
    "turn_on_times": 0,
    "turn_on_ratio": 0.0
  },
  "5": {
    "validity_ratio": 0.6909722222222222,
    "below": 0,
    "above": 25.106211979089533,
    "turn_on_times": 0,
    "turn_on_ratio": 0.0
  },
  "6": {
    "validity_ratio": 0.6930555555555555,
    "below": -4.781288467506884,
    "above": 5.94149844035776,
    "turn_on_times": 0,
    "turn_on_ratio": 0.0
  },
  "7": {
    "validity_ratio": 0.6951388888888889,
    "below": -5.074636191117135,
    "above": 2.390292711964325,
    "turn_on_times": 2,
    "turn_on_ratio": 0.4
  },
  "8": {
    "validity_ratio": 0.6909722222222222,
    "below": -0.13914764688770542,
    "above": 1.6090863582269972,
    "turn_on_times": 3,
    "turn_on_ratio": 0.6
  },
  "9": {
    "validity_ratio": 0.6951388888888889,
    "below": -0.10742340408667168,
    "above": 4.794073676496075,
    "turn_on_times": 2,
    "turn_on_ratio": 0.4
  },
  "10": {
    "validity_ratio": 0.6951388888888889,
    "below": 0,
    "above": 0,
    "turn_on_times": 0,
    "turn_on_ratio": 0
  },
  "12": {
    "validity_ratio": 0.6958333333333333,
    "below": 0,
    "above": 27.69456091631217,
    "turn_on_times": 0,
    "turn_on_ratio": 0.0
  },
  "13": {
    "validity_ratio": 0.6951388888888889,
    "below": 0,
    "above": 24.493034342919717,
    "turn_on_times": 0,
    "turn_on_ratio": 0.0
  }
}