{
  "1": {
    "validity_ratio": 0.7402777777777778,
    "below": -6.873373869803313,
    "above": 6.274059836912844,
    "turn_on_times": 1,
    "turn_on_ratio": 0.2
  },
  "2": {
    "validity_ratio": 0.7409722222222223,
    "below": -4.165311205514071,
    "above": 0.421691943169022,
    "turn_on_times": 2,
    "turn_on_ratio": 0.4
  },
  "3": {
    "validity_ratio": 0.7416666666666667,
    "below": -6.704193677056395,
    "above": 0,
    "turn_on_times": 1,
    "turn_on_ratio": 1.0
  },
  "4": {
    "validity_ratio": 0.7423611111111111,
    "below": -3.928344639678324,
    "above": 5.882504186712903,
    "turn_on_times": 0,
    "turn_on_ratio": 0.0
  },
  "5": {
    "validity_ratio": 0.7395833333333334,
    "below": 0,
    "above": 26.487003809743864,
    "turn_on_times": 0,
    "turn_on_ratio": 0.0
  },
  "6": {
    "validity_ratio": 0.7416666666666667,
    "below": -6.52804354346227,
    "above": 5.9414808083246955,
    "turn_on_times": 0,
    "turn_on_ratio": 0.0
  },
  "7": {
    "validity_ratio": 0.7430555555555556,
    "below": -5.074754090104711,
    "above": 2.7071889155389623,
    "turn_on_times": 2,
    "turn_on_ratio": 0.4
  },
  "8": {
    "validity_ratio": 0.7409722222222223,
    "below": -0.13913588233074184,
    "above": 2.0572468190582973,
    "turn_on_times": 3,
    "turn_on_ratio": 0.5
  },
  "9": {
    "validity_ratio": 0.7423611111111111,
    "below": -0.10742002930772265,
    "above": 4.794082772454345,
    "turn_on_times": 3,
    "turn_on_ratio": 0.5
  },
  "10": {
    "validity_ratio": 0.74375,
    "below": 0,
    "above": 0,
    "turn_on_times": 0,
    "turn_on_ratio": 0
  },
  "12": {
    "validity_ratio": 0.74375,
    "below": 0,
    "above": 35.004990471272734,
    "turn_on_times": 0,
    "turn_on_ratio": 0.0
  },
  "13": {
    "validity_ratio": 0.74375,
    "below": 0,
    "above": 25.526779142909913,
    "turn_on_times": 0,
    "turn_on_ratio": 0.0
  }
}