{
  "1": {
    "validity_ratio": 0.8027777777777778,
    "below": -10.139466206528942,
    "above": 6.274052343610214,
    "turn_on_times": 1,
    "turn_on_ratio": 0.2
  },
  "2": {
    "validity_ratio": 0.8034722222222223,
    "below": -4.1653573427374795,
    "above": 2.6062924164511485,
    "turn_on_times": 2,
    "turn_on_ratio": 0.4
  },
  "3": {
    "validity_ratio": 0.8041666666666667,
    "below": -6.7041770066719275,
    "above": 0,
    "turn_on_times": 1,
    "turn_on_ratio": 1.0
  },
  "4": {
    "validity_ratio": 0.8048611111111111,
    "below": -3.92834678768284,
    "above": 5.882497401649305,
    "turn_on_times": 0,
    "turn_on_ratio": 0.0
  },
  "5": {
    "validity_ratio": 0.8020833333333334,
    "below": 0,
    "above": 28.05322923463672,
    "turn_on_times": 0,
    "turn_on_ratio": 0.0
  },
  "6": {
    "validity_ratio": 0.8041666666666667,
    "below": -7.114115801869715,
    "above": 6.103457513877577,
    "turn_on_times": 0,
    "turn_on_ratio": 0.0
  },
  "7": {
    "validity_ratio": 0.7993055555555556,
    "below": -5.231554607652672,
    "above": 3.641341963889884,
    "turn_on_times": 2,
    "turn_on_ratio": 0.4
  },
  "8": {
    "validity_ratio": 0.8027777777777778,
    "below": -0.1391266917712617,
    "above": 2.9409106197117496,
    "turn_on_times": 3,
    "turn_on_ratio": 0.375
  },
  "9": {
    "validity_ratio": 0.8020833333333334,
    "below": -0.10741739290528422,
    "above": 4.794089875502481,
    "turn_on_times": 5,
    "turn_on_ratio": 0.625
  },
  "10": {
    "validity_ratio": 0.7993055555555556,
    "below": 0,
    "above": 0,
    "turn_on_times": 0,
    "turn_on_ratio": 0
  },
  "12": {
    "validity_ratio": 0.7993055555555556,
    "below": 0,
    "above": 44.919635896296015,
    "turn_on_times": 0,
    "turn_on_ratio": 0.0
  },
  "13": {
    "validity_ratio": 0.7993055555555556,
    "below": 0,
    "above": 27.323543439188963,
    "turn_on_times": 0,
    "turn_on_ratio": 0.0
  }
}