{
  "1": {
    "validity_ratio": 0.6145833333333334,
    "below": 0,
    "above": 6.134018589596383,
    "turn_on_times": 1,
    "turn_on_ratio": 0.2
  },
  "2": {
    "validity_ratio": 0.6159722222222223,
    "below": -4.1655654417063825,
    "above": 0.38495790868766067,
    "turn_on_times": 2,
    "turn_on_ratio": 0.4
  },
  "3": {
    "validity_ratio": 0.6173611111111111,
    "below": -6.704101913963729,
    "above": 0,
    "turn_on_times": 1,
    "turn_on_ratio": 1.0
  },
  "4": {
    "validity_ratio": 0.6173611111111111,
    "below": -3.928356463493062,
    "above": 5.882466602150117,
    "turn_on_times": 0,
    "turn_on_ratio": 0.0
  },
  "5": {
    "validity_ratio": 0.6159722222222223,
    "below": 0,
    "above": 21.653211282552988,
    "turn_on_times": 0,
    "turn_on_ratio": 0.0
  },
  "6": {
    "validity_ratio": 0.6125,
    "below": -2.355163050619008,
    "above": 5.941404990125635,
    "turn_on_times": 0,
    "turn_on_ratio": 0.0
  },
  "7": {
    "validity_ratio": 0.6173611111111111,
    "below": -3.5804622887890636,
    "above": 2.3900419169268172,
    "turn_on_times": 2,
    "turn_on_ratio": 0.4
  },
  "8": {
    "validity_ratio": 0.6152777777777778,
    "below": -0.13908529236606396,
    "above": 0.2637187510700177,
    "turn_on_times": 3,
    "turn_on_ratio": 0.75
  },
  "9": {
    "validity_ratio": 0.6125,
    "below": -0.025490236778002582,
    "above": 4.794121841336336,
    "turn_on_times": 1,
    "turn_on_ratio": 0.25
  },
  "10": {
    "validity_ratio": 0.6118055555555556,
    "below": 0,
    "above": 0,
    "turn_on_times": 0,
    "turn_on_ratio": 0
  },
  "12": {
    "validity_ratio": 0.6138888888888889,
    "below": 0,
    "above": 22.3736752025184,
    "turn_on_times": 0,
    "turn_on_ratio": 0.0
  },
  "13": {
    "validity_ratio": 0.6118055555555556,
    "below": 0,
    "above": 22.768532379630027,
    "turn_on_times": 0,
    "turn_on_ratio": 0.0
  }
}