{
  "1": {
    "validity_ratio": 0.37916666666666665,
    "below": 0,
    "above": 2.744121348883422,
    "turn_on_times": 1,
    "turn_on_ratio": 0.2
  },
  "2": {
    "validity_ratio": 0.3798611111111111,
    "below": -2.0835436486575976,
    "above": 0.38529228307770724,
    "turn_on_times": 2,
    "turn_on_ratio": 0.4
  },
  "3": {
    "validity_ratio": 0.3819444444444444,
    "below": -4.824560579461193,
    "above": 0,
    "turn_on_times": 1,
    "turn_on_ratio": 1.0
  },
  "4": {
    "validity_ratio": 0.3819444444444444,
    "below": -0.4472563330378577,
    "above": 5.882559165941457,
    "turn_on_times": 0,
    "turn_on_ratio": 0.0
  },
  "5": {
    "validity_ratio": 0.38333333333333336,
    "below": 0,
    "above": 13.33063575233158,
    "turn_on_times": 0,
    "turn_on_ratio": 0.0
  },
  "6": {
    "validity_ratio": 0.38333333333333336,
    "below": 0,
    "above": 4.281253936113792,
    "turn_on_times": 0,
    "turn_on_ratio": 0.0
  },
  "7": {
    "validity_ratio": 0.38055555555555554,
    "below": -1.151206392325435,
    "above": 2.3905488384679194,
    "turn_on_times": 2,
    "turn_on_ratio": 0.4
  },
  "8": {
    "validity_ratio": 0.38125,
    "below": -0.13921132695797375,
    "above": 0,
    "turn_on_times": 1,
    "turn_on_ratio": 1.0
  },
  "9": {
    "validity_ratio": 0.38055555555555554,
    "below": 0,
    "above": 3.587249877140233,
    "turn_on_times": 0,
    "turn_on_ratio": 0.0
  },
  "10": {
    "validity_ratio": 0.38263888888888886,
    "below": 0,
    "above": 0,
    "turn_on_times": 0,
    "turn_on_ratio": 0
  },
  "12": {
    "validity_ratio": 0.3798611111111111,
    "below": 0,
    "above": 14.52690611438285,
    "turn_on_times": 0,
    "turn_on_ratio": 0.0
  },
  "13": {
    "validity_ratio": 0.38263888888888886,
    "below": 0,
    "above": 16.704176375905618,
    "turn_on_times": 0,
    "turn_on_ratio": 0.0
  }
}