{
  "1": {
    "validity_ratio": 0.49027777777777776,
    "below": 0,
    "above": 4.344019721918916,
    "turn_on_times": 1,
    "turn_on_ratio": 0.2
  },
  "2": {
    "validity_ratio": 0.4909722222222222,
    "below": -4.165558453559731,
    "above": 0.3849615932173519,
    "turn_on_times": 2,
    "turn_on_ratio": 0.4
  },
  "3": {
    "validity_ratio": 0.4930555555555556,
    "below": -6.704104433046746,
    "above": 0,
    "turn_on_times": 1,
    "turn_on_ratio": 1.0
  },
  "4": {
    "validity_ratio": 0.49236111111111114,
    "below": -2.636661694460892,
    "above": 5.8824676416153,
    "turn_on_times": 0,
    "turn_on_ratio": 0.0
  },
  "5": {
    "validity_ratio": 0.4909722222222222,
    "below": 0,
    "above": 15.404745541128197,
    "turn_on_times": 0,
    "turn_on_ratio": 0.0
  },
  "6": {
    "validity_ratio": 0.49444444444444446,
    "below": 0,
    "above": 5.880857944461945,
    "turn_on_times": 0,
    "turn_on_ratio": 0.0
  },
  "7": {
    "validity_ratio": 0.49236111111111114,
    "below": -3.3871048961887906,
    "above": 2.3900475027836414,
    "turn_on_times": 2,
    "turn_on_ratio": 0.4
  },
  "8": {
    "validity_ratio": 0.49027777777777776,
    "below": -0.1390866811632019,
    "above": 0,
    "turn_on_times": 2,
    "turn_on_ratio": 1.0
  },
  "9": {
    "validity_ratio": 0.49444444444444446,
    "below": 0,
    "above": 4.7941207698033965,
    "turn_on_times": 0,
    "turn_on_ratio": 0.0
  },
  "10": {
    "validity_ratio": 0.49375,
    "below": 0,
    "above": 0,
    "turn_on_times": 0,
    "turn_on_ratio": 0
  },
  "12": {
    "validity_ratio": 0.4951388888888889,
    "below": 0,
    "above": 18.305741040157628,
    "turn_on_times": 0,
    "turn_on_ratio": 0.0
  },
  "13": {
    "validity_ratio": 0.49375,
    "below": 0,
    "above": 19.93841981872293,
    "turn_on_times": 0,
    "turn_on_ratio": 0.0
  }
}