{
  "1": {
    "validity_ratio": 0.7888888888888889,
    "below": -9.524018722314272,
    "above": 6.274105537323594,
    "turn_on_times": 1,
    "turn_on_ratio": 0.2
  },
  "2": {
    "validity_ratio": 0.7895833333333333,
    "below": -4.165030295741587,
    "above": 1.3595042594288913,
    "turn_on_times": 2,
    "turn_on_ratio": 0.4
  },
  "3": {
    "validity_ratio": 0.7902777777777777,
    "below": -6.704295346968168,
    "above": 0,
    "turn_on_times": 1,
    "turn_on_ratio": 1.0
  },
  "4": {
    "validity_ratio": 0.7902777777777777,
    "below": -3.928331539354803,
    "above": 5.882545155989459,
    "turn_on_times": 0,
    "turn_on_ratio": 0.0
  },
  "5": {
    "validity_ratio": 0.7881944444444444,
    "below": 0,
    "above": 27.753158613680956,
    "turn_on_times": 0,
    "turn_on_ratio": 0.0
  },
  "6": {
    "validity_ratio": 0.7902777777777777,
    "below": -7.1140027221039235,
    "above": 6.103560941182448,
    "turn_on_times": 0,
    "turn_on_ratio": 0.0
  },
  "7": {
    "validity_ratio": 0.7854166666666667,
    "below": -5.230876967865181,
    "above": 2.934438629095203,
    "turn_on_times": 2,
    "turn_on_ratio": 0.4
  },
  "8": {
    "validity_ratio": 0.7902777777777777,
    "below": -0.13919193402970723,
    "above": 2.6389870850539716,
    "turn_on_times": 3,
    "turn_on_ratio": 0.42857142857142855
  },
  "9": {
    "validity_ratio": 0.7881944444444444,
    "below": -0.10743610828921876,
    "above": 4.8025719053075075,
    "turn_on_times": 4,
    "turn_on_ratio": 0.5714285714285714
  },
  "10": {
    "validity_ratio": 0.7854166666666667,
    "below": 0,
    "above": 0,
    "turn_on_times": 0,
    "turn_on_ratio": 0
  },
  "12": {
    "validity_ratio": 0.7854166666666667,
    "below": 0,
    "above": 42.45951999058805,
    "turn_on_times": 0,
    "turn_on_ratio": 0.0
  },
  "13": {
    "validity_ratio": 0.7854166666666667,
    "below": 0,
    "above": 26.102231629018075,
    "turn_on_times": 0,
    "turn_on_ratio": 0.0
  }
}