{
  "1": {
    "validity_ratio": 0.7138888888888889,
    "below": -5.349938736844243,
    "above": 6.274085602079886,
    "turn_on_times": 1,
    "turn_on_ratio": 0.2
  },
  "2": {
    "validity_ratio": 0.7131944444444445,
    "below": -4.165152732991954,
    "above": 0.42178073221405055,
    "turn_on_times": 2,
    "turn_on_ratio": 0.4
  },
  "3": {
    "validity_ratio": 0.7138888888888889,
    "below": -6.704250996940767,
    "above": 0,
    "turn_on_times": 1,
    "turn_on_ratio": 1.0
  },
  "4": {
    "validity_ratio": 0.7138888888888889,
    "below": -3.928337253923617,
    "above": 5.8825273715289805,
    "turn_on_times": 0,
    "turn_on_ratio": 0.0
  },
  "5": {
    "validity_ratio": 0.7118055555555556,
    "below": 0,
    "above": 25.753626007057186,
    "turn_on_times": 0,
    "turn_on_ratio": 0.0
  },
  "6": {
    "validity_ratio": 0.7138888888888889,
    "below": -5.656149776641074,
    "above": 5.941528170767502,
    "turn_on_times": 0,
    "turn_on_ratio": 0.0
  },
  "7": {
    "validity_ratio": 0.7090277777777778,
    "below": -5.074437398800441,
    "above": 2.6080048870451344,
    "turn_on_times": 2,
    "turn_on_ratio": 0.4
  },
  "8": {
    "validity_ratio": 0.7131944444444445,
    "below": -0.1391674833899685,
    "above": 2.0147694165038907,
    "turn_on_times": 3,
    "turn_on_ratio": 0.5
  },
  "9": {
    "validity_ratio": 0.7138888888888889,
    "below": -0.10742909438257217,
    "above": 4.794058330526538,
    "turn_on_times": 3,
    "turn_on_ratio": 0.5
  },
  "10": {
    "validity_ratio": 0.7090277777777778,
    "below": 0,
    "above": 0,
    "turn_on_times": 0,
    "turn_on_ratio": 0
  },
  "12": {
    "validity_ratio": 0.7090277777777778,
    "below": 0,
    "above": 28.630203653209843,
    "turn_on_times": 0,
    "turn_on_ratio": 0.0
  },
  "13": {
    "validity_ratio": 0.7090277777777778,
    "below": 0,
    "above": 24.83432078623044,
    "turn_on_times": 0,
    "turn_on_ratio": 0.0
  }
}