{
  "1": {
    "validity_ratio": 0.8715277777777778,
    "below": -12.67960780014629,
    "above": 6.274085117829013,
    "turn_on_times": 1,
    "turn_on_ratio": 0.2
  },
  "2": {
    "validity_ratio": 0.8729166666666667,
    "below": -4.165155709064976,
    "above": 8.614966130433334,
    "turn_on_times": 2,
    "turn_on_ratio": 0.4
  },
  "3": {
    "validity_ratio": 0.8736111111111111,
    "below": -6.704249919625648,
    "above": 0.056892791993457495,
    "turn_on_times": 1,
    "turn_on_ratio": 1.0
  },
  "4": {
    "validity_ratio": 0.8736111111111111,
    "below": -3.928337392737318,
    "above": 12.81057976304275,
    "turn_on_times": 0,
    "turn_on_ratio": 0.0
  },
  "5": {
    "validity_ratio": 0.8715277777777778,
    "below": 0,
    "above": 33.66502740704214,
    "turn_on_times": 0,
    "turn_on_ratio": 0.0
  },
  "6": {
    "validity_ratio": 0.8736111111111111,
    "below": -7.949415530657846,
    "above": 6.103521237508922,
    "turn_on_times": 0,
    "turn_on_ratio": 0.0
  },
  "7": {
    "validity_ratio": 0.86875,
    "below": -5.913304198627095,
    "above": 7.832577499731879,
    "turn_on_times": 2,
    "turn_on_ratio": 0.4
  },
  "8": {
    "validity_ratio": 0.8715277777777778,
    "below": -0.13916688945473457,
    "above": 3.551955217294538,
    "turn_on_times": 3,
    "turn_on_ratio": 0.3333333333333333
  },
  "9": {
    "validity_ratio": 0.8694444444444445,
    "below": -0.10742892400640494,
    "above": 4.79405879017346,
    "turn_on_times": 6,
    "turn_on_ratio": 0.6666666666666666
  },
  "10": {
    "validity_ratio": 0.86875,
    "below": 0,
    "above": 0,
    "turn_on_times": 0,
    "turn_on_ratio": 0
  },
  "12": {
    "validity_ratio": 0.8694444444444445,
    "below": 0,
    "above": 56.13724400713406,
    "turn_on_times": 0,
    "turn_on_ratio": 0.0
  },
  "13": {
    "validity_ratio": 0.86875,
    "below": 0,
    "above": 37.09702135316473,
    "turn_on_times": 0,
    "turn_on_ratio": 0.0
  }
}