{
  "1": {
    "validity_ratio": 0.4076388888888889,
    "below": 0,
    "above": 6.616927572747865,
    "turn_on_times": 0,
    "turn_on_ratio": 0.0
  },
  "2": {
    "validity_ratio": 0.40902777777777777,
    "below": -0.5441672975657981,
    "above": 0.01368015919127714,
    "turn_on_times": 1,
    "turn_on_ratio": 0.5
  },
  "3": {
    "validity_ratio": 0.41180555555555554,
    "below": 0,
    "above": 11.674485097621606,
    "turn_on_times": 0,
    "turn_on_ratio": 0.0
  },
  "4": {
    "validity_ratio": 0.4076388888888889,
    "below": -1.5062772455616493,
    "above": 0,
    "turn_on_times": 1,
    "turn_on_ratio": 1.0
  },
  "5": {
    "validity_ratio": 0.4076388888888889,
    "below": 0,
    "above": 12.796208696035794,
    "turn_on_times": 0,
    "turn_on_ratio": 0.0
  },
  "6": {
    "validity_ratio": 0.40625,
    "below": 0,
    "above": 4.656787708992396,
    "turn_on_times": 0,
    "turn_on_ratio": 0.0
  },
  "7": {
    "validity_ratio": 0.4111111111111111,
    "below": -1.3628572817773879,
    "above": 0.27230117445551827,
    "turn_on_times": 1,
    "turn_on_ratio": 0.5
  },
  "8": {
    "validity_ratio": 0.41041666666666665,
    "below": 0,
    "above": 0,
    "turn_on_times": 1,
    "turn_on_ratio": 1.0
  },
  "9": {
    "validity_ratio": 0.41180555555555554,
    "below": 0,
    "above": 6.97900319311251,
    "turn_on_times": 0,
    "turn_on_ratio": 0.0
  },
  "10": {
    "validity_ratio": 0.41180555555555554,
    "below": 0,
    "above": 0,
    "turn_on_times": 0,
    "turn_on_ratio": 0
  },
  "12": {
    "validity_ratio": 0.40902777777777777,
    "below": 0,
    "above": 13.15079701693497,
    "turn_on_times": 0,
    "turn_on_ratio": 0.0
  },
  "13": {
    "validity_ratio": 0.4111111111111111,
    "below": -0.6414039018947654,
    "above": 0.4249826327341648,
    "turn_on_times": 0,
    "turn_on_ratio": 0.0
  }
}