{
  "1": {
    "validity_ratio": 0.7534722222222222,
    "below": -0.6840982072240149,
    "above": 29.62212193971037,
    "turn_on_times": 0,
    "turn_on_ratio": 0.0
  },
  "2": {
    "validity_ratio": 0.75,
    "below": -0.5441082970542236,
    "above": 4.646149899300346,
    "turn_on_times": 1,
    "turn_on_ratio": 0.5
  },
  "3": {
    "validity_ratio": 0.7548611111111111,
    "below": -0.09599957745262001,
    "above": 15.907837793135934,
    "turn_on_times": 0,
    "turn_on_ratio": 0.0
  },
  "4": {
    "validity_ratio": 0.7548611111111111,
    "below": -1.5065212673611756,
    "above": 2.3751141103748643,
    "turn_on_times": 1,
    "turn_on_ratio": 0.5
  },
  "5": {
    "validity_ratio": 0.7555555555555555,
    "below": -2.3680421184065694,
    "above": 13.844593565263096,
    "turn_on_times": 1,
    "turn_on_ratio": 0.5
  },
  "6": {
    "validity_ratio": 0.7534722222222222,
    "below": -4.255418869235342,
    "above": 6.689616945239765,
    "turn_on_times": 0,
    "turn_on_ratio": 0.0
  },
  "7": {
    "validity_ratio": 0.7520833333333333,
    "below": -1.775593545952625,
    "above": 1.931046546401222,
    "turn_on_times": 1,
    "turn_on_ratio": 0.5
  },
  "8": {
    "validity_ratio": 0.7506944444444444,
    "below": -0.42341109797785675,
    "above": 0,
    "turn_on_times": 1,
    "turn_on_ratio": 1.0
  },
  "9": {
    "validity_ratio": 0.7527777777777778,
    "below": 0,
    "above": 24.527535382161293,
    "turn_on_times": 0,
    "turn_on_ratio": 0.0
  },
  "10": {
    "validity_ratio": 0.7520833333333333,
    "below": 0,
    "above": 0,
    "turn_on_times": 0,
    "turn_on_ratio": 0
  },
  "12": {
    "validity_ratio": 0.75,
    "below": 0,
    "above": 35.45555310320937,
    "turn_on_times": 0,
    "turn_on_ratio": 0.0
  },
  "13": {
    "validity_ratio": 0.7513888888888889,
    "below": -0.8507679592066058,
    "above": 5.2598303137931826,
    "turn_on_times": 0,
    "turn_on_ratio": 0.0
  }
}