{
  "1": {
    "validity_ratio": 0.6430555555555556,
    "below": 0,
    "above": 28.713254781450885,
    "turn_on_times": 0,
    "turn_on_ratio": 0.0
  },
  "2": {
    "validity_ratio": 0.6458333333333334,
    "below": -0.5441438905445664,
    "above": 0.6784655029818183,
    "turn_on_times": 1,
    "turn_on_ratio": 0.5
  },
  "3": {
    "validity_ratio": 0.6444444444444445,
    "below": -0.09600804214046844,
    "above": 15.270168536581028,
    "turn_on_times": 0,
    "turn_on_ratio": 0.0
  },
  "4": {
    "validity_ratio": 0.64375,
    "below": -1.506373586213005,
    "above": 0.7468288541213187,
    "turn_on_times": 1,
    "turn_on_ratio": 1.0
  },
  "5": {
    "validity_ratio": 0.6444444444444445,
    "below": -2.3681262867918558,
    "above": 13.844653620306227,
    "turn_on_times": 0,
    "turn_on_ratio": 0.0
  },
  "6": {
    "validity_ratio": 0.6423611111111112,
    "below": -2.9127493898187895,
    "above": 6.689514222314402,
    "turn_on_times": 0,
    "turn_on_ratio": 0.0
  },
  "7": {
    "validity_ratio": 0.6479166666666667,
    "below": -1.7752729945007644,
    "above": 0.42304888969659393,
    "turn_on_times": 1,
    "turn_on_ratio": 0.5
  },
  "8": {
    "validity_ratio": 0.6465277777777778,
    "below": -0.4234115906902943,
    "above": 0,
    "turn_on_times": 1,
    "turn_on_ratio": 1.0
  },
  "9": {
    "validity_ratio": 0.6486111111111111,
    "below": 0,
    "above": 24.52755192189444,
    "turn_on_times": 0,
    "turn_on_ratio": 0.0
  },
  "10": {
    "validity_ratio": 0.6479166666666667,
    "below": 0,
    "above": 0,
    "turn_on_times": 0,
    "turn_on_ratio": 0
  },
  "12": {
    "validity_ratio": 0.6451388888888889,
    "below": 0,
    "above": 31.420770835046277,
    "turn_on_times": 0,
    "turn_on_ratio": 0.0
  },
  "13": {
    "validity_ratio": 0.6472222222222223,
    "below": -0.8506920521746618,
    "above": 3.510164452792683,
    "turn_on_times": 0,
    "turn_on_ratio": 0.0
  }
}