{
  "1": {
    "validity_ratio": 0.4076388888888889,
    "below": 0,
    "above": 6.6175560347288425,
    "turn_on_times": 0,
    "turn_on_ratio": 0.0
  },
  "2": {
    "validity_ratio": 0.40902777777777777,
    "below": -0.5441051318654194,
    "above": 0.01388883684965195,
    "turn_on_times": 1,
    "turn_on_ratio": 0.5
  },
  "3": {
    "validity_ratio": 0.4048611111111111,
    "below": 0,
    "above": 10.691603383173444,
    "turn_on_times": 0,
    "turn_on_ratio": 0.0
  },
  "4": {
    "validity_ratio": 0.4076388888888889,
    "below": -1.5065344691344953,
    "above": 0,
    "turn_on_times": 1,
    "turn_on_ratio": 1.0
  },
  "5": {
    "validity_ratio": 0.4076388888888889,
    "below": 0,
    "above": 12.797311954125597,
    "turn_on_times": 0,
    "turn_on_ratio": 0.0
  },
  "6": {
    "validity_ratio": 0.40625,
    "below": 0,
    "above": 4.657219691400654,
    "turn_on_times": 0,
    "turn_on_ratio": 0.0
  },
  "7": {
    "validity_ratio": 0.4041666666666667,
    "below": -1.1805205890651032,
    "above": 0.2723560012255444,
    "turn_on_times": 1,
    "turn_on_ratio": 0.5
  },
  "8": {
    "validity_ratio": 0.40347222222222223,
    "below": 0,
    "above": 0,
    "turn_on_times": 1,
    "turn_on_ratio": 1.0
  },
  "9": {
    "validity_ratio": 0.4048611111111111,
    "below": 0,
    "above": 5.646779927340106,
    "turn_on_times": 0,
    "turn_on_ratio": 0.0
  },
  "10": {
    "validity_ratio": 0.4048611111111111,
    "below": 0,
    "above": 0,
    "turn_on_times": 0,
    "turn_on_ratio": 0
  },
  "12": {
    "validity_ratio": 0.40902777777777777,
    "below": 0,
    "above": 13.151927231758679,
    "turn_on_times": 0,
    "turn_on_ratio": 0.0
  },
  "13": {
    "validity_ratio": 0.4041666666666667,
    "below": -0.5344117320189351,
    "above": 0.4249983939538283,
    "turn_on_times": 0,
    "turn_on_ratio": 0.0
  }
}