{
  "1": {
    "validity_ratio": 0.6847222222222222,
    "below": -0.18333333333333332,
    "above": 29.622240514135687,
    "turn_on_times": 0,
    "turn_on_ratio": 0.0
  },
  "2": {
    "validity_ratio": 0.6875,
    "below": -0.5441575114742437,
    "above": 2.3365973285647237,
    "turn_on_times": 1,
    "turn_on_ratio": 0.5
  },
  "3": {
    "validity_ratio": 0.6861111111111111,
    "below": -0.09601128141025661,
    "above": 15.270115593921052,
    "turn_on_times": 0,
    "turn_on_ratio": 0.0
  },
  "4": {
    "validity_ratio": 0.6854166666666667,
    "below": -1.5063174489587945,
    "above": 1.3071218231997237,
    "turn_on_times": 1,
    "turn_on_ratio": 1.0
  },
  "5": {
    "validity_ratio": 0.6861111111111111,
    "below": -2.368158496379788,
    "above": 13.844676602191736,
    "turn_on_times": 0,
    "turn_on_ratio": 0.0
  },
  "6": {
    "validity_ratio": 0.6840277777777778,
    "below": -3.6816198325325056,
    "above": 6.689474913143085,
    "turn_on_times": 0,
    "turn_on_ratio": 0.0
  },
  "7": {
    "validity_ratio": 0.6895833333333333,
    "below": -1.7751503257559613,
    "above": 1.104879192264441,
    "turn_on_times": 1,
    "turn_on_ratio": 0.5
  },
  "8": {
    "validity_ratio": 0.6881944444444444,
    "below": -0.4234117792416667,
    "above": 0,
    "turn_on_times": 1,
    "turn_on_ratio": 1.0
  },
  "9": {
    "validity_ratio": 0.6902777777777778,
    "below": 0,
    "above": 24.527558248870246,
    "turn_on_times": 0,
    "turn_on_ratio": 0.0
  },
  "10": {
    "validity_ratio": 0.6895833333333333,
    "below": 0,
    "above": 0,
    "turn_on_times": 0,
    "turn_on_ratio": 0
  },
  "12": {
    "validity_ratio": 0.6868055555555556,
    "below": 0,
    "above": 31.868228394948837,
    "turn_on_times": 0,
    "turn_on_ratio": 0.0
  },
  "13": {
    "validity_ratio": 0.6888888888888889,
    "below": -0.8506630040443961,
    "above": 5.259589395891262,
    "turn_on_times": 0,
    "turn_on_ratio": 0.0
  }
}