{
  "1": {
    "validity_ratio": 0.8298611111111112,
    "below": -0.6840941000983177,
    "above": 29.766089874402876,
    "turn_on_times": 0,
    "turn_on_ratio": 0.0
  },
  "2": {
    "validity_ratio": 0.8333333333333334,
    "below": -0.54410484532489,
    "above": 18.869612470731504,
    "turn_on_times": 1,
    "turn_on_ratio": 0.5
  },
  "3": {
    "validity_ratio": 0.83125,
    "below": -0.09599875657748067,
    "above": 18.49356093393838,
    "turn_on_times": 0,
    "turn_on_ratio": 0.0
  },
  "4": {
    "validity_ratio": 0.8354166666666667,
    "below": -1.5065356648311616,
    "above": 4.176293459988958,
    "turn_on_times": 1,
    "turn_on_ratio": 0.3333333333333333
  },
  "5": {
    "validity_ratio": 0.8319444444444445,
    "below": -2.368033956057734,
    "above": 13.8445877413399,
    "turn_on_times": 2,
    "turn_on_ratio": 0.6666666666666666
  },
  "6": {
    "validity_ratio": 0.8298611111111112,
    "below": -4.25541833218166,
    "above": 6.689626907117356,
    "turn_on_times": 0,
    "turn_on_ratio": 0.0
  },
  "7": {
    "validity_ratio": 0.8361111111111111,
    "below": -1.7756246318854345,
    "above": 2.4332549938400305,
    "turn_on_times": 1,
    "turn_on_ratio": 0.5
  },
  "8": {
    "validity_ratio": 0.8347222222222223,
    "below": -0.4234110501963671,
    "above": 0,
    "turn_on_times": 1,
    "turn_on_ratio": 1.0
  },
  "9": {
    "validity_ratio": 0.8361111111111111,
    "below": 0,
    "above": 24.527533777703518,
    "turn_on_times": 0,
    "turn_on_ratio": 0.0
  },
  "10": {
    "validity_ratio": 0.8284722222222223,
    "below": 0,
    "above": 0,
    "turn_on_times": 0,
    "turn_on_ratio": 0
  },
  "12": {
    "validity_ratio": 0.8333333333333334,
    "below": 0,
    "above": 39.04866023440246,
    "turn_on_times": 0,
    "turn_on_ratio": 0.0
  },
  "13": {
    "validity_ratio": 0.8347222222222223,
    "below": -0.850775320398953,
    "above": 15.936505602427443,
    "turn_on_times": 0,
    "turn_on_ratio": 0.0
  }
}