{
  "1": {
    "validity_ratio": 0.7743055555555556,
    "below": -0.6841487437093503,
    "above": 29.622224269582286,
    "turn_on_times": 0,
    "turn_on_ratio": 0.0
  },
  "2": {
    "validity_ratio": 0.7777777777777778,
    "below": -0.5441507691580016,
    "above": 8.200461723270742,
    "turn_on_times": 1,
    "turn_on_ratio": 0.5
  },
  "3": {
    "validity_ratio": 0.7756944444444445,
    "below": -0.0960096779821629,
    "above": 15.907736425032576,
    "turn_on_times": 0,
    "turn_on_ratio": 0.0
  },
  "4": {
    "validity_ratio": 0.7756944444444445,
    "below": -1.5063452106067161,
    "above": 2.375090314096777,
    "turn_on_times": 1,
    "turn_on_ratio": 0.5
  },
  "5": {
    "validity_ratio": 0.7763888888888889,
    "below": -2.368142552737686,
    "above": 13.844665226232557,
    "turn_on_times": 1,
    "turn_on_ratio": 0.5
  },
  "6": {
    "validity_ratio": 0.7743055555555556,
    "below": -4.255425477459033,
    "above": 6.6894943709955434,
    "turn_on_times": 0,
    "turn_on_ratio": 0.0
  },
  "7": {
    "validity_ratio": 0.7805555555555556,
    "below": -1.7752110463888486,
    "above": 2.405512838530642,
    "turn_on_times": 1,
    "turn_on_ratio": 0.5
  },
  "8": {
    "validity_ratio": 0.7791666666666667,
    "below": -0.42341168590934575,
    "above": 0,
    "turn_on_times": 1,
    "turn_on_ratio": 1.0
  },
  "9": {
    "validity_ratio": 0.7805555555555556,
    "below": 0,
    "above": 24.527555117207488,
    "turn_on_times": 0,
    "turn_on_ratio": 0.0
  },
  "10": {
    "validity_ratio": 0.7798611111111111,
    "below": 0,
    "above": 0,
    "turn_on_times": 0,
    "turn_on_ratio": 0
  },
  "12": {
    "validity_ratio": 0.7777777777777778,
    "below": 0,
    "above": 35.455080742236724,
    "turn_on_times": 0,
    "turn_on_ratio": 0.0
  },
  "13": {
    "validity_ratio": 0.7791666666666667,
    "below": -0.8506773827751538,
    "above": 6.762582673292691,
    "turn_on_times": 0,
    "turn_on_ratio": 0.0
  }
}