{
  "1": {
    "validity_ratio": 0.9277777777777778,
    "below": 0,
    "above": 29.289154135546497,
    "turn_on_times": 0,
    "turn_on_ratio": 0.0
  },
  "2": {
    "validity_ratio": 0.9333333333333333,
    "below": -22.31459515126284,
    "above": 2.906553870404575,
    "turn_on_times": 1,
    "turn_on_ratio": 0.5
  },
  "3": {
    "validity_ratio": 0.9326388888888889,
    "below": -12.191539914147201,
    "above": 1.2882054732389925,
    "turn_on_times": 1,
    "turn_on_ratio": 0.5
  },
  "4": {
    "validity_ratio": 0.9326388888888889,
    "below": -7.078551817646759,
    "above": 17.75471978044441,
    "turn_on_times": 0,
    "turn_on_ratio": 0
  },
  "5": {
    "validity_ratio": 0.9333333333333333,
    "below": 0,
    "above": 32.3087906666594,
    "turn_on_times": 0,
    "turn_on_ratio": 0
  },
  "6": {
    "validity_ratio": 0.93125,
    "below": 0,
    "above": 31.605069379601026,
    "turn_on_times": 0,
    "turn_on_ratio": 0
  },
  "7": {
    "validity_ratio": 0.93125,
    "below": -12.376863793901945,
    "above": 1.4350755121151715,
    "turn_on_times": 0,
    "turn_on_ratio": 0
  },
  "8": {
    "validity_ratio": 0.9298611111111111,
    "below": -2.0764455086623186,
    "above": 0.11656744218666604,
    "turn_on_times": 4,
    "turn_on_ratio": 0.6666666666666666
  },
  "9": {
    "validity_ratio": 0.9277777777777778,
    "below": 0,
    "above": 22.844349380822397,
    "turn_on_times": 2,
    "turn_on_ratio": 0.3333333333333333
  },
  "10": {
    "validity_ratio": 0.9291666666666667,
    "below": 0,
    "above": 0,
    "turn_on_times": 0,
    "turn_on_ratio": 0
  }
}