{
  "1": {
    "validity_ratio": 0.3263888888888889,
    "below": 0,
    "above": 11.9469434663178,
    "turn_on_times": 0,
    "turn_on_ratio": 0.0
  },
  "2": {
    "validity_ratio": 0.32916666666666666,
    "below": -10.019609590382778,
    "above": 0,
    "turn_on_times": 1,
    "turn_on_ratio": 0.5
  },
  "3": {
    "validity_ratio": 0.3277777777777778,
    "below": -4.479620514693379,
    "above": 0.030944034310607604,
    "turn_on_times": 1,
    "turn_on_ratio": 0.5
  },
  "4": {
    "validity_ratio": 0.3284722222222222,
    "below": -2.3601812450854536,
    "above": 0,
    "turn_on_times": 0,
    "turn_on_ratio": 0
  },
  "5": {
    "validity_ratio": 0.3284722222222222,
    "below": 0,
    "above": 1.0582309466306274,
    "turn_on_times": 0,
    "turn_on_ratio": 0
  },
  "6": {
    "validity_ratio": 0.32708333333333334,
    "below": 0,
    "above": 10.133436269197466,
    "turn_on_times": 0,
    "turn_on_ratio": 0
  },
  "7": {
    "validity_ratio": 0.33194444444444443,
    "below": -0.38846369615218646,
    "above": 1.4434338145220629,
    "turn_on_times": 0,
    "turn_on_ratio": 0
  },
  "8": {
    "validity_ratio": 0.33125,
    "below": 0,
    "above": 0,
    "turn_on_times": 0,
    "turn_on_ratio": 0
  },
  "9": {
    "validity_ratio": 0.33194444444444443,
    "below": 0,
    "above": 0,
    "turn_on_times": 0,
    "turn_on_ratio": 0
  },
  "10": {
    "validity_ratio": 0.33125,
    "below": 0,
    "above": 0,
    "turn_on_times": 0,
    "turn_on_ratio": 0
  }
}