{
  "1": {
    "validity_ratio": 0.48541666666666666,
    "below": 0,
    "above": 17.672128715325414,
    "turn_on_times": 0,
    "turn_on_ratio": 0.0
  },
  "2": {
    "validity_ratio": 0.48194444444444445,
    "below": -16.312257549072513,
    "above": 0,
    "turn_on_times": 1,
    "turn_on_ratio": 0.5
  },
  "3": {
    "validity_ratio": 0.4798611111111111,
    "below": -10.753636852642758,
    "above": 0.030938936109454692,
    "turn_on_times": 1,
    "turn_on_ratio": 0.5
  },
  "4": {
    "validity_ratio": 0.48125,
    "below": -5.893874950994833,
    "above": 0,
    "turn_on_times": 0,
    "turn_on_ratio": 0
  },
  "5": {
    "validity_ratio": 0.48125,
    "below": 0,
    "above": 1.0581996390595245,
    "turn_on_times": 0,
    "turn_on_ratio": 0
  },
  "6": {
    "validity_ratio": 0.4798611111111111,
    "below": 0,
    "above": 12.963688732573539,
    "turn_on_times": 0,
    "turn_on_ratio": 0
  },
  "7": {
    "validity_ratio": 0.48541666666666666,
    "below": -4.084990230382521,
    "above": 1.4435476597546228,
    "turn_on_times": 0,
    "turn_on_ratio": 0
  },
  "8": {
    "validity_ratio": 0.4826388888888889,
    "below": -1.572572199799569,
    "above": 0,
    "turn_on_times": 2,
    "turn_on_ratio": 1.0
  },
  "9": {
    "validity_ratio": 0.48333333333333334,
    "below": 0,
    "above": 8.973718374267461,
    "turn_on_times": 0,
    "turn_on_ratio": 0.0
  },
  "10": {
    "validity_ratio": 0.4847222222222222,
    "below": 0,
    "above": 0,
    "turn_on_times": 0,
    "turn_on_ratio": 0
  }
}