{
  "1": {
    "validity_ratio": 0.9555555555555556,
    "below": 0,
    "above": 29.292103061653613,
    "turn_on_times": 0,
    "turn_on_ratio": 0.0
  },
  "2": {
    "validity_ratio": 0.9611111111111111,
    "below": -22.3123196141718,
    "above": 2.9062212874728255,
    "turn_on_times": 1,
    "turn_on_ratio": 0.5
  },
  "3": {
    "validity_ratio": 0.9597222222222223,
    "below": -12.190868385442029,
    "above": 1.2881611789898186,
    "turn_on_times": 1,
    "turn_on_ratio": 0.5
  },
  "4": {
    "validity_ratio": 0.9604166666666667,
    "below": -7.068699053710747,
    "above": 21.085472351583242,
    "turn_on_times": 0,
    "turn_on_ratio": 0
  },
  "5": {
    "validity_ratio": 0.9611111111111111,
    "below": 0,
    "above": 36.42734308195696,
    "turn_on_times": 0,
    "turn_on_ratio": 0
  },
  "6": {
    "validity_ratio": 0.9590277777777778,
    "below": 0,
    "above": 35.481611346293874,
    "turn_on_times": 0,
    "turn_on_ratio": 0
  },
  "7": {
    "validity_ratio": 0.9590277777777778,
    "below": -12.81987316653014,
    "above": 1.4675712584825713,
    "turn_on_times": 0,
    "turn_on_ratio": 0
  },
  "8": {
    "validity_ratio": 0.9576388888888889,
    "below": -2.074305170928833,
    "above": 0.11650323062888882,
    "turn_on_times": 4,
    "turn_on_ratio": 0.6666666666666666
  },
  "9": {
    "validity_ratio": 0.9555555555555556,
    "below": 0,
    "above": 22.841709827819447,
    "turn_on_times": 2,
    "turn_on_ratio": 0.3333333333333333
  },
  "10": {
    "validity_ratio": 0.9569444444444445,
    "below": 0,
    "above": 0,
    "turn_on_times": 0,
    "turn_on_ratio": 0
  }
}