{
  "1": {
    "validity_ratio": 0.8652777777777778,
    "below": 0,
    "above": 29.292834647523858,
    "turn_on_times": 0,
    "turn_on_ratio": 0.0
  },
  "2": {
    "validity_ratio": 0.8708333333333333,
    "below": -22.3117550863666,
    "above": 2.9061387709366455,
    "turn_on_times": 1,
    "turn_on_ratio": 0.5
  },
  "3": {
    "validity_ratio": 0.8701388888888889,
    "below": -12.190701788893218,
    "above": 1.2881501902279269,
    "turn_on_times": 1,
    "turn_on_ratio": 0.5
  },
  "4": {
    "validity_ratio": 0.8701388888888889,
    "below": -7.068447893912243,
    "above": 9.788116578999979,
    "turn_on_times": 0,
    "turn_on_ratio": 0
  },
  "5": {
    "validity_ratio": 0.8708333333333333,
    "below": 0,
    "above": 22.139340390864515,
    "turn_on_times": 0,
    "turn_on_ratio": 0
  },
  "6": {
    "validity_ratio": 0.86875,
    "below": 0,
    "above": 23.87502418989162,
    "turn_on_times": 0,
    "turn_on_ratio": 0
  },
  "7": {
    "validity_ratio": 0.8680555555555556,
    "below": -11.129798791265191,
    "above": 1.4443286444873802,
    "turn_on_times": 0,
    "turn_on_ratio": 0
  },
  "8": {
    "validity_ratio": 0.8673611111111111,
    "below": -2.073794238251336,
    "above": 0.11648730067111118,
    "turn_on_times": 4,
    "turn_on_ratio": 0.6666666666666666
  },
  "9": {
    "validity_ratio": 0.8652777777777778,
    "below": 0,
    "above": 22.797164651536015,
    "turn_on_times": 2,
    "turn_on_ratio": 0.3333333333333333
  },
  "10": {
    "validity_ratio": 0.8666666666666667,
    "below": 0,
    "above": 0,
    "turn_on_times": 0,
    "turn_on_ratio": 0
  }
}