{
  "1": {
    "validity_ratio": 0.76875,
    "below": 0,
    "above": 29.290691678900387,
    "turn_on_times": 0,
    "turn_on_ratio": 0.0
  },
  "2": {
    "validity_ratio": 0.7736111111111111,
    "below": -22.313408706840807,
    "above": 2.906380470742915,
    "turn_on_times": 1,
    "turn_on_ratio": 0.5
  },
  "3": {
    "validity_ratio": 0.7729166666666667,
    "below": -12.191189785164633,
    "above": 1.2881823786187965,
    "turn_on_times": 1,
    "turn_on_ratio": 0.5
  },
  "4": {
    "validity_ratio": 0.7729166666666667,
    "below": -7.077701635802828,
    "above": 0,
    "turn_on_times": 0,
    "turn_on_ratio": 0
  },
  "5": {
    "validity_ratio": 0.7736111111111111,
    "below": 0,
    "above": 8.705490542135289,
    "turn_on_times": 0,
    "turn_on_ratio": 0
  },
  "6": {
    "validity_ratio": 0.7715277777777778,
    "below": 0,
    "above": 14.27525764454603,
    "turn_on_times": 0,
    "turn_on_ratio": 0
  },
  "7": {
    "validity_ratio": 0.7708333333333334,
    "below": -9.079754742905958,
    "above": 1.4436087983143886,
    "turn_on_times": 0,
    "turn_on_ratio": 0
  },
  "8": {
    "validity_ratio": 0.7708333333333334,
    "below": -2.0753133936909043,
    "above": 0,
    "turn_on_times": 3,
    "turn_on_ratio": 0.75
  },
  "9": {
    "validity_ratio": 0.7680555555555556,
    "below": 0,
    "above": 22.357423449937592,
    "turn_on_times": 1,
    "turn_on_ratio": 0.25
  },
  "10": {
    "validity_ratio": 0.7694444444444445,
    "below": 0,
    "above": 0,
    "turn_on_times": 0,
    "turn_on_ratio": 0
  }
}