{
  "1": {
    "validity_ratio": 0.6305555555555555,
    "below": 0,
    "above": 24.076678114005656,
    "turn_on_times": 0,
    "turn_on_ratio": 0.0
  },
  "2": {
    "validity_ratio": 0.6347222222222222,
    "below": -20.345381444380493,
    "above": 0,
    "turn_on_times": 1,
    "turn_on_ratio": 0.5
  },
  "3": {
    "validity_ratio": 0.6347222222222222,
    "below": -12.190961853918298,
    "above": 1.2881673442005475,
    "turn_on_times": 1,
    "turn_on_ratio": 0.5
  },
  "4": {
    "validity_ratio": 0.6340277777777777,
    "below": -7.068839966135603,
    "above": 0,
    "turn_on_times": 0,
    "turn_on_ratio": 0
  },
  "5": {
    "validity_ratio": 0.6347222222222222,
    "below": 0,
    "above": 4.103730949353556,
    "turn_on_times": 0,
    "turn_on_ratio": 0
  },
  "6": {
    "validity_ratio": 0.6326388888888889,
    "below": 0,
    "above": 12.964521974573666,
    "turn_on_times": 0,
    "turn_on_ratio": 0
  },
  "7": {
    "validity_ratio": 0.63125,
    "below": -6.534803909269644,
    "above": 1.4439450210377693,
    "turn_on_times": 0,
    "turn_on_ratio": 0
  },
  "8": {
    "validity_ratio": 0.6284722222222222,
    "below": -2.0661667808311557,
    "above": 0,
    "turn_on_times": 2,
    "turn_on_ratio": 1.0
  },
  "9": {
    "validity_ratio": 0.6291666666666667,
    "below": 0,
    "above": 20.78297598014427,
    "turn_on_times": 0,
    "turn_on_ratio": 0.0
  },
  "10": {
    "validity_ratio": 0.6305555555555555,
    "below": 0,
    "above": 0,
    "turn_on_times": 0,
    "turn_on_ratio": 0
  }
}