{
  "1": {
    "validity_ratio": 0.8104166666666667,
    "below": 0,
    "above": 29.291066549657874,
    "turn_on_times": 0,
    "turn_on_ratio": 0.0
  },
  "2": {
    "validity_ratio": 0.8152777777777778,
    "below": -22.313119438041902,
    "above": 2.906338191906741,
    "turn_on_times": 1,
    "turn_on_ratio": 0.5
  },
  "3": {
    "validity_ratio": 0.8145833333333333,
    "below": -12.191104419690806,
    "above": 1.2881767478847126,
    "turn_on_times": 1,
    "turn_on_ratio": 0.5
  },
  "4": {
    "validity_ratio": 0.8145833333333333,
    "below": -7.077494351688814,
    "above": 2.8049999999999993,
    "turn_on_times": 0,
    "turn_on_ratio": 0
  },
  "5": {
    "validity_ratio": 0.8152777777777778,
    "below": 0,
    "above": 13.141315731018238,
    "turn_on_times": 0,
    "turn_on_ratio": 0
  },
  "6": {
    "validity_ratio": 0.8131944444444444,
    "below": 0,
    "above": 17.48464854045661,
    "turn_on_times": 0,
    "turn_on_ratio": 0
  },
  "7": {
    "validity_ratio": 0.8125,
    "below": -9.829686540672887,
    "above": 1.4437347214274057,
    "turn_on_times": 0,
    "turn_on_ratio": 0
  },
  "8": {
    "validity_ratio": 0.8104166666666667,
    "below": -2.0750427104519833,
    "above": 0.04616392284722206,
    "turn_on_times": 3,
    "turn_on_ratio": 0.75
  },
  "9": {
    "validity_ratio": 0.8097222222222222,
    "below": 0,
    "above": 22.60639503489906,
    "turn_on_times": 1,
    "turn_on_ratio": 0.25
  },
  "10": {
    "validity_ratio": 0.8111111111111111,
    "below": 0,
    "above": 0,
    "turn_on_times": 0,
    "turn_on_ratio": 0
  }
}