{
  "1": {
    "validity_ratio": 0.38819444444444445,
    "below": 0,
    "above": 14.17239756962067,
    "turn_on_times": 0,
    "turn_on_ratio": 0.0
  },
  "2": {
    "validity_ratio": 0.38472222222222224,
    "below": -12.397577872790439,
    "above": 0,
    "turn_on_times": 1,
    "turn_on_ratio": 0.5
  },
  "3": {
    "validity_ratio": 0.38333333333333336,
    "below": -6.981634149464038,
    "above": 0.030931537023785854,
    "turn_on_times": 1,
    "turn_on_ratio": 0.5
  },
  "4": {
    "validity_ratio": 0.3840277777777778,
    "below": -3.7935899099520825,
    "above": 0,
    "turn_on_times": 0,
    "turn_on_ratio": 0
  },
  "5": {
    "validity_ratio": 0.3840277777777778,
    "below": 0,
    "above": 1.058154201974222,
    "turn_on_times": 0,
    "turn_on_ratio": 0
  },
  "6": {
    "validity_ratio": 0.38263888888888886,
    "below": 0,
    "above": 12.2647536554874,
    "turn_on_times": 0,
    "turn_on_ratio": 0
  },
  "7": {
    "validity_ratio": 0.3875,
    "below": -1.937746258007405,
    "above": 1.443712884821941,
    "turn_on_times": 0,
    "turn_on_ratio": 0
  },
  "8": {
    "validity_ratio": 0.3861111111111111,
    "below": -0.34985749774924496,
    "above": 0,
    "turn_on_times": 2,
    "turn_on_ratio": 1.0
  },
  "9": {
    "validity_ratio": 0.3854166666666667,
    "below": 0,
    "above": 1.5179803802280583,
    "turn_on_times": 0,
    "turn_on_ratio": 0.0
  },
  "10": {
    "validity_ratio": 0.38680555555555557,
    "below": 0,
    "above": 0,
    "turn_on_times": 0,
    "turn_on_ratio": 0
  }
}