{
  "1": {
    "validity_ratio": 0.6513888888888889,
    "below": 0,
    "above": 24.92627135659181,
    "turn_on_times": 0,
    "turn_on_ratio": 0.0
  },
  "2": {
    "validity_ratio": 0.6555555555555556,
    "below": -20.884280618134003,
    "above": 0,
    "turn_on_times": 1,
    "turn_on_ratio": 0.5
  },
  "3": {
    "validity_ratio": 0.6555555555555556,
    "below": -12.191135108002179,
    "above": 1.2881787720955906,
    "turn_on_times": 1,
    "turn_on_ratio": 0.5
  },
  "4": {
    "validity_ratio": 0.6548611111111111,
    "below": -7.077568868928016,
    "above": 0,
    "turn_on_times": 0,
    "turn_on_ratio": 0
  },
  "5": {
    "validity_ratio": 0.6555555555555556,
    "below": 0,
    "above": 4.703836527499712,
    "turn_on_times": 0,
    "turn_on_ratio": 0
  },
  "6": {
    "validity_ratio": 0.6534722222222222,
    "below": 0,
    "above": 12.963986064056488,
    "turn_on_times": 0,
    "turn_on_ratio": 0
  },
  "7": {
    "validity_ratio": 0.6520833333333333,
    "below": -6.884923744136291,
    "above": 1.4436894529186333,
    "turn_on_times": 0,
    "turn_on_ratio": 0
  },
  "8": {
    "validity_ratio": 0.6493055555555556,
    "below": -2.0667132791479377,
    "above": 0,
    "turn_on_times": 2,
    "turn_on_ratio": 1.0
  },
  "9": {
    "validity_ratio": 0.65,
    "below": 0,
    "above": 21.643109967351137,
    "turn_on_times": 0,
    "turn_on_ratio": 0.0
  },
  "10": {
    "validity_ratio": 0.6513888888888889,
    "below": 0,
    "above": 0,
    "turn_on_times": 0,
    "turn_on_ratio": 0
  }
}