{
  "1": {
    "validity_ratio": 0.37430555555555556,
    "below": 0,
    "above": 13.672722990994954,
    "turn_on_times": 0,
    "turn_on_ratio": 0.0
  },
  "2": {
    "validity_ratio": 0.37083333333333335,
    "below": -11.83804294142193,
    "above": 0,
    "turn_on_times": 1,
    "turn_on_ratio": 0.5
  },
  "3": {
    "validity_ratio": 0.36944444444444446,
    "below": -6.366251521227998,
    "above": 0.030922581166766133,
    "turn_on_times": 1,
    "turn_on_ratio": 0.5
  },
  "4": {
    "validity_ratio": 0.3701388888888889,
    "below": -3.484916625077712,
    "above": 0,
    "turn_on_times": 0,
    "turn_on_ratio": 0
  },
  "5": {
    "validity_ratio": 0.3701388888888889,
    "below": 0,
    "above": 1.058099204903291,
    "turn_on_times": 0,
    "turn_on_ratio": 0
  },
  "6": {
    "validity_ratio": 0.36875,
    "below": 0,
    "above": 11.873899327475236,
    "turn_on_times": 0,
    "turn_on_ratio": 0
  },
  "7": {
    "validity_ratio": 0.3736111111111111,
    "below": -1.5709700606111503,
    "above": 1.4439128733266287,
    "turn_on_times": 0,
    "turn_on_ratio": 0
  },
  "8": {
    "validity_ratio": 0.37083333333333335,
    "below": -0.00846885417305554,
    "above": 0,
    "turn_on_times": 1,
    "turn_on_ratio": 1.0
  },
  "9": {
    "validity_ratio": 0.3715277777777778,
    "below": 0,
    "above": 0.8115215236962651,
    "turn_on_times": 0,
    "turn_on_ratio": 0.0
  },
  "10": {
    "validity_ratio": 0.3729166666666667,
    "below": 0,
    "above": 0,
    "turn_on_times": 0,
    "turn_on_ratio": 0
  }
}