{
  "1": {
    "validity_ratio": 0.8930555555555556,
    "below": 0,
    "above": 29.28920833050184,
    "turn_on_times": 0,
    "turn_on_ratio": 0.0
  },
  "2": {
    "validity_ratio": 0.8986111111111111,
    "below": -22.314553331757484,
    "above": 2.9065477586800412,
    "turn_on_times": 1,
    "turn_on_ratio": 0.5
  },
  "3": {
    "validity_ratio": 0.8979166666666667,
    "below": -12.19152757288571,
    "above": 1.288204659205419,
    "turn_on_times": 1,
    "turn_on_ratio": 0.5
  },
  "4": {
    "validity_ratio": 0.8979166666666667,
    "below": -7.078521850643245,
    "above": 13.32149805955552,
    "turn_on_times": 0,
    "turn_on_ratio": 0
  },
  "5": {
    "validity_ratio": 0.8986111111111111,
    "below": 0,
    "above": 26.62668877079736,
    "turn_on_times": 0,
    "turn_on_ratio": 0
  },
  "6": {
    "validity_ratio": 0.8965277777777778,
    "below": 0,
    "above": 27.091946320234015,
    "turn_on_times": 0,
    "turn_on_ratio": 0
  },
  "7": {
    "validity_ratio": 0.8958333333333334,
    "below": -11.730249954216927,
    "above": 1.4350710656921366,
    "turn_on_times": 0,
    "turn_on_ratio": 0
  },
  "8": {
    "validity_ratio": 0.8951388888888889,
    "below": -2.076405005416669,
    "above": 0.11656626211555576,
    "turn_on_times": 4,
    "turn_on_ratio": 0.6666666666666666
  },
  "9": {
    "validity_ratio": 0.8930555555555556,
    "below": 0,
    "above": 22.84430087225958,
    "turn_on_times": 2,
    "turn_on_ratio": 0.3333333333333333
  },
  "10": {
    "validity_ratio": 0.8944444444444445,
    "below": 0,
    "above": 0,
    "turn_on_times": 0,
    "turn_on_ratio": 0
  }
}