{
  "1": {
    "validity_ratio": 0.9069444444444444,
    "below": 0,
    "above": 29.291561237628727,
    "turn_on_times": 0,
    "turn_on_ratio": 0.0
  },
  "2": {
    "validity_ratio": 0.9125,
    "below": -22.31273771236101,
    "above": 2.906282398591378,
    "turn_on_times": 1,
    "turn_on_ratio": 0.5
  },
  "3": {
    "validity_ratio": 0.9118055555555555,
    "below": -12.190991769471555,
    "above": 1.2881693174400535,
    "turn_on_times": 1,
    "turn_on_ratio": 0.5
  },
  "4": {
    "validity_ratio": 0.9118055555555555,
    "below": -7.077220814861276,
    "above": 15.088133486277734,
    "turn_on_times": 0,
    "turn_on_ratio": 0
  },
  "5": {
    "validity_ratio": 0.9125,
    "below": 0,
    "above": 28.890178950036304,
    "turn_on_times": 0,
    "turn_on_ratio": 0
  },
  "6": {
    "validity_ratio": 0.9104166666666667,
    "below": 0,
    "above": 28.74972760396911,
    "turn_on_times": 0,
    "turn_on_ratio": 0
  },
  "7": {
    "validity_ratio": 0.9104166666666667,
    "below": -12.02659935645605,
    "above": 1.443900892429039,
    "turn_on_times": 0,
    "turn_on_ratio": 0
  },
  "8": {
    "validity_ratio": 0.9090277777777778,
    "below": -2.074688714461785,
    "above": 0.11651502860666678,
    "turn_on_times": 4,
    "turn_on_ratio": 0.6666666666666666
  },
  "9": {
    "validity_ratio": 0.9069444444444444,
    "below": 0,
    "above": 22.84219481530878,
    "turn_on_times": 2,
    "turn_on_ratio": 0.3333333333333333
  },
  "10": {
    "validity_ratio": 0.9083333333333333,
    "below": 0,
    "above": 0,
    "turn_on_times": 0,
    "turn_on_ratio": 0
  }
}