{
  "1": {
    "validity_ratio": 0.35347222222222224,
    "below": 0,
    "above": 12.922461702457957,
    "turn_on_times": 0,
    "turn_on_ratio": 0.0
  },
  "2": {
    "validity_ratio": 0.35,
    "below": -10.952837825153004,
    "above": 0,
    "turn_on_times": 1,
    "turn_on_ratio": 0.5
  },
  "3": {
    "validity_ratio": 0.3486111111111111,
    "below": -5.366408206130704,
    "above": 0.03092977203670581,
    "turn_on_times": 1,
    "turn_on_ratio": 0.5
  },
  "4": {
    "validity_ratio": 0.34930555555555554,
    "below": -2.9598834977412407,
    "above": 0,
    "turn_on_times": 0,
    "turn_on_ratio": 0
  },
  "5": {
    "validity_ratio": 0.34930555555555554,
    "below": 0,
    "above": 1.058143363355493,
    "turn_on_times": 0,
    "turn_on_ratio": 0
  },
  "6": {
    "validity_ratio": 0.34791666666666665,
    "below": 0,
    "above": 11.034164180617488,
    "turn_on_times": 0,
    "turn_on_ratio": 0
  },
  "7": {
    "validity_ratio": 0.3527777777777778,
    "below": -1.0045856063721599,
    "above": 1.4437522978145925,
    "turn_on_times": 0,
    "turn_on_ratio": 0
  },
  "8": {
    "validity_ratio": 0.35,
    "below": -0.008468441625277734,
    "above": 0,
    "turn_on_times": 1,
    "turn_on_ratio": 1.0
  },
  "9": {
    "validity_ratio": 0.3506944444444444,
    "below": 0,
    "above": 0.8118008519477883,
    "turn_on_times": 0,
    "turn_on_ratio": 0.0
  },
  "10": {
    "validity_ratio": 0.35208333333333336,
    "below": 0,
    "above": 0,
    "turn_on_times": 0,
    "turn_on_ratio": 0
  }
}