{
  "1": {
    "validity_ratio": 0.6583333333333333,
    "below": 0,
    "above": 25.209895617624188,
    "turn_on_times": 0,
    "turn_on_ratio": 0.0
  },
  "2": {
    "validity_ratio": 0.6625,
    "below": -21.06883334736006,
    "above": 0,
    "turn_on_times": 1,
    "turn_on_ratio": 0.5
  },
  "3": {
    "validity_ratio": 0.6625,
    "below": -12.191011190378884,
    "above": 1.2881705984493417,
    "turn_on_times": 1,
    "turn_on_ratio": 0.5
  },
  "4": {
    "validity_ratio": 0.6618055555555555,
    "below": -7.077267972633487,
    "above": 0,
    "turn_on_times": 0,
    "turn_on_ratio": 0
  },
  "5": {
    "validity_ratio": 0.6625,
    "below": 0,
    "above": 4.903761014168928,
    "turn_on_times": 0,
    "turn_on_ratio": 0
  },
  "6": {
    "validity_ratio": 0.6604166666666667,
    "below": 0,
    "above": 12.964369366753326,
    "turn_on_times": 0,
    "turn_on_ratio": 0
  },
  "7": {
    "validity_ratio": 0.6590277777777778,
    "below": -7.0015047005470725,
    "above": 1.4438722445342986,
    "turn_on_times": 0,
    "turn_on_ratio": 0
  },
  "8": {
    "validity_ratio": 0.65625,
    "below": -2.066321525600248,
    "above": 0,
    "turn_on_times": 2,
    "turn_on_ratio": 1.0
  },
  "9": {
    "validity_ratio": 0.6569444444444444,
    "below": 0,
    "above": 21.943172294980812,
    "turn_on_times": 0,
    "turn_on_ratio": 0.0
  },
  "10": {
    "validity_ratio": 0.6583333333333333,
    "below": 0,
    "above": 0,
    "turn_on_times": 0,
    "turn_on_ratio": 0
  }
}