{
  "1": {
    "validity_ratio": 0.8583333333333333,
    "below": 0,
    "above": 29.29044727019606,
    "turn_on_times": 0,
    "turn_on_ratio": 0.0
  },
  "2": {
    "validity_ratio": 0.8638888888888889,
    "below": -22.313597304673298,
    "above": 2.906408035328199,
    "turn_on_times": 1,
    "turn_on_ratio": 0.5
  },
  "3": {
    "validity_ratio": 0.8631944444444445,
    "below": -12.191245441852777,
    "above": 1.2881860497518303,
    "turn_on_times": 1,
    "turn_on_ratio": 0.5
  },
  "4": {
    "validity_ratio": 0.8631944444444445,
    "below": -7.077836781158141,
    "above": 8.904814943277762,
    "turn_on_times": 0,
    "turn_on_ratio": 0
  },
  "5": {
    "validity_ratio": 0.8638888888888889,
    "below": 0,
    "above": 21.025153506594137,
    "turn_on_times": 0,
    "turn_on_ratio": 0
  },
  "6": {
    "validity_ratio": 0.8618055555555556,
    "below": 0,
    "above": 23.08478258435195,
    "turn_on_times": 0,
    "turn_on_ratio": 0
  },
  "7": {
    "validity_ratio": 0.8611111111111112,
    "below": -10.980095813338963,
    "above": 1.4435266988060298,
    "turn_on_times": 0,
    "turn_on_ratio": 0
  },
  "8": {
    "validity_ratio": 0.8604166666666667,
    "below": -2.0754910013712577,
    "above": 0.046169061770833096,
    "turn_on_times": 4,
    "turn_on_ratio": 0.6666666666666666
  },
  "9": {
    "validity_ratio": 0.8583333333333333,
    "below": 0,
    "above": 22.667916241202306,
    "turn_on_times": 2,
    "turn_on_ratio": 0.3333333333333333
  },
  "10": {
    "validity_ratio": 0.8597222222222223,
    "below": 0,
    "above": 0,
    "turn_on_times": 0,
    "turn_on_ratio": 0
  }
}