{
  "1": {
    "validity_ratio": 0.9486111111111111,
    "below": 0,
    "above": 12.448338941522255,
    "turn_on_times": 0,
    "turn_on_ratio": 0.0
  },
  "2": {
    "validity_ratio": 0.9506944444444444,
    "below": -13.075436562759318,
    "above": 11.198959358945826,
    "turn_on_times": 1,
    "turn_on_ratio": 0.5
  },
  "3": {
    "validity_ratio": 0.9506944444444444,
    "below": -9.397376253976537,
    "above": 5.553294548919986,
    "turn_on_times": 1,
    "turn_on_ratio": 0.5
  },
  "4": {
    "validity_ratio": 0.9479166666666666,
    "below": -18.62281142441222,
    "above": 0.013543129006233641,
    "turn_on_times": 1,
    "turn_on_ratio": 0.25
  },
  "5": {
    "validity_ratio": 0.9513888888888888,
    "below": -9.640233074151112,
    "above": 0.021125950464572236,
    "turn_on_times": 1,
    "turn_on_ratio": 0.25
  },
  "6": {
    "validity_ratio": 0.9520833333333333,
    "below": -6.156672663623202,
    "above": 6.793520490262768,
    "turn_on_times": 1,
    "turn_on_ratio": 0.25
  },
  "7": {
    "validity_ratio": 0.9506944444444444,
    "below": -4.419278074631962,
    "above": 2.714942813690423,
    "turn_on_times": 1,
    "turn_on_ratio": 0.25
  },
  "8": {
    "validity_ratio": 0.9520833333333333,
    "below": -17.917918380313488,
    "above": 0,
    "turn_on_times": 1,
    "turn_on_ratio": 1.0
  },
  "9": {
    "validity_ratio": 0.9513888888888888,
    "below": 0,
    "above": 43.96513962204474,
    "turn_on_times": 0,
    "turn_on_ratio": 0.0
  },
  "10": {
    "validity_ratio": 0.9493055555555555,
    "below": 0,
    "above": 0,
    "turn_on_times": 0,
    "turn_on_ratio": 0
  }
}