{
  "1": {
    "validity_ratio": 0.4576388888888889,
    "below": 0,
    "above": 12.35849493222457,
    "turn_on_times": 0,
    "turn_on_ratio": 0.0
  },
  "2": {
    "validity_ratio": 0.4576388888888889,
    "below": -11.139256286092632,
    "above": 0,
    "turn_on_times": 1,
    "turn_on_ratio": 0.5
  },
  "3": {
    "validity_ratio": 0.4527777777777778,
    "below": -7.126462195143421,
    "above": 0,
    "turn_on_times": 1,
    "turn_on_ratio": 0.5
  },
  "4": {
    "validity_ratio": 0.4548611111111111,
    "below": -12.633005272641245,
    "above": 0,
    "turn_on_times": 1,
    "turn_on_ratio": 0.25
  },
  "5": {
    "validity_ratio": 0.4576388888888889,
    "below": -7.381412244944427,
    "above": 0,
    "turn_on_times": 1,
    "turn_on_ratio": 0.25
  },
  "6": {
    "validity_ratio": 0.4513888888888889,
    "below": -1.0881936152679332,
    "above": 5.549387252085357,
    "turn_on_times": 1,
    "turn_on_ratio": 0.25
  },
  "7": {
    "validity_ratio": 0.45625,
    "below": -4.185828722420389,
    "above": 1.3771908080872786,
    "turn_on_times": 1,
    "turn_on_ratio": 0.25
  },
  "8": {
    "validity_ratio": 0.45208333333333334,
    "below": -3.1281664031256113,
    "above": 0,
    "turn_on_times": 1,
    "turn_on_ratio": 1.0
  },
  "9": {
    "validity_ratio": 0.4513888888888889,
    "below": 0,
    "above": 7.671443693030119,
    "turn_on_times": 0,
    "turn_on_ratio": 0.0
  },
  "10": {
    "validity_ratio": 0.45625,
    "below": 0,
    "above": 0,
    "turn_on_times": 0,
    "turn_on_ratio": 0
  }
}