{
  "1": {
    "validity_ratio": 0.7756944444444445,
    "below": 0,
    "above": 12.358333037362403,
    "turn_on_times": 0,
    "turn_on_ratio": 0.0
  },
  "2": {
    "validity_ratio": 0.7770833333333333,
    "below": -13.07425462212089,
    "above": 5.9839452985628725,
    "turn_on_times": 1,
    "turn_on_ratio": 0.5
  },
  "3": {
    "validity_ratio": 0.7777777777777778,
    "below": -9.3972896712476,
    "above": 0.41732209403567566,
    "turn_on_times": 1,
    "turn_on_ratio": 0.5
  },
  "4": {
    "validity_ratio": 0.78125,
    "below": -18.622135147468537,
    "above": 0,
    "turn_on_times": 1,
    "turn_on_ratio": 0.25
  },
  "5": {
    "validity_ratio": 0.7770833333333333,
    "below": -9.639815484881941,
    "above": 0,
    "turn_on_times": 1,
    "turn_on_ratio": 0.25
  },
  "6": {
    "validity_ratio": 0.7784722222222222,
    "below": -6.156753937420956,
    "above": 6.385047420773156,
    "turn_on_times": 1,
    "turn_on_ratio": 0.25
  },
  "7": {
    "validity_ratio": 0.7763888888888889,
    "below": -4.418722673650921,
    "above": 2.701484106833199,
    "turn_on_times": 1,
    "turn_on_ratio": 0.25
  },
  "8": {
    "validity_ratio": 0.7784722222222222,
    "below": -14.29334017289655,
    "above": 0,
    "turn_on_times": 1,
    "turn_on_ratio": 1.0
  },
  "9": {
    "validity_ratio": 0.7777777777777778,
    "below": 0,
    "above": 34.57060918679531,
    "turn_on_times": 0,
    "turn_on_ratio": 0.0
  },
  "10": {
    "validity_ratio": 0.7756944444444445,
    "below": 0,
    "above": 0,
    "turn_on_times": 0,
    "turn_on_ratio": 0
  }
}