{
  "1": {
    "validity_ratio": 0.31180555555555556,
    "below": 0,
    "above": 11.899816468531396,
    "turn_on_times": 0,
    "turn_on_ratio": 0.0
  },
  "2": {
    "validity_ratio": 0.31180555555555556,
    "below": -7.428188198651347,
    "above": 0,
    "turn_on_times": 1,
    "turn_on_ratio": 0.5
  },
  "3": {
    "validity_ratio": 0.30694444444444446,
    "below": -2.50470998327946,
    "above": 0,
    "turn_on_times": 1,
    "turn_on_ratio": 0.5
  },
  "4": {
    "validity_ratio": 0.30833333333333335,
    "below": -5.263066962500824,
    "above": 0,
    "turn_on_times": 1,
    "turn_on_ratio": 0.25
  },
  "5": {
    "validity_ratio": 0.3111111111111111,
    "below": -2.8113860676261857,
    "above": 0,
    "turn_on_times": 1,
    "turn_on_ratio": 0.25
  },
  "6": {
    "validity_ratio": 0.3055555555555556,
    "below": 0,
    "above": 4.535353054013458,
    "turn_on_times": 1,
    "turn_on_ratio": 0.25
  },
  "7": {
    "validity_ratio": 0.30972222222222223,
    "below": -0.631880125796201,
    "above": 1.377154162041539,
    "turn_on_times": 1,
    "turn_on_ratio": 0.25
  },
  "8": {
    "validity_ratio": 0.30833333333333335,
    "below": 0,
    "above": 0,
    "turn_on_times": 0,
    "turn_on_ratio": 0
  },
  "9": {
    "validity_ratio": 0.30833333333333335,
    "below": 0,
    "above": 0,
    "turn_on_times": 0,
    "turn_on_ratio": 0
  },
  "10": {
    "validity_ratio": 0.3104166666666667,
    "below": 0,
    "above": 0,
    "turn_on_times": 0,
    "turn_on_ratio": 0
  }
}