{
  "1": {
    "validity_ratio": 0.70625,
    "below": 0,
    "above": 12.349157485445055,
    "turn_on_times": 0,
    "turn_on_ratio": 0.0
  },
  "2": {
    "validity_ratio": 0.7076388888888889,
    "below": -13.076572840815743,
    "above": 0.043477094855555565,
    "turn_on_times": 1,
    "turn_on_ratio": 0.5
  },
  "3": {
    "validity_ratio": 0.7083333333333334,
    "below": -9.397457716526157,
    "above": 0,
    "turn_on_times": 1,
    "turn_on_ratio": 0.5
  },
  "4": {
    "validity_ratio": 0.7111111111111111,
    "below": -18.623447708862493,
    "above": 0,
    "turn_on_times": 1,
    "turn_on_ratio": 0.25
  },
  "5": {
    "validity_ratio": 0.7076388888888889,
    "below": -9.640625968750074,
    "above": 0,
    "turn_on_times": 1,
    "turn_on_ratio": 0.25
  },
  "6": {
    "validity_ratio": 0.7090277777777778,
    "below": -6.156596196054393,
    "above": 5.54764658548525,
    "turn_on_times": 1,
    "turn_on_ratio": 0.25
  },
  "7": {
    "validity_ratio": 0.70625,
    "below": -4.419800631272704,
    "above": 2.70026994717411,
    "turn_on_times": 1,
    "turn_on_ratio": 0.25
  },
  "8": {
    "validity_ratio": 0.7090277777777778,
    "below": -12.546151078468895,
    "above": 0,
    "turn_on_times": 1,
    "turn_on_ratio": 1.0
  },
  "9": {
    "validity_ratio": 0.7083333333333334,
    "below": 0,
    "above": 31.261161191772818,
    "turn_on_times": 0,
    "turn_on_ratio": 0.0
  },
  "10": {
    "validity_ratio": 0.70625,
    "below": 0,
    "above": 0,
    "turn_on_times": 0,
    "turn_on_ratio": 0
  }
}