{
  "1": {
    "validity_ratio": 0.46458333333333335,
    "below": 0,
    "above": 12.358526754296483,
    "turn_on_times": 0,
    "turn_on_ratio": 0.0
  },
  "2": {
    "validity_ratio": 0.46458333333333335,
    "below": -11.27324325896642,
    "above": 0,
    "turn_on_times": 1,
    "turn_on_ratio": 0.5
  },
  "3": {
    "validity_ratio": 0.4597222222222222,
    "below": -7.326454897425808,
    "above": 0,
    "turn_on_times": 1,
    "turn_on_ratio": 0.5
  },
  "4": {
    "validity_ratio": 0.4618055555555556,
    "below": -12.949633922891396,
    "above": 0,
    "turn_on_times": 1,
    "turn_on_ratio": 0.25
  },
  "5": {
    "validity_ratio": 0.46458333333333335,
    "below": -7.5480569889351035,
    "above": 0,
    "turn_on_times": 1,
    "turn_on_ratio": 0.25
  },
  "6": {
    "validity_ratio": 0.4583333333333333,
    "below": -1.3062650275109449,
    "above": 5.549424492796793,
    "turn_on_times": 1,
    "turn_on_ratio": 0.25
  },
  "7": {
    "validity_ratio": 0.46319444444444446,
    "below": -4.318794357906656,
    "above": 1.377220037920961,
    "turn_on_times": 1,
    "turn_on_ratio": 0.25
  },
  "8": {
    "validity_ratio": 0.45902777777777776,
    "below": -3.4448226809855242,
    "above": 0,
    "turn_on_times": 1,
    "turn_on_ratio": 1.0
  },
  "9": {
    "validity_ratio": 0.4583333333333333,
    "below": 0,
    "above": 8.406484432754583,
    "turn_on_times": 0,
    "turn_on_ratio": 0.0
  },
  "10": {
    "validity_ratio": 0.46319444444444446,
    "below": 0,
    "above": 0,
    "turn_on_times": 0,
    "turn_on_ratio": 0
  }
}