{
  "1": {
    "validity_ratio": 0.5402777777777777,
    "below": 0,
    "above": 12.349131571085223,
    "turn_on_times": 0,
    "turn_on_ratio": 0.0
  },
  "2": {
    "validity_ratio": 0.5409722222222222,
    "below": -13.076674633845485,
    "above": 0,
    "turn_on_times": 1,
    "turn_on_ratio": 0.5
  },
  "3": {
    "validity_ratio": 0.5423611111111111,
    "below": -9.159831658302897,
    "above": 0,
    "turn_on_times": 1,
    "turn_on_ratio": 0.5
  },
  "4": {
    "validity_ratio": 0.5444444444444444,
    "below": -16.338185284546448,
    "above": 0,
    "turn_on_times": 1,
    "turn_on_ratio": 0.25
  },
  "5": {
    "validity_ratio": 0.5409722222222222,
    "below": -9.026353500207748,
    "above": 0,
    "turn_on_times": 1,
    "turn_on_ratio": 0.25
  },
  "6": {
    "validity_ratio": 0.5416666666666666,
    "below": -3.695573318443639,
    "above": 5.54757997021945,
    "turn_on_times": 1,
    "turn_on_ratio": 0.25
  },
  "7": {
    "validity_ratio": 0.5395833333333333,
    "below": -4.419846923323983,
    "above": 1.3757722919981779,
    "turn_on_times": 1,
    "turn_on_ratio": 0.25
  },
  "8": {
    "validity_ratio": 0.5423611111111111,
    "below": -7.0052862615937235,
    "above": 0,
    "turn_on_times": 1,
    "turn_on_ratio": 1.0
  },
  "9": {
    "validity_ratio": 0.5416666666666666,
    "below": 0,
    "above": 17.371318408097466,
    "turn_on_times": 0,
    "turn_on_ratio": 0.0
  },
  "10": {
    "validity_ratio": 0.5395833333333333,
    "below": 0,
    "above": 0,
    "turn_on_times": 0,
    "turn_on_ratio": 0
  }
}