{
  "1": {
    "validity_ratio": 0.9625,
    "below": 0,
    "above": 12.456913951080125,
    "turn_on_times": 0,
    "turn_on_ratio": 0.0
  },
  "2": {
    "validity_ratio": 0.9645833333333333,
    "below": -13.074764804609682,
    "above": 11.19893530456704,
    "turn_on_times": 1,
    "turn_on_ratio": 0.5
  },
  "3": {
    "validity_ratio": 0.9645833333333333,
    "below": -9.397327283370135,
    "above": 5.5534282705023434,
    "turn_on_times": 1,
    "turn_on_ratio": 0.5
  },
  "4": {
    "validity_ratio": 0.9618055555555556,
    "below": -18.622428926742792,
    "above": 0.013106698018140179,
    "turn_on_times": 1,
    "turn_on_ratio": 0.25
  },
  "5": {
    "validity_ratio": 0.9652777777777778,
    "below": -9.639996888482319,
    "above": 0.02083760374731202,
    "turn_on_times": 1,
    "turn_on_ratio": 0.25
  },
  "6": {
    "validity_ratio": 0.9659722222222222,
    "below": -6.156718631534002,
    "above": 6.7940274351749865,
    "turn_on_times": 1,
    "turn_on_ratio": 0.25
  },
  "7": {
    "validity_ratio": 0.9645833333333333,
    "below": -4.418963943590198,
    "above": 2.715010955695921,
    "turn_on_times": 1,
    "turn_on_ratio": 0.25
  },
  "8": {
    "validity_ratio": 0.9659722222222222,
    "below": -18.03479397261086,
    "above": 0,
    "turn_on_times": 1,
    "turn_on_ratio": 1.0
  },
  "9": {
    "validity_ratio": 0.9652777777777778,
    "below": 0,
    "above": 44.36041204447729,
    "turn_on_times": 0,
    "turn_on_ratio": 0.0
  },
  "10": {
    "validity_ratio": 0.9631944444444445,
    "below": 0,
    "above": 0,
    "turn_on_times": 0,
    "turn_on_ratio": 0
  }
}