{
  "1": {
    "validity_ratio": 0.7479166666666667,
    "below": 0,
    "above": 12.349130045386817,
    "turn_on_times": 0,
    "turn_on_ratio": 0.0
  },
  "2": {
    "validity_ratio": 0.7493055555555556,
    "below": -13.07668063261991,
    "above": 3.618505386887095,
    "turn_on_times": 1,
    "turn_on_ratio": 0.5
  },
  "3": {
    "validity_ratio": 0.75,
    "below": -9.397465357973017,
    "above": 0,
    "turn_on_times": 1,
    "turn_on_ratio": 0.5
  },
  "4": {
    "validity_ratio": 0.7527777777777778,
    "below": -18.62350739437236,
    "above": 0,
    "turn_on_times": 1,
    "turn_on_ratio": 0.25
  },
  "5": {
    "validity_ratio": 0.7493055555555556,
    "below": -9.640662823515981,
    "above": 0,
    "turn_on_times": 1,
    "turn_on_ratio": 0.25
  },
  "6": {
    "validity_ratio": 0.7506944444444444,
    "below": -6.156589023152665,
    "above": 5.563742714936825,
    "turn_on_times": 1,
    "turn_on_ratio": 0.25
  },
  "7": {
    "validity_ratio": 0.7486111111111111,
    "below": -4.419849648751489,
    "above": 2.700214736241767,
    "turn_on_times": 1,
    "turn_on_ratio": 0.25
  },
  "8": {
    "validity_ratio": 0.7506944444444444,
    "below": -13.590716046196773,
    "above": 0,
    "turn_on_times": 1,
    "turn_on_ratio": 1.0
  },
  "9": {
    "validity_ratio": 0.75,
    "below": 0,
    "above": 33.20633417968346,
    "turn_on_times": 0,
    "turn_on_ratio": 0.0
  },
  "10": {
    "validity_ratio": 0.7479166666666667,
    "below": 0,
    "above": 0,
    "turn_on_times": 0,
    "turn_on_ratio": 0
  }
}